Run_ID,Method,Solution_ID,Net_AEP_GWh,Total_Cost_USD,Wake_Loss_Percentage,Electrical_Loss_Percentage,Num_Strings
1,Baseline,0,861.211110,785740.350592,0.000000,0.651082,9
1,Baseline,1,861.211110,785740.350592,0.000000,0.651082,9
1,Baseline,2,854.931474,774954.753992,0.000000,0.664127,9
1,Baseline,3,854.931474,774954.753992,0.000000,0.664127,9
1,Baseline,4,853.918243,778675.457592,0.000000,0.655644,9
1,Baseline,5,853.918243,778675.457592,0.000000,0.655644,9
1,Baseline,6,847.812689,814932.829675,0.000000,0.621018,10
1,Baseline,7,847.812689,814932.829675,0.000000,0.621018,10
1,Baseline,8,837.821601,754103.325060,0.000000,0.533253,10
1,Baseline,9,837.821601,754103.325060,0.000000,0.533253,10
1,Baseline,10,835.322440,692455.145745,0.000000,0.572315,9
1,Baseline,11,835.322440,692455.145745,0.000000,0.572315,9
1,Baseline,12,828.367438,721650.690323,0.000000,0.539602,10
1,Baseline,13,828.040759,681849.984809,0.000000,0.578826,9
1,Baseline,14,826.039799,710446.729702,0.000000,0.567175,10
1,Baseline,15,826.039799,710446.729702,0.000000,0.567175,10
1,Baseline,16,812.938665,672096.331217,0.000000,0.572051,9
1,Baseline,17,812.938665,672096.331217,0.000000,0.572051,9
1,Baseline,18,819.577479,658283.524900,0.000000,0.603200,9
1,Baseline,19,819.967062,707242.827471,0.000000,0.555952,10
1,Baseline,20,807.488352,669412.163894,0.000000,0.596051,9
1,Baseline,21,807.488352,669412.163894,0.000000,0.596051,9
1,Baseline,22,806.476384,691264.732358,0.000000,0.609657,9
1,Baseline,23,807.060690,780843.954859,0.000000,0.537647,8
1,Baseline,24,806.476384,691264.732358,0.000000,0.609657,9
1,Baseline,25,807.060690,780843.954859,0.000000,0.537647,8
1,Baseline,26,806.698008,714918.550002,0.000000,0.582345,10
1,Baseline,27,806.476384,691264.732358,0.000000,0.609657,9
1,Baseline,28,806.476384,691264.732358,0.000000,0.609657,9
1,Baseline,29,806.476384,691264.732358,0.000000,0.609657,9
1,Baseline,30,806.476384,691264.732358,0.000000,0.609657,9
1,Baseline,31,806.476384,691264.732358,0.000000,0.609657,9
1,Baseline,32,806.476384,691264.732358,0.000000,0.609657,9
1,Baseline,33,806.476384,691264.732358,0.000000,0.609657,9
1,Baseline,34,806.476384,691264.732358,0.000000,0.609657,9
1,Baseline,35,806.476384,691264.732358,0.000000,0.609657,9
1,Baseline,36,806.476384,691264.732358,0.000000,0.609657,9
1,Baseline,37,806.476384,691264.732358,0.000000,0.609657,9
1,Baseline,38,806.476384,691264.732358,0.000000,0.609657,9
1,Baseline,39,806.476384,691264.732358,0.000000,0.609657,9
1,Baseline,40,806.476384,691264.732358,0.000000,0.609657,9
1,Baseline,41,806.476384,691264.732358,0.000000,0.609657,9
1,Baseline,42,806.476384,691264.732358,0.000000,0.609657,9
1,Baseline,43,806.476384,691264.732358,0.000000,0.609657,9
1,Baseline,44,806.476384,691264.732358,0.000000,0.609657,9
1,Baseline,45,806.476384,691264.732358,0.000000,0.609657,9
1,Baseline,46,806.476384,691264.732358,0.000000,0.609657,9
1,Baseline,47,806.476384,691264.732358,0.000000,0.609657,9
1,Baseline,48,806.476384,691264.732358,0.000000,0.609657,9
1,Baseline,49,806.476384,691264.732358,0.000000,0.609657,9
1,Baseline,50,806.476384,691264.732358,0.000000,0.609657,9
1,Baseline,51,806.476384,691264.732358,0.000000,0.609657,9
1,Baseline,52,806.476384,691264.732358,0.000000,0.609657,9
1,Baseline,53,806.476384,691264.732358,0.000000,0.609657,9
1,Baseline,54,806.476384,691264.732358,0.000000,0.609657,9
1,Baseline,55,806.476384,691264.732358,0.000000,0.609657,9
1,Baseline,56,806.476384,691264.732358,0.000000,0.609657,9
1,Baseline,57,806.476384,691264.732358,0.000000,0.609657,9
1,Baseline,58,806.476384,691264.732358,0.000000,0.609657,9
1,Baseline,59,806.476384,691264.732358,0.000000,0.609657,9
1,Baseline,60,806.476384,691264.732358,0.000000,0.609657,9
1,Baseline,61,806.476384,691264.732358,0.000000,0.609657,9
1,Baseline,62,806.476384,691264.732358,0.000000,0.609657,9
1,Baseline,63,806.476384,691264.732358,0.000000,0.609657,9
1,Baseline,64,806.476384,691264.732358,0.000000,0.609657,9
1,Baseline,65,806.476384,691264.732358,0.000000,0.609657,9
1,Baseline,66,806.476384,691264.732358,0.000000,0.609657,9
1,Baseline,67,806.476384,691264.732358,0.000000,0.609657,9
1,Baseline,68,806.476384,691264.732358,0.000000,0.609657,9
1,Baseline,69,806.476384,691264.732358,0.000000,0.609657,9
1,Baseline,70,806.476384,691264.732358,0.000000,0.609657,9
1,Baseline,71,806.476384,691264.732358,0.000000,0.609657,9
1,Baseline,72,806.476384,691264.732358,0.000000,0.609657,9
1,Baseline,73,806.476384,691264.732358,0.000000,0.609657,9
1,Baseline,74,806.476384,691264.732358,0.000000,0.609657,9
1,Baseline,75,806.476384,691264.732358,0.000000,0.609657,9
1,Baseline,76,806.476384,691264.732358,0.000000,0.609657,9
1,Baseline,77,806.476384,691264.732358,0.000000,0.609657,9
1,Baseline,78,806.476384,691264.732358,0.000000,0.609657,9
1,Baseline,79,807.060690,780843.954859,0.000000,0.537647,8
1,Baseline,80,806.476384,691264.732358,0.000000,0.609657,9
1,Baseline,81,806.476384,691264.732358,0.000000,0.609657,9
1,Baseline,82,806.476384,691264.732358,0.000000,0.609657,9
1,Baseline,83,806.476384,691264.732358,0.000000,0.609657,9
1,Baseline,84,806.476384,691264.732358,0.000000,0.609657,9
1,Baseline,85,806.476384,691264.732358,0.000000,0.609657,9
1,Baseline,86,806.476384,691264.732358,0.000000,0.609657,9
1,Baseline,87,806.476384,691264.732358,0.000000,0.609657,9
1,Baseline,88,806.476384,691264.732358,0.000000,0.609657,9
1,Baseline,89,806.476384,691264.732358,0.000000,0.609657,9
1,Baseline,90,806.476384,691264.732358,0.000000,0.609657,9
1,Baseline,91,806.476384,691264.732358,0.000000,0.609657,9
1,Baseline,92,806.476384,691264.732358,0.000000,0.609657,9
1,Baseline,93,806.476384,691264.732358,0.000000,0.609657,9
1,Baseline,94,806.476384,691264.732358,0.000000,0.609657,9
1,Baseline,95,806.476384,691264.732358,0.000000,0.609657,9
1,Baseline,96,807.060690,780843.954859,0.000000,0.537647,8
1,Baseline,97,806.476384,691264.732358,0.000000,0.609657,9
1,Baseline,98,806.476384,691264.732358,0.000000,0.609657,9
1,Baseline,99,806.476384,691264.732358,0.000000,0.609657,9
1,Baseline,100,806.476384,691264.732358,0.000000,0.609657,9
1,Baseline,101,806.476384,691264.732358,0.000000,0.609657,9
1,Baseline,102,806.476384,691264.732358,0.000000,0.609657,9
1,Baseline,103,806.476384,691264.732358,0.000000,0.609657,9
1,Baseline,104,806.476384,691264.732358,0.000000,0.609657,9
1,Baseline,105,806.476384,691264.732358,0.000000,0.609657,9
1,Baseline,106,806.476384,691264.732358,0.000000,0.609657,9
1,Baseline,107,806.476384,691264.732358,0.000000,0.609657,9
1,Baseline,108,806.476384,691264.732358,0.000000,0.609657,9
1,Baseline,109,806.476384,691264.732358,0.000000,0.609657,9
1,Baseline,110,806.476384,691264.732358,0.000000,0.609657,9
1,Baseline,111,806.476384,691264.732358,0.000000,0.609657,9
1,Baseline,112,806.476384,691264.732358,0.000000,0.609657,9
1,Baseline,113,806.476384,691264.732358,0.000000,0.609657,9
1,Baseline,114,806.476384,691264.732358,0.000000,0.609657,9
1,Baseline,115,806.476384,691264.732358,0.000000,0.609657,9
1,Baseline,116,806.476384,691264.732358,0.000000,0.609657,9
1,Baseline,117,806.476384,691264.732358,0.000000,0.609657,9
1,Baseline,118,806.476384,691264.732358,0.000000,0.609657,9
1,Baseline,119,806.476384,691264.732358,0.000000,0.609657,9
1,Baseline,120,806.476384,691264.732358,0.000000,0.609657,9
1,Baseline,121,806.476384,691264.732358,0.000000,0.609657,9
1,Baseline,122,806.476384,691264.732358,0.000000,0.609657,9
1,Baseline,123,806.476384,691264.732358,0.000000,0.609657,9
1,Baseline,124,806.476384,691264.732358,0.000000,0.609657,9
1,Baseline,125,807.060690,780843.954859,0.000000,0.537647,8
1,Baseline,126,806.476384,691264.732358,0.000000,0.609657,9
1,Baseline,127,806.476384,691264.732358,0.000000,0.609657,9
1,Baseline,128,806.476384,691264.732358,0.000000,0.609657,9
1,Baseline,129,806.476384,691264.732358,0.000000,0.609657,9
1,Baseline,130,806.476384,691264.732358,0.000000,0.609657,9
1,Baseline,131,806.476384,691264.732358,0.000000,0.609657,9
1,Baseline,132,806.476384,691264.732358,0.000000,0.609657,9
1,Baseline,133,806.476384,691264.732358,0.000000,0.609657,9
1,Baseline,134,806.476384,691264.732358,0.000000,0.609657,9
1,Baseline,135,806.476384,691264.732358,0.000000,0.609657,9
1,Baseline,136,806.476384,691264.732358,0.000000,0.609657,9
1,Baseline,137,806.476384,691264.732358,0.000000,0.609657,9
1,Baseline,138,806.476384,691264.732358,0.000000,0.609657,9
1,Baseline,139,807.060690,780843.954859,0.000000,0.537647,8
1,Baseline,140,806.476384,691264.732358,0.000000,0.609657,9
1,Baseline,141,806.476384,691264.732358,0.000000,0.609657,9
1,Baseline,142,806.476384,691264.732358,0.000000,0.609657,9
1,Baseline,143,806.476384,691264.732358,0.000000,0.609657,9
1,Baseline,144,806.476384,691264.732358,0.000000,0.609657,9
1,Baseline,145,806.476384,691264.732358,0.000000,0.609657,9
1,Baseline,146,806.476384,691264.732358,0.000000,0.609657,9
1,Baseline,147,806.476384,691264.732358,0.000000,0.609657,9
1,Baseline,148,806.476384,691264.732358,0.000000,0.609657,9
1,Baseline,149,806.476384,691264.732358,0.000000,0.609657,9
1,Baseline,150,806.476384,691264.732358,0.000000,0.609657,9
1,Baseline,151,806.476384,691264.732358,0.000000,0.609657,9
1,Baseline,152,806.476384,691264.732358,0.000000,0.609657,9
1,Baseline,153,806.476384,691264.732358,0.000000,0.609657,9
1,Baseline,154,806.476384,691264.732358,0.000000,0.609657,9
1,Baseline,155,806.476384,691264.732358,0.000000,0.609657,9
1,Baseline,156,806.476384,691264.732358,0.000000,0.609657,9
1,Baseline,157,807.060690,780843.954859,0.000000,0.537647,8
1,Baseline,158,806.476384,691264.732358,0.000000,0.609657,9
1,Baseline,159,806.476384,691264.732358,0.000000,0.609657,9
1,Baseline,160,806.476384,691264.732358,0.000000,0.609657,9
1,Baseline,161,806.476384,691264.732358,0.000000,0.609657,9
1,Baseline,162,806.476384,691264.732358,0.000000,0.609657,9
1,Baseline,163,806.476384,691264.732358,0.000000,0.609657,9
1,Baseline,164,806.476384,691264.732358,0.000000,0.609657,9
1,Baseline,165,806.476384,691264.732358,0.000000,0.609657,9
1,Baseline,166,806.476384,691264.732358,0.000000,0.609657,9
1,Baseline,167,806.476384,691264.732358,0.000000,0.609657,9
1,Baseline,168,806.476384,691264.732358,0.000000,0.609657,9
1,Baseline,169,806.476384,691264.732358,0.000000,0.609657,9
1,Baseline,170,806.476384,691264.732358,0.000000,0.609657,9
1,Baseline,171,806.476384,691264.732358,0.000000,0.609657,9
1,Baseline,172,806.476384,691264.732358,0.000000,0.609657,9
1,Baseline,173,806.476384,691264.732358,0.000000,0.609657,9
1,Baseline,174,806.476384,691264.732358,0.000000,0.609657,9
1,Baseline,175,806.476384,691264.732358,0.000000,0.609657,9
1,Baseline,176,806.476384,691264.732358,0.000000,0.609657,9
1,Baseline,177,806.476384,691264.732358,0.000000,0.609657,9
1,Baseline,178,806.476384,691264.732358,0.000000,0.609657,9
1,Baseline,179,806.476384,691264.732358,0.000000,0.609657,9
1,Baseline,180,806.476384,691264.732358,0.000000,0.609657,9
1,Baseline,181,806.476384,691264.732358,0.000000,0.609657,9
1,Baseline,182,806.476384,691264.732358,0.000000,0.609657,9
1,Baseline,183,806.476384,691264.732358,0.000000,0.609657,9
1,Baseline,184,806.476384,691264.732358,0.000000,0.609657,9
1,Baseline,185,806.476384,691264.732358,0.000000,0.609657,9
1,Baseline,186,806.476384,691264.732358,0.000000,0.609657,9
1,Baseline,187,806.476384,691264.732358,0.000000,0.609657,9
1,Baseline,188,806.476384,691264.732358,0.000000,0.609657,9
1,Baseline,189,806.476384,691264.732358,0.000000,0.609657,9
1,Baseline,190,806.476384,691264.732358,0.000000,0.609657,9
1,Baseline,191,806.476384,691264.732358,0.000000,0.609657,9
1,Baseline,192,806.476384,691264.732358,0.000000,0.609657,9
1,Baseline,193,806.476384,691264.732358,0.000000,0.609657,9
1,Baseline,194,806.476384,691264.732358,0.000000,0.609657,9
1,Baseline,195,806.476384,691264.732358,0.000000,0.609657,9
1,Baseline,196,806.476384,691264.732358,0.000000,0.609657,9
1,Baseline,197,806.476384,691264.732358,0.000000,0.609657,9
1,Baseline,198,806.476384,691264.732358,0.000000,0.609657,9
1,Baseline,199,806.476384,691264.732358,0.000000,0.609657,9
1,Baseline,200,806.476384,691264.732358,0.000000,0.609657,9
1,Baseline,201,806.476384,691264.732358,0.000000,0.609657,9
1,Baseline,202,806.476384,691264.732358,0.000000,0.609657,9
1,Baseline,203,806.476384,691264.732358,0.000000,0.609657,9
1,Baseline,204,806.476384,691264.732358,0.000000,0.609657,9
1,Baseline,205,806.476384,691264.732358,0.000000,0.609657,9
1,Baseline,206,806.476384,691264.732358,0.000000,0.609657,9
1,Baseline,207,806.476384,691264.732358,0.000000,0.609657,9
1,Baseline,208,806.476384,691264.732358,0.000000,0.609657,9
1,Baseline,209,806.476384,691264.732358,0.000000,0.609657,9
1,Baseline,210,806.476384,691264.732358,0.000000,0.609657,9
1,Baseline,211,806.476384,691264.732358,0.000000,0.609657,9
1,Baseline,212,806.476384,691264.732358,0.000000,0.609657,9
1,Baseline,213,806.476384,691264.732358,0.000000,0.609657,9
1,Baseline,214,806.476384,691264.732358,0.000000,0.609657,9
1,Baseline,215,806.476384,691264.732358,0.000000,0.609657,9
1,Baseline,216,806.476384,691264.732358,0.000000,0.609657,9
1,Baseline,217,806.476384,691264.732358,0.000000,0.609657,9
1,Baseline,218,806.476384,691264.732358,0.000000,0.609657,9
1,Baseline,219,806.476384,691264.732358,0.000000,0.609657,9
1,Baseline,220,806.476384,691264.732358,0.000000,0.609657,9
1,Baseline,221,806.476384,691264.732358,0.000000,0.609657,9
1,Baseline,222,806.476384,691264.732358,0.000000,0.609657,9
1,Baseline,223,806.476384,691264.732358,0.000000,0.609657,9
1,Baseline,224,806.476384,691264.732358,0.000000,0.609657,9
1,Baseline,225,806.476384,691264.732358,0.000000,0.609657,9
1,Baseline,226,806.476384,691264.732358,0.000000,0.609657,9
1,Baseline,227,806.476384,691264.732358,0.000000,0.609657,9
1,Baseline,228,806.476384,691264.732358,0.000000,0.609657,9
1,Baseline,229,806.476384,691264.732358,0.000000,0.609657,9
1,Baseline,230,806.476384,691264.732358,0.000000,0.609657,9
1,Baseline,231,806.476384,691264.732358,0.000000,0.609657,9
1,Baseline,232,806.476384,691264.732358,0.000000,0.609657,9
1,Baseline,233,806.476384,691264.732358,0.000000,0.609657,9
1,Baseline,234,806.476384,691264.732358,0.000000,0.609657,9
1,Baseline,235,806.476384,691264.732358,0.000000,0.609657,9
1,Baseline,236,807.060690,780843.954859,0.000000,0.537647,8
1,Baseline,237,806.476384,691264.732358,0.000000,0.609657,9
1,Baseline,238,806.476384,691264.732358,0.000000,0.609657,9
1,Baseline,239,806.476384,691264.732358,0.000000,0.609657,9
1,Baseline,240,806.476384,691264.732358,0.000000,0.609657,9
1,Baseline,241,806.476384,691264.732358,0.000000,0.609657,9
1,Baseline,242,806.476384,691264.732358,0.000000,0.609657,9
1,Baseline,243,806.476384,691264.732358,0.000000,0.609657,9
1,Baseline,244,806.476384,691264.732358,0.000000,0.609657,9
1,Baseline,245,806.476384,691264.732358,0.000000,0.609657,9
1,Baseline,246,806.476384,691264.732358,0.000000,0.609657,9
1,Baseline,247,806.476384,691264.732358,0.000000,0.609657,9
1,Baseline,248,806.476384,691264.732358,0.000000,0.609657,9
1,Baseline,249,806.476384,691264.732358,0.000000,0.609657,9
1,Baseline,250,806.476384,691264.732358,0.000000,0.609657,9
1,Baseline,251,806.476384,691264.732358,0.000000,0.609657,9
1,Baseline,252,806.476384,691264.732358,0.000000,0.609657,9
1,Baseline,253,806.476384,691264.732358,0.000000,0.609657,9
1,Baseline,254,806.476384,691264.732358,0.000000,0.609657,9
1,Baseline,255,806.476384,691264.732358,0.000000,0.609657,9
1,Baseline,256,806.476384,691264.732358,0.000000,0.609657,9
1,Baseline,257,806.476384,691264.732358,0.000000,0.609657,9
1,Baseline,258,806.476384,691264.732358,0.000000,0.609657,9
1,Baseline,259,806.476384,691264.732358,0.000000,0.609657,9
1,Baseline,260,806.476384,691264.732358,0.000000,0.609657,9
1,Baseline,261,806.476384,691264.732358,0.000000,0.609657,9
1,Baseline,262,806.476384,691264.732358,0.000000,0.609657,9
1,Baseline,263,806.476384,691264.732358,0.000000,0.609657,9
1,Baseline,264,806.476384,691264.732358,0.000000,0.609657,9
1,Baseline,265,806.476384,691264.732358,0.000000,0.609657,9
1,Baseline,266,806.476384,691264.732358,0.000000,0.609657,9
1,Baseline,267,806.476384,691264.732358,0.000000,0.609657,9
1,Baseline,268,806.476384,691264.732358,0.000000,0.609657,9
1,Baseline,269,806.476384,691264.732358,0.000000,0.609657,9
1,Baseline,270,806.476384,691264.732358,0.000000,0.609657,9
1,Baseline,271,806.476384,691264.732358,0.000000,0.609657,9
1,Baseline,272,806.476384,691264.732358,0.000000,0.609657,9
1,Baseline,273,806.476384,691264.732358,0.000000,0.609657,9
1,Baseline,274,806.476384,691264.732358,0.000000,0.609657,9
1,Baseline,275,806.476384,691264.732358,0.000000,0.609657,9
1,Baseline,276,806.476384,691264.732358,0.000000,0.609657,9
1,Baseline,277,806.476384,691264.732358,0.000000,0.609657,9
1,Baseline,278,806.476384,691264.732358,0.000000,0.609657,9
1,Baseline,279,806.476384,691264.732358,0.000000,0.609657,9
1,Baseline,280,806.476384,691264.732358,0.000000,0.609657,9
1,Baseline,281,806.476384,691264.732358,0.000000,0.609657,9
1,Baseline,282,806.476384,691264.732358,0.000000,0.609657,9
1,Baseline,283,806.476384,691264.732358,0.000000,0.609657,9
1,Baseline,284,807.060690,780843.954859,0.000000,0.537647,8
1,Baseline,285,807.060690,780843.954859,0.000000,0.537647,8
1,Baseline,286,806.476384,691264.732358,0.000000,0.609657,9
1,Baseline,287,806.476384,691264.732358,0.000000,0.609657,9
1,Baseline,288,806.476384,691264.732358,0.000000,0.609657,9
1,Baseline,289,806.476384,691264.732358,0.000000,0.609657,9
1,Baseline,290,806.476384,691264.732358,0.000000,0.609657,9
1,Baseline,291,806.476384,691264.732358,0.000000,0.609657,9
1,Baseline,292,806.476384,691264.732358,0.000000,0.609657,9
1,Baseline,293,806.476384,691264.732358,0.000000,0.609657,9
1,Baseline,294,806.476384,691264.732358,0.000000,0.609657,9
1,Baseline,295,806.476384,691264.732358,0.000000,0.609657,9
1,Baseline,296,806.476384,691264.732358,0.000000,0.609657,9
1,Baseline,297,806.476384,691264.732358,0.000000,0.609657,9
1,Baseline,298,807.060690,780843.954859,0.000000,0.537647,8
1,Baseline,299,806.476384,691264.732358,0.000000,0.609657,9
1,Proposed,0,950.509993,1127870.231431,0.000000,0.643589,36
1,Proposed,1,937.803811,1089500.445928,0.000000,0.630203,36
1,Proposed,2,932.387057,1013921.754463,0.000000,0.590131,36
1,Proposed,3,939.327563,1035627.889730,0.000000,0.598262,36
2,Baseline,0,849.104797,1810351.286482,0.000000,0.793403,5
2,Baseline,1,849.104797,1810351.286482,0.000000,0.793403,5
2,Baseline,2,849.104797,1810351.286482,0.000000,0.793403,5
2,Baseline,3,849.104797,1810351.286482,0.000000,0.793403,5
2,Baseline,4,849.104797,1810351.286482,0.000000,0.793403,5
2,Baseline,5,849.104797,1810351.286482,0.000000,0.793403,5
2,Baseline,6,849.104797,1810351.286482,0.000000,0.793403,5
2,Baseline,7,849.104797,1810351.286482,0.000000,0.793403,5
2,Baseline,8,849.104797,1810351.286482,0.000000,0.793403,5
2,Baseline,9,849.104797,1810351.286482,0.000000,0.793403,5
2,Baseline,10,849.104797,1810351.286482,0.000000,0.793403,5
2,Baseline,11,849.104797,1810351.286482,0.000000,0.793403,5
2,Baseline,12,849.104797,1810351.286482,0.000000,0.793403,5
2,Baseline,13,849.104797,1810351.286482,0.000000,0.793403,5
2,Baseline,14,849.104797,1810351.286482,0.000000,0.793403,5
2,Baseline,15,849.104797,1810351.286482,0.000000,0.793403,5
2,Baseline,16,849.104797,1810351.286482,0.000000,0.793403,5
2,Baseline,17,849.104797,1810351.286482,0.000000,0.793403,5
2,Baseline,18,849.104797,1810351.286482,0.000000,0.793403,5
2,Baseline,19,849.104797,1810351.286482,0.000000,0.793403,5
2,Baseline,20,849.104797,1810351.286482,0.000000,0.793403,5
2,Baseline,21,849.104797,1810351.286482,0.000000,0.793403,5
2,Baseline,22,849.104797,1810351.286482,0.000000,0.793403,5
2,Baseline,23,849.104797,1810351.286482,0.000000,0.793403,5
2,Baseline,24,849.104797,1810351.286482,0.000000,0.793403,5
2,Baseline,25,849.104797,1810351.286482,0.000000,0.793403,5
2,Baseline,26,849.104797,1810351.286482,0.000000,0.793403,5
2,Baseline,27,849.104797,1810351.286482,0.000000,0.793403,5
2,Baseline,28,849.104797,1810351.286482,0.000000,0.793403,5
2,Baseline,29,849.104797,1810351.286482,0.000000,0.793403,5
2,Baseline,30,849.104797,1810351.286482,0.000000,0.793403,5
2,Baseline,31,849.104797,1810351.286482,0.000000,0.793403,5
2,Baseline,32,849.104797,1810351.286482,0.000000,0.793403,5
2,Baseline,33,849.104797,1810351.286482,0.000000,0.793403,5
2,Baseline,34,849.104797,1810351.286482,0.000000,0.793403,5
2,Baseline,35,849.104797,1810351.286482,0.000000,0.793403,5
2,Baseline,36,849.104797,1810351.286482,0.000000,0.793403,5
2,Baseline,37,849.104797,1810351.286482,0.000000,0.793403,5
2,Baseline,38,849.104797,1810351.286482,0.000000,0.793403,5
2,Baseline,39,849.104797,1810351.286482,0.000000,0.793403,5
2,Baseline,40,849.104797,1810351.286482,0.000000,0.793403,5
2,Baseline,41,849.104797,1810351.286482,0.000000,0.793403,5
2,Baseline,42,849.104797,1810351.286482,0.000000,0.793403,5
2,Baseline,43,849.104797,1810351.286482,0.000000,0.793403,5
2,Baseline,44,849.104797,1810351.286482,0.000000,0.793403,5
2,Baseline,45,849.104797,1810351.286482,0.000000,0.793403,5
2,Baseline,46,849.104797,1810351.286482,0.000000,0.793403,5
2,Baseline,47,849.104797,1810351.286482,0.000000,0.793403,5
2,Baseline,48,849.104797,1810351.286482,0.000000,0.793403,5
2,Baseline,49,849.104797,1810351.286482,0.000000,0.793403,5
2,Baseline,50,849.104797,1810351.286482,0.000000,0.793403,5
2,Baseline,51,849.104797,1810351.286482,0.000000,0.793403,5
2,Baseline,52,849.104797,1810351.286482,0.000000,0.793403,5
2,Baseline,53,849.104797,1810351.286482,0.000000,0.793403,5
2,Baseline,54,849.104797,1810351.286482,0.000000,0.793403,5
2,Baseline,55,849.104797,1810351.286482,0.000000,0.793403,5
2,Baseline,56,849.104797,1810351.286482,0.000000,0.793403,5
2,Baseline,57,849.104797,1810351.286482,0.000000,0.793403,5
2,Baseline,58,849.104797,1810351.286482,0.000000,0.793403,5
2,Baseline,59,849.104797,1810351.286482,0.000000,0.793403,5
2,Baseline,60,849.104797,1810351.286482,0.000000,0.793403,5
2,Baseline,61,849.104797,1810351.286482,0.000000,0.793403,5
2,Baseline,62,849.104797,1810351.286482,0.000000,0.793403,5
2,Baseline,63,849.104797,1810351.286482,0.000000,0.793403,5
2,Baseline,64,849.104797,1810351.286482,0.000000,0.793403,5
2,Baseline,65,849.104797,1810351.286482,0.000000,0.793403,5
2,Baseline,66,849.104797,1810351.286482,0.000000,0.793403,5
2,Baseline,67,849.104797,1810351.286482,0.000000,0.793403,5
2,Baseline,68,849.104797,1810351.286482,0.000000,0.793403,5
2,Baseline,69,849.104797,1810351.286482,0.000000,0.793403,5
2,Baseline,70,849.104797,1810351.286482,0.000000,0.793403,5
2,Baseline,71,849.104797,1810351.286482,0.000000,0.793403,5
2,Baseline,72,849.104797,1810351.286482,0.000000,0.793403,5
2,Baseline,73,849.104797,1810351.286482,0.000000,0.793403,5
2,Baseline,74,849.104797,1810351.286482,0.000000,0.793403,5
2,Baseline,75,849.104797,1810351.286482,0.000000,0.793403,5
2,Baseline,76,849.104797,1810351.286482,0.000000,0.793403,5
2,Baseline,77,849.104797,1810351.286482,0.000000,0.793403,5
2,Baseline,78,849.104797,1810351.286482,0.000000,0.793403,5
2,Baseline,79,849.104797,1810351.286482,0.000000,0.793403,5
2,Baseline,80,849.104797,1810351.286482,0.000000,0.793403,5
2,Baseline,81,849.104797,1810351.286482,0.000000,0.793403,5
2,Baseline,82,849.104797,1810351.286482,0.000000,0.793403,5
2,Baseline,83,849.104797,1810351.286482,0.000000,0.793403,5
2,Baseline,84,849.104797,1810351.286482,0.000000,0.793403,5
2,Baseline,85,849.104797,1810351.286482,0.000000,0.793403,5
2,Baseline,86,849.104797,1810351.286482,0.000000,0.793403,5
2,Baseline,87,849.104797,1810351.286482,0.000000,0.793403,5
2,Baseline,88,849.104797,1810351.286482,0.000000,0.793403,5
2,Baseline,89,849.104797,1810351.286482,0.000000,0.793403,5
2,Baseline,90,849.104797,1810351.286482,0.000000,0.793403,5
2,Baseline,91,849.104797,1810351.286482,0.000000,0.793403,5
2,Baseline,92,849.104797,1810351.286482,0.000000,0.793403,5
2,Baseline,93,849.104797,1810351.286482,0.000000,0.793403,5
2,Baseline,94,849.104797,1810351.286482,0.000000,0.793403,5
2,Baseline,95,849.104797,1810351.286482,0.000000,0.793403,5
2,Baseline,96,849.104797,1810351.286482,0.000000,0.793403,5
2,Baseline,97,849.104797,1810351.286482,0.000000,0.793403,5
2,Baseline,98,849.104797,1810351.286482,0.000000,0.793403,5
2,Baseline,99,849.104797,1810351.286482,0.000000,0.793403,5
2,Baseline,100,849.104797,1810351.286482,0.000000,0.793403,5
2,Baseline,101,849.104797,1810351.286482,0.000000,0.793403,5
2,Baseline,102,849.104797,1810351.286482,0.000000,0.793403,5
2,Baseline,103,849.104797,1810351.286482,0.000000,0.793403,5
2,Baseline,104,849.104797,1810351.286482,0.000000,0.793403,5
2,Baseline,105,849.104797,1810351.286482,0.000000,0.793403,5
2,Baseline,106,849.104797,1810351.286482,0.000000,0.793403,5
2,Baseline,107,849.104797,1810351.286482,0.000000,0.793403,5
2,Baseline,108,849.104797,1810351.286482,0.000000,0.793403,5
2,Baseline,109,849.104797,1810351.286482,0.000000,0.793403,5
2,Baseline,110,849.104797,1810351.286482,0.000000,0.793403,5
2,Baseline,111,849.104797,1810351.286482,0.000000,0.793403,5
2,Baseline,112,849.104797,1810351.286482,0.000000,0.793403,5
2,Baseline,113,849.104797,1810351.286482,0.000000,0.793403,5
2,Baseline,114,849.104797,1810351.286482,0.000000,0.793403,5
2,Baseline,115,849.104797,1810351.286482,0.000000,0.793403,5
2,Baseline,116,849.104797,1810351.286482,0.000000,0.793403,5
2,Baseline,117,849.104797,1810351.286482,0.000000,0.793403,5
2,Baseline,118,849.104797,1810351.286482,0.000000,0.793403,5
2,Baseline,119,849.104797,1810351.286482,0.000000,0.793403,5
2,Baseline,120,849.104797,1810351.286482,0.000000,0.793403,5
2,Baseline,121,849.104797,1810351.286482,0.000000,0.793403,5
2,Baseline,122,849.104797,1810351.286482,0.000000,0.793403,5
2,Baseline,123,849.104797,1810351.286482,0.000000,0.793403,5
2,Baseline,124,849.104797,1810351.286482,0.000000,0.793403,5
2,Baseline,125,849.104797,1810351.286482,0.000000,0.793403,5
2,Baseline,126,849.104797,1810351.286482,0.000000,0.793403,5
2,Baseline,127,849.104797,1810351.286482,0.000000,0.793403,5
2,Baseline,128,849.104797,1810351.286482,0.000000,0.793403,5
2,Baseline,129,849.104797,1810351.286482,0.000000,0.793403,5
2,Baseline,130,849.104797,1810351.286482,0.000000,0.793403,5
2,Baseline,131,849.104797,1810351.286482,0.000000,0.793403,5
2,Baseline,132,849.104797,1810351.286482,0.000000,0.793403,5
2,Baseline,133,849.104797,1810351.286482,0.000000,0.793403,5
2,Baseline,134,849.104797,1810351.286482,0.000000,0.793403,5
2,Baseline,135,849.104797,1810351.286482,0.000000,0.793403,5
2,Baseline,136,849.104797,1810351.286482,0.000000,0.793403,5
2,Baseline,137,849.104797,1810351.286482,0.000000,0.793403,5
2,Baseline,138,849.104797,1810351.286482,0.000000,0.793403,5
2,Baseline,139,849.104797,1810351.286482,0.000000,0.793403,5
2,Baseline,140,849.104797,1810351.286482,0.000000,0.793403,5
2,Baseline,141,849.104797,1810351.286482,0.000000,0.793403,5
2,Baseline,142,849.104797,1810351.286482,0.000000,0.793403,5
2,Baseline,143,849.104797,1810351.286482,0.000000,0.793403,5
2,Baseline,144,849.104797,1810351.286482,0.000000,0.793403,5
2,Baseline,145,849.104797,1810351.286482,0.000000,0.793403,5
2,Baseline,146,849.104797,1810351.286482,0.000000,0.793403,5
2,Baseline,147,849.104797,1810351.286482,0.000000,0.793403,5
2,Baseline,148,849.104797,1810351.286482,0.000000,0.793403,5
2,Baseline,149,849.104797,1810351.286482,0.000000,0.793403,5
2,Baseline,150,849.104797,1810351.286482,0.000000,0.793403,5
2,Baseline,151,849.104797,1810351.286482,0.000000,0.793403,5
2,Baseline,152,849.104797,1810351.286482,0.000000,0.793403,5
2,Baseline,153,849.104797,1810351.286482,0.000000,0.793403,5
2,Baseline,154,849.104797,1810351.286482,0.000000,0.793403,5
2,Baseline,155,849.104797,1810351.286482,0.000000,0.793403,5
2,Baseline,156,849.104797,1810351.286482,0.000000,0.793403,5
2,Baseline,157,849.104797,1810351.286482,0.000000,0.793403,5
2,Baseline,158,849.104797,1810351.286482,0.000000,0.793403,5
2,Baseline,159,849.104797,1810351.286482,0.000000,0.793403,5
2,Baseline,160,849.104797,1810351.286482,0.000000,0.793403,5
2,Baseline,161,849.104797,1810351.286482,0.000000,0.793403,5
2,Baseline,162,849.104797,1810351.286482,0.000000,0.793403,5
2,Baseline,163,849.104797,1810351.286482,0.000000,0.793403,5
2,Baseline,164,849.104797,1810351.286482,0.000000,0.793403,5
2,Baseline,165,849.104797,1810351.286482,0.000000,0.793403,5
2,Baseline,166,849.104797,1810351.286482,0.000000,0.793403,5
2,Baseline,167,849.104797,1810351.286482,0.000000,0.793403,5
2,Baseline,168,849.104797,1810351.286482,0.000000,0.793403,5
2,Baseline,169,849.104797,1810351.286482,0.000000,0.793403,5
2,Baseline,170,849.104797,1810351.286482,0.000000,0.793403,5
2,Baseline,171,849.104797,1810351.286482,0.000000,0.793403,5
2,Baseline,172,849.104797,1810351.286482,0.000000,0.793403,5
2,Baseline,173,849.104797,1810351.286482,0.000000,0.793403,5
2,Baseline,174,849.104797,1810351.286482,0.000000,0.793403,5
2,Baseline,175,849.104797,1810351.286482,0.000000,0.793403,5
2,Baseline,176,849.104797,1810351.286482,0.000000,0.793403,5
2,Baseline,177,849.104797,1810351.286482,0.000000,0.793403,5
2,Baseline,178,849.104797,1810351.286482,0.000000,0.793403,5
2,Baseline,179,849.104797,1810351.286482,0.000000,0.793403,5
2,Baseline,180,849.104797,1810351.286482,0.000000,0.793403,5
2,Baseline,181,849.104797,1810351.286482,0.000000,0.793403,5
2,Baseline,182,849.104797,1810351.286482,0.000000,0.793403,5
2,Baseline,183,849.104797,1810351.286482,0.000000,0.793403,5
2,Baseline,184,849.104797,1810351.286482,0.000000,0.793403,5
2,Baseline,185,849.104797,1810351.286482,0.000000,0.793403,5
2,Baseline,186,849.104797,1810351.286482,0.000000,0.793403,5
2,Baseline,187,849.104797,1810351.286482,0.000000,0.793403,5
2,Baseline,188,849.104797,1810351.286482,0.000000,0.793403,5
2,Baseline,189,849.104797,1810351.286482,0.000000,0.793403,5
2,Baseline,190,849.104797,1810351.286482,0.000000,0.793403,5
2,Baseline,191,849.104797,1810351.286482,0.000000,0.793403,5
2,Baseline,192,849.104797,1810351.286482,0.000000,0.793403,5
2,Baseline,193,849.104797,1810351.286482,0.000000,0.793403,5
2,Baseline,194,849.104797,1810351.286482,0.000000,0.793403,5
2,Baseline,195,849.104797,1810351.286482,0.000000,0.793403,5
2,Baseline,196,849.104797,1810351.286482,0.000000,0.793403,5
2,Baseline,197,849.104797,1810351.286482,0.000000,0.793403,5
2,Baseline,198,849.104797,1810351.286482,0.000000,0.793403,5
2,Baseline,199,849.104797,1810351.286482,0.000000,0.793403,5
2,Baseline,200,849.104797,1810351.286482,0.000000,0.793403,5
2,Baseline,201,849.104797,1810351.286482,0.000000,0.793403,5
2,Baseline,202,849.104797,1810351.286482,0.000000,0.793403,5
2,Baseline,203,849.104797,1810351.286482,0.000000,0.793403,5
2,Baseline,204,849.104797,1810351.286482,0.000000,0.793403,5
2,Baseline,205,849.104797,1810351.286482,0.000000,0.793403,5
2,Baseline,206,849.104797,1810351.286482,0.000000,0.793403,5
2,Baseline,207,849.104797,1810351.286482,0.000000,0.793403,5
2,Baseline,208,849.104797,1810351.286482,0.000000,0.793403,5
2,Baseline,209,849.104797,1810351.286482,0.000000,0.793403,5
2,Baseline,210,849.104797,1810351.286482,0.000000,0.793403,5
2,Baseline,211,849.104797,1810351.286482,0.000000,0.793403,5
2,Baseline,212,849.104797,1810351.286482,0.000000,0.793403,5
2,Baseline,213,849.104797,1810351.286482,0.000000,0.793403,5
2,Baseline,214,849.104797,1810351.286482,0.000000,0.793403,5
2,Baseline,215,849.104797,1810351.286482,0.000000,0.793403,5
2,Baseline,216,849.104797,1810351.286482,0.000000,0.793403,5
2,Baseline,217,849.104797,1810351.286482,0.000000,0.793403,5
2,Baseline,218,849.104797,1810351.286482,0.000000,0.793403,5
2,Baseline,219,849.104797,1810351.286482,0.000000,0.793403,5
2,Baseline,220,849.104797,1810351.286482,0.000000,0.793403,5
2,Baseline,221,849.104797,1810351.286482,0.000000,0.793403,5
2,Baseline,222,849.104797,1810351.286482,0.000000,0.793403,5
2,Baseline,223,849.104797,1810351.286482,0.000000,0.793403,5
2,Baseline,224,849.104797,1810351.286482,0.000000,0.793403,5
2,Baseline,225,849.104797,1810351.286482,0.000000,0.793403,5
2,Baseline,226,849.104797,1810351.286482,0.000000,0.793403,5
2,Baseline,227,849.104797,1810351.286482,0.000000,0.793403,5
2,Baseline,228,849.104797,1810351.286482,0.000000,0.793403,5
2,Baseline,229,849.104797,1810351.286482,0.000000,0.793403,5
2,Baseline,230,849.104797,1810351.286482,0.000000,0.793403,5
2,Baseline,231,849.104797,1810351.286482,0.000000,0.793403,5
2,Baseline,232,849.104797,1810351.286482,0.000000,0.793403,5
2,Baseline,233,849.104797,1810351.286482,0.000000,0.793403,5
2,Baseline,234,849.104797,1810351.286482,0.000000,0.793403,5
2,Baseline,235,849.104797,1810351.286482,0.000000,0.793403,5
2,Baseline,236,849.104797,1810351.286482,0.000000,0.793403,5
2,Baseline,237,849.104797,1810351.286482,0.000000,0.793403,5
2,Baseline,238,849.104797,1810351.286482,0.000000,0.793403,5
2,Baseline,239,849.104797,1810351.286482,0.000000,0.793403,5
2,Baseline,240,849.104797,1810351.286482,0.000000,0.793403,5
2,Baseline,241,849.104797,1810351.286482,0.000000,0.793403,5
2,Baseline,242,849.104797,1810351.286482,0.000000,0.793403,5
2,Baseline,243,849.104797,1810351.286482,0.000000,0.793403,5
2,Baseline,244,849.104797,1810351.286482,0.000000,0.793403,5
2,Baseline,245,849.104797,1810351.286482,0.000000,0.793403,5
2,Baseline,246,849.104797,1810351.286482,0.000000,0.793403,5
2,Baseline,247,849.104797,1810351.286482,0.000000,0.793403,5
2,Baseline,248,849.104797,1810351.286482,0.000000,0.793403,5
2,Baseline,249,849.104797,1810351.286482,0.000000,0.793403,5
2,Baseline,250,849.104797,1810351.286482,0.000000,0.793403,5
2,Baseline,251,849.104797,1810351.286482,0.000000,0.793403,5
2,Baseline,252,849.104797,1810351.286482,0.000000,0.793403,5
2,Baseline,253,849.104797,1810351.286482,0.000000,0.793403,5
2,Baseline,254,849.104797,1810351.286482,0.000000,0.793403,5
2,Baseline,255,849.104797,1810351.286482,0.000000,0.793403,5
2,Baseline,256,849.104797,1810351.286482,0.000000,0.793403,5
2,Baseline,257,849.104797,1810351.286482,0.000000,0.793403,5
2,Baseline,258,849.104797,1810351.286482,0.000000,0.793403,5
2,Baseline,259,849.104797,1810351.286482,0.000000,0.793403,5
2,Baseline,260,849.104797,1810351.286482,0.000000,0.793403,5
2,Baseline,261,849.104797,1810351.286482,0.000000,0.793403,5
2,Baseline,262,849.104797,1810351.286482,0.000000,0.793403,5
2,Baseline,263,849.104797,1810351.286482,0.000000,0.793403,5
2,Baseline,264,849.104797,1810351.286482,0.000000,0.793403,5
2,Baseline,265,849.104797,1810351.286482,0.000000,0.793403,5
2,Baseline,266,849.104797,1810351.286482,0.000000,0.793403,5
2,Baseline,267,849.104797,1810351.286482,0.000000,0.793403,5
2,Baseline,268,849.104797,1810351.286482,0.000000,0.793403,5
2,Baseline,269,849.104797,1810351.286482,0.000000,0.793403,5
2,Baseline,270,844.217187,1438281.996675,0.000000,0.748618,5
2,Baseline,271,844.217187,1438281.996675,0.000000,0.748618,5
2,Baseline,272,842.262686,1324766.883953,0.000000,0.743283,5
2,Baseline,273,842.262686,1324766.883953,0.000000,0.743283,5
2,Baseline,274,841.247442,740824.364717,0.000000,0.605212,9
2,Baseline,275,841.278968,965906.249658,0.000000,0.601487,8
2,Baseline,276,838.249489,854035.274331,0.000000,0.561071,8
2,Baseline,277,837.991252,697697.159361,0.000000,0.591705,9
2,Baseline,278,832.851867,717599.166334,0.000000,0.615896,9
2,Baseline,279,832.851867,717599.166334,0.000000,0.615896,9
2,Baseline,280,832.774479,706743.524395,0.000000,0.610056,9
2,Baseline,281,833.277691,827882.332880,0.000000,0.549999,8
2,Baseline,282,823.296093,779943.058286,0.000000,0.511162,11
2,Baseline,283,823.296093,779943.058286,0.000000,0.511162,11
2,Baseline,284,811.755892,778159.573627,0.000000,0.502663,11
2,Baseline,285,811.408132,738268.200360,0.000000,0.545288,10
2,Baseline,286,811.328504,767061.843379,0.000000,0.498440,11
2,Baseline,287,811.057335,736276.124625,0.000000,0.531696,10
2,Proposed,0,939.854194,2906135.772795,0.000000,1.292627,5
2,Proposed,1,939.854194,2906135.772795,0.000000,1.292627,5
2,Proposed,2,939.854194,2906135.772795,0.000000,1.292627,5
2,Proposed,3,939.854194,2906135.772795,0.000000,1.292627,5
2,Proposed,4,939.854194,2906135.772795,0.000000,1.292627,5
2,Proposed,5,946.207979,1090704.717799,0.000000,0.625327,36
2,Proposed,6,938.833113,1079353.763520,0.000000,0.623690,36
2,Proposed,7,936.666393,1021553.169587,0.000000,0.591846,36
3,Baseline,0,832.562662,936537.746354,0.000000,0.595344,8
3,Baseline,1,832.580578,1086314.641866,0.000000,0.593204,7
3,Baseline,2,832.386412,750086.862244,0.000000,0.616387,9
3,Baseline,3,832.562662,936537.746354,0.000000,0.595344,8
3,Baseline,4,831.670850,789450.353503,0.000000,0.496031,11
3,Baseline,5,831.670850,789450.353503,0.000000,0.496031,11
3,Baseline,6,828.786476,795087.076835,0.000000,0.478387,11
3,Baseline,7,828.397469,764550.902328,0.000000,0.525099,10
3,Baseline,8,821.721591,758477.188225,0.000000,0.472325,11
3,Baseline,9,821.721591,758477.188225,0.000000,0.472325,11
3,Baseline,10,820.529208,743097.017557,0.000000,0.485160,11
3,Baseline,11,820.248681,699142.546324,0.000000,0.519182,10
3,Baseline,12,819.195952,750644.543498,0.000000,0.475035,11
3,Baseline,13,819.195952,750644.543498,0.000000,0.475035,11
3,Baseline,14,819.195952,750644.543498,0.000000,0.475035,11
3,Baseline,15,819.195952,750644.543498,0.000000,0.475035,11
3,Baseline,16,819.195952,750644.543498,0.000000,0.475035,11
3,Baseline,17,819.195952,750644.543498,0.000000,0.475035,11
3,Baseline,18,818.728710,717697.305779,0.000000,0.531801,10
3,Baseline,19,818.728710,717697.305779,0.000000,0.531801,10
3,Baseline,20,818.728710,717697.305779,0.000000,0.531801,10
3,Baseline,21,818.728710,717697.305779,0.000000,0.531801,10
3,Baseline,22,818.728710,717697.305779,0.000000,0.531801,10
3,Baseline,23,818.728710,717697.305779,0.000000,0.531801,10
3,Baseline,24,819.195952,750644.543498,0.000000,0.475035,11
3,Baseline,25,819.195952,750644.543498,0.000000,0.475035,11
3,Baseline,26,819.195952,750644.543498,0.000000,0.475035,11
3,Baseline,27,819.195952,750644.543498,0.000000,0.475035,11
3,Baseline,28,819.195952,750644.543498,0.000000,0.475035,11
3,Baseline,29,819.195952,750644.543498,0.000000,0.475035,11
3,Baseline,30,819.195952,750644.543498,0.000000,0.475035,11
3,Baseline,31,819.195952,750644.543498,0.000000,0.475035,11
3,Baseline,32,818.728710,717697.305779,0.000000,0.531801,10
3,Baseline,33,819.195952,750644.543498,0.000000,0.475035,11
3,Baseline,34,818.728710,717697.305779,0.000000,0.531801,10
3,Baseline,35,818.728710,717697.305779,0.000000,0.531801,10
3,Baseline,36,819.195952,750644.543498,0.000000,0.475035,11
3,Baseline,37,819.195952,750644.543498,0.000000,0.475035,11
3,Baseline,38,819.195952,750644.543498,0.000000,0.475035,11
3,Baseline,39,818.728710,717697.305779,0.000000,0.531801,10
3,Baseline,40,818.728710,717697.305779,0.000000,0.531801,10
3,Baseline,41,818.728710,717697.305779,0.000000,0.531801,10
3,Baseline,42,819.195952,750644.543498,0.000000,0.475035,11
3,Baseline,43,819.195952,750644.543498,0.000000,0.475035,11
3,Baseline,44,819.195952,750644.543498,0.000000,0.475035,11
3,Baseline,45,819.195952,750644.543498,0.000000,0.475035,11
3,Baseline,46,819.195952,750644.543498,0.000000,0.475035,11
3,Baseline,47,819.195952,750644.543498,0.000000,0.475035,11
3,Baseline,48,818.728710,717697.305779,0.000000,0.531801,10
3,Baseline,49,818.728710,717697.305779,0.000000,0.531801,10
3,Baseline,50,819.195952,750644.543498,0.000000,0.475035,11
3,Baseline,51,819.195952,750644.543498,0.000000,0.475035,11
3,Baseline,52,819.195952,750644.543498,0.000000,0.475035,11
3,Baseline,53,818.728710,717697.305779,0.000000,0.531801,10
3,Baseline,54,818.728710,717697.305779,0.000000,0.531801,10
3,Baseline,55,818.728710,717697.305779,0.000000,0.531801,10
3,Baseline,56,818.728710,717697.305779,0.000000,0.531801,10
3,Baseline,57,819.195952,750644.543498,0.000000,0.475035,11
3,Baseline,58,819.195952,750644.543498,0.000000,0.475035,11
3,Baseline,59,819.195952,750644.543498,0.000000,0.475035,11
3,Baseline,60,819.195952,750644.543498,0.000000,0.475035,11
3,Baseline,61,819.195952,750644.543498,0.000000,0.475035,11
3,Baseline,62,818.728710,717697.305779,0.000000,0.531801,10
3,Baseline,63,818.728710,717697.305779,0.000000,0.531801,10
3,Baseline,64,818.728710,717697.305779,0.000000,0.531801,10
3,Baseline,65,818.728710,717697.305779,0.000000,0.531801,10
3,Baseline,66,818.728710,717697.305779,0.000000,0.531801,10
3,Baseline,67,818.728710,717697.305779,0.000000,0.531801,10
3,Baseline,68,819.195952,750644.543498,0.000000,0.475035,11
3,Baseline,69,819.195952,750644.543498,0.000000,0.475035,11
3,Baseline,70,819.195952,750644.543498,0.000000,0.475035,11
3,Baseline,71,818.728710,717697.305779,0.000000,0.531801,10
3,Baseline,72,818.728710,717697.305779,0.000000,0.531801,10
3,Baseline,73,818.728710,717697.305779,0.000000,0.531801,10
3,Baseline,74,819.195952,750644.543498,0.000000,0.475035,11
3,Baseline,75,818.728710,717697.305779,0.000000,0.531801,10
3,Baseline,76,818.728710,717697.305779,0.000000,0.531801,10
3,Baseline,77,818.728710,717697.305779,0.000000,0.531801,10
3,Baseline,78,818.728710,717697.305779,0.000000,0.531801,10
3,Baseline,79,818.728710,717697.305779,0.000000,0.531801,10
3,Baseline,80,818.728710,717697.305779,0.000000,0.531801,10
3,Baseline,81,818.728710,717697.305779,0.000000,0.531801,10
3,Baseline,82,818.728710,717697.305779,0.000000,0.531801,10
3,Baseline,83,818.728710,717697.305779,0.000000,0.531801,10
3,Baseline,84,819.195952,750644.543498,0.000000,0.475035,11
3,Baseline,85,818.700486,643391.318004,0.000000,0.535230,12
3,Baseline,86,818.728710,717697.305779,0.000000,0.531801,10
3,Baseline,87,818.728710,717697.305779,0.000000,0.531801,10
3,Baseline,88,818.728710,717697.305779,0.000000,0.531801,10
3,Baseline,89,818.728710,717697.305779,0.000000,0.531801,10
3,Baseline,90,818.728710,717697.305779,0.000000,0.531801,10
3,Baseline,91,819.195952,750644.543498,0.000000,0.475035,11
3,Baseline,92,818.728710,717697.305779,0.000000,0.531801,10
3,Baseline,93,819.195952,750644.543498,0.000000,0.475035,11
3,Baseline,94,819.195952,750644.543498,0.000000,0.475035,11
3,Baseline,95,819.195952,750644.543498,0.000000,0.475035,11
3,Baseline,96,819.195952,750644.543498,0.000000,0.475035,11
3,Baseline,97,818.728710,717697.305779,0.000000,0.531801,10
3,Baseline,98,818.728710,717697.305779,0.000000,0.531801,10
3,Baseline,99,818.728710,717697.305779,0.000000,0.531801,10
3,Baseline,100,819.195952,750644.543498,0.000000,0.475035,11
3,Baseline,101,819.195952,750644.543498,0.000000,0.475035,11
3,Baseline,102,819.195952,750644.543498,0.000000,0.475035,11
3,Baseline,103,819.195952,750644.543498,0.000000,0.475035,11
3,Baseline,104,819.195952,750644.543498,0.000000,0.475035,11
3,Baseline,105,819.195952,750644.543498,0.000000,0.475035,11
3,Baseline,106,819.195952,750644.543498,0.000000,0.475035,11
3,Baseline,107,819.195952,750644.543498,0.000000,0.475035,11
3,Baseline,108,818.728710,717697.305779,0.000000,0.531801,10
3,Baseline,109,818.728710,717697.305779,0.000000,0.531801,10
3,Baseline,110,818.728710,717697.305779,0.000000,0.531801,10
3,Baseline,111,818.728710,717697.305779,0.000000,0.531801,10
3,Baseline,112,818.728710,717697.305779,0.000000,0.531801,10
3,Baseline,113,818.728710,717697.305779,0.000000,0.531801,10
3,Baseline,114,818.728710,717697.305779,0.000000,0.531801,10
3,Baseline,115,818.728710,717697.305779,0.000000,0.531801,10
3,Baseline,116,818.728710,717697.305779,0.000000,0.531801,10
3,Baseline,117,819.195952,750644.543498,0.000000,0.475035,11
3,Baseline,118,819.195952,750644.543498,0.000000,0.475035,11
3,Baseline,119,819.195952,750644.543498,0.000000,0.475035,11
3,Baseline,120,818.728710,717697.305779,0.000000,0.531801,10
3,Baseline,121,818.728710,717697.305779,0.000000,0.531801,10
3,Baseline,122,818.728710,717697.305779,0.000000,0.531801,10
3,Baseline,123,819.195952,750644.543498,0.000000,0.475035,11
3,Baseline,124,819.195952,750644.543498,0.000000,0.475035,11
3,Baseline,125,819.195952,750644.543498,0.000000,0.475035,11
3,Baseline,126,818.728710,717697.305779,0.000000,0.531801,10
3,Baseline,127,819.195952,750644.543498,0.000000,0.475035,11
3,Baseline,128,819.195952,750644.543498,0.000000,0.475035,11
3,Baseline,129,819.195952,750644.543498,0.000000,0.475035,11
3,Baseline,130,819.195952,750644.543498,0.000000,0.475035,11
3,Baseline,131,819.195952,750644.543498,0.000000,0.475035,11
3,Baseline,132,819.195952,750644.543498,0.000000,0.475035,11
3,Baseline,133,819.195952,750644.543498,0.000000,0.475035,11
3,Baseline,134,818.728710,717697.305779,0.000000,0.531801,10
3,Baseline,135,819.195952,750644.543498,0.000000,0.475035,11
3,Baseline,136,819.195952,750644.543498,0.000000,0.475035,11
3,Baseline,137,818.728710,717697.305779,0.000000,0.531801,10
3,Baseline,138,818.728710,717697.305779,0.000000,0.531801,10
3,Baseline,139,818.728710,717697.305779,0.000000,0.531801,10
3,Baseline,140,819.195952,750644.543498,0.000000,0.475035,11
3,Baseline,141,819.195952,750644.543498,0.000000,0.475035,11
3,Baseline,142,818.728710,717697.305779,0.000000,0.531801,10
3,Baseline,143,818.728710,717697.305779,0.000000,0.531801,10
3,Baseline,144,818.728710,717697.305779,0.000000,0.531801,10
3,Baseline,145,819.195952,750644.543498,0.000000,0.475035,11
3,Baseline,146,819.195952,750644.543498,0.000000,0.475035,11
3,Baseline,147,818.728710,717697.305779,0.000000,0.531801,10
3,Baseline,148,818.728710,717697.305779,0.000000,0.531801,10
3,Baseline,149,819.195952,750644.543498,0.000000,0.475035,11
3,Baseline,150,819.195952,750644.543498,0.000000,0.475035,11
3,Baseline,151,819.195952,750644.543498,0.000000,0.475035,11
3,Baseline,152,819.195952,750644.543498,0.000000,0.475035,11
3,Baseline,153,819.195952,750644.543498,0.000000,0.475035,11
3,Baseline,154,819.195952,750644.543498,0.000000,0.475035,11
3,Baseline,155,818.728710,717697.305779,0.000000,0.531801,10
3,Baseline,156,818.728710,717697.305779,0.000000,0.531801,10
3,Baseline,157,818.728710,717697.305779,0.000000,0.531801,10
3,Baseline,158,818.728710,717697.305779,0.000000,0.531801,10
3,Baseline,159,818.728710,717697.305779,0.000000,0.531801,10
3,Baseline,160,819.195952,750644.543498,0.000000,0.475035,11
3,Baseline,161,819.195952,750644.543498,0.000000,0.475035,11
3,Baseline,162,819.195952,750644.543498,0.000000,0.475035,11
3,Baseline,163,818.728710,717697.305779,0.000000,0.531801,10
3,Baseline,164,818.728710,717697.305779,0.000000,0.531801,10
3,Baseline,165,819.195952,750644.543498,0.000000,0.475035,11
3,Baseline,166,819.195952,750644.543498,0.000000,0.475035,11
3,Baseline,167,819.195952,750644.543498,0.000000,0.475035,11
3,Baseline,168,819.195952,750644.543498,0.000000,0.475035,11
3,Baseline,169,819.195952,750644.543498,0.000000,0.475035,11
3,Baseline,170,818.728710,717697.305779,0.000000,0.531801,10
3,Baseline,171,818.728710,717697.305779,0.000000,0.531801,10
3,Baseline,172,818.728710,717697.305779,0.000000,0.531801,10
3,Baseline,173,818.728710,717697.305779,0.000000,0.531801,10
3,Baseline,174,818.728710,717697.305779,0.000000,0.531801,10
3,Baseline,175,818.728710,717697.305779,0.000000,0.531801,10
3,Baseline,176,819.195952,750644.543498,0.000000,0.475035,11
3,Baseline,177,819.195952,750644.543498,0.000000,0.475035,11
3,Baseline,178,819.195952,750644.543498,0.000000,0.475035,11
3,Baseline,179,819.195952,750644.543498,0.000000,0.475035,11
3,Baseline,180,819.195952,750644.543498,0.000000,0.475035,11
3,Baseline,181,819.195952,750644.543498,0.000000,0.475035,11
3,Baseline,182,818.728710,717697.305779,0.000000,0.531801,10
3,Baseline,183,818.728710,717697.305779,0.000000,0.531801,10
3,Baseline,184,818.728710,717697.305779,0.000000,0.531801,10
3,Baseline,185,818.728710,717697.305779,0.000000,0.531801,10
3,Baseline,186,818.728710,717697.305779,0.000000,0.531801,10
3,Baseline,187,818.728710,717697.305779,0.000000,0.531801,10
3,Baseline,188,819.195952,750644.543498,0.000000,0.475035,11
3,Baseline,189,819.195952,750644.543498,0.000000,0.475035,11
3,Baseline,190,819.195952,750644.543498,0.000000,0.475035,11
3,Baseline,191,819.195952,750644.543498,0.000000,0.475035,11
3,Baseline,192,819.195952,750644.543498,0.000000,0.475035,11
3,Baseline,193,819.195952,750644.543498,0.000000,0.475035,11
3,Baseline,194,819.195952,750644.543498,0.000000,0.475035,11
3,Baseline,195,819.195952,750644.543498,0.000000,0.475035,11
3,Baseline,196,818.728710,717697.305779,0.000000,0.531801,10
3,Baseline,197,818.728710,717697.305779,0.000000,0.531801,10
3,Baseline,198,818.728710,717697.305779,0.000000,0.531801,10
3,Baseline,199,818.728710,717697.305779,0.000000,0.531801,10
3,Baseline,200,818.728710,717697.305779,0.000000,0.531801,10
3,Baseline,201,818.728710,717697.305779,0.000000,0.531801,10
3,Baseline,202,819.195952,750644.543498,0.000000,0.475035,11
3,Baseline,203,819.195952,750644.543498,0.000000,0.475035,11
3,Baseline,204,818.728710,717697.305779,0.000000,0.531801,10
3,Baseline,205,818.728710,717697.305779,0.000000,0.531801,10
3,Baseline,206,819.195952,750644.543498,0.000000,0.475035,11
3,Baseline,207,819.195952,750644.543498,0.000000,0.475035,11
3,Baseline,208,818.728710,717697.305779,0.000000,0.531801,10
3,Baseline,209,818.728710,717697.305779,0.000000,0.531801,10
3,Baseline,210,818.728710,717697.305779,0.000000,0.531801,10
3,Baseline,211,818.728710,717697.305779,0.000000,0.531801,10
3,Baseline,212,818.700486,643391.318004,0.000000,0.535230,12
3,Baseline,213,819.195952,750644.543498,0.000000,0.475035,11
3,Baseline,214,819.195952,750644.543498,0.000000,0.475035,11
3,Baseline,215,818.700486,643391.318004,0.000000,0.535230,12
3,Baseline,216,819.195952,750644.543498,0.000000,0.475035,11
3,Baseline,217,819.195952,750644.543498,0.000000,0.475035,11
3,Baseline,218,819.195952,750644.543498,0.000000,0.475035,11
3,Baseline,219,819.195952,750644.543498,0.000000,0.475035,11
3,Baseline,220,819.195952,750644.543498,0.000000,0.475035,11
3,Baseline,221,819.195952,750644.543498,0.000000,0.475035,11
3,Baseline,222,818.728710,717697.305779,0.000000,0.531801,10
3,Baseline,223,818.728710,717697.305779,0.000000,0.531801,10
3,Baseline,224,819.195952,750644.543498,0.000000,0.475035,11
3,Baseline,225,819.195952,750644.543498,0.000000,0.475035,11
3,Baseline,226,819.195952,750644.543498,0.000000,0.475035,11
3,Baseline,227,819.195952,750644.543498,0.000000,0.475035,11
3,Baseline,228,819.195952,750644.543498,0.000000,0.475035,11
3,Baseline,229,819.195952,750644.543498,0.000000,0.475035,11
3,Baseline,230,819.195952,750644.543498,0.000000,0.475035,11
3,Baseline,231,819.195952,750644.543498,0.000000,0.475035,11
3,Baseline,232,818.728710,717697.305779,0.000000,0.531801,10
3,Baseline,233,818.728710,717697.305779,0.000000,0.531801,10
3,Baseline,234,818.728710,717697.305779,0.000000,0.531801,10
3,Baseline,235,818.728710,717697.305779,0.000000,0.531801,10
3,Baseline,236,819.195952,750644.543498,0.000000,0.475035,11
3,Baseline,237,819.195952,750644.543498,0.000000,0.475035,11
3,Baseline,238,819.195952,750644.543498,0.000000,0.475035,11
3,Baseline,239,818.728710,717697.305779,0.000000,0.531801,10
3,Baseline,240,818.728710,717697.305779,0.000000,0.531801,10
3,Baseline,241,818.728710,717697.305779,0.000000,0.531801,10
3,Baseline,242,818.728710,717697.305779,0.000000,0.531801,10
3,Baseline,243,819.195952,750644.543498,0.000000,0.475035,11
3,Baseline,244,819.195952,750644.543498,0.000000,0.475035,11
3,Baseline,245,819.195952,750644.543498,0.000000,0.475035,11
3,Baseline,246,818.728710,717697.305779,0.000000,0.531801,10
3,Baseline,247,818.728710,717697.305779,0.000000,0.531801,10
3,Baseline,248,819.195952,750644.543498,0.000000,0.475035,11
3,Baseline,249,819.195952,750644.543498,0.000000,0.475035,11
3,Baseline,250,818.728710,717697.305779,0.000000,0.531801,10
3,Baseline,251,819.195952,750644.543498,0.000000,0.475035,11
3,Baseline,252,819.195952,750644.543498,0.000000,0.475035,11
3,Baseline,253,818.728710,717697.305779,0.000000,0.531801,10
3,Baseline,254,819.195952,750644.543498,0.000000,0.475035,11
3,Baseline,255,819.195952,750644.543498,0.000000,0.475035,11
3,Baseline,256,819.195952,750644.543498,0.000000,0.475035,11
3,Baseline,257,819.195952,750644.543498,0.000000,0.475035,11
3,Baseline,258,819.195952,750644.543498,0.000000,0.475035,11
3,Baseline,259,819.195952,750644.543498,0.000000,0.475035,11
3,Baseline,260,819.195952,750644.543498,0.000000,0.475035,11
3,Baseline,261,819.195952,750644.543498,0.000000,0.475035,11
3,Baseline,262,818.728710,717697.305779,0.000000,0.531801,10
3,Baseline,263,818.728710,717697.305779,0.000000,0.531801,10
3,Baseline,264,818.728710,717697.305779,0.000000,0.531801,10
3,Baseline,265,818.728710,717697.305779,0.000000,0.531801,10
3,Baseline,266,818.728710,717697.305779,0.000000,0.531801,10
3,Baseline,267,818.728710,717697.305779,0.000000,0.531801,10
3,Baseline,268,818.728710,717697.305779,0.000000,0.531801,10
3,Baseline,269,818.728710,717697.305779,0.000000,0.531801,10
3,Baseline,270,819.195952,750644.543498,0.000000,0.475035,11
3,Baseline,271,819.195952,750644.543498,0.000000,0.475035,11
3,Baseline,272,819.195952,750644.543498,0.000000,0.475035,11
3,Baseline,273,819.195952,750644.543498,0.000000,0.475035,11
3,Baseline,274,819.195952,750644.543498,0.000000,0.475035,11
3,Baseline,275,819.195952,750644.543498,0.000000,0.475035,11
3,Baseline,276,819.195952,750644.543498,0.000000,0.475035,11
3,Baseline,277,819.195952,750644.543498,0.000000,0.475035,11
3,Baseline,278,819.195952,750644.543498,0.000000,0.475035,11
3,Baseline,279,819.195952,750644.543498,0.000000,0.475035,11
3,Baseline,280,819.195952,750644.543498,0.000000,0.475035,11
3,Baseline,281,819.195952,750644.543498,0.000000,0.475035,11
3,Baseline,282,819.195952,750644.543498,0.000000,0.475035,11
3,Baseline,283,819.195952,750644.543498,0.000000,0.475035,11
3,Baseline,284,818.728710,717697.305779,0.000000,0.531801,10
3,Baseline,285,818.728710,717697.305779,0.000000,0.531801,10
3,Baseline,286,818.728710,717697.305779,0.000000,0.531801,10
3,Baseline,287,819.195952,750644.543498,0.000000,0.475035,11
3,Baseline,288,819.195952,750644.543498,0.000000,0.475035,11
3,Baseline,289,819.195952,750644.543498,0.000000,0.475035,11
3,Baseline,290,819.195952,750644.543498,0.000000,0.475035,11
3,Baseline,291,818.700486,643391.318004,0.000000,0.535230,12
3,Baseline,292,818.728710,717697.305779,0.000000,0.531801,10
3,Baseline,293,818.728710,717697.305779,0.000000,0.531801,10
3,Baseline,294,818.728710,717697.305779,0.000000,0.531801,10
3,Baseline,295,818.728710,717697.305779,0.000000,0.531801,10
3,Baseline,296,818.728710,717697.305779,0.000000,0.531801,10
3,Baseline,297,818.728710,717697.305779,0.000000,0.531801,10
3,Baseline,298,819.195952,750644.543498,0.000000,0.475035,11
3,Baseline,299,818.728710,717697.305779,0.000000,0.531801,10
3,Proposed,0,941.700462,2474724.693886,0.000000,1.096183,5
3,Proposed,1,941.700462,2474724.693886,0.000000,1.096183,5
3,Proposed,2,941.700462,2474724.693886,0.000000,1.096183,5
3,Proposed,3,941.700462,2474724.693886,0.000000,1.096183,5
3,Proposed,4,941.700462,2474724.693886,0.000000,1.096183,5
3,Proposed,5,941.700462,2474724.693886,0.000000,1.096183,5
3,Proposed,6,941.700462,2474724.693886,0.000000,1.096183,5
3,Proposed,7,941.700462,2474724.693886,0.000000,1.096183,5
3,Proposed,8,941.700462,2474724.693886,0.000000,1.096183,5
3,Proposed,9,941.700462,2474724.693886,0.000000,1.096183,5
3,Proposed,10,941.700462,2474724.693886,0.000000,1.096183,5
3,Proposed,11,941.700462,2474724.693886,0.000000,1.096183,5
3,Proposed,12,941.700462,2474724.693886,0.000000,1.096183,5
3,Proposed,13,941.700462,2474724.693886,0.000000,1.096183,5
3,Proposed,14,941.700462,2474724.693886,0.000000,1.096183,5
3,Proposed,15,941.700462,2474724.693886,0.000000,1.096183,5
3,Proposed,16,941.700462,2474724.693886,0.000000,1.096183,5
3,Proposed,17,941.700462,2474724.693886,0.000000,1.096183,5
3,Proposed,18,941.700462,2474724.693886,0.000000,1.096183,5
3,Proposed,19,941.700462,2474724.693886,0.000000,1.096183,5
3,Proposed,20,941.700462,2474724.693886,0.000000,1.096183,5
3,Proposed,21,941.700462,2474724.693886,0.000000,1.096183,5
3,Proposed,22,941.700462,2474724.693886,0.000000,1.096183,5
3,Proposed,23,941.700462,2474724.693886,0.000000,1.096183,5
3,Proposed,24,941.700462,2474724.693886,0.000000,1.096183,5
3,Proposed,25,941.700462,2474724.693886,0.000000,1.096183,5
3,Proposed,26,941.700462,2474724.693886,0.000000,1.096183,5
3,Proposed,27,941.700462,2474724.693886,0.000000,1.096183,5
3,Proposed,28,941.700462,2474724.693886,0.000000,1.096183,5
3,Proposed,29,941.700462,2474724.693886,0.000000,1.096183,5
3,Proposed,30,942.157135,2074326.070068,0.000000,1.048220,6
3,Proposed,31,941.700462,2474724.693886,0.000000,1.096183,5
3,Proposed,32,941.700462,2474724.693886,0.000000,1.096183,5
3,Proposed,33,941.700462,2474724.693886,0.000000,1.096183,5
3,Proposed,34,941.700462,2474724.693886,0.000000,1.096183,5
3,Proposed,35,941.700462,2474724.693886,0.000000,1.096183,5
3,Proposed,36,941.700462,2474724.693886,0.000000,1.096183,5
3,Proposed,37,941.700462,2474724.693886,0.000000,1.096183,5
3,Proposed,38,941.700462,2474724.693886,0.000000,1.096183,5
3,Proposed,39,941.700462,2474724.693886,0.000000,1.096183,5
3,Proposed,40,941.700462,2474724.693886,0.000000,1.096183,5
3,Proposed,41,941.700462,2474724.693886,0.000000,1.096183,5
3,Proposed,42,941.700462,2474724.693886,0.000000,1.096183,5
3,Proposed,43,941.700462,2474724.693886,0.000000,1.096183,5
3,Proposed,44,941.700462,2474724.693886,0.000000,1.096183,5
3,Proposed,45,942.157135,2074326.070068,0.000000,1.048220,6
3,Proposed,46,941.700462,2474724.693886,0.000000,1.096183,5
3,Proposed,47,941.700462,2474724.693886,0.000000,1.096183,5
3,Proposed,48,941.700462,2474724.693886,0.000000,1.096183,5
3,Proposed,49,941.700462,2474724.693886,0.000000,1.096183,5
3,Proposed,50,941.700462,2474724.693886,0.000000,1.096183,5
3,Proposed,51,941.700462,2474724.693886,0.000000,1.096183,5
3,Proposed,52,941.700462,2474724.693886,0.000000,1.096183,5
3,Proposed,53,941.700462,2474724.693886,0.000000,1.096183,5
3,Proposed,54,941.700462,2474724.693886,0.000000,1.096183,5
3,Proposed,55,941.700462,2474724.693886,0.000000,1.096183,5
3,Proposed,56,941.700462,2474724.693886,0.000000,1.096183,5
3,Proposed,57,941.700462,2474724.693886,0.000000,1.096183,5
3,Proposed,58,941.700462,2474724.693886,0.000000,1.096183,5
3,Proposed,59,941.700462,2474724.693886,0.000000,1.096183,5
3,Proposed,60,942.157135,2074326.070068,0.000000,1.048220,6
3,Proposed,61,941.700462,2474724.693886,0.000000,1.096183,5
3,Proposed,62,941.700462,2474724.693886,0.000000,1.096183,5
3,Proposed,63,941.700462,2474724.693886,0.000000,1.096183,5
3,Proposed,64,941.700462,2474724.693886,0.000000,1.096183,5
3,Proposed,65,941.700462,2474724.693886,0.000000,1.096183,5
3,Proposed,66,941.700462,2474724.693886,0.000000,1.096183,5
3,Proposed,67,941.700462,2474724.693886,0.000000,1.096183,5
3,Proposed,68,941.700462,2474724.693886,0.000000,1.096183,5
3,Proposed,69,941.700462,2474724.693886,0.000000,1.096183,5
3,Proposed,70,941.700462,2474724.693886,0.000000,1.096183,5
3,Proposed,71,941.700462,2474724.693886,0.000000,1.096183,5
3,Proposed,72,941.700462,2474724.693886,0.000000,1.096183,5
3,Proposed,73,941.700462,2474724.693886,0.000000,1.096183,5
3,Proposed,74,942.157135,2074326.070068,0.000000,1.048220,6
3,Proposed,75,941.700462,2474724.693886,0.000000,1.096183,5
3,Proposed,76,941.700462,2474724.693886,0.000000,1.096183,5
3,Proposed,77,941.700462,2474724.693886,0.000000,1.096183,5
3,Proposed,78,941.700462,2474724.693886,0.000000,1.096183,5
3,Proposed,79,941.700462,2474724.693886,0.000000,1.096183,5
3,Proposed,80,941.700462,2474724.693886,0.000000,1.096183,5
3,Proposed,81,941.700462,2474724.693886,0.000000,1.096183,5
3,Proposed,82,941.700462,2474724.693886,0.000000,1.096183,5
3,Proposed,83,941.700462,2474724.693886,0.000000,1.096183,5
3,Proposed,84,941.700462,2474724.693886,0.000000,1.096183,5
3,Proposed,85,941.700462,2474724.693886,0.000000,1.096183,5
3,Proposed,86,941.700462,2474724.693886,0.000000,1.096183,5
3,Proposed,87,941.700462,2474724.693886,0.000000,1.096183,5
3,Proposed,88,941.700462,2474724.693886,0.000000,1.096183,5
3,Proposed,89,941.700462,2474724.693886,0.000000,1.096183,5
3,Proposed,90,941.700462,2474724.693886,0.000000,1.096183,5
3,Proposed,91,941.700462,2474724.693886,0.000000,1.096183,5
3,Proposed,92,941.700462,2474724.693886,0.000000,1.096183,5
3,Proposed,93,941.700462,2474724.693886,0.000000,1.096183,5
3,Proposed,94,941.700462,2474724.693886,0.000000,1.096183,5
3,Proposed,95,941.700462,2474724.693886,0.000000,1.096183,5
3,Proposed,96,941.700462,2474724.693886,0.000000,1.096183,5
3,Proposed,97,941.700462,2474724.693886,0.000000,1.096183,5
3,Proposed,98,941.700462,2474724.693886,0.000000,1.096183,5
3,Proposed,99,942.157135,2074326.070068,0.000000,1.048220,6
3,Proposed,100,941.700462,2474724.693886,0.000000,1.096183,5
3,Proposed,101,941.700462,2474724.693886,0.000000,1.096183,5
3,Proposed,102,941.700462,2474724.693886,0.000000,1.096183,5
3,Proposed,103,941.700462,2474724.693886,0.000000,1.096183,5
3,Proposed,104,941.700462,2474724.693886,0.000000,1.096183,5
3,Proposed,105,941.700462,2474724.693886,0.000000,1.096183,5
3,Proposed,106,941.700462,2474724.693886,0.000000,1.096183,5
3,Proposed,107,941.700462,2474724.693886,0.000000,1.096183,5
3,Proposed,108,941.700462,2474724.693886,0.000000,1.096183,5
3,Proposed,109,941.700462,2474724.693886,0.000000,1.096183,5
3,Proposed,110,941.700462,2474724.693886,0.000000,1.096183,5
3,Proposed,111,941.700462,2474724.693886,0.000000,1.096183,5
3,Proposed,112,941.700462,2474724.693886,0.000000,1.096183,5
3,Proposed,113,941.700462,2474724.693886,0.000000,1.096183,5
3,Proposed,114,941.700462,2474724.693886,0.000000,1.096183,5
3,Proposed,115,941.700462,2474724.693886,0.000000,1.096183,5
3,Proposed,116,941.700462,2474724.693886,0.000000,1.096183,5
3,Proposed,117,941.700462,2474724.693886,0.000000,1.096183,5
3,Proposed,118,941.700462,2474724.693886,0.000000,1.096183,5
3,Proposed,119,941.700462,2474724.693886,0.000000,1.096183,5
3,Proposed,120,941.700462,2474724.693886,0.000000,1.096183,5
3,Proposed,121,941.700462,2474724.693886,0.000000,1.096183,5
3,Proposed,122,941.700462,2474724.693886,0.000000,1.096183,5
3,Proposed,123,941.700462,2474724.693886,0.000000,1.096183,5
3,Proposed,124,941.700462,2474724.693886,0.000000,1.096183,5
3,Proposed,125,941.700462,2474724.693886,0.000000,1.096183,5
3,Proposed,126,941.700462,2474724.693886,0.000000,1.096183,5
3,Proposed,127,941.700462,2474724.693886,0.000000,1.096183,5
3,Proposed,128,941.700462,2474724.693886,0.000000,1.096183,5
3,Proposed,129,941.700462,2474724.693886,0.000000,1.096183,5
3,Proposed,130,941.700462,2474724.693886,0.000000,1.096183,5
3,Proposed,131,941.700462,2474724.693886,0.000000,1.096183,5
3,Proposed,132,941.700462,2474724.693886,0.000000,1.096183,5
3,Proposed,133,941.700462,2474724.693886,0.000000,1.096183,5
3,Proposed,134,941.700462,2474724.693886,0.000000,1.096183,5
3,Proposed,135,941.700462,2474724.693886,0.000000,1.096183,5
3,Proposed,136,941.700462,2474724.693886,0.000000,1.096183,5
3,Proposed,137,941.700462,2474724.693886,0.000000,1.096183,5
3,Proposed,138,941.700462,2474724.693886,0.000000,1.096183,5
3,Proposed,139,941.700462,2474724.693886,0.000000,1.096183,5
3,Proposed,140,941.700462,2474724.693886,0.000000,1.096183,5
3,Proposed,141,941.700462,2474724.693886,0.000000,1.096183,5
3,Proposed,142,941.700462,2474724.693886,0.000000,1.096183,5
3,Proposed,143,941.700462,2474724.693886,0.000000,1.096183,5
3,Proposed,144,941.700462,2474724.693886,0.000000,1.096183,5
3,Proposed,145,941.700462,2474724.693886,0.000000,1.096183,5
3,Proposed,146,941.700462,2474724.693886,0.000000,1.096183,5
3,Proposed,147,941.700462,2474724.693886,0.000000,1.096183,5
3,Proposed,148,941.700462,2474724.693886,0.000000,1.096183,5
3,Proposed,149,941.700462,2474724.693886,0.000000,1.096183,5
3,Proposed,150,941.700462,2474724.693886,0.000000,1.096183,5
3,Proposed,151,941.700462,2474724.693886,0.000000,1.096183,5
3,Proposed,152,941.700462,2474724.693886,0.000000,1.096183,5
3,Proposed,153,941.700462,2474724.693886,0.000000,1.096183,5
3,Proposed,154,941.700462,2474724.693886,0.000000,1.096183,5
3,Proposed,155,942.157135,2074326.070068,0.000000,1.048220,6
3,Proposed,156,941.700462,2474724.693886,0.000000,1.096183,5
3,Proposed,157,941.700462,2474724.693886,0.000000,1.096183,5
3,Proposed,158,941.700462,2474724.693886,0.000000,1.096183,5
3,Proposed,159,941.700462,2474724.693886,0.000000,1.096183,5
3,Proposed,160,941.700462,2474724.693886,0.000000,1.096183,5
3,Proposed,161,941.700462,2474724.693886,0.000000,1.096183,5
3,Proposed,162,941.700462,2474724.693886,0.000000,1.096183,5
3,Proposed,163,941.700462,2474724.693886,0.000000,1.096183,5
3,Proposed,164,941.700462,2474724.693886,0.000000,1.096183,5
3,Proposed,165,941.700462,2474724.693886,0.000000,1.096183,5
3,Proposed,166,941.700462,2474724.693886,0.000000,1.096183,5
3,Proposed,167,941.700462,2474724.693886,0.000000,1.096183,5
3,Proposed,168,941.700462,2474724.693886,0.000000,1.096183,5
3,Proposed,169,941.700462,2474724.693886,0.000000,1.096183,5
3,Proposed,170,941.700462,2474724.693886,0.000000,1.096183,5
3,Proposed,171,941.700462,2474724.693886,0.000000,1.096183,5
3,Proposed,172,941.700462,2474724.693886,0.000000,1.096183,5
3,Proposed,173,941.700462,2474724.693886,0.000000,1.096183,5
3,Proposed,174,941.700462,2474724.693886,0.000000,1.096183,5
3,Proposed,175,941.700462,2474724.693886,0.000000,1.096183,5
3,Proposed,176,941.700462,2474724.693886,0.000000,1.096183,5
3,Proposed,177,941.700462,2474724.693886,0.000000,1.096183,5
3,Proposed,178,941.700462,2474724.693886,0.000000,1.096183,5
3,Proposed,179,941.700462,2474724.693886,0.000000,1.096183,5
3,Proposed,180,941.700462,2474724.693886,0.000000,1.096183,5
3,Proposed,181,941.700462,2474724.693886,0.000000,1.096183,5
3,Proposed,182,941.700462,2474724.693886,0.000000,1.096183,5
3,Proposed,183,941.700462,2474724.693886,0.000000,1.096183,5
3,Proposed,184,941.700462,2474724.693886,0.000000,1.096183,5
3,Proposed,185,941.700462,2474724.693886,0.000000,1.096183,5
3,Proposed,186,941.700462,2474724.693886,0.000000,1.096183,5
3,Proposed,187,941.700462,2474724.693886,0.000000,1.096183,5
3,Proposed,188,941.700462,2474724.693886,0.000000,1.096183,5
3,Proposed,189,941.700462,2474724.693886,0.000000,1.096183,5
3,Proposed,190,941.700462,2474724.693886,0.000000,1.096183,5
3,Proposed,191,941.700462,2474724.693886,0.000000,1.096183,5
3,Proposed,192,941.700462,2474724.693886,0.000000,1.096183,5
3,Proposed,193,941.700462,2474724.693886,0.000000,1.096183,5
3,Proposed,194,941.700462,2474724.693886,0.000000,1.096183,5
3,Proposed,195,941.700462,2474724.693886,0.000000,1.096183,5
3,Proposed,196,941.700462,2474724.693886,0.000000,1.096183,5
3,Proposed,197,941.700462,2474724.693886,0.000000,1.096183,5
3,Proposed,198,941.700462,2474724.693886,0.000000,1.096183,5
3,Proposed,199,941.700462,2474724.693886,0.000000,1.096183,5
3,Proposed,200,941.700462,2474724.693886,0.000000,1.096183,5
3,Proposed,201,941.700462,2474724.693886,0.000000,1.096183,5
3,Proposed,202,941.700462,2474724.693886,0.000000,1.096183,5
3,Proposed,203,941.700462,2474724.693886,0.000000,1.096183,5
3,Proposed,204,941.700462,2474724.693886,0.000000,1.096183,5
3,Proposed,205,941.700462,2474724.693886,0.000000,1.096183,5
3,Proposed,206,941.700462,2474724.693886,0.000000,1.096183,5
3,Proposed,207,941.700462,2474724.693886,0.000000,1.096183,5
3,Proposed,208,941.700462,2474724.693886,0.000000,1.096183,5
3,Proposed,209,941.700462,2474724.693886,0.000000,1.096183,5
3,Proposed,210,941.700462,2474724.693886,0.000000,1.096183,5
3,Proposed,211,941.700462,2474724.693886,0.000000,1.096183,5
3,Proposed,212,941.478162,2696821.569822,0.000000,1.067259,5
3,Proposed,213,941.478162,2696821.569822,0.000000,1.067259,5
3,Proposed,214,939.415912,2844145.162070,0.000000,1.085434,5
3,Proposed,215,939.415912,2844145.162070,0.000000,1.085434,5
3,Proposed,216,939.327525,2842600.955503,0.000000,1.067684,5
3,Proposed,217,939.327525,2842600.955503,0.000000,1.067684,5
3,Proposed,218,934.527915,2794417.243669,0.000000,1.120625,5
3,Proposed,219,934.527915,2794417.243669,0.000000,1.120625,5
3,Proposed,220,934.764634,2874496.179041,0.000000,1.052148,5
3,Proposed,221,934.764634,2874496.179041,0.000000,1.052148,5
3,Proposed,222,933.487641,2725251.703412,0.000000,1.071143,5
3,Proposed,223,933.487641,2725251.703412,0.000000,1.071143,5
3,Proposed,224,932.667755,2771151.316514,0.000000,1.150809,5
3,Proposed,225,932.279274,2501584.350639,0.000000,1.089169,5
3,Proposed,226,932.279274,2501584.350639,0.000000,1.089169,5
3,Proposed,227,926.438533,2761720.798459,0.000000,1.264116,5
3,Proposed,228,926.438533,2761720.798459,0.000000,1.264116,5
3,Proposed,229,949.090289,1099030.116953,0.000000,0.628168,36
3,Proposed,230,937.323397,1031485.111840,0.000000,0.597149,36
3,Proposed,231,934.861818,1057859.567002,0.000000,0.613927,36
4,Baseline,0,845.878544,670636.091188,0.000000,0.525164,13
4,Baseline,1,845.878544,670636.091188,0.000000,0.525164,13
4,Baseline,2,845.878544,670636.091188,0.000000,0.525164,13
4,Baseline,3,845.651754,637051.833160,0.000000,0.551834,12
4,Baseline,4,845.878544,670636.091188,0.000000,0.525164,13
4,Baseline,5,845.878544,670636.091188,0.000000,0.525164,13
4,Baseline,6,845.651754,637051.833160,0.000000,0.551834,12
4,Baseline,7,845.878544,670636.091188,0.000000,0.525164,13
4,Baseline,8,845.878544,670636.091188,0.000000,0.525164,13
4,Baseline,9,845.651754,637051.833160,0.000000,0.551834,12
4,Baseline,10,845.878544,670636.091188,0.000000,0.525164,13
4,Baseline,11,845.878544,670636.091188,0.000000,0.525164,13
4,Baseline,12,845.878544,670636.091188,0.000000,0.525164,13
4,Baseline,13,845.878544,670636.091188,0.000000,0.525164,13
4,Baseline,14,845.878544,670636.091188,0.000000,0.525164,13
4,Baseline,15,845.651754,637051.833160,0.000000,0.551834,12
4,Baseline,16,845.878544,670636.091188,0.000000,0.525164,13
4,Baseline,17,845.651754,637051.833160,0.000000,0.551834,12
4,Baseline,18,845.651754,637051.833160,0.000000,0.551834,12
4,Baseline,19,845.878544,670636.091188,0.000000,0.525164,13
4,Baseline,20,846.148596,692853.685966,0.000000,0.493406,14
4,Baseline,21,845.878544,670636.091188,0.000000,0.525164,13
4,Baseline,22,845.651754,637051.833160,0.000000,0.551834,12
4,Baseline,23,846.148596,692853.685966,0.000000,0.493406,14
4,Baseline,24,845.878544,670636.091188,0.000000,0.525164,13
4,Baseline,25,845.878544,670636.091188,0.000000,0.525164,13
4,Baseline,26,845.878544,670636.091188,0.000000,0.525164,13
4,Baseline,27,845.878544,670636.091188,0.000000,0.525164,13
4,Baseline,28,845.878544,670636.091188,0.000000,0.525164,13
4,Baseline,29,845.878544,670636.091188,0.000000,0.525164,13
4,Baseline,30,846.148596,692853.685966,0.000000,0.493406,14
4,Baseline,31,845.651754,637051.833160,0.000000,0.551834,12
4,Baseline,32,845.651754,637051.833160,0.000000,0.551834,12
4,Baseline,33,845.651754,637051.833160,0.000000,0.551834,12
4,Baseline,34,845.878544,670636.091188,0.000000,0.525164,13
4,Baseline,35,845.878544,670636.091188,0.000000,0.525164,13
4,Baseline,36,846.148596,692853.685966,0.000000,0.493406,14
4,Baseline,37,845.651754,637051.833160,0.000000,0.551834,12
4,Baseline,38,845.651754,637051.833160,0.000000,0.551834,12
4,Baseline,39,845.651754,637051.833160,0.000000,0.551834,12
4,Baseline,40,845.878544,670636.091188,0.000000,0.525164,13
4,Baseline,41,845.878544,670636.091188,0.000000,0.525164,13
4,Baseline,42,845.651754,637051.833160,0.000000,0.551834,12
4,Baseline,43,845.651754,637051.833160,0.000000,0.551834,12
4,Baseline,44,845.878544,670636.091188,0.000000,0.525164,13
4,Baseline,45,845.878544,670636.091188,0.000000,0.525164,13
4,Baseline,46,845.878544,670636.091188,0.000000,0.525164,13
4,Baseline,47,845.651754,637051.833160,0.000000,0.551834,12
4,Baseline,48,845.878544,670636.091188,0.000000,0.525164,13
4,Baseline,49,845.878544,670636.091188,0.000000,0.525164,13
4,Baseline,50,845.878544,670636.091188,0.000000,0.525164,13
4,Baseline,51,845.878544,670636.091188,0.000000,0.525164,13
4,Baseline,52,845.878544,670636.091188,0.000000,0.525164,13
4,Baseline,53,845.651754,637051.833160,0.000000,0.551834,12
4,Baseline,54,845.651754,637051.833160,0.000000,0.551834,12
4,Baseline,55,845.878544,670636.091188,0.000000,0.525164,13
4,Baseline,56,845.878544,670636.091188,0.000000,0.525164,13
4,Baseline,57,845.878544,670636.091188,0.000000,0.525164,13
4,Baseline,58,845.651754,637051.833160,0.000000,0.551834,12
4,Baseline,59,845.651754,637051.833160,0.000000,0.551834,12
4,Baseline,60,845.878544,670636.091188,0.000000,0.525164,13
4,Baseline,61,845.878544,670636.091188,0.000000,0.525164,13
4,Baseline,62,845.878544,670636.091188,0.000000,0.525164,13
4,Baseline,63,846.148596,692853.685966,0.000000,0.493406,14
4,Baseline,64,845.651754,637051.833160,0.000000,0.551834,12
4,Baseline,65,845.878544,670636.091188,0.000000,0.525164,13
4,Baseline,66,845.878544,670636.091188,0.000000,0.525164,13
4,Baseline,67,845.878544,670636.091188,0.000000,0.525164,13
4,Baseline,68,845.878544,670636.091188,0.000000,0.525164,13
4,Baseline,69,845.878544,670636.091188,0.000000,0.525164,13
4,Baseline,70,845.878544,670636.091188,0.000000,0.525164,13
4,Baseline,71,845.878544,670636.091188,0.000000,0.525164,13
4,Baseline,72,845.878544,670636.091188,0.000000,0.525164,13
4,Baseline,73,845.878544,670636.091188,0.000000,0.525164,13
4,Baseline,74,845.878544,670636.091188,0.000000,0.525164,13
4,Baseline,75,845.651754,637051.833160,0.000000,0.551834,12
4,Baseline,76,845.878544,670636.091188,0.000000,0.525164,13
4,Baseline,77,845.878544,670636.091188,0.000000,0.525164,13
4,Baseline,78,845.651754,637051.833160,0.000000,0.551834,12
4,Baseline,79,845.878544,670636.091188,0.000000,0.525164,13
4,Baseline,80,845.878544,670636.091188,0.000000,0.525164,13
4,Baseline,81,845.878544,670636.091188,0.000000,0.525164,13
4,Baseline,82,845.878544,670636.091188,0.000000,0.525164,13
4,Baseline,83,845.878544,670636.091188,0.000000,0.525164,13
4,Baseline,84,845.878544,670636.091188,0.000000,0.525164,13
4,Baseline,85,845.878544,670636.091188,0.000000,0.525164,13
4,Baseline,86,845.878544,670636.091188,0.000000,0.525164,13
4,Baseline,87,845.651754,637051.833160,0.000000,0.551834,12
4,Baseline,88,845.651754,637051.833160,0.000000,0.551834,12
4,Baseline,89,845.651754,637051.833160,0.000000,0.551834,12
4,Baseline,90,845.651754,637051.833160,0.000000,0.551834,12
4,Baseline,91,845.878544,670636.091188,0.000000,0.525164,13
4,Baseline,92,845.878544,670636.091188,0.000000,0.525164,13
4,Baseline,93,845.878544,670636.091188,0.000000,0.525164,13
4,Baseline,94,845.878544,670636.091188,0.000000,0.525164,13
4,Baseline,95,845.651754,637051.833160,0.000000,0.551834,12
4,Baseline,96,845.651754,637051.833160,0.000000,0.551834,12
4,Baseline,97,845.651754,637051.833160,0.000000,0.551834,12
4,Baseline,98,845.878544,670636.091188,0.000000,0.525164,13
4,Baseline,99,845.878544,670636.091188,0.000000,0.525164,13
4,Baseline,100,845.878544,670636.091188,0.000000,0.525164,13
4,Baseline,101,845.878544,670636.091188,0.000000,0.525164,13
4,Baseline,102,845.878544,670636.091188,0.000000,0.525164,13
4,Baseline,103,845.878544,670636.091188,0.000000,0.525164,13
4,Baseline,104,845.878544,670636.091188,0.000000,0.525164,13
4,Baseline,105,845.878544,670636.091188,0.000000,0.525164,13
4,Baseline,106,845.878544,670636.091188,0.000000,0.525164,13
4,Baseline,107,845.878544,670636.091188,0.000000,0.525164,13
4,Baseline,108,845.651754,637051.833160,0.000000,0.551834,12
4,Baseline,109,845.878544,670636.091188,0.000000,0.525164,13
4,Baseline,110,845.878544,670636.091188,0.000000,0.525164,13
4,Baseline,111,845.651754,637051.833160,0.000000,0.551834,12
4,Baseline,112,845.651754,637051.833160,0.000000,0.551834,12
4,Baseline,113,845.651754,637051.833160,0.000000,0.551834,12
4,Baseline,114,845.878544,670636.091188,0.000000,0.525164,13
4,Baseline,115,845.878544,670636.091188,0.000000,0.525164,13
4,Baseline,116,845.878544,670636.091188,0.000000,0.525164,13
4,Baseline,117,845.878544,670636.091188,0.000000,0.525164,13
4,Baseline,118,845.878544,670636.091188,0.000000,0.525164,13
4,Baseline,119,845.878544,670636.091188,0.000000,0.525164,13
4,Baseline,120,845.878544,670636.091188,0.000000,0.525164,13
4,Baseline,121,845.878544,670636.091188,0.000000,0.525164,13
4,Baseline,122,845.878544,670636.091188,0.000000,0.525164,13
4,Baseline,123,845.878544,670636.091188,0.000000,0.525164,13
4,Baseline,124,845.651754,637051.833160,0.000000,0.551834,12
4,Baseline,125,845.878544,670636.091188,0.000000,0.525164,13
4,Baseline,126,845.878544,670636.091188,0.000000,0.525164,13
4,Baseline,127,845.878544,670636.091188,0.000000,0.525164,13
4,Baseline,128,845.878544,670636.091188,0.000000,0.525164,13
4,Baseline,129,845.878544,670636.091188,0.000000,0.525164,13
4,Baseline,130,845.878544,670636.091188,0.000000,0.525164,13
4,Baseline,131,845.878544,670636.091188,0.000000,0.525164,13
4,Baseline,132,845.878544,670636.091188,0.000000,0.525164,13
4,Baseline,133,845.651754,637051.833160,0.000000,0.551834,12
4,Baseline,134,845.878544,670636.091188,0.000000,0.525164,13
4,Baseline,135,845.651754,637051.833160,0.000000,0.551834,12
4,Baseline,136,845.651754,637051.833160,0.000000,0.551834,12
4,Baseline,137,845.651754,637051.833160,0.000000,0.551834,12
4,Baseline,138,845.651754,637051.833160,0.000000,0.551834,12
4,Baseline,139,845.651754,637051.833160,0.000000,0.551834,12
4,Baseline,140,845.878544,670636.091188,0.000000,0.525164,13
4,Baseline,141,845.651754,637051.833160,0.000000,0.551834,12
4,Baseline,142,845.651754,637051.833160,0.000000,0.551834,12
4,Baseline,143,846.148596,692853.685966,0.000000,0.493406,14
4,Baseline,144,845.878544,670636.091188,0.000000,0.525164,13
4,Baseline,145,845.878544,670636.091188,0.000000,0.525164,13
4,Baseline,146,846.148596,692853.685966,0.000000,0.493406,14
4,Baseline,147,845.651754,637051.833160,0.000000,0.551834,12
4,Baseline,148,845.651754,637051.833160,0.000000,0.551834,12
4,Baseline,149,845.651754,637051.833160,0.000000,0.551834,12
4,Baseline,150,845.651754,637051.833160,0.000000,0.551834,12
4,Baseline,151,846.148596,692853.685966,0.000000,0.493406,14
4,Baseline,152,845.651754,637051.833160,0.000000,0.551834,12
4,Baseline,153,845.878544,670636.091188,0.000000,0.525164,13
4,Baseline,154,845.651754,637051.833160,0.000000,0.551834,12
4,Baseline,155,845.651754,637051.833160,0.000000,0.551834,12
4,Baseline,156,845.651754,637051.833160,0.000000,0.551834,12
4,Baseline,157,845.651754,637051.833160,0.000000,0.551834,12
4,Baseline,158,846.148596,692853.685966,0.000000,0.493406,14
4,Baseline,159,845.878544,670636.091188,0.000000,0.525164,13
4,Baseline,160,845.878544,670636.091188,0.000000,0.525164,13
4,Baseline,161,845.878544,670636.091188,0.000000,0.525164,13
4,Baseline,162,845.651754,637051.833160,0.000000,0.551834,12
4,Baseline,163,845.878544,670636.091188,0.000000,0.525164,13
4,Baseline,164,845.878544,670636.091188,0.000000,0.525164,13
4,Baseline,165,845.878544,670636.091188,0.000000,0.525164,13
4,Baseline,166,845.651754,637051.833160,0.000000,0.551834,12
4,Baseline,167,845.878544,670636.091188,0.000000,0.525164,13
4,Baseline,168,845.878544,670636.091188,0.000000,0.525164,13
4,Baseline,169,845.878544,670636.091188,0.000000,0.525164,13
4,Baseline,170,845.878544,670636.091188,0.000000,0.525164,13
4,Baseline,171,845.878544,670636.091188,0.000000,0.525164,13
4,Baseline,172,845.651754,637051.833160,0.000000,0.551834,12
4,Baseline,173,846.148596,692853.685966,0.000000,0.493406,14
4,Baseline,174,845.651754,637051.833160,0.000000,0.551834,12
4,Baseline,175,845.651754,637051.833160,0.000000,0.551834,12
4,Baseline,176,845.651754,637051.833160,0.000000,0.551834,12
4,Baseline,177,845.878544,670636.091188,0.000000,0.525164,13
4,Baseline,178,845.878544,670636.091188,0.000000,0.525164,13
4,Baseline,179,845.878544,670636.091188,0.000000,0.525164,13
4,Baseline,180,845.878544,670636.091188,0.000000,0.525164,13
4,Baseline,181,845.651754,637051.833160,0.000000,0.551834,12
4,Baseline,182,845.878544,670636.091188,0.000000,0.525164,13
4,Baseline,183,845.878544,670636.091188,0.000000,0.525164,13
4,Baseline,184,845.878544,670636.091188,0.000000,0.525164,13
4,Baseline,185,845.878544,670636.091188,0.000000,0.525164,13
4,Baseline,186,845.878544,670636.091188,0.000000,0.525164,13
4,Baseline,187,845.878544,670636.091188,0.000000,0.525164,13
4,Baseline,188,845.878544,670636.091188,0.000000,0.525164,13
4,Baseline,189,845.878544,670636.091188,0.000000,0.525164,13
4,Baseline,190,845.651754,637051.833160,0.000000,0.551834,12
4,Baseline,191,845.878544,670636.091188,0.000000,0.525164,13
4,Baseline,192,845.878544,670636.091188,0.000000,0.525164,13
4,Baseline,193,845.878544,670636.091188,0.000000,0.525164,13
4,Baseline,194,845.878544,670636.091188,0.000000,0.525164,13
4,Baseline,195,845.651754,637051.833160,0.000000,0.551834,12
4,Baseline,196,845.878544,670636.091188,0.000000,0.525164,13
4,Baseline,197,845.878544,670636.091188,0.000000,0.525164,13
4,Baseline,198,845.651754,637051.833160,0.000000,0.551834,12
4,Baseline,199,845.878544,670636.091188,0.000000,0.525164,13
4,Baseline,200,845.878544,670636.091188,0.000000,0.525164,13
4,Baseline,201,845.878544,670636.091188,0.000000,0.525164,13
4,Baseline,202,845.878544,670636.091188,0.000000,0.525164,13
4,Baseline,203,845.651754,637051.833160,0.000000,0.551834,12
4,Baseline,204,845.651754,637051.833160,0.000000,0.551834,12
4,Baseline,205,845.651754,637051.833160,0.000000,0.551834,12
4,Baseline,206,845.651754,637051.833160,0.000000,0.551834,12
4,Baseline,207,845.651754,637051.833160,0.000000,0.551834,12
4,Baseline,208,845.878544,670636.091188,0.000000,0.525164,13
4,Baseline,209,845.878544,670636.091188,0.000000,0.525164,13
4,Baseline,210,845.878544,670636.091188,0.000000,0.525164,13
4,Baseline,211,845.651754,637051.833160,0.000000,0.551834,12
4,Baseline,212,845.651754,637051.833160,0.000000,0.551834,12
4,Baseline,213,845.878544,670636.091188,0.000000,0.525164,13
4,Baseline,214,845.878544,670636.091188,0.000000,0.525164,13
4,Baseline,215,845.878544,670636.091188,0.000000,0.525164,13
4,Baseline,216,845.878544,670636.091188,0.000000,0.525164,13
4,Baseline,217,845.651754,637051.833160,0.000000,0.551834,12
4,Baseline,218,845.651754,637051.833160,0.000000,0.551834,12
4,Baseline,219,845.878544,670636.091188,0.000000,0.525164,13
4,Baseline,220,845.878544,670636.091188,0.000000,0.525164,13
4,Baseline,221,845.878544,670636.091188,0.000000,0.525164,13
4,Baseline,222,845.878544,670636.091188,0.000000,0.525164,13
4,Baseline,223,845.878544,670636.091188,0.000000,0.525164,13
4,Baseline,224,845.878544,670636.091188,0.000000,0.525164,13
4,Baseline,225,845.878544,670636.091188,0.000000,0.525164,13
4,Baseline,226,845.878544,670636.091188,0.000000,0.525164,13
4,Baseline,227,845.651754,637051.833160,0.000000,0.551834,12
4,Baseline,228,845.651754,637051.833160,0.000000,0.551834,12
4,Baseline,229,845.878544,670636.091188,0.000000,0.525164,13
4,Baseline,230,845.878544,670636.091188,0.000000,0.525164,13
4,Baseline,231,845.878544,670636.091188,0.000000,0.525164,13
4,Baseline,232,846.148596,692853.685966,0.000000,0.493406,14
4,Baseline,233,845.651754,637051.833160,0.000000,0.551834,12
4,Baseline,234,845.651754,637051.833160,0.000000,0.551834,12
4,Baseline,235,845.878544,670636.091188,0.000000,0.525164,13
4,Baseline,236,845.878544,670636.091188,0.000000,0.525164,13
4,Baseline,237,845.878544,670636.091188,0.000000,0.525164,13
4,Baseline,238,845.878544,670636.091188,0.000000,0.525164,13
4,Baseline,239,845.651754,637051.833160,0.000000,0.551834,12
4,Baseline,240,845.878544,670636.091188,0.000000,0.525164,13
4,Baseline,241,845.878544,670636.091188,0.000000,0.525164,13
4,Baseline,242,845.878544,670636.091188,0.000000,0.525164,13
4,Baseline,243,845.651754,637051.833160,0.000000,0.551834,12
4,Baseline,244,845.878544,670636.091188,0.000000,0.525164,13
4,Baseline,245,845.878544,670636.091188,0.000000,0.525164,13
4,Baseline,246,845.878544,670636.091188,0.000000,0.525164,13
4,Baseline,247,845.878544,670636.091188,0.000000,0.525164,13
4,Baseline,248,845.651754,637051.833160,0.000000,0.551834,12
4,Baseline,249,845.651754,637051.833160,0.000000,0.551834,12
4,Baseline,250,845.878544,670636.091188,0.000000,0.525164,13
4,Baseline,251,845.878544,670636.091188,0.000000,0.525164,13
4,Baseline,252,845.651754,637051.833160,0.000000,0.551834,12
4,Baseline,253,845.651754,637051.833160,0.000000,0.551834,12
4,Baseline,254,845.878544,670636.091188,0.000000,0.525164,13
4,Baseline,255,845.878544,670636.091188,0.000000,0.525164,13
4,Baseline,256,845.878544,670636.091188,0.000000,0.525164,13
4,Baseline,257,845.878544,670636.091188,0.000000,0.525164,13
4,Baseline,258,845.651754,637051.833160,0.000000,0.551834,12
4,Baseline,259,845.651754,637051.833160,0.000000,0.551834,12
4,Baseline,260,845.651754,637051.833160,0.000000,0.551834,12
4,Baseline,261,845.878544,670636.091188,0.000000,0.525164,13
4,Baseline,262,845.651754,637051.833160,0.000000,0.551834,12
4,Baseline,263,845.878544,670636.091188,0.000000,0.525164,13
4,Baseline,264,846.148596,692853.685966,0.000000,0.493406,14
4,Baseline,265,845.651754,637051.833160,0.000000,0.551834,12
4,Baseline,266,845.651754,637051.833160,0.000000,0.551834,12
4,Baseline,267,845.651754,637051.833160,0.000000,0.551834,12
4,Baseline,268,845.651754,637051.833160,0.000000,0.551834,12
4,Baseline,269,845.651754,637051.833160,0.000000,0.551834,12
4,Baseline,270,845.878544,670636.091188,0.000000,0.525164,13
4,Baseline,271,845.651754,637051.833160,0.000000,0.551834,12
4,Baseline,272,845.651754,637051.833160,0.000000,0.551834,12
4,Baseline,273,845.651754,637051.833160,0.000000,0.551834,12
4,Baseline,274,845.651754,637051.833160,0.000000,0.551834,12
4,Baseline,275,845.651754,637051.833160,0.000000,0.551834,12
4,Baseline,276,845.651754,637051.833160,0.000000,0.551834,12
4,Baseline,277,845.878544,670636.091188,0.000000,0.525164,13
4,Baseline,278,845.878544,670636.091188,0.000000,0.525164,13
4,Baseline,279,845.878544,670636.091188,0.000000,0.525164,13
4,Baseline,280,845.651754,637051.833160,0.000000,0.551834,12
4,Baseline,281,845.878544,670636.091188,0.000000,0.525164,13
4,Baseline,282,845.878544,670636.091188,0.000000,0.525164,13
4,Baseline,283,845.878544,670636.091188,0.000000,0.525164,13
4,Baseline,284,845.878544,670636.091188,0.000000,0.525164,13
4,Baseline,285,845.878544,670636.091188,0.000000,0.525164,13
4,Baseline,286,845.878544,670636.091188,0.000000,0.525164,13
4,Baseline,287,845.651754,637051.833160,0.000000,0.551834,12
4,Baseline,288,845.878544,670636.091188,0.000000,0.525164,13
4,Baseline,289,845.878544,670636.091188,0.000000,0.525164,13
4,Baseline,290,845.651754,637051.833160,0.000000,0.551834,12
4,Baseline,291,845.878544,670636.091188,0.000000,0.525164,13
4,Baseline,292,845.878544,670636.091188,0.000000,0.525164,13
4,Baseline,293,845.878544,670636.091188,0.000000,0.525164,13
4,Baseline,294,845.651754,637051.833160,0.000000,0.551834,12
4,Baseline,295,845.580339,762954.244675,0.000000,0.560233,10
4,Baseline,296,815.810969,640616.331096,0.000000,0.545889,13
4,Baseline,297,815.582091,616182.086828,0.000000,0.573791,12
4,Baseline,298,815.582091,616182.086828,0.000000,0.573791,12
4,Baseline,299,815.992409,765872.330324,0.000000,0.523770,11
4,Proposed,0,938.065726,1128315.394860,0.000000,0.652327,36
4,Proposed,1,946.367259,1064188.673914,0.000000,0.610115,36
4,Proposed,2,937.112334,1019362.276952,0.000000,0.590305,36
5,Baseline,0,845.061480,1120697.497793,0.000000,0.696440,6
5,Baseline,1,845.061480,1120697.497793,0.000000,0.696440,6
5,Baseline,2,836.474191,1068101.497618,0.000000,0.699688,6
5,Baseline,3,836.474191,1068101.497618,0.000000,0.699688,6
5,Baseline,4,837.511190,734003.589882,0.000000,0.522076,10
5,Baseline,5,837.511190,734003.589882,0.000000,0.522076,10
5,Baseline,6,826.309940,697497.141130,0.000000,0.510894,10
5,Baseline,7,826.309940,697497.141130,0.000000,0.510894,10
5,Baseline,8,823.505979,728795.229663,0.000000,0.521649,10
5,Baseline,9,823.505979,728795.229663,0.000000,0.521649,10
5,Baseline,10,823.505979,728795.229663,0.000000,0.521649,10
5,Baseline,11,823.835759,744781.234008,0.000000,0.481812,11
5,Baseline,12,810.967417,705285.208013,0.000000,0.471126,11
5,Baseline,13,810.967417,705285.208013,0.000000,0.471126,11
5,Baseline,14,807.403430,721825.413474,0.000000,0.486587,11
5,Baseline,15,807.025403,583456.768068,0.000000,0.533179,12
5,Baseline,16,807.025403,583456.768068,0.000000,0.533179,12
5,Baseline,17,807.403430,721825.413474,0.000000,0.486587,11
5,Baseline,18,807.403430,721825.413474,0.000000,0.486587,11
5,Baseline,19,807.403430,721825.413474,0.000000,0.486587,11
5,Baseline,20,807.403430,721825.413474,0.000000,0.486587,11
5,Baseline,21,807.025403,583456.768068,0.000000,0.533179,12
5,Baseline,22,807.025403,583456.768068,0.000000,0.533179,12
5,Baseline,23,807.403430,721825.413474,0.000000,0.486587,11
5,Baseline,24,807.403430,721825.413474,0.000000,0.486587,11
5,Baseline,25,807.403430,721825.413474,0.000000,0.486587,11
5,Baseline,26,807.025403,583456.768068,0.000000,0.533179,12
5,Baseline,27,807.403430,721825.413474,0.000000,0.486587,11
5,Baseline,28,807.403430,721825.413474,0.000000,0.486587,11
5,Baseline,29,807.403430,721825.413474,0.000000,0.486587,11
5,Baseline,30,807.403430,721825.413474,0.000000,0.486587,11
5,Baseline,31,807.025403,583456.768068,0.000000,0.533179,12
5,Baseline,32,807.403430,721825.413474,0.000000,0.486587,11
5,Baseline,33,807.403430,721825.413474,0.000000,0.486587,11
5,Baseline,34,807.025403,583456.768068,0.000000,0.533179,12
5,Baseline,35,807.025403,583456.768068,0.000000,0.533179,12
5,Baseline,36,807.025403,583456.768068,0.000000,0.533179,12
5,Baseline,37,807.403430,721825.413474,0.000000,0.486587,11
5,Baseline,38,807.403430,721825.413474,0.000000,0.486587,11
5,Baseline,39,807.403430,721825.413474,0.000000,0.486587,11
5,Baseline,40,807.403430,721825.413474,0.000000,0.486587,11
5,Baseline,41,807.403430,721825.413474,0.000000,0.486587,11
5,Baseline,42,807.403430,721825.413474,0.000000,0.486587,11
5,Baseline,43,807.403430,721825.413474,0.000000,0.486587,11
5,Baseline,44,807.403430,721825.413474,0.000000,0.486587,11
5,Baseline,45,807.403430,721825.413474,0.000000,0.486587,11
5,Baseline,46,807.403430,721825.413474,0.000000,0.486587,11
5,Baseline,47,807.403430,721825.413474,0.000000,0.486587,11
5,Baseline,48,807.403430,721825.413474,0.000000,0.486587,11
5,Baseline,49,807.403430,721825.413474,0.000000,0.486587,11
5,Baseline,50,807.403430,721825.413474,0.000000,0.486587,11
5,Baseline,51,807.403430,721825.413474,0.000000,0.486587,11
5,Baseline,52,807.403430,721825.413474,0.000000,0.486587,11
5,Baseline,53,807.403430,721825.413474,0.000000,0.486587,11
5,Baseline,54,807.403430,721825.413474,0.000000,0.486587,11
5,Baseline,55,807.124013,695923.052651,0.000000,0.521025,10
5,Baseline,56,807.403430,721825.413474,0.000000,0.486587,11
5,Baseline,57,807.403430,721825.413474,0.000000,0.486587,11
5,Baseline,58,807.403430,721825.413474,0.000000,0.486587,11
5,Baseline,59,807.403430,721825.413474,0.000000,0.486587,11
5,Baseline,60,807.403430,721825.413474,0.000000,0.486587,11
5,Baseline,61,807.025403,583456.768068,0.000000,0.533179,12
5,Baseline,62,807.025403,583456.768068,0.000000,0.533179,12
5,Baseline,63,807.403430,721825.413474,0.000000,0.486587,11
5,Baseline,64,807.403430,721825.413474,0.000000,0.486587,11
5,Baseline,65,807.403430,721825.413474,0.000000,0.486587,11
5,Baseline,66,807.403430,721825.413474,0.000000,0.486587,11
5,Baseline,67,807.403430,721825.413474,0.000000,0.486587,11
5,Baseline,68,807.403430,721825.413474,0.000000,0.486587,11
5,Baseline,69,807.403430,721825.413474,0.000000,0.486587,11
5,Baseline,70,807.025403,583456.768068,0.000000,0.533179,12
5,Baseline,71,807.403430,721825.413474,0.000000,0.486587,11
5,Baseline,72,807.403430,721825.413474,0.000000,0.486587,11
5,Baseline,73,807.403430,721825.413474,0.000000,0.486587,11
5,Baseline,74,807.124013,695923.052651,0.000000,0.521025,10
5,Baseline,75,807.403430,721825.413474,0.000000,0.486587,11
5,Baseline,76,807.403430,721825.413474,0.000000,0.486587,11
5,Baseline,77,807.403430,721825.413474,0.000000,0.486587,11
5,Baseline,78,807.403430,721825.413474,0.000000,0.486587,11
5,Baseline,79,807.403430,721825.413474,0.000000,0.486587,11
5,Baseline,80,807.403430,721825.413474,0.000000,0.486587,11
5,Baseline,81,807.403430,721825.413474,0.000000,0.486587,11
5,Baseline,82,807.403430,721825.413474,0.000000,0.486587,11
5,Baseline,83,807.403430,721825.413474,0.000000,0.486587,11
5,Baseline,84,807.403430,721825.413474,0.000000,0.486587,11
5,Baseline,85,807.403430,721825.413474,0.000000,0.486587,11
5,Baseline,86,807.124013,695923.052651,0.000000,0.521025,10
5,Baseline,87,807.124013,695923.052651,0.000000,0.521025,10
5,Baseline,88,807.124013,695923.052651,0.000000,0.521025,10
5,Baseline,89,807.403430,721825.413474,0.000000,0.486587,11
5,Baseline,90,807.124013,695923.052651,0.000000,0.521025,10
5,Baseline,91,807.124013,695923.052651,0.000000,0.521025,10
5,Baseline,92,807.025403,583456.768068,0.000000,0.533179,12
5,Baseline,93,807.403430,721825.413474,0.000000,0.486587,11
5,Baseline,94,807.025403,583456.768068,0.000000,0.533179,12
5,Baseline,95,807.403430,721825.413474,0.000000,0.486587,11
5,Baseline,96,807.403430,721825.413474,0.000000,0.486587,11
5,Baseline,97,807.025403,583456.768068,0.000000,0.533179,12
5,Baseline,98,807.025403,583456.768068,0.000000,0.533179,12
5,Baseline,99,807.403430,721825.413474,0.000000,0.486587,11
5,Baseline,100,807.403430,721825.413474,0.000000,0.486587,11
5,Baseline,101,807.403430,721825.413474,0.000000,0.486587,11
5,Baseline,102,807.124013,695923.052651,0.000000,0.521025,10
5,Baseline,103,807.403430,721825.413474,0.000000,0.486587,11
5,Baseline,104,807.403430,721825.413474,0.000000,0.486587,11
5,Baseline,105,807.403430,721825.413474,0.000000,0.486587,11
5,Baseline,106,807.403430,721825.413474,0.000000,0.486587,11
5,Baseline,107,807.403430,721825.413474,0.000000,0.486587,11
5,Baseline,108,807.403430,721825.413474,0.000000,0.486587,11
5,Baseline,109,807.403430,721825.413474,0.000000,0.486587,11
5,Baseline,110,807.403430,721825.413474,0.000000,0.486587,11
5,Baseline,111,807.025403,583456.768068,0.000000,0.533179,12
5,Baseline,112,807.025403,583456.768068,0.000000,0.533179,12
5,Baseline,113,807.403430,721825.413474,0.000000,0.486587,11
5,Baseline,114,807.403430,721825.413474,0.000000,0.486587,11
5,Baseline,115,807.403430,721825.413474,0.000000,0.486587,11
5,Baseline,116,807.403430,721825.413474,0.000000,0.486587,11
5,Baseline,117,807.403430,721825.413474,0.000000,0.486587,11
5,Baseline,118,807.403430,721825.413474,0.000000,0.486587,11
5,Baseline,119,807.025403,583456.768068,0.000000,0.533179,12
5,Baseline,120,807.403430,721825.413474,0.000000,0.486587,11
5,Baseline,121,807.403430,721825.413474,0.000000,0.486587,11
5,Baseline,122,807.403430,721825.413474,0.000000,0.486587,11
5,Baseline,123,807.403430,721825.413474,0.000000,0.486587,11
5,Baseline,124,807.403430,721825.413474,0.000000,0.486587,11
5,Baseline,125,807.403430,721825.413474,0.000000,0.486587,11
5,Baseline,126,807.025403,583456.768068,0.000000,0.533179,12
5,Baseline,127,807.025403,583456.768068,0.000000,0.533179,12
5,Baseline,128,807.025403,583456.768068,0.000000,0.533179,12
5,Baseline,129,807.403430,721825.413474,0.000000,0.486587,11
5,Baseline,130,807.025403,583456.768068,0.000000,0.533179,12
5,Baseline,131,807.403430,721825.413474,0.000000,0.486587,11
5,Baseline,132,807.403430,721825.413474,0.000000,0.486587,11
5,Baseline,133,807.403430,721825.413474,0.000000,0.486587,11
5,Baseline,134,807.403430,721825.413474,0.000000,0.486587,11
5,Baseline,135,807.403430,721825.413474,0.000000,0.486587,11
5,Baseline,136,807.403430,721825.413474,0.000000,0.486587,11
5,Baseline,137,807.403430,721825.413474,0.000000,0.486587,11
5,Baseline,138,807.025403,583456.768068,0.000000,0.533179,12
5,Baseline,139,807.403430,721825.413474,0.000000,0.486587,11
5,Baseline,140,807.403430,721825.413474,0.000000,0.486587,11
5,Baseline,141,807.403430,721825.413474,0.000000,0.486587,11
5,Baseline,142,807.403430,721825.413474,0.000000,0.486587,11
5,Baseline,143,807.403430,721825.413474,0.000000,0.486587,11
5,Baseline,144,807.403430,721825.413474,0.000000,0.486587,11
5,Baseline,145,807.403430,721825.413474,0.000000,0.486587,11
5,Baseline,146,807.403430,721825.413474,0.000000,0.486587,11
5,Baseline,147,807.403430,721825.413474,0.000000,0.486587,11
5,Baseline,148,807.403430,721825.413474,0.000000,0.486587,11
5,Baseline,149,807.403430,721825.413474,0.000000,0.486587,11
5,Baseline,150,807.403430,721825.413474,0.000000,0.486587,11
5,Baseline,151,807.403430,721825.413474,0.000000,0.486587,11
5,Baseline,152,807.403430,721825.413474,0.000000,0.486587,11
5,Baseline,153,807.403430,721825.413474,0.000000,0.486587,11
5,Baseline,154,807.025403,583456.768068,0.000000,0.533179,12
5,Baseline,155,807.025403,583456.768068,0.000000,0.533179,12
5,Baseline,156,807.403430,721825.413474,0.000000,0.486587,11
5,Baseline,157,807.403430,721825.413474,0.000000,0.486587,11
5,Baseline,158,807.403430,721825.413474,0.000000,0.486587,11
5,Baseline,159,807.403430,721825.413474,0.000000,0.486587,11
5,Baseline,160,807.025403,583456.768068,0.000000,0.533179,12
5,Baseline,161,807.025403,583456.768068,0.000000,0.533179,12
5,Baseline,162,807.403430,721825.413474,0.000000,0.486587,11
5,Baseline,163,807.403430,721825.413474,0.000000,0.486587,11
5,Baseline,164,807.403430,721825.413474,0.000000,0.486587,11
5,Baseline,165,807.403430,721825.413474,0.000000,0.486587,11
5,Baseline,166,807.403430,721825.413474,0.000000,0.486587,11
5,Baseline,167,807.403430,721825.413474,0.000000,0.486587,11
5,Baseline,168,807.403430,721825.413474,0.000000,0.486587,11
5,Baseline,169,807.025403,583456.768068,0.000000,0.533179,12
5,Baseline,170,807.025403,583456.768068,0.000000,0.533179,12
5,Baseline,171,807.025403,583456.768068,0.000000,0.533179,12
5,Baseline,172,807.403430,721825.413474,0.000000,0.486587,11
5,Baseline,173,807.025403,583456.768068,0.000000,0.533179,12
5,Baseline,174,807.025403,583456.768068,0.000000,0.533179,12
5,Baseline,175,807.124013,695923.052651,0.000000,0.521025,10
5,Baseline,176,807.124013,695923.052651,0.000000,0.521025,10
5,Baseline,177,807.124013,695923.052651,0.000000,0.521025,10
5,Baseline,178,807.403430,721825.413474,0.000000,0.486587,11
5,Baseline,179,807.403430,721825.413474,0.000000,0.486587,11
5,Baseline,180,807.403430,721825.413474,0.000000,0.486587,11
5,Baseline,181,807.403430,721825.413474,0.000000,0.486587,11
5,Baseline,182,807.403430,721825.413474,0.000000,0.486587,11
5,Baseline,183,807.403430,721825.413474,0.000000,0.486587,11
5,Baseline,184,807.403430,721825.413474,0.000000,0.486587,11
5,Baseline,185,807.403430,721825.413474,0.000000,0.486587,11
5,Baseline,186,807.403430,721825.413474,0.000000,0.486587,11
5,Baseline,187,807.403430,721825.413474,0.000000,0.486587,11
5,Baseline,188,807.403430,721825.413474,0.000000,0.486587,11
5,Baseline,189,807.403430,721825.413474,0.000000,0.486587,11
5,Baseline,190,807.403430,721825.413474,0.000000,0.486587,11
5,Baseline,191,807.025403,583456.768068,0.000000,0.533179,12
5,Baseline,192,807.025403,583456.768068,0.000000,0.533179,12
5,Baseline,193,807.403430,721825.413474,0.000000,0.486587,11
5,Baseline,194,807.403430,721825.413474,0.000000,0.486587,11
5,Baseline,195,807.403430,721825.413474,0.000000,0.486587,11
5,Baseline,196,807.403430,721825.413474,0.000000,0.486587,11
5,Baseline,197,807.403430,721825.413474,0.000000,0.486587,11
5,Baseline,198,807.403430,721825.413474,0.000000,0.486587,11
5,Baseline,199,807.403430,721825.413474,0.000000,0.486587,11
5,Baseline,200,807.403430,721825.413474,0.000000,0.486587,11
5,Baseline,201,807.403430,721825.413474,0.000000,0.486587,11
5,Baseline,202,807.025403,583456.768068,0.000000,0.533179,12
5,Baseline,203,807.403430,721825.413474,0.000000,0.486587,11
5,Baseline,204,807.403430,721825.413474,0.000000,0.486587,11
5,Baseline,205,807.403430,721825.413474,0.000000,0.486587,11
5,Baseline,206,807.025403,583456.768068,0.000000,0.533179,12
5,Baseline,207,807.403430,721825.413474,0.000000,0.486587,11
5,Baseline,208,807.403430,721825.413474,0.000000,0.486587,11
5,Baseline,209,807.403430,721825.413474,0.000000,0.486587,11
5,Baseline,210,807.403430,721825.413474,0.000000,0.486587,11
5,Baseline,211,807.403430,721825.413474,0.000000,0.486587,11
5,Baseline,212,807.403430,721825.413474,0.000000,0.486587,11
5,Baseline,213,807.403430,721825.413474,0.000000,0.486587,11
5,Baseline,214,807.403430,721825.413474,0.000000,0.486587,11
5,Baseline,215,807.403430,721825.413474,0.000000,0.486587,11
5,Baseline,216,807.025403,583456.768068,0.000000,0.533179,12
5,Baseline,217,807.025403,583456.768068,0.000000,0.533179,12
5,Baseline,218,807.403430,721825.413474,0.000000,0.486587,11
5,Baseline,219,807.403430,721825.413474,0.000000,0.486587,11
5,Baseline,220,807.403430,721825.413474,0.000000,0.486587,11
5,Baseline,221,807.403430,721825.413474,0.000000,0.486587,11
5,Baseline,222,807.403430,721825.413474,0.000000,0.486587,11
5,Baseline,223,807.403430,721825.413474,0.000000,0.486587,11
5,Baseline,224,807.403430,721825.413474,0.000000,0.486587,11
5,Baseline,225,807.403430,721825.413474,0.000000,0.486587,11
5,Baseline,226,807.403430,721825.413474,0.000000,0.486587,11
5,Baseline,227,807.403430,721825.413474,0.000000,0.486587,11
5,Baseline,228,807.403430,721825.413474,0.000000,0.486587,11
5,Baseline,229,807.025403,583456.768068,0.000000,0.533179,12
5,Baseline,230,807.124013,695923.052651,0.000000,0.521025,10
5,Baseline,231,807.124013,695923.052651,0.000000,0.521025,10
5,Baseline,232,807.025403,583456.768068,0.000000,0.533179,12
5,Baseline,233,807.403430,721825.413474,0.000000,0.486587,11
5,Baseline,234,807.403430,721825.413474,0.000000,0.486587,11
5,Baseline,235,807.403430,721825.413474,0.000000,0.486587,11
5,Baseline,236,807.403430,721825.413474,0.000000,0.486587,11
5,Baseline,237,807.403430,721825.413474,0.000000,0.486587,11
5,Baseline,238,807.403430,721825.413474,0.000000,0.486587,11
5,Baseline,239,807.403430,721825.413474,0.000000,0.486587,11
5,Baseline,240,807.403430,721825.413474,0.000000,0.486587,11
5,Baseline,241,807.124013,695923.052651,0.000000,0.521025,10
5,Baseline,242,807.025403,583456.768068,0.000000,0.533179,12
5,Baseline,243,807.025403,583456.768068,0.000000,0.533179,12
5,Baseline,244,807.403430,721825.413474,0.000000,0.486587,11
5,Baseline,245,807.403430,721825.413474,0.000000,0.486587,11
5,Baseline,246,807.403430,721825.413474,0.000000,0.486587,11
5,Baseline,247,807.403430,721825.413474,0.000000,0.486587,11
5,Baseline,248,807.403430,721825.413474,0.000000,0.486587,11
5,Baseline,249,807.025403,583456.768068,0.000000,0.533179,12
5,Baseline,250,807.025403,583456.768068,0.000000,0.533179,12
5,Baseline,251,807.403430,721825.413474,0.000000,0.486587,11
5,Baseline,252,807.403430,721825.413474,0.000000,0.486587,11
5,Baseline,253,807.403430,721825.413474,0.000000,0.486587,11
5,Baseline,254,807.403430,721825.413474,0.000000,0.486587,11
5,Baseline,255,807.403430,721825.413474,0.000000,0.486587,11
5,Baseline,256,807.403430,721825.413474,0.000000,0.486587,11
5,Baseline,257,807.403430,721825.413474,0.000000,0.486587,11
5,Baseline,258,807.403430,721825.413474,0.000000,0.486587,11
5,Baseline,259,807.403430,721825.413474,0.000000,0.486587,11
5,Baseline,260,807.403430,721825.413474,0.000000,0.486587,11
5,Baseline,261,807.403430,721825.413474,0.000000,0.486587,11
5,Baseline,262,807.403430,721825.413474,0.000000,0.486587,11
5,Baseline,263,807.403430,721825.413474,0.000000,0.486587,11
5,Baseline,264,807.403430,721825.413474,0.000000,0.486587,11
5,Baseline,265,807.403430,721825.413474,0.000000,0.486587,11
5,Baseline,266,807.403430,721825.413474,0.000000,0.486587,11
5,Baseline,267,807.403430,721825.413474,0.000000,0.486587,11
5,Baseline,268,807.403430,721825.413474,0.000000,0.486587,11
5,Baseline,269,807.403430,721825.413474,0.000000,0.486587,11
5,Baseline,270,807.403430,721825.413474,0.000000,0.486587,11
5,Baseline,271,807.403430,721825.413474,0.000000,0.486587,11
5,Baseline,272,807.403430,721825.413474,0.000000,0.486587,11
5,Baseline,273,807.403430,721825.413474,0.000000,0.486587,11
5,Baseline,274,807.025403,583456.768068,0.000000,0.533179,12
5,Baseline,275,807.025403,583456.768068,0.000000,0.533179,12
5,Baseline,276,807.025403,583456.768068,0.000000,0.533179,12
5,Baseline,277,807.403430,721825.413474,0.000000,0.486587,11
5,Baseline,278,807.403430,721825.413474,0.000000,0.486587,11
5,Baseline,279,807.403430,721825.413474,0.000000,0.486587,11
5,Baseline,280,807.403430,721825.413474,0.000000,0.486587,11
5,Baseline,281,807.025403,583456.768068,0.000000,0.533179,12
5,Baseline,282,807.403430,721825.413474,0.000000,0.486587,11
5,Baseline,283,807.403430,721825.413474,0.000000,0.486587,11
5,Baseline,284,807.403430,721825.413474,0.000000,0.486587,11
5,Baseline,285,807.403430,721825.413474,0.000000,0.486587,11
5,Baseline,286,807.403430,721825.413474,0.000000,0.486587,11
5,Baseline,287,807.403430,721825.413474,0.000000,0.486587,11
5,Baseline,288,807.403430,721825.413474,0.000000,0.486587,11
5,Baseline,289,807.403430,721825.413474,0.000000,0.486587,11
5,Baseline,290,807.403430,721825.413474,0.000000,0.486587,11
5,Baseline,291,807.403430,721825.413474,0.000000,0.486587,11
5,Baseline,292,807.124013,695923.052651,0.000000,0.521025,10
5,Baseline,293,807.403430,721825.413474,0.000000,0.486587,11
5,Baseline,294,807.403430,721825.413474,0.000000,0.486587,11
5,Baseline,295,807.403430,721825.413474,0.000000,0.486587,11
5,Baseline,296,807.403430,721825.413474,0.000000,0.486587,11
5,Baseline,297,807.403430,721825.413474,0.000000,0.486587,11
5,Baseline,298,807.025403,583456.768068,0.000000,0.533179,12
5,Baseline,299,807.025403,583456.768068,0.000000,0.533179,12
5,Proposed,0,941.252638,1061988.190853,0.000000,0.612149,36
5,Proposed,1,938.944219,1066611.944065,0.000000,0.616300,36
5,Proposed,2,935.186088,1067718.029417,0.000000,0.619399,36
5,Proposed,3,937.334942,990989.811529,0.000000,0.573833,36
6,Baseline,0,854.405669,1984349.132773,0.000000,0.772745,5
6,Baseline,1,852.720272,1700834.386535,0.000000,0.759585,5
6,Baseline,2,848.876958,1079214.858023,0.000000,0.546318,7
6,Baseline,3,848.876958,1079214.858023,0.000000,0.546318,7
6,Baseline,4,848.707729,1041773.083549,0.000000,0.523549,7
6,Baseline,5,848.707729,1041773.083549,0.000000,0.523549,7
6,Baseline,6,847.661292,1012963.491875,0.000000,0.525920,7
6,Baseline,7,847.661292,1012963.491875,0.000000,0.525920,7
6,Baseline,8,840.835707,856028.018724,0.000000,0.577235,8
6,Baseline,9,840.835707,856028.018724,0.000000,0.577235,8
6,Baseline,10,806.373632,844091.078817,0.000000,0.452111,7
6,Baseline,11,806.373632,844091.078817,0.000000,0.452111,7
6,Baseline,12,797.198760,801799.903498,0.000000,0.437849,7
6,Baseline,13,797.198760,801799.903498,0.000000,0.437849,7
6,Baseline,14,797.198760,801799.903498,0.000000,0.437849,7
6,Baseline,15,797.198760,801799.903498,0.000000,0.437849,7
6,Baseline,16,797.198760,801799.903498,0.000000,0.437849,7
6,Baseline,17,797.198760,801799.903498,0.000000,0.437849,7
6,Baseline,18,797.198760,801799.903498,0.000000,0.437849,7
6,Baseline,19,797.198760,801799.903498,0.000000,0.437849,7
6,Baseline,20,797.198760,801799.903498,0.000000,0.437849,7
6,Baseline,21,797.198760,801799.903498,0.000000,0.437849,7
6,Baseline,22,797.198760,801799.903498,0.000000,0.437849,7
6,Baseline,23,797.198760,801799.903498,0.000000,0.437849,7
6,Baseline,24,797.198760,801799.903498,0.000000,0.437849,7
6,Baseline,25,797.198760,801799.903498,0.000000,0.437849,7
6,Baseline,26,797.198760,801799.903498,0.000000,0.437849,7
6,Baseline,27,797.198760,801799.903498,0.000000,0.437849,7
6,Baseline,28,797.198760,801799.903498,0.000000,0.437849,7
6,Baseline,29,797.198760,801799.903498,0.000000,0.437849,7
6,Baseline,30,797.198760,801799.903498,0.000000,0.437849,7
6,Baseline,31,797.198760,801799.903498,0.000000,0.437849,7
6,Baseline,32,797.198760,801799.903498,0.000000,0.437849,7
6,Baseline,33,797.198760,801799.903498,0.000000,0.437849,7
6,Baseline,34,797.198760,801799.903498,0.000000,0.437849,7
6,Baseline,35,797.198760,801799.903498,0.000000,0.437849,7
6,Baseline,36,797.198760,801799.903498,0.000000,0.437849,7
6,Baseline,37,797.198760,801799.903498,0.000000,0.437849,7
6,Baseline,38,797.198760,801799.903498,0.000000,0.437849,7
6,Baseline,39,797.198760,801799.903498,0.000000,0.437849,7
6,Baseline,40,797.198760,801799.903498,0.000000,0.437849,7
6,Baseline,41,797.198760,801799.903498,0.000000,0.437849,7
6,Baseline,42,797.198760,801799.903498,0.000000,0.437849,7
6,Baseline,43,797.198760,801799.903498,0.000000,0.437849,7
6,Baseline,44,797.198760,801799.903498,0.000000,0.437849,7
6,Baseline,45,797.198760,801799.903498,0.000000,0.437849,7
6,Baseline,46,797.198760,801799.903498,0.000000,0.437849,7
6,Baseline,47,797.198760,801799.903498,0.000000,0.437849,7
6,Baseline,48,797.198760,801799.903498,0.000000,0.437849,7
6,Baseline,49,797.198760,801799.903498,0.000000,0.437849,7
6,Baseline,50,797.198760,801799.903498,0.000000,0.437849,7
6,Baseline,51,797.198760,801799.903498,0.000000,0.437849,7
6,Baseline,52,797.198760,801799.903498,0.000000,0.437849,7
6,Baseline,53,797.198760,801799.903498,0.000000,0.437849,7
6,Baseline,54,797.198760,801799.903498,0.000000,0.437849,7
6,Baseline,55,797.198760,801799.903498,0.000000,0.437849,7
6,Baseline,56,797.198760,801799.903498,0.000000,0.437849,7
6,Baseline,57,797.198760,801799.903498,0.000000,0.437849,7
6,Baseline,58,797.198760,801799.903498,0.000000,0.437849,7
6,Baseline,59,797.198760,801799.903498,0.000000,0.437849,7
6,Baseline,60,797.198760,801799.903498,0.000000,0.437849,7
6,Baseline,61,797.198760,801799.903498,0.000000,0.437849,7
6,Baseline,62,797.198760,801799.903498,0.000000,0.437849,7
6,Baseline,63,795.164830,1028868.917465,0.000000,0.691866,6
6,Baseline,64,796.710610,751056.013838,0.000000,0.498814,8
6,Baseline,65,797.198760,801799.903498,0.000000,0.437849,7
6,Baseline,66,797.198760,801799.903498,0.000000,0.437849,7
6,Baseline,67,797.198760,801799.903498,0.000000,0.437849,7
6,Baseline,68,797.198760,801799.903498,0.000000,0.437849,7
6,Baseline,69,797.198760,801799.903498,0.000000,0.437849,7
6,Baseline,70,797.198760,801799.903498,0.000000,0.437849,7
6,Baseline,71,797.198760,801799.903498,0.000000,0.437849,7
6,Baseline,72,797.198760,801799.903498,0.000000,0.437849,7
6,Baseline,73,797.198760,801799.903498,0.000000,0.437849,7
6,Baseline,74,797.198760,801799.903498,0.000000,0.437849,7
6,Baseline,75,797.198760,801799.903498,0.000000,0.437849,7
6,Baseline,76,797.198760,801799.903498,0.000000,0.437849,7
6,Baseline,77,797.198760,801799.903498,0.000000,0.437849,7
6,Baseline,78,797.198760,801799.903498,0.000000,0.437849,7
6,Baseline,79,797.198760,801799.903498,0.000000,0.437849,7
6,Baseline,80,797.198760,801799.903498,0.000000,0.437849,7
6,Baseline,81,797.198760,801799.903498,0.000000,0.437849,7
6,Baseline,82,797.198760,801799.903498,0.000000,0.437849,7
6,Baseline,83,797.198760,801799.903498,0.000000,0.437849,7
6,Baseline,84,797.198760,801799.903498,0.000000,0.437849,7
6,Baseline,85,797.198760,801799.903498,0.000000,0.437849,7
6,Baseline,86,797.198760,801799.903498,0.000000,0.437849,7
6,Baseline,87,797.198760,801799.903498,0.000000,0.437849,7
6,Baseline,88,797.198760,801799.903498,0.000000,0.437849,7
6,Baseline,89,797.198760,801799.903498,0.000000,0.437849,7
6,Baseline,90,797.198760,801799.903498,0.000000,0.437849,7
6,Baseline,91,797.198760,801799.903498,0.000000,0.437849,7
6,Baseline,92,797.198760,801799.903498,0.000000,0.437849,7
6,Baseline,93,797.198760,801799.903498,0.000000,0.437849,7
6,Baseline,94,797.198760,801799.903498,0.000000,0.437849,7
6,Baseline,95,797.198760,801799.903498,0.000000,0.437849,7
6,Baseline,96,797.198760,801799.903498,0.000000,0.437849,7
6,Baseline,97,797.198760,801799.903498,0.000000,0.437849,7
6,Baseline,98,797.198760,801799.903498,0.000000,0.437849,7
6,Baseline,99,797.198760,801799.903498,0.000000,0.437849,7
6,Baseline,100,797.198760,801799.903498,0.000000,0.437849,7
6,Baseline,101,797.198760,801799.903498,0.000000,0.437849,7
6,Baseline,102,797.198760,801799.903498,0.000000,0.437849,7
6,Baseline,103,797.198760,801799.903498,0.000000,0.437849,7
6,Baseline,104,797.198760,801799.903498,0.000000,0.437849,7
6,Baseline,105,795.164830,1028868.917465,0.000000,0.691866,6
6,Baseline,106,797.198760,801799.903498,0.000000,0.437849,7
6,Baseline,107,797.198760,801799.903498,0.000000,0.437849,7
6,Baseline,108,797.198760,801799.903498,0.000000,0.437849,7
6,Baseline,109,797.198760,801799.903498,0.000000,0.437849,7
6,Baseline,110,797.198760,801799.903498,0.000000,0.437849,7
6,Baseline,111,797.198760,801799.903498,0.000000,0.437849,7
6,Baseline,112,797.198760,801799.903498,0.000000,0.437849,7
6,Baseline,113,797.198760,801799.903498,0.000000,0.437849,7
6,Baseline,114,797.198760,801799.903498,0.000000,0.437849,7
6,Baseline,115,797.198760,801799.903498,0.000000,0.437849,7
6,Baseline,116,797.198760,801799.903498,0.000000,0.437849,7
6,Baseline,117,797.198760,801799.903498,0.000000,0.437849,7
6,Baseline,118,797.198760,801799.903498,0.000000,0.437849,7
6,Baseline,119,797.198760,801799.903498,0.000000,0.437849,7
6,Baseline,120,797.198760,801799.903498,0.000000,0.437849,7
6,Baseline,121,797.198760,801799.903498,0.000000,0.437849,7
6,Baseline,122,797.198760,801799.903498,0.000000,0.437849,7
6,Baseline,123,797.198760,801799.903498,0.000000,0.437849,7
6,Baseline,124,797.198760,801799.903498,0.000000,0.437849,7
6,Baseline,125,797.198760,801799.903498,0.000000,0.437849,7
6,Baseline,126,797.198760,801799.903498,0.000000,0.437849,7
6,Baseline,127,797.198760,801799.903498,0.000000,0.437849,7
6,Baseline,128,797.198760,801799.903498,0.000000,0.437849,7
6,Baseline,129,797.198760,801799.903498,0.000000,0.437849,7
6,Baseline,130,797.198760,801799.903498,0.000000,0.437849,7
6,Baseline,131,797.198760,801799.903498,0.000000,0.437849,7
6,Baseline,132,797.198760,801799.903498,0.000000,0.437849,7
6,Baseline,133,797.198760,801799.903498,0.000000,0.437849,7
6,Baseline,134,797.198760,801799.903498,0.000000,0.437849,7
6,Baseline,135,797.198760,801799.903498,0.000000,0.437849,7
6,Baseline,136,797.198760,801799.903498,0.000000,0.437849,7
6,Baseline,137,797.198760,801799.903498,0.000000,0.437849,7
6,Baseline,138,797.198760,801799.903498,0.000000,0.437849,7
6,Baseline,139,797.198760,801799.903498,0.000000,0.437849,7
6,Baseline,140,797.198760,801799.903498,0.000000,0.437849,7
6,Baseline,141,795.164830,1028868.917465,0.000000,0.691866,6
6,Baseline,142,797.198760,801799.903498,0.000000,0.437849,7
6,Baseline,143,797.198760,801799.903498,0.000000,0.437849,7
6,Baseline,144,797.198760,801799.903498,0.000000,0.437849,7
6,Baseline,145,797.198760,801799.903498,0.000000,0.437849,7
6,Baseline,146,797.198760,801799.903498,0.000000,0.437849,7
6,Baseline,147,797.198760,801799.903498,0.000000,0.437849,7
6,Baseline,148,797.198760,801799.903498,0.000000,0.437849,7
6,Baseline,149,797.198760,801799.903498,0.000000,0.437849,7
6,Baseline,150,797.198760,801799.903498,0.000000,0.437849,7
6,Baseline,151,797.198760,801799.903498,0.000000,0.437849,7
6,Baseline,152,797.198760,801799.903498,0.000000,0.437849,7
6,Baseline,153,797.198760,801799.903498,0.000000,0.437849,7
6,Baseline,154,797.198760,801799.903498,0.000000,0.437849,7
6,Baseline,155,797.198760,801799.903498,0.000000,0.437849,7
6,Baseline,156,797.198760,801799.903498,0.000000,0.437849,7
6,Baseline,157,797.198760,801799.903498,0.000000,0.437849,7
6,Baseline,158,797.198760,801799.903498,0.000000,0.437849,7
6,Baseline,159,797.198760,801799.903498,0.000000,0.437849,7
6,Baseline,160,797.198760,801799.903498,0.000000,0.437849,7
6,Baseline,161,797.198760,801799.903498,0.000000,0.437849,7
6,Baseline,162,797.198760,801799.903498,0.000000,0.437849,7
6,Baseline,163,797.198760,801799.903498,0.000000,0.437849,7
6,Baseline,164,797.198760,801799.903498,0.000000,0.437849,7
6,Baseline,165,797.198760,801799.903498,0.000000,0.437849,7
6,Baseline,166,797.198760,801799.903498,0.000000,0.437849,7
6,Baseline,167,797.198760,801799.903498,0.000000,0.437849,7
6,Baseline,168,797.198760,801799.903498,0.000000,0.437849,7
6,Baseline,169,797.198760,801799.903498,0.000000,0.437849,7
6,Baseline,170,797.198760,801799.903498,0.000000,0.437849,7
6,Baseline,171,797.198760,801799.903498,0.000000,0.437849,7
6,Baseline,172,797.198760,801799.903498,0.000000,0.437849,7
6,Baseline,173,797.198760,801799.903498,0.000000,0.437849,7
6,Baseline,174,797.198760,801799.903498,0.000000,0.437849,7
6,Baseline,175,797.198760,801799.903498,0.000000,0.437849,7
6,Baseline,176,797.198760,801799.903498,0.000000,0.437849,7
6,Baseline,177,797.198760,801799.903498,0.000000,0.437849,7
6,Baseline,178,797.198760,801799.903498,0.000000,0.437849,7
6,Baseline,179,797.198760,801799.903498,0.000000,0.437849,7
6,Baseline,180,797.198760,801799.903498,0.000000,0.437849,7
6,Baseline,181,797.198760,801799.903498,0.000000,0.437849,7
6,Baseline,182,797.198760,801799.903498,0.000000,0.437849,7
6,Baseline,183,797.198760,801799.903498,0.000000,0.437849,7
6,Baseline,184,797.198760,801799.903498,0.000000,0.437849,7
6,Baseline,185,797.198760,801799.903498,0.000000,0.437849,7
6,Baseline,186,797.198760,801799.903498,0.000000,0.437849,7
6,Baseline,187,797.198760,801799.903498,0.000000,0.437849,7
6,Baseline,188,797.198760,801799.903498,0.000000,0.437849,7
6,Baseline,189,797.198760,801799.903498,0.000000,0.437849,7
6,Baseline,190,797.198760,801799.903498,0.000000,0.437849,7
6,Baseline,191,797.198760,801799.903498,0.000000,0.437849,7
6,Baseline,192,797.198760,801799.903498,0.000000,0.437849,7
6,Baseline,193,797.198760,801799.903498,0.000000,0.437849,7
6,Baseline,194,797.198760,801799.903498,0.000000,0.437849,7
6,Baseline,195,797.198760,801799.903498,0.000000,0.437849,7
6,Baseline,196,797.198760,801799.903498,0.000000,0.437849,7
6,Baseline,197,797.198760,801799.903498,0.000000,0.437849,7
6,Baseline,198,797.198760,801799.903498,0.000000,0.437849,7
6,Baseline,199,797.198760,801799.903498,0.000000,0.437849,7
6,Baseline,200,797.198760,801799.903498,0.000000,0.437849,7
6,Baseline,201,797.198760,801799.903498,0.000000,0.437849,7
6,Baseline,202,797.198760,801799.903498,0.000000,0.437849,7
6,Baseline,203,797.198760,801799.903498,0.000000,0.437849,7
6,Baseline,204,797.198760,801799.903498,0.000000,0.437849,7
6,Baseline,205,797.198760,801799.903498,0.000000,0.437849,7
6,Baseline,206,797.198760,801799.903498,0.000000,0.437849,7
6,Baseline,207,797.198760,801799.903498,0.000000,0.437849,7
6,Baseline,208,797.198760,801799.903498,0.000000,0.437849,7
6,Baseline,209,797.198760,801799.903498,0.000000,0.437849,7
6,Baseline,210,797.198760,801799.903498,0.000000,0.437849,7
6,Baseline,211,797.198760,801799.903498,0.000000,0.437849,7
6,Baseline,212,797.198760,801799.903498,0.000000,0.437849,7
6,Baseline,213,797.198760,801799.903498,0.000000,0.437849,7
6,Baseline,214,797.198760,801799.903498,0.000000,0.437849,7
6,Baseline,215,797.198760,801799.903498,0.000000,0.437849,7
6,Baseline,216,797.198760,801799.903498,0.000000,0.437849,7
6,Baseline,217,797.198760,801799.903498,0.000000,0.437849,7
6,Baseline,218,795.164830,1028868.917465,0.000000,0.691866,6
6,Baseline,219,797.198760,801799.903498,0.000000,0.437849,7
6,Baseline,220,797.198760,801799.903498,0.000000,0.437849,7
6,Baseline,221,797.198760,801799.903498,0.000000,0.437849,7
6,Baseline,222,797.198760,801799.903498,0.000000,0.437849,7
6,Baseline,223,797.198760,801799.903498,0.000000,0.437849,7
6,Baseline,224,797.198760,801799.903498,0.000000,0.437849,7
6,Baseline,225,797.198760,801799.903498,0.000000,0.437849,7
6,Baseline,226,797.198760,801799.903498,0.000000,0.437849,7
6,Baseline,227,797.198760,801799.903498,0.000000,0.437849,7
6,Baseline,228,797.198760,801799.903498,0.000000,0.437849,7
6,Baseline,229,797.198760,801799.903498,0.000000,0.437849,7
6,Baseline,230,797.198760,801799.903498,0.000000,0.437849,7
6,Baseline,231,797.198760,801799.903498,0.000000,0.437849,7
6,Baseline,232,797.198760,801799.903498,0.000000,0.437849,7
6,Baseline,233,797.198760,801799.903498,0.000000,0.437849,7
6,Baseline,234,797.198760,801799.903498,0.000000,0.437849,7
6,Baseline,235,797.198760,801799.903498,0.000000,0.437849,7
6,Baseline,236,797.198760,801799.903498,0.000000,0.437849,7
6,Baseline,237,797.198760,801799.903498,0.000000,0.437849,7
6,Baseline,238,797.198760,801799.903498,0.000000,0.437849,7
6,Baseline,239,797.198760,801799.903498,0.000000,0.437849,7
6,Baseline,240,797.198760,801799.903498,0.000000,0.437849,7
6,Baseline,241,797.198760,801799.903498,0.000000,0.437849,7
6,Baseline,242,797.198760,801799.903498,0.000000,0.437849,7
6,Baseline,243,797.198760,801799.903498,0.000000,0.437849,7
6,Baseline,244,797.198760,801799.903498,0.000000,0.437849,7
6,Baseline,245,797.198760,801799.903498,0.000000,0.437849,7
6,Baseline,246,797.198760,801799.903498,0.000000,0.437849,7
6,Baseline,247,797.198760,801799.903498,0.000000,0.437849,7
6,Baseline,248,797.198760,801799.903498,0.000000,0.437849,7
6,Baseline,249,797.198760,801799.903498,0.000000,0.437849,7
6,Baseline,250,797.198760,801799.903498,0.000000,0.437849,7
6,Baseline,251,797.198760,801799.903498,0.000000,0.437849,7
6,Baseline,252,797.198760,801799.903498,0.000000,0.437849,7
6,Baseline,253,797.198760,801799.903498,0.000000,0.437849,7
6,Baseline,254,797.198760,801799.903498,0.000000,0.437849,7
6,Baseline,255,797.198760,801799.903498,0.000000,0.437849,7
6,Baseline,256,797.198760,801799.903498,0.000000,0.437849,7
6,Baseline,257,797.198760,801799.903498,0.000000,0.437849,7
6,Baseline,258,797.198760,801799.903498,0.000000,0.437849,7
6,Baseline,259,797.198760,801799.903498,0.000000,0.437849,7
6,Baseline,260,797.198760,801799.903498,0.000000,0.437849,7
6,Baseline,261,797.198760,801799.903498,0.000000,0.437849,7
6,Baseline,262,797.198760,801799.903498,0.000000,0.437849,7
6,Baseline,263,797.198760,801799.903498,0.000000,0.437849,7
6,Baseline,264,797.198760,801799.903498,0.000000,0.437849,7
6,Baseline,265,797.198760,801799.903498,0.000000,0.437849,7
6,Baseline,266,797.198760,801799.903498,0.000000,0.437849,7
6,Baseline,267,797.198760,801799.903498,0.000000,0.437849,7
6,Baseline,268,797.198760,801799.903498,0.000000,0.437849,7
6,Baseline,269,797.198760,801799.903498,0.000000,0.437849,7
6,Baseline,270,797.198760,801799.903498,0.000000,0.437849,7
6,Baseline,271,797.198760,801799.903498,0.000000,0.437849,7
6,Baseline,272,797.198760,801799.903498,0.000000,0.437849,7
6,Baseline,273,796.710610,751056.013838,0.000000,0.498814,8
6,Baseline,274,795.164830,1028868.917465,0.000000,0.691866,6
6,Baseline,275,797.198760,801799.903498,0.000000,0.437849,7
6,Baseline,276,797.198760,801799.903498,0.000000,0.437849,7
6,Baseline,277,797.198760,801799.903498,0.000000,0.437849,7
6,Baseline,278,797.198760,801799.903498,0.000000,0.437849,7
6,Baseline,279,797.198760,801799.903498,0.000000,0.437849,7
6,Baseline,280,797.198760,801799.903498,0.000000,0.437849,7
6,Baseline,281,797.198760,801799.903498,0.000000,0.437849,7
6,Baseline,282,797.198760,801799.903498,0.000000,0.437849,7
6,Baseline,283,797.198760,801799.903498,0.000000,0.437849,7
6,Baseline,284,797.198760,801799.903498,0.000000,0.437849,7
6,Baseline,285,797.198760,801799.903498,0.000000,0.437849,7
6,Baseline,286,797.198760,801799.903498,0.000000,0.437849,7
6,Baseline,287,797.198760,801799.903498,0.000000,0.437849,7
6,Baseline,288,797.198760,801799.903498,0.000000,0.437849,7
6,Baseline,289,797.198760,801799.903498,0.000000,0.437849,7
6,Baseline,290,797.198760,801799.903498,0.000000,0.437849,7
6,Baseline,291,797.198760,801799.903498,0.000000,0.437849,7
6,Baseline,292,797.198760,801799.903498,0.000000,0.437849,7
6,Baseline,293,797.198760,801799.903498,0.000000,0.437849,7
6,Baseline,294,797.198760,801799.903498,0.000000,0.437849,7
6,Baseline,295,797.198760,801799.903498,0.000000,0.437849,7
6,Baseline,296,797.198760,801799.903498,0.000000,0.437849,7
6,Baseline,297,797.198760,801799.903498,0.000000,0.437849,7
6,Proposed,0,944.592012,1054110.836411,0.000000,0.605501,36
6,Proposed,1,945.865170,1062396.291722,0.000000,0.609415,36
6,Proposed,2,939.826151,1030064.879916,0.000000,0.594753,36
6,Proposed,3,924.361821,1061920.892168,0.000000,0.623226,36
7,Baseline,0,867.363052,2002468.501908,0.000000,0.923267,5
7,Baseline,1,867.363052,2002468.501908,0.000000,0.923267,5
7,Baseline,2,867.363052,2002468.501908,0.000000,0.923267,5
7,Baseline,3,867.363052,2002468.501908,0.000000,0.923267,5
7,Baseline,4,867.363052,2002468.501908,0.000000,0.923267,5
7,Baseline,5,867.363052,2002468.501908,0.000000,0.923267,5
7,Baseline,6,867.363052,2002468.501908,0.000000,0.923267,5
7,Baseline,7,867.363052,2002468.501908,0.000000,0.923267,5
7,Baseline,8,867.363052,2002468.501908,0.000000,0.923267,5
7,Baseline,9,867.363052,2002468.501908,0.000000,0.923267,5
7,Baseline,10,867.363052,2002468.501908,0.000000,0.923267,5
7,Baseline,11,867.363052,2002468.501908,0.000000,0.923267,5
7,Baseline,12,867.363052,2002468.501908,0.000000,0.923267,5
7,Baseline,13,867.363052,2002468.501908,0.000000,0.923267,5
7,Baseline,14,867.363052,2002468.501908,0.000000,0.923267,5
7,Baseline,15,867.363052,2002468.501908,0.000000,0.923267,5
7,Baseline,16,868.488373,1341019.360504,0.000000,0.794725,6
7,Baseline,17,867.363052,2002468.501908,0.000000,0.923267,5
7,Baseline,18,867.363052,2002468.501908,0.000000,0.923267,5
7,Baseline,19,867.363052,2002468.501908,0.000000,0.923267,5
7,Baseline,20,867.363052,2002468.501908,0.000000,0.923267,5
7,Baseline,21,867.363052,2002468.501908,0.000000,0.923267,5
7,Baseline,22,867.363052,2002468.501908,0.000000,0.923267,5
7,Baseline,23,867.363052,2002468.501908,0.000000,0.923267,5
7,Baseline,24,867.363052,2002468.501908,0.000000,0.923267,5
7,Baseline,25,867.363052,2002468.501908,0.000000,0.923267,5
7,Baseline,26,867.363052,2002468.501908,0.000000,0.923267,5
7,Baseline,27,867.363052,2002468.501908,0.000000,0.923267,5
7,Baseline,28,867.363052,2002468.501908,0.000000,0.923267,5
7,Baseline,29,867.363052,2002468.501908,0.000000,0.923267,5
7,Baseline,30,867.363052,2002468.501908,0.000000,0.923267,5
7,Baseline,31,867.363052,2002468.501908,0.000000,0.923267,5
7,Baseline,32,868.488373,1341019.360504,0.000000,0.794725,6
7,Baseline,33,867.363052,2002468.501908,0.000000,0.923267,5
7,Baseline,34,867.363052,2002468.501908,0.000000,0.923267,5
7,Baseline,35,867.363052,2002468.501908,0.000000,0.923267,5
7,Baseline,36,867.363052,2002468.501908,0.000000,0.923267,5
7,Baseline,37,867.363052,2002468.501908,0.000000,0.923267,5
7,Baseline,38,867.363052,2002468.501908,0.000000,0.923267,5
7,Baseline,39,867.363052,2002468.501908,0.000000,0.923267,5
7,Baseline,40,867.363052,2002468.501908,0.000000,0.923267,5
7,Baseline,41,867.363052,2002468.501908,0.000000,0.923267,5
7,Baseline,42,867.363052,2002468.501908,0.000000,0.923267,5
7,Baseline,43,867.363052,2002468.501908,0.000000,0.923267,5
7,Baseline,44,867.363052,2002468.501908,0.000000,0.923267,5
7,Baseline,45,867.363052,2002468.501908,0.000000,0.923267,5
7,Baseline,46,867.363052,2002468.501908,0.000000,0.923267,5
7,Baseline,47,867.363052,2002468.501908,0.000000,0.923267,5
7,Baseline,48,868.488373,1341019.360504,0.000000,0.794725,6
7,Baseline,49,867.363052,2002468.501908,0.000000,0.923267,5
7,Baseline,50,867.363052,2002468.501908,0.000000,0.923267,5
7,Baseline,51,868.488373,1341019.360504,0.000000,0.794725,6
7,Baseline,52,867.363052,2002468.501908,0.000000,0.923267,5
7,Baseline,53,867.363052,2002468.501908,0.000000,0.923267,5
7,Baseline,54,867.363052,2002468.501908,0.000000,0.923267,5
7,Baseline,55,867.363052,2002468.501908,0.000000,0.923267,5
7,Baseline,56,867.363052,2002468.501908,0.000000,0.923267,5
7,Baseline,57,867.363052,2002468.501908,0.000000,0.923267,5
7,Baseline,58,867.363052,2002468.501908,0.000000,0.923267,5
7,Baseline,59,867.363052,2002468.501908,0.000000,0.923267,5
7,Baseline,60,867.363052,2002468.501908,0.000000,0.923267,5
7,Baseline,61,867.363052,2002468.501908,0.000000,0.923267,5
7,Baseline,62,867.363052,2002468.501908,0.000000,0.923267,5
7,Baseline,63,867.363052,2002468.501908,0.000000,0.923267,5
7,Baseline,64,867.363052,2002468.501908,0.000000,0.923267,5
7,Baseline,65,867.363052,2002468.501908,0.000000,0.923267,5
7,Baseline,66,867.363052,2002468.501908,0.000000,0.923267,5
7,Baseline,67,867.363052,2002468.501908,0.000000,0.923267,5
7,Baseline,68,867.363052,2002468.501908,0.000000,0.923267,5
7,Baseline,69,867.363052,2002468.501908,0.000000,0.923267,5
7,Baseline,70,867.363052,2002468.501908,0.000000,0.923267,5
7,Baseline,71,867.363052,2002468.501908,0.000000,0.923267,5
7,Baseline,72,867.363052,2002468.501908,0.000000,0.923267,5
7,Baseline,73,867.363052,2002468.501908,0.000000,0.923267,5
7,Baseline,74,867.363052,2002468.501908,0.000000,0.923267,5
7,Baseline,75,867.363052,2002468.501908,0.000000,0.923267,5
7,Baseline,76,867.363052,2002468.501908,0.000000,0.923267,5
7,Baseline,77,867.363052,2002468.501908,0.000000,0.923267,5
7,Baseline,78,868.488373,1341019.360504,0.000000,0.794725,6
7,Baseline,79,867.363052,2002468.501908,0.000000,0.923267,5
7,Baseline,80,867.363052,2002468.501908,0.000000,0.923267,5
7,Baseline,81,867.363052,2002468.501908,0.000000,0.923267,5
7,Baseline,82,867.363052,2002468.501908,0.000000,0.923267,5
7,Baseline,83,867.363052,2002468.501908,0.000000,0.923267,5
7,Baseline,84,867.363052,2002468.501908,0.000000,0.923267,5
7,Baseline,85,867.363052,2002468.501908,0.000000,0.923267,5
7,Baseline,86,867.363052,2002468.501908,0.000000,0.923267,5
7,Baseline,87,867.363052,2002468.501908,0.000000,0.923267,5
7,Baseline,88,867.363052,2002468.501908,0.000000,0.923267,5
7,Baseline,89,868.488373,1341019.360504,0.000000,0.794725,6
7,Baseline,90,867.363052,2002468.501908,0.000000,0.923267,5
7,Baseline,91,867.363052,2002468.501908,0.000000,0.923267,5
7,Baseline,92,868.488373,1341019.360504,0.000000,0.794725,6
7,Baseline,93,867.363052,2002468.501908,0.000000,0.923267,5
7,Baseline,94,867.363052,2002468.501908,0.000000,0.923267,5
7,Baseline,95,867.363052,2002468.501908,0.000000,0.923267,5
7,Baseline,96,868.488373,1341019.360504,0.000000,0.794725,6
7,Baseline,97,868.488373,1341019.360504,0.000000,0.794725,6
7,Baseline,98,868.488373,1341019.360504,0.000000,0.794725,6
7,Baseline,99,868.488373,1341019.360504,0.000000,0.794725,6
7,Baseline,100,867.363052,2002468.501908,0.000000,0.923267,5
7,Baseline,101,867.363052,2002468.501908,0.000000,0.923267,5
7,Baseline,102,867.363052,2002468.501908,0.000000,0.923267,5
7,Baseline,103,867.363052,2002468.501908,0.000000,0.923267,5
7,Baseline,104,867.363052,2002468.501908,0.000000,0.923267,5
7,Baseline,105,867.363052,2002468.501908,0.000000,0.923267,5
7,Baseline,106,867.363052,2002468.501908,0.000000,0.923267,5
7,Baseline,107,867.363052,2002468.501908,0.000000,0.923267,5
7,Baseline,108,868.488373,1341019.360504,0.000000,0.794725,6
7,Baseline,109,867.363052,2002468.501908,0.000000,0.923267,5
7,Baseline,110,868.488373,1341019.360504,0.000000,0.794725,6
7,Baseline,111,867.363052,2002468.501908,0.000000,0.923267,5
7,Baseline,112,867.363052,2002468.501908,0.000000,0.923267,5
7,Baseline,113,867.363052,2002468.501908,0.000000,0.923267,5
7,Baseline,114,867.363052,2002468.501908,0.000000,0.923267,5
7,Baseline,115,867.363052,2002468.501908,0.000000,0.923267,5
7,Baseline,116,867.363052,2002468.501908,0.000000,0.923267,5
7,Baseline,117,867.363052,2002468.501908,0.000000,0.923267,5
7,Baseline,118,867.363052,2002468.501908,0.000000,0.923267,5
7,Baseline,119,868.488373,1341019.360504,0.000000,0.794725,6
7,Baseline,120,868.488373,1341019.360504,0.000000,0.794725,6
7,Baseline,121,868.488373,1341019.360504,0.000000,0.794725,6
7,Baseline,122,867.363052,2002468.501908,0.000000,0.923267,5
7,Baseline,123,867.363052,2002468.501908,0.000000,0.923267,5
7,Baseline,124,868.488373,1341019.360504,0.000000,0.794725,6
7,Baseline,125,867.363052,2002468.501908,0.000000,0.923267,5
7,Baseline,126,867.363052,2002468.501908,0.000000,0.923267,5
7,Baseline,127,867.363052,2002468.501908,0.000000,0.923267,5
7,Baseline,128,867.363052,2002468.501908,0.000000,0.923267,5
7,Baseline,129,867.363052,2002468.501908,0.000000,0.923267,5
7,Baseline,130,868.488373,1341019.360504,0.000000,0.794725,6
7,Baseline,131,867.363052,2002468.501908,0.000000,0.923267,5
7,Baseline,132,867.363052,2002468.501908,0.000000,0.923267,5
7,Baseline,133,867.363052,2002468.501908,0.000000,0.923267,5
7,Baseline,134,867.363052,2002468.501908,0.000000,0.923267,5
7,Baseline,135,867.363052,2002468.501908,0.000000,0.923267,5
7,Baseline,136,867.363052,2002468.501908,0.000000,0.923267,5
7,Baseline,137,867.363052,2002468.501908,0.000000,0.923267,5
7,Baseline,138,867.363052,2002468.501908,0.000000,0.923267,5
7,Baseline,139,867.363052,2002468.501908,0.000000,0.923267,5
7,Baseline,140,867.363052,2002468.501908,0.000000,0.923267,5
7,Baseline,141,867.363052,2002468.501908,0.000000,0.923267,5
7,Baseline,142,867.363052,2002468.501908,0.000000,0.923267,5
7,Baseline,143,867.363052,2002468.501908,0.000000,0.923267,5
7,Baseline,144,867.363052,2002468.501908,0.000000,0.923267,5
7,Baseline,145,867.363052,2002468.501908,0.000000,0.923267,5
7,Baseline,146,867.363052,2002468.501908,0.000000,0.923267,5
7,Baseline,147,867.363052,2002468.501908,0.000000,0.923267,5
7,Baseline,148,867.363052,2002468.501908,0.000000,0.923267,5
7,Baseline,149,867.363052,2002468.501908,0.000000,0.923267,5
7,Baseline,150,867.363052,2002468.501908,0.000000,0.923267,5
7,Baseline,151,867.363052,2002468.501908,0.000000,0.923267,5
7,Baseline,152,867.363052,2002468.501908,0.000000,0.923267,5
7,Baseline,153,867.363052,2002468.501908,0.000000,0.923267,5
7,Baseline,154,867.363052,2002468.501908,0.000000,0.923267,5
7,Baseline,155,867.363052,2002468.501908,0.000000,0.923267,5
7,Baseline,156,867.363052,2002468.501908,0.000000,0.923267,5
7,Baseline,157,867.363052,2002468.501908,0.000000,0.923267,5
7,Baseline,158,867.363052,2002468.501908,0.000000,0.923267,5
7,Baseline,159,867.363052,2002468.501908,0.000000,0.923267,5
7,Baseline,160,867.363052,2002468.501908,0.000000,0.923267,5
7,Baseline,161,867.363052,2002468.501908,0.000000,0.923267,5
7,Baseline,162,867.363052,2002468.501908,0.000000,0.923267,5
7,Baseline,163,867.363052,2002468.501908,0.000000,0.923267,5
7,Baseline,164,867.363052,2002468.501908,0.000000,0.923267,5
7,Baseline,165,867.363052,2002468.501908,0.000000,0.923267,5
7,Baseline,166,868.488373,1341019.360504,0.000000,0.794725,6
7,Baseline,167,868.488373,1341019.360504,0.000000,0.794725,6
7,Baseline,168,867.363052,2002468.501908,0.000000,0.923267,5
7,Baseline,169,868.488373,1341019.360504,0.000000,0.794725,6
7,Baseline,170,867.363052,2002468.501908,0.000000,0.923267,5
7,Baseline,171,868.488373,1341019.360504,0.000000,0.794725,6
7,Baseline,172,867.363052,2002468.501908,0.000000,0.923267,5
7,Baseline,173,867.363052,2002468.501908,0.000000,0.923267,5
7,Baseline,174,867.363052,2002468.501908,0.000000,0.923267,5
7,Baseline,175,867.363052,2002468.501908,0.000000,0.923267,5
7,Baseline,176,868.488373,1341019.360504,0.000000,0.794725,6
7,Baseline,177,867.363052,2002468.501908,0.000000,0.923267,5
7,Baseline,178,867.363052,2002468.501908,0.000000,0.923267,5
7,Baseline,179,867.363052,2002468.501908,0.000000,0.923267,5
7,Baseline,180,867.363052,2002468.501908,0.000000,0.923267,5
7,Baseline,181,868.488373,1341019.360504,0.000000,0.794725,6
7,Baseline,182,868.488373,1341019.360504,0.000000,0.794725,6
7,Baseline,183,867.363052,2002468.501908,0.000000,0.923267,5
7,Baseline,184,867.363052,2002468.501908,0.000000,0.923267,5
7,Baseline,185,867.363052,2002468.501908,0.000000,0.923267,5
7,Baseline,186,867.363052,2002468.501908,0.000000,0.923267,5
7,Baseline,187,867.363052,2002468.501908,0.000000,0.923267,5
7,Baseline,188,867.363052,2002468.501908,0.000000,0.923267,5
7,Baseline,189,867.363052,2002468.501908,0.000000,0.923267,5
7,Baseline,190,867.363052,2002468.501908,0.000000,0.923267,5
7,Baseline,191,867.363052,2002468.501908,0.000000,0.923267,5
7,Baseline,192,867.363052,2002468.501908,0.000000,0.923267,5
7,Baseline,193,867.363052,2002468.501908,0.000000,0.923267,5
7,Baseline,194,867.363052,2002468.501908,0.000000,0.923267,5
7,Baseline,195,867.363052,2002468.501908,0.000000,0.923267,5
7,Baseline,196,867.363052,2002468.501908,0.000000,0.923267,5
7,Baseline,197,867.363052,2002468.501908,0.000000,0.923267,5
7,Baseline,198,867.363052,2002468.501908,0.000000,0.923267,5
7,Baseline,199,867.363052,2002468.501908,0.000000,0.923267,5
7,Baseline,200,867.363052,2002468.501908,0.000000,0.923267,5
7,Baseline,201,867.363052,2002468.501908,0.000000,0.923267,5
7,Baseline,202,867.363052,2002468.501908,0.000000,0.923267,5
7,Baseline,203,867.363052,2002468.501908,0.000000,0.923267,5
7,Baseline,204,867.363052,2002468.501908,0.000000,0.923267,5
7,Baseline,205,867.363052,2002468.501908,0.000000,0.923267,5
7,Baseline,206,867.363052,2002468.501908,0.000000,0.923267,5
7,Baseline,207,867.363052,2002468.501908,0.000000,0.923267,5
7,Baseline,208,868.488373,1341019.360504,0.000000,0.794725,6
7,Baseline,209,867.363052,2002468.501908,0.000000,0.923267,5
7,Baseline,210,867.363052,2002468.501908,0.000000,0.923267,5
7,Baseline,211,867.363052,2002468.501908,0.000000,0.923267,5
7,Baseline,212,867.363052,2002468.501908,0.000000,0.923267,5
7,Baseline,213,867.363052,2002468.501908,0.000000,0.923267,5
7,Baseline,214,868.488373,1341019.360504,0.000000,0.794725,6
7,Baseline,215,868.488373,1341019.360504,0.000000,0.794725,6
7,Baseline,216,867.363052,2002468.501908,0.000000,0.923267,5
7,Baseline,217,867.363052,2002468.501908,0.000000,0.923267,5
7,Baseline,218,867.363052,2002468.501908,0.000000,0.923267,5
7,Baseline,219,867.363052,2002468.501908,0.000000,0.923267,5
7,Baseline,220,867.363052,2002468.501908,0.000000,0.923267,5
7,Baseline,221,867.363052,2002468.501908,0.000000,0.923267,5
7,Baseline,222,867.363052,2002468.501908,0.000000,0.923267,5
7,Baseline,223,867.363052,2002468.501908,0.000000,0.923267,5
7,Baseline,224,867.363052,2002468.501908,0.000000,0.923267,5
7,Baseline,225,868.488373,1341019.360504,0.000000,0.794725,6
7,Baseline,226,868.488373,1341019.360504,0.000000,0.794725,6
7,Baseline,227,868.488373,1341019.360504,0.000000,0.794725,6
7,Baseline,228,868.488373,1341019.360504,0.000000,0.794725,6
7,Baseline,229,867.363052,2002468.501908,0.000000,0.923267,5
7,Baseline,230,867.363052,2002468.501908,0.000000,0.923267,5
7,Baseline,231,867.363052,2002468.501908,0.000000,0.923267,5
7,Baseline,232,867.363052,2002468.501908,0.000000,0.923267,5
7,Baseline,233,867.363052,2002468.501908,0.000000,0.923267,5
7,Baseline,234,867.363052,2002468.501908,0.000000,0.923267,5
7,Baseline,235,867.363052,2002468.501908,0.000000,0.923267,5
7,Baseline,236,867.363052,2002468.501908,0.000000,0.923267,5
7,Baseline,237,867.363052,2002468.501908,0.000000,0.923267,5
7,Baseline,238,867.363052,2002468.501908,0.000000,0.923267,5
7,Baseline,239,867.363052,2002468.501908,0.000000,0.923267,5
7,Baseline,240,867.363052,2002468.501908,0.000000,0.923267,5
7,Baseline,241,867.363052,2002468.501908,0.000000,0.923267,5
7,Baseline,242,867.363052,2002468.501908,0.000000,0.923267,5
7,Baseline,243,867.363052,2002468.501908,0.000000,0.923267,5
7,Baseline,244,867.363052,2002468.501908,0.000000,0.923267,5
7,Baseline,245,867.363052,2002468.501908,0.000000,0.923267,5
7,Baseline,246,867.363052,2002468.501908,0.000000,0.923267,5
7,Baseline,247,866.521364,1578925.275988,0.000000,0.729656,5
7,Baseline,248,866.521364,1578925.275988,0.000000,0.729656,5
7,Baseline,249,861.101807,1583636.615109,0.000000,0.752335,5
7,Baseline,250,861.101807,1583636.615109,0.000000,0.752335,5
7,Baseline,251,858.630893,1524284.734548,0.000000,0.687508,5
7,Baseline,252,858.630893,1524284.734548,0.000000,0.687508,5
7,Baseline,253,856.938992,1596000.564811,0.000000,0.718643,5
7,Baseline,254,856.938992,1596000.564811,0.000000,0.718643,5
7,Baseline,255,854.032122,1718656.253179,0.000000,0.780268,5
7,Baseline,256,854.032122,1718656.253179,0.000000,0.780268,5
7,Baseline,257,842.976323,1212902.019037,0.000000,0.747655,6
7,Baseline,258,842.976323,1212902.019037,0.000000,0.747655,6
7,Baseline,259,843.646229,1546503.007532,0.000000,0.733322,5
7,Baseline,260,845.982622,1642540.360919,0.000000,0.752409,5
7,Baseline,261,845.982622,1642540.360919,0.000000,0.752409,5
7,Baseline,262,836.661258,830455.201054,0.000000,0.587931,8
7,Baseline,263,836.661258,830455.201054,0.000000,0.587931,8
7,Baseline,264,835.813671,896279.468791,0.000000,0.570192,8
7,Baseline,265,835.511594,722387.774130,0.000000,0.606127,9
7,Baseline,266,833.147017,683427.267656,0.000000,0.632299,9
7,Baseline,267,833.147017,683427.267656,0.000000,0.632299,9
7,Baseline,268,831.293438,666790.803423,0.000000,0.620778,9
7,Baseline,269,831.293438,666790.803423,0.000000,0.620778,9
7,Baseline,270,816.492303,658049.870010,0.000000,0.643743,9
7,Baseline,271,816.492303,658049.870010,0.000000,0.643743,9
7,Baseline,272,813.292961,669423.303026,0.000000,0.658429,9
7,Baseline,273,813.292961,669423.303026,0.000000,0.658429,9
7,Proposed,0,937.874101,1020791.853087,0.000000,0.590650,36
7,Proposed,1,929.730039,1004962.870355,0.000000,0.586609,36
8,Baseline,0,847.690662,1446189.992889,0.000000,0.727559,5
8,Baseline,1,847.690662,1446189.992889,0.000000,0.727559,5
8,Baseline,2,844.209939,1661973.775117,0.000000,0.829105,5
8,Baseline,3,844.209939,1661973.775117,0.000000,0.829105,5
8,Baseline,4,842.398360,1717336.349598,0.000000,0.776575,5
8,Baseline,5,842.398360,1717336.349598,0.000000,0.776575,5
8,Baseline,6,841.193802,1611414.021800,0.000000,0.766398,5
8,Baseline,7,841.193802,1611414.021800,0.000000,0.766398,5
8,Baseline,8,838.681496,1675717.196464,0.000000,0.862651,5
8,Baseline,9,838.681496,1675717.196464,0.000000,0.862651,5
8,Baseline,10,837.132037,1557939.925768,0.000000,0.757576,5
8,Baseline,11,837.132037,1557939.925768,0.000000,0.757576,5
8,Baseline,12,831.204862,698654.611371,0.000000,0.503172,10
8,Baseline,13,831.204862,698654.611371,0.000000,0.503172,10
8,Baseline,14,825.916821,702783.392446,0.000000,0.569529,9
8,Baseline,15,825.916821,702783.392446,0.000000,0.569529,9
8,Baseline,16,819.497192,724381.466108,0.000000,0.471162,11
8,Baseline,17,819.118325,696082.790285,0.000000,0.517176,10
8,Baseline,18,819.118325,696082.790285,0.000000,0.517176,10
8,Baseline,19,819.497192,724381.466108,0.000000,0.471162,11
8,Baseline,20,819.497192,724381.466108,0.000000,0.471162,11
8,Baseline,21,819.118325,696082.790285,0.000000,0.517176,10
8,Baseline,22,819.118325,696082.790285,0.000000,0.517176,10
8,Baseline,23,819.118325,696082.790285,0.000000,0.517176,10
8,Baseline,24,819.118325,696082.790285,0.000000,0.517176,10
8,Baseline,25,819.118325,696082.790285,0.000000,0.517176,10
8,Baseline,26,819.118325,696082.790285,0.000000,0.517176,10
8,Baseline,27,819.118325,696082.790285,0.000000,0.517176,10
8,Baseline,28,819.118325,696082.790285,0.000000,0.517176,10
8,Baseline,29,819.497192,724381.466108,0.000000,0.471162,11
8,Baseline,30,819.118325,696082.790285,0.000000,0.517176,10
8,Baseline,31,819.118325,696082.790285,0.000000,0.517176,10
8,Baseline,32,819.118325,696082.790285,0.000000,0.517176,10
8,Baseline,33,819.118325,696082.790285,0.000000,0.517176,10
8,Baseline,34,819.497192,724381.466108,0.000000,0.471162,11
8,Baseline,35,819.118325,696082.790285,0.000000,0.517176,10
8,Baseline,36,819.497192,724381.466108,0.000000,0.471162,11
8,Baseline,37,819.497192,724381.466108,0.000000,0.471162,11
8,Baseline,38,819.118325,696082.790285,0.000000,0.517176,10
8,Baseline,39,819.118325,696082.790285,0.000000,0.517176,10
8,Baseline,40,819.118325,696082.790285,0.000000,0.517176,10
8,Baseline,41,819.118325,696082.790285,0.000000,0.517176,10
8,Baseline,42,819.497192,724381.466108,0.000000,0.471162,11
8,Baseline,43,819.497192,724381.466108,0.000000,0.471162,11
8,Baseline,44,819.118325,696082.790285,0.000000,0.517176,10
8,Baseline,45,819.118325,696082.790285,0.000000,0.517176,10
8,Baseline,46,819.118325,696082.790285,0.000000,0.517176,10
8,Baseline,47,819.118325,696082.790285,0.000000,0.517176,10
8,Baseline,48,819.118325,696082.790285,0.000000,0.517176,10
8,Baseline,49,819.118325,696082.790285,0.000000,0.517176,10
8,Baseline,50,819.118325,696082.790285,0.000000,0.517176,10
8,Baseline,51,819.118325,696082.790285,0.000000,0.517176,10
8,Baseline,52,819.118325,696082.790285,0.000000,0.517176,10
8,Baseline,53,819.497192,724381.466108,0.000000,0.471162,11
8,Baseline,54,819.118325,696082.790285,0.000000,0.517176,10
8,Baseline,55,819.118325,696082.790285,0.000000,0.517176,10
8,Baseline,56,819.118325,696082.790285,0.000000,0.517176,10
8,Baseline,57,819.497192,724381.466108,0.000000,0.471162,11
8,Baseline,58,819.497192,724381.466108,0.000000,0.471162,11
8,Baseline,59,819.118325,696082.790285,0.000000,0.517176,10
8,Baseline,60,819.118325,696082.790285,0.000000,0.517176,10
8,Baseline,61,819.118325,696082.790285,0.000000,0.517176,10
8,Baseline,62,819.118325,696082.790285,0.000000,0.517176,10
8,Baseline,63,819.497192,724381.466108,0.000000,0.471162,11
8,Baseline,64,819.118325,696082.790285,0.000000,0.517176,10
8,Baseline,65,819.118325,696082.790285,0.000000,0.517176,10
8,Baseline,66,819.118325,696082.790285,0.000000,0.517176,10
8,Baseline,67,819.118325,696082.790285,0.000000,0.517176,10
8,Baseline,68,819.118325,696082.790285,0.000000,0.517176,10
8,Baseline,69,819.118325,696082.790285,0.000000,0.517176,10
8,Baseline,70,819.118325,696082.790285,0.000000,0.517176,10
8,Baseline,71,819.118325,696082.790285,0.000000,0.517176,10
8,Baseline,72,819.118325,696082.790285,0.000000,0.517176,10
8,Baseline,73,819.118325,696082.790285,0.000000,0.517176,10
8,Baseline,74,819.497192,724381.466108,0.000000,0.471162,11
8,Baseline,75,819.118325,696082.790285,0.000000,0.517176,10
8,Baseline,76,819.118325,696082.790285,0.000000,0.517176,10
8,Baseline,77,819.118325,696082.790285,0.000000,0.517176,10
8,Baseline,78,819.497192,724381.466108,0.000000,0.471162,11
8,Baseline,79,819.497192,724381.466108,0.000000,0.471162,11
8,Baseline,80,819.118325,696082.790285,0.000000,0.517176,10
8,Baseline,81,819.118325,696082.790285,0.000000,0.517176,10
8,Baseline,82,819.118325,696082.790285,0.000000,0.517176,10
8,Baseline,83,819.118325,696082.790285,0.000000,0.517176,10
8,Baseline,84,819.118325,696082.790285,0.000000,0.517176,10
8,Baseline,85,819.118325,696082.790285,0.000000,0.517176,10
8,Baseline,86,819.118325,696082.790285,0.000000,0.517176,10
8,Baseline,87,819.118325,696082.790285,0.000000,0.517176,10
8,Baseline,88,819.118325,696082.790285,0.000000,0.517176,10
8,Baseline,89,819.118325,696082.790285,0.000000,0.517176,10
8,Baseline,90,819.118325,696082.790285,0.000000,0.517176,10
8,Baseline,91,819.118325,696082.790285,0.000000,0.517176,10
8,Baseline,92,819.118325,696082.790285,0.000000,0.517176,10
8,Baseline,93,819.497192,724381.466108,0.000000,0.471162,11
8,Baseline,94,819.118325,696082.790285,0.000000,0.517176,10
8,Baseline,95,819.118325,696082.790285,0.000000,0.517176,10
8,Baseline,96,819.118325,696082.790285,0.000000,0.517176,10
8,Baseline,97,819.118325,696082.790285,0.000000,0.517176,10
8,Baseline,98,819.118325,696082.790285,0.000000,0.517176,10
8,Baseline,99,819.118325,696082.790285,0.000000,0.517176,10
8,Baseline,100,819.497192,724381.466108,0.000000,0.471162,11
8,Baseline,101,819.497192,724381.466108,0.000000,0.471162,11
8,Baseline,102,819.118325,696082.790285,0.000000,0.517176,10
8,Baseline,103,819.118325,696082.790285,0.000000,0.517176,10
8,Baseline,104,819.118325,696082.790285,0.000000,0.517176,10
8,Baseline,105,819.118325,696082.790285,0.000000,0.517176,10
8,Baseline,106,819.497192,724381.466108,0.000000,0.471162,11
8,Baseline,107,819.118325,696082.790285,0.000000,0.517176,10
8,Baseline,108,819.118325,696082.790285,0.000000,0.517176,10
8,Baseline,109,819.118325,696082.790285,0.000000,0.517176,10
8,Baseline,110,819.118325,696082.790285,0.000000,0.517176,10
8,Baseline,111,819.118325,696082.790285,0.000000,0.517176,10
8,Baseline,112,819.118325,696082.790285,0.000000,0.517176,10
8,Baseline,113,819.118325,696082.790285,0.000000,0.517176,10
8,Baseline,114,819.118325,696082.790285,0.000000,0.517176,10
8,Baseline,115,819.118325,696082.790285,0.000000,0.517176,10
8,Baseline,116,819.118325,696082.790285,0.000000,0.517176,10
8,Baseline,117,819.118325,696082.790285,0.000000,0.517176,10
8,Baseline,118,819.497192,724381.466108,0.000000,0.471162,11
8,Baseline,119,819.118325,696082.790285,0.000000,0.517176,10
8,Baseline,120,819.118325,696082.790285,0.000000,0.517176,10
8,Baseline,121,819.118325,696082.790285,0.000000,0.517176,10
8,Baseline,122,819.118325,696082.790285,0.000000,0.517176,10
8,Baseline,123,819.118325,696082.790285,0.000000,0.517176,10
8,Baseline,124,819.497192,724381.466108,0.000000,0.471162,11
8,Baseline,125,819.497192,724381.466108,0.000000,0.471162,11
8,Baseline,126,819.497192,724381.466108,0.000000,0.471162,11
8,Baseline,127,819.118325,696082.790285,0.000000,0.517176,10
8,Baseline,128,819.118325,696082.790285,0.000000,0.517176,10
8,Baseline,129,819.118325,696082.790285,0.000000,0.517176,10
8,Baseline,130,819.118325,696082.790285,0.000000,0.517176,10
8,Baseline,131,819.497192,724381.466108,0.000000,0.471162,11
8,Baseline,132,819.118325,696082.790285,0.000000,0.517176,10
8,Baseline,133,819.118325,696082.790285,0.000000,0.517176,10
8,Baseline,134,819.118325,696082.790285,0.000000,0.517176,10
8,Baseline,135,819.118325,696082.790285,0.000000,0.517176,10
8,Baseline,136,819.118325,696082.790285,0.000000,0.517176,10
8,Baseline,137,819.118325,696082.790285,0.000000,0.517176,10
8,Baseline,138,819.118325,696082.790285,0.000000,0.517176,10
8,Baseline,139,819.118325,696082.790285,0.000000,0.517176,10
8,Baseline,140,819.118325,696082.790285,0.000000,0.517176,10
8,Baseline,141,819.118325,696082.790285,0.000000,0.517176,10
8,Baseline,142,819.497192,724381.466108,0.000000,0.471162,11
8,Baseline,143,819.118325,696082.790285,0.000000,0.517176,10
8,Baseline,144,819.118325,696082.790285,0.000000,0.517176,10
8,Baseline,145,819.118325,696082.790285,0.000000,0.517176,10
8,Baseline,146,819.118325,696082.790285,0.000000,0.517176,10
8,Baseline,147,819.118325,696082.790285,0.000000,0.517176,10
8,Baseline,148,819.497192,724381.466108,0.000000,0.471162,11
8,Baseline,149,819.497192,724381.466108,0.000000,0.471162,11
8,Baseline,150,819.118325,696082.790285,0.000000,0.517176,10
8,Baseline,151,819.118325,696082.790285,0.000000,0.517176,10
8,Baseline,152,819.118325,696082.790285,0.000000,0.517176,10
8,Baseline,153,819.118325,696082.790285,0.000000,0.517176,10
8,Baseline,154,819.118325,696082.790285,0.000000,0.517176,10
8,Baseline,155,819.497192,724381.466108,0.000000,0.471162,11
8,Baseline,156,819.118325,696082.790285,0.000000,0.517176,10
8,Baseline,157,819.118325,696082.790285,0.000000,0.517176,10
8,Baseline,158,819.118325,696082.790285,0.000000,0.517176,10
8,Baseline,159,819.118325,696082.790285,0.000000,0.517176,10
8,Baseline,160,819.118325,696082.790285,0.000000,0.517176,10
8,Baseline,161,819.118325,696082.790285,0.000000,0.517176,10
8,Baseline,162,819.118325,696082.790285,0.000000,0.517176,10
8,Baseline,163,819.118325,696082.790285,0.000000,0.517176,10
8,Baseline,164,819.118325,696082.790285,0.000000,0.517176,10
8,Baseline,165,819.118325,696082.790285,0.000000,0.517176,10
8,Baseline,166,819.118325,696082.790285,0.000000,0.517176,10
8,Baseline,167,819.497192,724381.466108,0.000000,0.471162,11
8,Baseline,168,819.118325,696082.790285,0.000000,0.517176,10
8,Baseline,169,819.118325,696082.790285,0.000000,0.517176,10
8,Baseline,170,819.118325,696082.790285,0.000000,0.517176,10
8,Baseline,171,819.118325,696082.790285,0.000000,0.517176,10
8,Baseline,172,819.118325,696082.790285,0.000000,0.517176,10
8,Baseline,173,819.497192,724381.466108,0.000000,0.471162,11
8,Baseline,174,819.497192,724381.466108,0.000000,0.471162,11
8,Baseline,175,819.118325,696082.790285,0.000000,0.517176,10
8,Baseline,176,819.118325,696082.790285,0.000000,0.517176,10
8,Baseline,177,819.118325,696082.790285,0.000000,0.517176,10
8,Baseline,178,819.118325,696082.790285,0.000000,0.517176,10
8,Baseline,179,819.118325,696082.790285,0.000000,0.517176,10
8,Baseline,180,819.118325,696082.790285,0.000000,0.517176,10
8,Baseline,181,819.497192,724381.466108,0.000000,0.471162,11
8,Baseline,182,819.118325,696082.790285,0.000000,0.517176,10
8,Baseline,183,819.118325,696082.790285,0.000000,0.517176,10
8,Baseline,184,819.118325,696082.790285,0.000000,0.517176,10
8,Baseline,185,819.118325,696082.790285,0.000000,0.517176,10
8,Baseline,186,819.118325,696082.790285,0.000000,0.517176,10
8,Baseline,187,819.118325,696082.790285,0.000000,0.517176,10
8,Baseline,188,819.118325,696082.790285,0.000000,0.517176,10
8,Baseline,189,819.118325,696082.790285,0.000000,0.517176,10
8,Baseline,190,819.497192,724381.466108,0.000000,0.471162,11
8,Baseline,191,819.118325,696082.790285,0.000000,0.517176,10
8,Baseline,192,819.118325,696082.790285,0.000000,0.517176,10
8,Baseline,193,819.118325,696082.790285,0.000000,0.517176,10
8,Baseline,194,819.118325,696082.790285,0.000000,0.517176,10
8,Baseline,195,819.118325,696082.790285,0.000000,0.517176,10
8,Baseline,196,819.118325,696082.790285,0.000000,0.517176,10
8,Baseline,197,819.118325,696082.790285,0.000000,0.517176,10
8,Baseline,198,819.118325,696082.790285,0.000000,0.517176,10
8,Baseline,199,819.118325,696082.790285,0.000000,0.517176,10
8,Baseline,200,819.118325,696082.790285,0.000000,0.517176,10
8,Baseline,201,819.118325,696082.790285,0.000000,0.517176,10
8,Baseline,202,819.118325,696082.790285,0.000000,0.517176,10
8,Baseline,203,819.118325,696082.790285,0.000000,0.517176,10
8,Baseline,204,819.118325,696082.790285,0.000000,0.517176,10
8,Baseline,205,819.497192,724381.466108,0.000000,0.471162,11
8,Baseline,206,819.118325,696082.790285,0.000000,0.517176,10
8,Baseline,207,819.118325,696082.790285,0.000000,0.517176,10
8,Baseline,208,819.118325,696082.790285,0.000000,0.517176,10
8,Baseline,209,819.118325,696082.790285,0.000000,0.517176,10
8,Baseline,210,819.118325,696082.790285,0.000000,0.517176,10
8,Baseline,211,819.118325,696082.790285,0.000000,0.517176,10
8,Baseline,212,819.497192,724381.466108,0.000000,0.471162,11
8,Baseline,213,819.497192,724381.466108,0.000000,0.471162,11
8,Baseline,214,819.118325,696082.790285,0.000000,0.517176,10
8,Baseline,215,819.118325,696082.790285,0.000000,0.517176,10
8,Baseline,216,819.497192,724381.466108,0.000000,0.471162,11
8,Baseline,217,819.118325,696082.790285,0.000000,0.517176,10
8,Baseline,218,819.118325,696082.790285,0.000000,0.517176,10
8,Baseline,219,819.118325,696082.790285,0.000000,0.517176,10
8,Baseline,220,819.118325,696082.790285,0.000000,0.517176,10
8,Baseline,221,819.118325,696082.790285,0.000000,0.517176,10
8,Baseline,222,819.118325,696082.790285,0.000000,0.517176,10
8,Baseline,223,819.118325,696082.790285,0.000000,0.517176,10
8,Baseline,224,819.118325,696082.790285,0.000000,0.517176,10
8,Baseline,225,819.118325,696082.790285,0.000000,0.517176,10
8,Baseline,226,819.118325,696082.790285,0.000000,0.517176,10
8,Baseline,227,819.497192,724381.466108,0.000000,0.471162,11
8,Baseline,228,819.118325,696082.790285,0.000000,0.517176,10
8,Baseline,229,819.118325,696082.790285,0.000000,0.517176,10
8,Baseline,230,819.118325,696082.790285,0.000000,0.517176,10
8,Baseline,231,819.118325,696082.790285,0.000000,0.517176,10
8,Baseline,232,819.118325,696082.790285,0.000000,0.517176,10
8,Baseline,233,819.497192,724381.466108,0.000000,0.471162,11
8,Baseline,234,819.497192,724381.466108,0.000000,0.471162,11
8,Baseline,235,819.118325,696082.790285,0.000000,0.517176,10
8,Baseline,236,819.118325,696082.790285,0.000000,0.517176,10
8,Baseline,237,819.118325,696082.790285,0.000000,0.517176,10
8,Baseline,238,819.118325,696082.790285,0.000000,0.517176,10
8,Baseline,239,819.118325,696082.790285,0.000000,0.517176,10
8,Baseline,240,819.118325,696082.790285,0.000000,0.517176,10
8,Baseline,241,819.118325,696082.790285,0.000000,0.517176,10
8,Baseline,242,819.118325,696082.790285,0.000000,0.517176,10
8,Baseline,243,819.118325,696082.790285,0.000000,0.517176,10
8,Baseline,244,819.118325,696082.790285,0.000000,0.517176,10
8,Baseline,245,819.118325,696082.790285,0.000000,0.517176,10
8,Baseline,246,819.118325,696082.790285,0.000000,0.517176,10
8,Baseline,247,819.118325,696082.790285,0.000000,0.517176,10
8,Baseline,248,819.497192,724381.466108,0.000000,0.471162,11
8,Baseline,249,819.118325,696082.790285,0.000000,0.517176,10
8,Baseline,250,819.118325,696082.790285,0.000000,0.517176,10
8,Baseline,251,819.118325,696082.790285,0.000000,0.517176,10
8,Baseline,252,819.497192,724381.466108,0.000000,0.471162,11
8,Baseline,253,819.497192,724381.466108,0.000000,0.471162,11
8,Baseline,254,819.497192,724381.466108,0.000000,0.471162,11
8,Baseline,255,819.118325,696082.790285,0.000000,0.517176,10
8,Baseline,256,819.118325,696082.790285,0.000000,0.517176,10
8,Baseline,257,819.118325,696082.790285,0.000000,0.517176,10
8,Baseline,258,819.104481,613911.134980,0.000000,0.518858,12
8,Baseline,259,819.118325,696082.790285,0.000000,0.517176,10
8,Baseline,260,819.118325,696082.790285,0.000000,0.517176,10
8,Baseline,261,819.118325,696082.790285,0.000000,0.517176,10
8,Baseline,262,819.118325,696082.790285,0.000000,0.517176,10
8,Baseline,263,819.118325,696082.790285,0.000000,0.517176,10
8,Baseline,264,819.118325,696082.790285,0.000000,0.517176,10
8,Baseline,265,819.118325,696082.790285,0.000000,0.517176,10
8,Baseline,266,819.118325,696082.790285,0.000000,0.517176,10
8,Baseline,267,819.118325,696082.790285,0.000000,0.517176,10
8,Baseline,268,819.118325,696082.790285,0.000000,0.517176,10
8,Baseline,269,819.118325,696082.790285,0.000000,0.517176,10
8,Baseline,270,819.118325,696082.790285,0.000000,0.517176,10
8,Baseline,271,819.118325,696082.790285,0.000000,0.517176,10
8,Baseline,272,819.118325,696082.790285,0.000000,0.517176,10
8,Baseline,273,819.118325,696082.790285,0.000000,0.517176,10
8,Baseline,274,819.118325,696082.790285,0.000000,0.517176,10
8,Baseline,275,819.497192,724381.466108,0.000000,0.471162,11
8,Baseline,276,819.497192,724381.466108,0.000000,0.471162,11
8,Baseline,277,819.118325,696082.790285,0.000000,0.517176,10
8,Baseline,278,819.118325,696082.790285,0.000000,0.517176,10
8,Baseline,279,819.118325,696082.790285,0.000000,0.517176,10
8,Baseline,280,819.118325,696082.790285,0.000000,0.517176,10
8,Baseline,281,819.118325,696082.790285,0.000000,0.517176,10
8,Baseline,282,819.497192,724381.466108,0.000000,0.471162,11
8,Baseline,283,819.497192,724381.466108,0.000000,0.471162,11
8,Baseline,284,819.118325,696082.790285,0.000000,0.517176,10
8,Baseline,285,819.118325,696082.790285,0.000000,0.517176,10
8,Baseline,286,819.118325,696082.790285,0.000000,0.517176,10
8,Baseline,287,819.118325,696082.790285,0.000000,0.517176,10
8,Baseline,288,819.118325,696082.790285,0.000000,0.517176,10
8,Baseline,289,819.118325,696082.790285,0.000000,0.517176,10
8,Baseline,290,819.497192,724381.466108,0.000000,0.471162,11
8,Baseline,291,819.118325,696082.790285,0.000000,0.517176,10
8,Baseline,292,819.118325,696082.790285,0.000000,0.517176,10
8,Baseline,293,819.118325,696082.790285,0.000000,0.517176,10
8,Baseline,294,819.118325,696082.790285,0.000000,0.517176,10
8,Baseline,295,819.497192,724381.466108,0.000000,0.471162,11
8,Baseline,296,819.497192,724381.466108,0.000000,0.471162,11
8,Baseline,297,819.497192,724381.466108,0.000000,0.471162,11
8,Baseline,298,819.118325,696082.790285,0.000000,0.517176,10
8,Baseline,299,819.104481,613911.134980,0.000000,0.518858,12
8,Proposed,0,944.425396,1506072.851129,0.000000,0.922504,8
8,Proposed,1,945.338360,1834389.861660,0.000000,0.826727,7
8,Proposed,2,945.338360,1834389.861660,0.000000,0.826727,7
8,Proposed,3,945.338360,1834389.861660,0.000000,0.826727,7
8,Proposed,4,945.338360,1834389.861660,0.000000,0.826727,7
8,Proposed,5,945.338360,1834389.861660,0.000000,0.826727,7
8,Proposed,6,944.425396,1506072.851129,0.000000,0.922504,8
8,Proposed,7,945.338360,1834389.861660,0.000000,0.826727,7
8,Proposed,8,945.338360,1834389.861660,0.000000,0.826727,7
8,Proposed,9,945.338360,1834389.861660,0.000000,0.826727,7
8,Proposed,10,945.338360,1834389.861660,0.000000,0.826727,7
8,Proposed,11,944.425396,1506072.851129,0.000000,0.922504,8
8,Proposed,12,944.425396,1506072.851129,0.000000,0.922504,8
8,Proposed,13,945.338360,1834389.861660,0.000000,0.826727,7
8,Proposed,14,945.338360,1834389.861660,0.000000,0.826727,7
8,Proposed,15,942.839629,2061153.322634,0.000000,1.088864,6
8,Proposed,16,942.839629,2061153.322634,0.000000,1.088864,6
8,Proposed,17,944.425396,1506072.851129,0.000000,0.922504,8
8,Proposed,18,945.338360,1834389.861660,0.000000,0.826727,7
8,Proposed,19,945.338360,1834389.861660,0.000000,0.826727,7
8,Proposed,20,945.338360,1834389.861660,0.000000,0.826727,7
8,Proposed,21,945.338360,1834389.861660,0.000000,0.826727,7
8,Proposed,22,945.338360,1834389.861660,0.000000,0.826727,7
8,Proposed,23,945.338360,1834389.861660,0.000000,0.826727,7
8,Proposed,24,945.338360,1834389.861660,0.000000,0.826727,7
8,Proposed,25,944.425396,1506072.851129,0.000000,0.922504,8
8,Proposed,26,945.338360,1834389.861660,0.000000,0.826727,7
8,Proposed,27,945.338360,1834389.861660,0.000000,0.826727,7
8,Proposed,28,945.338360,1834389.861660,0.000000,0.826727,7
8,Proposed,29,945.338360,1834389.861660,0.000000,0.826727,7
8,Proposed,30,945.338360,1834389.861660,0.000000,0.826727,7
8,Proposed,31,945.338360,1834389.861660,0.000000,0.826727,7
8,Proposed,32,945.338360,1834389.861660,0.000000,0.826727,7
8,Proposed,33,945.338360,1834389.861660,0.000000,0.826727,7
8,Proposed,34,945.338360,1834389.861660,0.000000,0.826727,7
8,Proposed,35,945.338360,1834389.861660,0.000000,0.826727,7
8,Proposed,36,945.338360,1834389.861660,0.000000,0.826727,7
8,Proposed,37,945.338360,1834389.861660,0.000000,0.826727,7
8,Proposed,38,945.338360,1834389.861660,0.000000,0.826727,7
8,Proposed,39,945.338360,1834389.861660,0.000000,0.826727,7
8,Proposed,40,945.338360,1834389.861660,0.000000,0.826727,7
8,Proposed,41,945.338360,1834389.861660,0.000000,0.826727,7
8,Proposed,42,945.338360,1834389.861660,0.000000,0.826727,7
8,Proposed,43,944.425396,1506072.851129,0.000000,0.922504,8
8,Proposed,44,942.839629,2061153.322634,0.000000,1.088864,6
8,Proposed,45,945.338360,1834389.861660,0.000000,0.826727,7
8,Proposed,46,944.425396,1506072.851129,0.000000,0.922504,8
8,Proposed,47,944.425396,1506072.851129,0.000000,0.922504,8
8,Proposed,48,945.338360,1834389.861660,0.000000,0.826727,7
8,Proposed,49,945.338360,1834389.861660,0.000000,0.826727,7
8,Proposed,50,945.338360,1834389.861660,0.000000,0.826727,7
8,Proposed,51,945.338360,1834389.861660,0.000000,0.826727,7
8,Proposed,52,945.338360,1834389.861660,0.000000,0.826727,7
8,Proposed,53,945.338360,1834389.861660,0.000000,0.826727,7
8,Proposed,54,945.338360,1834389.861660,0.000000,0.826727,7
8,Proposed,55,945.338360,1834389.861660,0.000000,0.826727,7
8,Proposed,56,945.338360,1834389.861660,0.000000,0.826727,7
8,Proposed,57,945.338360,1834389.861660,0.000000,0.826727,7
8,Proposed,58,942.839629,2061153.322634,0.000000,1.088864,6
8,Proposed,59,942.839629,2061153.322634,0.000000,1.088864,6
8,Proposed,60,945.338360,1834389.861660,0.000000,0.826727,7
8,Proposed,61,945.338360,1834389.861660,0.000000,0.826727,7
8,Proposed,62,945.338360,1834389.861660,0.000000,0.826727,7
8,Proposed,63,944.425396,1506072.851129,0.000000,0.922504,8
8,Proposed,64,945.338360,1834389.861660,0.000000,0.826727,7
8,Proposed,65,945.338360,1834389.861660,0.000000,0.826727,7
8,Proposed,66,944.425396,1506072.851129,0.000000,0.922504,8
8,Proposed,67,945.338360,1834389.861660,0.000000,0.826727,7
8,Proposed,68,945.338360,1834389.861660,0.000000,0.826727,7
8,Proposed,69,944.425396,1506072.851129,0.000000,0.922504,8
8,Proposed,70,945.338360,1834389.861660,0.000000,0.826727,7
8,Proposed,71,945.338360,1834389.861660,0.000000,0.826727,7
8,Proposed,72,944.425396,1506072.851129,0.000000,0.922504,8
8,Proposed,73,945.338360,1834389.861660,0.000000,0.826727,7
8,Proposed,74,945.338360,1834389.861660,0.000000,0.826727,7
8,Proposed,75,945.338360,1834389.861660,0.000000,0.826727,7
8,Proposed,76,945.338360,1834389.861660,0.000000,0.826727,7
8,Proposed,77,942.839629,2061153.322634,0.000000,1.088864,6
8,Proposed,78,945.338360,1834389.861660,0.000000,0.826727,7
8,Proposed,79,945.338360,1834389.861660,0.000000,0.826727,7
8,Proposed,80,945.338360,1834389.861660,0.000000,0.826727,7
8,Proposed,81,945.338360,1834389.861660,0.000000,0.826727,7
8,Proposed,82,945.338360,1834389.861660,0.000000,0.826727,7
8,Proposed,83,945.338360,1834389.861660,0.000000,0.826727,7
8,Proposed,84,944.425396,1506072.851129,0.000000,0.922504,8
8,Proposed,85,945.338360,1834389.861660,0.000000,0.826727,7
8,Proposed,86,944.425396,1506072.851129,0.000000,0.922504,8
8,Proposed,87,944.425396,1506072.851129,0.000000,0.922504,8
8,Proposed,88,945.338360,1834389.861660,0.000000,0.826727,7
8,Proposed,89,945.338360,1834389.861660,0.000000,0.826727,7
8,Proposed,90,945.338360,1834389.861660,0.000000,0.826727,7
8,Proposed,91,945.338360,1834389.861660,0.000000,0.826727,7
8,Proposed,92,945.338360,1834389.861660,0.000000,0.826727,7
8,Proposed,93,945.338360,1834389.861660,0.000000,0.826727,7
8,Proposed,94,945.338360,1834389.861660,0.000000,0.826727,7
8,Proposed,95,944.425396,1506072.851129,0.000000,0.922504,8
8,Proposed,96,945.338360,1834389.861660,0.000000,0.826727,7
8,Proposed,97,945.338360,1834389.861660,0.000000,0.826727,7
8,Proposed,98,945.338360,1834389.861660,0.000000,0.826727,7
8,Proposed,99,945.338360,1834389.861660,0.000000,0.826727,7
8,Proposed,100,944.425396,1506072.851129,0.000000,0.922504,8
8,Proposed,101,945.338360,1834389.861660,0.000000,0.826727,7
8,Proposed,102,945.338360,1834389.861660,0.000000,0.826727,7
8,Proposed,103,945.338360,1834389.861660,0.000000,0.826727,7
8,Proposed,104,942.839629,2061153.322634,0.000000,1.088864,6
8,Proposed,105,945.338360,1834389.861660,0.000000,0.826727,7
8,Proposed,106,945.338360,1834389.861660,0.000000,0.826727,7
8,Proposed,107,944.425396,1506072.851129,0.000000,0.922504,8
8,Proposed,108,945.338360,1834389.861660,0.000000,0.826727,7
8,Proposed,109,945.338360,1834389.861660,0.000000,0.826727,7
8,Proposed,110,945.338360,1834389.861660,0.000000,0.826727,7
8,Proposed,111,944.425396,1506072.851129,0.000000,0.922504,8
8,Proposed,112,945.338360,1834389.861660,0.000000,0.826727,7
8,Proposed,113,944.425396,1506072.851129,0.000000,0.922504,8
8,Proposed,114,945.338360,1834389.861660,0.000000,0.826727,7
8,Proposed,115,945.338360,1834389.861660,0.000000,0.826727,7
8,Proposed,116,945.338360,1834389.861660,0.000000,0.826727,7
8,Proposed,117,944.425396,1506072.851129,0.000000,0.922504,8
8,Proposed,118,942.839629,2061153.322634,0.000000,1.088864,6
8,Proposed,119,945.338360,1834389.861660,0.000000,0.826727,7
8,Proposed,120,944.425396,1506072.851129,0.000000,0.922504,8
8,Proposed,121,944.425396,1506072.851129,0.000000,0.922504,8
8,Proposed,122,945.338360,1834389.861660,0.000000,0.826727,7
8,Proposed,123,945.338360,1834389.861660,0.000000,0.826727,7
8,Proposed,124,945.338360,1834389.861660,0.000000,0.826727,7
8,Proposed,125,945.338360,1834389.861660,0.000000,0.826727,7
8,Proposed,126,945.338360,1834389.861660,0.000000,0.826727,7
8,Proposed,127,945.338360,1834389.861660,0.000000,0.826727,7
8,Proposed,128,945.338360,1834389.861660,0.000000,0.826727,7
8,Proposed,129,945.338360,1834389.861660,0.000000,0.826727,7
8,Proposed,130,945.338360,1834389.861660,0.000000,0.826727,7
8,Proposed,131,945.338360,1834389.861660,0.000000,0.826727,7
8,Proposed,132,945.338360,1834389.861660,0.000000,0.826727,7
8,Proposed,133,945.338360,1834389.861660,0.000000,0.826727,7
8,Proposed,134,945.338360,1834389.861660,0.000000,0.826727,7
8,Proposed,135,945.338360,1834389.861660,0.000000,0.826727,7
8,Proposed,136,945.338360,1834389.861660,0.000000,0.826727,7
8,Proposed,137,945.338360,1834389.861660,0.000000,0.826727,7
8,Proposed,138,945.338360,1834389.861660,0.000000,0.826727,7
8,Proposed,139,945.338360,1834389.861660,0.000000,0.826727,7
8,Proposed,140,944.425396,1506072.851129,0.000000,0.922504,8
8,Proposed,141,945.338360,1834389.861660,0.000000,0.826727,7
8,Proposed,142,945.338360,1834389.861660,0.000000,0.826727,7
8,Proposed,143,945.338360,1834389.861660,0.000000,0.826727,7
8,Proposed,144,945.338360,1834389.861660,0.000000,0.826727,7
8,Proposed,145,944.425396,1506072.851129,0.000000,0.922504,8
8,Proposed,146,942.839629,2061153.322634,0.000000,1.088864,6
8,Proposed,147,945.338360,1834389.861660,0.000000,0.826727,7
8,Proposed,148,945.338360,1834389.861660,0.000000,0.826727,7
8,Proposed,149,945.338360,1834389.861660,0.000000,0.826727,7
8,Proposed,150,945.338360,1834389.861660,0.000000,0.826727,7
8,Proposed,151,945.338360,1834389.861660,0.000000,0.826727,7
8,Proposed,152,945.338360,1834389.861660,0.000000,0.826727,7
8,Proposed,153,945.338360,1834389.861660,0.000000,0.826727,7
8,Proposed,154,945.338360,1834389.861660,0.000000,0.826727,7
8,Proposed,155,945.338360,1834389.861660,0.000000,0.826727,7
8,Proposed,156,945.338360,1834389.861660,0.000000,0.826727,7
8,Proposed,157,945.338360,1834389.861660,0.000000,0.826727,7
8,Proposed,158,945.338360,1834389.861660,0.000000,0.826727,7
8,Proposed,159,945.338360,1834389.861660,0.000000,0.826727,7
8,Proposed,160,945.338360,1834389.861660,0.000000,0.826727,7
8,Proposed,161,945.338360,1834389.861660,0.000000,0.826727,7
8,Proposed,162,944.425396,1506072.851129,0.000000,0.922504,8
8,Proposed,163,945.338360,1834389.861660,0.000000,0.826727,7
8,Proposed,164,945.338360,1834389.861660,0.000000,0.826727,7
8,Proposed,165,944.425396,1506072.851129,0.000000,0.922504,8
8,Proposed,166,944.425396,1506072.851129,0.000000,0.922504,8
8,Proposed,167,944.425396,1506072.851129,0.000000,0.922504,8
8,Proposed,168,945.338360,1834389.861660,0.000000,0.826727,7
8,Proposed,169,945.338360,1834389.861660,0.000000,0.826727,7
8,Proposed,170,945.338360,1834389.861660,0.000000,0.826727,7
8,Proposed,171,945.338360,1834389.861660,0.000000,0.826727,7
8,Proposed,172,945.338360,1834389.861660,0.000000,0.826727,7
8,Proposed,173,944.425396,1506072.851129,0.000000,0.922504,8
8,Proposed,174,945.338360,1834389.861660,0.000000,0.826727,7
8,Proposed,175,945.338360,1834389.861660,0.000000,0.826727,7
8,Proposed,176,945.338360,1834389.861660,0.000000,0.826727,7
8,Proposed,177,945.338360,1834389.861660,0.000000,0.826727,7
8,Proposed,178,945.338360,1834389.861660,0.000000,0.826727,7
8,Proposed,179,945.338360,1834389.861660,0.000000,0.826727,7
8,Proposed,180,945.338360,1834389.861660,0.000000,0.826727,7
8,Proposed,181,945.338360,1834389.861660,0.000000,0.826727,7
8,Proposed,182,945.338360,1834389.861660,0.000000,0.826727,7
8,Proposed,183,945.338360,1834389.861660,0.000000,0.826727,7
8,Proposed,184,945.338360,1834389.861660,0.000000,0.826727,7
8,Proposed,185,945.338360,1834389.861660,0.000000,0.826727,7
8,Proposed,186,944.425396,1506072.851129,0.000000,0.922504,8
8,Proposed,187,945.338360,1834389.861660,0.000000,0.826727,7
8,Proposed,188,945.338360,1834389.861660,0.000000,0.826727,7
8,Proposed,189,944.425396,1506072.851129,0.000000,0.922504,8
8,Proposed,190,944.425396,1506072.851129,0.000000,0.922504,8
8,Proposed,191,945.338360,1834389.861660,0.000000,0.826727,7
8,Proposed,192,945.338360,1834389.861660,0.000000,0.826727,7
8,Proposed,193,945.338360,1834389.861660,0.000000,0.826727,7
8,Proposed,194,945.338360,1834389.861660,0.000000,0.826727,7
8,Proposed,195,945.338360,1834389.861660,0.000000,0.826727,7
8,Proposed,196,944.425396,1506072.851129,0.000000,0.922504,8
8,Proposed,197,945.338360,1834389.861660,0.000000,0.826727,7
8,Proposed,198,945.338360,1834389.861660,0.000000,0.826727,7
8,Proposed,199,945.338360,1834389.861660,0.000000,0.826727,7
8,Proposed,200,944.425396,1506072.851129,0.000000,0.922504,8
8,Proposed,201,945.338360,1834389.861660,0.000000,0.826727,7
8,Proposed,202,945.338360,1834389.861660,0.000000,0.826727,7
8,Proposed,203,945.338360,1834389.861660,0.000000,0.826727,7
8,Proposed,204,945.338360,1834389.861660,0.000000,0.826727,7
8,Proposed,205,945.338360,1834389.861660,0.000000,0.826727,7
8,Proposed,206,945.338360,1834389.861660,0.000000,0.826727,7
8,Proposed,207,945.338360,1834389.861660,0.000000,0.826727,7
8,Proposed,208,945.338360,1834389.861660,0.000000,0.826727,7
8,Proposed,209,944.425396,1506072.851129,0.000000,0.922504,8
8,Proposed,210,944.425396,1506072.851129,0.000000,0.922504,8
8,Proposed,211,945.338360,1834389.861660,0.000000,0.826727,7
8,Proposed,212,945.338360,1834389.861660,0.000000,0.826727,7
8,Proposed,213,945.338360,1834389.861660,0.000000,0.826727,7
8,Proposed,214,945.338360,1834389.861660,0.000000,0.826727,7
8,Proposed,215,945.338360,1834389.861660,0.000000,0.826727,7
8,Proposed,216,945.338360,1834389.861660,0.000000,0.826727,7
8,Proposed,217,945.338360,1834389.861660,0.000000,0.826727,7
8,Proposed,218,945.338360,1834389.861660,0.000000,0.826727,7
8,Proposed,219,945.338360,1834389.861660,0.000000,0.826727,7
8,Proposed,220,944.425396,1506072.851129,0.000000,0.922504,8
8,Proposed,221,944.425396,1506072.851129,0.000000,0.922504,8
8,Proposed,222,945.338360,1834389.861660,0.000000,0.826727,7
8,Proposed,223,945.338360,1834389.861660,0.000000,0.826727,7
8,Proposed,224,945.338360,1834389.861660,0.000000,0.826727,7
8,Proposed,225,945.338360,1834389.861660,0.000000,0.826727,7
8,Proposed,226,945.338360,1834389.861660,0.000000,0.826727,7
8,Proposed,227,945.338360,1834389.861660,0.000000,0.826727,7
8,Proposed,228,945.338360,1834389.861660,0.000000,0.826727,7
8,Proposed,229,945.338360,1834389.861660,0.000000,0.826727,7
8,Proposed,230,945.338360,1834389.861660,0.000000,0.826727,7
8,Proposed,231,945.338360,1834389.861660,0.000000,0.826727,7
8,Proposed,232,945.338360,1834389.861660,0.000000,0.826727,7
8,Proposed,233,945.338360,1834389.861660,0.000000,0.826727,7
8,Proposed,234,944.425396,1506072.851129,0.000000,0.922504,8
8,Proposed,235,945.338360,1834389.861660,0.000000,0.826727,7
8,Proposed,236,945.338360,1834389.861660,0.000000,0.826727,7
8,Proposed,237,945.338360,1834389.861660,0.000000,0.826727,7
8,Proposed,238,945.338360,1834389.861660,0.000000,0.826727,7
8,Proposed,239,945.338360,1834389.861660,0.000000,0.826727,7
8,Proposed,240,944.425396,1506072.851129,0.000000,0.922504,8
8,Proposed,241,945.338360,1834389.861660,0.000000,0.826727,7
8,Proposed,242,945.338360,1834389.861660,0.000000,0.826727,7
8,Proposed,243,944.425396,1506072.851129,0.000000,0.922504,8
8,Proposed,244,945.338360,1834389.861660,0.000000,0.826727,7
8,Proposed,245,945.338360,1834389.861660,0.000000,0.826727,7
8,Proposed,246,945.338360,1834389.861660,0.000000,0.826727,7
8,Proposed,247,945.338360,1834389.861660,0.000000,0.826727,7
8,Proposed,248,944.425396,1506072.851129,0.000000,0.922504,8
8,Proposed,249,945.338360,1834389.861660,0.000000,0.826727,7
8,Proposed,250,945.338360,1834389.861660,0.000000,0.826727,7
8,Proposed,251,944.425396,1506072.851129,0.000000,0.922504,8
8,Proposed,252,945.338360,1834389.861660,0.000000,0.826727,7
8,Proposed,253,945.338360,1834389.861660,0.000000,0.826727,7
8,Proposed,254,945.338360,1834389.861660,0.000000,0.826727,7
8,Proposed,255,945.338360,1834389.861660,0.000000,0.826727,7
8,Proposed,256,945.338360,1834389.861660,0.000000,0.826727,7
8,Proposed,257,944.425396,1506072.851129,0.000000,0.922504,8
8,Proposed,258,944.425396,1506072.851129,0.000000,0.922504,8
8,Proposed,259,945.338360,1834389.861660,0.000000,0.826727,7
8,Proposed,260,945.338360,1834389.861660,0.000000,0.826727,7
8,Proposed,261,944.425396,1506072.851129,0.000000,0.922504,8
8,Proposed,262,945.338360,1834389.861660,0.000000,0.826727,7
8,Proposed,263,945.338360,1834389.861660,0.000000,0.826727,7
8,Proposed,264,944.425396,1506072.851129,0.000000,0.922504,8
8,Proposed,265,944.425396,1506072.851129,0.000000,0.922504,8
8,Proposed,266,945.338360,1834389.861660,0.000000,0.826727,7
8,Proposed,267,944.425396,1506072.851129,0.000000,0.922504,8
8,Proposed,268,944.425396,1506072.851129,0.000000,0.922504,8
8,Proposed,269,944.425396,1506072.851129,0.000000,0.922504,8
8,Proposed,270,945.338360,1834389.861660,0.000000,0.826727,7
8,Proposed,271,944.425396,1506072.851129,0.000000,0.922504,8
8,Proposed,272,944.425396,1506072.851129,0.000000,0.922504,8
8,Proposed,273,944.425396,1506072.851129,0.000000,0.922504,8
8,Proposed,274,945.338360,1834389.861660,0.000000,0.826727,7
8,Proposed,275,945.338360,1834389.861660,0.000000,0.826727,7
8,Proposed,276,944.425396,1506072.851129,0.000000,0.922504,8
8,Proposed,277,945.338360,1834389.861660,0.000000,0.826727,7
8,Proposed,278,945.338360,1834389.861660,0.000000,0.826727,7
8,Proposed,279,945.338360,1834389.861660,0.000000,0.826727,7
8,Proposed,280,945.338360,1834389.861660,0.000000,0.826727,7
8,Proposed,281,945.338360,1834389.861660,0.000000,0.826727,7
8,Proposed,282,944.425396,1506072.851129,0.000000,0.922504,8
8,Proposed,283,944.425396,1506072.851129,0.000000,0.922504,8
8,Proposed,284,944.425396,1506072.851129,0.000000,0.922504,8
8,Proposed,285,944.425396,1506072.851129,0.000000,0.922504,8
8,Proposed,286,945.338360,1834389.861660,0.000000,0.826727,7
8,Proposed,287,945.338360,1834389.861660,0.000000,0.826727,7
8,Proposed,288,942.839629,2061153.322634,0.000000,1.088864,6
8,Proposed,289,945.338360,1834389.861660,0.000000,0.826727,7
8,Proposed,290,945.338360,1834389.861660,0.000000,0.826727,7
8,Proposed,291,945.338360,1834389.861660,0.000000,0.826727,7
8,Proposed,292,945.338360,1834389.861660,0.000000,0.826727,7
8,Proposed,293,944.425396,1506072.851129,0.000000,0.922504,8
8,Proposed,294,944.425396,1506072.851129,0.000000,0.922504,8
8,Proposed,295,938.598720,1544860.653794,0.000000,0.883599,8
8,Proposed,296,937.958685,1245738.657179,0.000000,0.951187,9
8,Proposed,297,948.853571,1115660.945361,0.000000,0.637771,36
8,Proposed,298,943.454892,1085825.339298,0.000000,0.624352,36
8,Proposed,299,941.873120,993946.530495,0.000000,0.572778,36
9,Baseline,0,865.610274,1847514.480244,0.000000,0.704278,5
9,Baseline,1,859.482663,1146259.700004,0.000000,0.676448,6
9,Baseline,2,859.025792,1801192.098026,0.000000,0.729245,5
9,Baseline,3,857.295460,1856137.036688,0.000000,0.736958,5
9,Baseline,4,857.640995,1141655.158681,0.000000,0.696950,6
9,Baseline,5,855.352511,1757439.090230,0.000000,0.766604,5
9,Baseline,6,855.899776,1117750.806082,0.000000,0.703113,6
9,Baseline,7,855.845347,1095619.889025,0.000000,0.554268,7
9,Baseline,8,855.845347,1095619.889025,0.000000,0.554268,7
9,Baseline,9,852.860946,1094862.347315,0.000000,0.534394,7
9,Baseline,10,852.860946,1094862.347315,0.000000,0.534394,7
9,Baseline,11,851.717449,1867036.113215,0.000000,0.772208,5
9,Baseline,12,851.717449,1867036.113215,0.000000,0.772208,5
9,Baseline,13,847.503846,1070295.189784,0.000000,0.670564,6
9,Baseline,14,846.819024,1772446.378475,0.000000,0.750827,5
9,Baseline,15,846.364187,1058301.609140,0.000000,0.551807,7
9,Baseline,16,844.669193,1114984.583227,0.000000,0.750970,6
9,Baseline,17,844.615830,1588117.064707,0.000000,0.715684,5
9,Baseline,18,844.615830,1588117.064707,0.000000,0.715684,5
9,Baseline,19,842.511876,1728378.224253,0.000000,0.794465,5
9,Baseline,20,843.440917,1044757.279145,0.000000,0.685071,6
9,Baseline,21,838.856374,1116291.981657,0.000000,0.763132,6
9,Baseline,22,838.856374,1116291.981657,0.000000,0.763132,6
9,Baseline,23,838.570029,1136332.820124,0.000000,0.757772,6
9,Baseline,24,838.570029,1136332.820124,0.000000,0.757772,6
9,Baseline,25,837.914044,1478612.566676,0.000000,0.741912,5
9,Baseline,26,838.502439,1027427.888062,0.000000,0.672211,6
9,Baseline,27,835.591795,1672921.078444,0.000000,0.774761,5
9,Baseline,28,835.591795,1672921.078444,0.000000,0.774761,5
9,Baseline,29,835.422188,1754440.124051,0.000000,0.751438,5
9,Baseline,30,835.422188,1754440.124051,0.000000,0.751438,5
9,Baseline,31,832.145186,1534131.725009,0.000000,0.728999,5
9,Baseline,32,832.145186,1534131.725009,0.000000,0.728999,5
9,Baseline,33,830.242488,861855.710184,0.000000,0.568114,8
9,Baseline,34,830.242488,861855.710184,0.000000,0.568114,8
9,Baseline,35,822.586603,849172.357294,0.000000,0.565073,8
9,Baseline,36,822.586603,849172.357294,0.000000,0.565073,8
9,Baseline,37,808.182413,843821.051213,0.000000,0.569798,8
9,Baseline,38,808.182413,843821.051213,0.000000,0.569798,8
9,Baseline,39,817.467084,806193.946997,0.000000,0.507657,11
9,Baseline,40,817.467084,806193.946997,0.000000,0.507657,11
9,Baseline,41,816.999560,752729.314577,0.000000,0.564558,10
9,Baseline,42,817.467084,806193.946997,0.000000,0.507657,11
9,Baseline,43,816.999560,752729.314577,0.000000,0.564558,10
9,Baseline,44,816.999560,752729.314577,0.000000,0.564558,10
9,Baseline,45,816.999560,752729.314577,0.000000,0.564558,10
9,Baseline,46,817.467084,806193.946997,0.000000,0.507657,11
9,Baseline,47,817.467084,806193.946997,0.000000,0.507657,11
9,Baseline,48,817.467084,806193.946997,0.000000,0.507657,11
9,Baseline,49,817.467084,806193.946997,0.000000,0.507657,11
9,Baseline,50,817.467084,806193.946997,0.000000,0.507657,11
9,Baseline,51,817.467084,806193.946997,0.000000,0.507657,11
9,Baseline,52,817.467084,806193.946997,0.000000,0.507657,11
9,Baseline,53,817.053735,656078.179742,0.000000,0.557965,12
9,Baseline,54,816.999560,752729.314577,0.000000,0.564558,10
9,Baseline,55,817.467084,806193.946997,0.000000,0.507657,11
9,Baseline,56,816.999560,752729.314577,0.000000,0.564558,10
9,Baseline,57,817.467084,806193.946997,0.000000,0.507657,11
9,Baseline,58,817.467084,806193.946997,0.000000,0.507657,11
9,Baseline,59,817.467084,806193.946997,0.000000,0.507657,11
9,Baseline,60,817.467084,806193.946997,0.000000,0.507657,11
9,Baseline,61,817.467084,806193.946997,0.000000,0.507657,11
9,Baseline,62,817.467084,806193.946997,0.000000,0.507657,11
9,Baseline,63,817.467084,806193.946997,0.000000,0.507657,11
9,Baseline,64,817.467084,806193.946997,0.000000,0.507657,11
9,Baseline,65,817.467084,806193.946997,0.000000,0.507657,11
9,Baseline,66,817.467084,806193.946997,0.000000,0.507657,11
9,Baseline,67,817.467084,806193.946997,0.000000,0.507657,11
9,Baseline,68,816.999560,752729.314577,0.000000,0.564558,10
9,Baseline,69,816.999560,752729.314577,0.000000,0.564558,10
9,Baseline,70,816.999560,752729.314577,0.000000,0.564558,10
9,Baseline,71,817.467084,806193.946997,0.000000,0.507657,11
9,Baseline,72,816.999560,752729.314577,0.000000,0.564558,10
9,Baseline,73,816.999560,752729.314577,0.000000,0.564558,10
9,Baseline,74,817.467084,806193.946997,0.000000,0.507657,11
9,Baseline,75,817.467084,806193.946997,0.000000,0.507657,11
9,Baseline,76,817.467084,806193.946997,0.000000,0.507657,11
9,Baseline,77,817.467084,806193.946997,0.000000,0.507657,11
9,Baseline,78,817.467084,806193.946997,0.000000,0.507657,11
9,Baseline,79,817.467084,806193.946997,0.000000,0.507657,11
9,Baseline,80,816.999560,752729.314577,0.000000,0.564558,10
9,Baseline,81,816.999560,752729.314577,0.000000,0.564558,10
9,Baseline,82,817.467084,806193.946997,0.000000,0.507657,11
9,Baseline,83,817.467084,806193.946997,0.000000,0.507657,11
9,Baseline,84,817.467084,806193.946997,0.000000,0.507657,11
9,Baseline,85,817.467084,806193.946997,0.000000,0.507657,11
9,Baseline,86,817.467084,806193.946997,0.000000,0.507657,11
9,Baseline,87,817.467084,806193.946997,0.000000,0.507657,11
9,Baseline,88,817.467084,806193.946997,0.000000,0.507657,11
9,Baseline,89,817.467084,806193.946997,0.000000,0.507657,11
9,Baseline,90,817.467084,806193.946997,0.000000,0.507657,11
9,Baseline,91,816.999560,752729.314577,0.000000,0.564558,10
9,Baseline,92,817.467084,806193.946997,0.000000,0.507657,11
9,Baseline,93,817.467084,806193.946997,0.000000,0.507657,11
9,Baseline,94,817.467084,806193.946997,0.000000,0.507657,11
9,Baseline,95,817.467084,806193.946997,0.000000,0.507657,11
9,Baseline,96,817.467084,806193.946997,0.000000,0.507657,11
9,Baseline,97,816.999560,752729.314577,0.000000,0.564558,10
9,Baseline,98,817.467084,806193.946997,0.000000,0.507657,11
9,Baseline,99,817.467084,806193.946997,0.000000,0.507657,11
9,Baseline,100,817.467084,806193.946997,0.000000,0.507657,11
9,Baseline,101,817.467084,806193.946997,0.000000,0.507657,11
9,Baseline,102,817.467084,806193.946997,0.000000,0.507657,11
9,Baseline,103,817.467084,806193.946997,0.000000,0.507657,11
9,Baseline,104,816.999560,752729.314577,0.000000,0.564558,10
9,Baseline,105,817.467084,806193.946997,0.000000,0.507657,11
9,Baseline,106,817.467084,806193.946997,0.000000,0.507657,11
9,Baseline,107,817.467084,806193.946997,0.000000,0.507657,11
9,Baseline,108,816.999560,752729.314577,0.000000,0.564558,10
9,Baseline,109,817.053735,656078.179742,0.000000,0.557965,12
9,Baseline,110,817.467084,806193.946997,0.000000,0.507657,11
9,Baseline,111,817.467084,806193.946997,0.000000,0.507657,11
9,Baseline,112,817.467084,806193.946997,0.000000,0.507657,11
9,Baseline,113,817.467084,806193.946997,0.000000,0.507657,11
9,Baseline,114,817.467084,806193.946997,0.000000,0.507657,11
9,Baseline,115,816.999560,752729.314577,0.000000,0.564558,10
9,Baseline,116,816.999560,752729.314577,0.000000,0.564558,10
9,Baseline,117,817.467084,806193.946997,0.000000,0.507657,11
9,Baseline,118,817.467084,806193.946997,0.000000,0.507657,11
9,Baseline,119,816.999560,752729.314577,0.000000,0.564558,10
9,Baseline,120,816.999560,752729.314577,0.000000,0.564558,10
9,Baseline,121,817.467084,806193.946997,0.000000,0.507657,11
9,Baseline,122,817.467084,806193.946997,0.000000,0.507657,11
9,Baseline,123,816.999560,752729.314577,0.000000,0.564558,10
9,Baseline,124,817.467084,806193.946997,0.000000,0.507657,11
9,Baseline,125,817.467084,806193.946997,0.000000,0.507657,11
9,Baseline,126,817.467084,806193.946997,0.000000,0.507657,11
9,Baseline,127,817.467084,806193.946997,0.000000,0.507657,11
9,Baseline,128,817.467084,806193.946997,0.000000,0.507657,11
9,Baseline,129,816.999560,752729.314577,0.000000,0.564558,10
9,Baseline,130,817.467084,806193.946997,0.000000,0.507657,11
9,Baseline,131,817.467084,806193.946997,0.000000,0.507657,11
9,Baseline,132,817.467084,806193.946997,0.000000,0.507657,11
9,Baseline,133,817.467084,806193.946997,0.000000,0.507657,11
9,Baseline,134,817.467084,806193.946997,0.000000,0.507657,11
9,Baseline,135,817.467084,806193.946997,0.000000,0.507657,11
9,Baseline,136,817.467084,806193.946997,0.000000,0.507657,11
9,Baseline,137,817.053735,656078.179742,0.000000,0.557965,12
9,Baseline,138,817.467084,806193.946997,0.000000,0.507657,11
9,Baseline,139,816.999560,752729.314577,0.000000,0.564558,10
9,Baseline,140,817.467084,806193.946997,0.000000,0.507657,11
9,Baseline,141,817.467084,806193.946997,0.000000,0.507657,11
9,Baseline,142,817.053735,656078.179742,0.000000,0.557965,12
9,Baseline,143,817.467084,806193.946997,0.000000,0.507657,11
9,Baseline,144,817.467084,806193.946997,0.000000,0.507657,11
9,Baseline,145,817.467084,806193.946997,0.000000,0.507657,11
9,Baseline,146,817.467084,806193.946997,0.000000,0.507657,11
9,Baseline,147,817.467084,806193.946997,0.000000,0.507657,11
9,Baseline,148,817.467084,806193.946997,0.000000,0.507657,11
9,Baseline,149,817.467084,806193.946997,0.000000,0.507657,11
9,Baseline,150,816.999560,752729.314577,0.000000,0.564558,10
9,Baseline,151,816.999560,752729.314577,0.000000,0.564558,10
9,Baseline,152,817.467084,806193.946997,0.000000,0.507657,11
9,Baseline,153,817.053735,656078.179742,0.000000,0.557965,12
9,Baseline,154,817.467084,806193.946997,0.000000,0.507657,11
9,Baseline,155,817.467084,806193.946997,0.000000,0.507657,11
9,Baseline,156,817.467084,806193.946997,0.000000,0.507657,11
9,Baseline,157,816.999560,752729.314577,0.000000,0.564558,10
9,Baseline,158,817.467084,806193.946997,0.000000,0.507657,11
9,Baseline,159,817.467084,806193.946997,0.000000,0.507657,11
9,Baseline,160,817.467084,806193.946997,0.000000,0.507657,11
9,Baseline,161,817.467084,806193.946997,0.000000,0.507657,11
9,Baseline,162,817.467084,806193.946997,0.000000,0.507657,11
9,Baseline,163,817.467084,806193.946997,0.000000,0.507657,11
9,Baseline,164,817.467084,806193.946997,0.000000,0.507657,11
9,Baseline,165,817.467084,806193.946997,0.000000,0.507657,11
9,Baseline,166,817.467084,806193.946997,0.000000,0.507657,11
9,Baseline,167,817.467084,806193.946997,0.000000,0.507657,11
9,Baseline,168,817.467084,806193.946997,0.000000,0.507657,11
9,Baseline,169,817.467084,806193.946997,0.000000,0.507657,11
9,Baseline,170,817.467084,806193.946997,0.000000,0.507657,11
9,Baseline,171,817.467084,806193.946997,0.000000,0.507657,11
9,Baseline,172,817.467084,806193.946997,0.000000,0.507657,11
9,Baseline,173,817.467084,806193.946997,0.000000,0.507657,11
9,Baseline,174,817.467084,806193.946997,0.000000,0.507657,11
9,Baseline,175,817.467084,806193.946997,0.000000,0.507657,11
9,Baseline,176,817.467084,806193.946997,0.000000,0.507657,11
9,Baseline,177,817.467084,806193.946997,0.000000,0.507657,11
9,Baseline,178,817.467084,806193.946997,0.000000,0.507657,11
9,Baseline,179,817.467084,806193.946997,0.000000,0.507657,11
9,Baseline,180,817.467084,806193.946997,0.000000,0.507657,11
9,Baseline,181,817.467084,806193.946997,0.000000,0.507657,11
9,Baseline,182,817.053735,656078.179742,0.000000,0.557965,12
9,Baseline,183,816.999560,752729.314577,0.000000,0.564558,10
9,Baseline,184,817.467084,806193.946997,0.000000,0.507657,11
9,Baseline,185,817.467084,806193.946997,0.000000,0.507657,11
9,Baseline,186,817.053735,656078.179742,0.000000,0.557965,12
9,Baseline,187,817.053735,656078.179742,0.000000,0.557965,12
9,Baseline,188,817.467084,806193.946997,0.000000,0.507657,11
9,Baseline,189,817.467084,806193.946997,0.000000,0.507657,11
9,Baseline,190,816.999560,752729.314577,0.000000,0.564558,10
9,Baseline,191,816.999560,752729.314577,0.000000,0.564558,10
9,Baseline,192,817.467084,806193.946997,0.000000,0.507657,11
9,Baseline,193,817.467084,806193.946997,0.000000,0.507657,11
9,Baseline,194,817.467084,806193.946997,0.000000,0.507657,11
9,Baseline,195,817.467084,806193.946997,0.000000,0.507657,11
9,Baseline,196,817.467084,806193.946997,0.000000,0.507657,11
9,Baseline,197,817.467084,806193.946997,0.000000,0.507657,11
9,Baseline,198,816.999560,752729.314577,0.000000,0.564558,10
9,Baseline,199,817.467084,806193.946997,0.000000,0.507657,11
9,Baseline,200,817.467084,806193.946997,0.000000,0.507657,11
9,Baseline,201,817.467084,806193.946997,0.000000,0.507657,11
9,Baseline,202,817.467084,806193.946997,0.000000,0.507657,11
9,Baseline,203,817.467084,806193.946997,0.000000,0.507657,11
9,Baseline,204,817.053735,656078.179742,0.000000,0.557965,12
9,Baseline,205,817.053735,656078.179742,0.000000,0.557965,12
9,Baseline,206,817.053735,656078.179742,0.000000,0.557965,12
9,Baseline,207,817.467084,806193.946997,0.000000,0.507657,11
9,Baseline,208,817.467084,806193.946997,0.000000,0.507657,11
9,Baseline,209,817.467084,806193.946997,0.000000,0.507657,11
9,Baseline,210,817.467084,806193.946997,0.000000,0.507657,11
9,Baseline,211,817.467084,806193.946997,0.000000,0.507657,11
9,Baseline,212,816.999560,752729.314577,0.000000,0.564558,10
9,Baseline,213,816.999560,752729.314577,0.000000,0.564558,10
9,Baseline,214,817.467084,806193.946997,0.000000,0.507657,11
9,Baseline,215,817.467084,806193.946997,0.000000,0.507657,11
9,Baseline,216,817.467084,806193.946997,0.000000,0.507657,11
9,Baseline,217,817.467084,806193.946997,0.000000,0.507657,11
9,Baseline,218,817.467084,806193.946997,0.000000,0.507657,11
9,Baseline,219,817.467084,806193.946997,0.000000,0.507657,11
9,Baseline,220,817.467084,806193.946997,0.000000,0.507657,11
9,Baseline,221,817.467084,806193.946997,0.000000,0.507657,11
9,Baseline,222,817.467084,806193.946997,0.000000,0.507657,11
9,Baseline,223,817.467084,806193.946997,0.000000,0.507657,11
9,Baseline,224,817.467084,806193.946997,0.000000,0.507657,11
9,Baseline,225,817.467084,806193.946997,0.000000,0.507657,11
9,Baseline,226,817.467084,806193.946997,0.000000,0.507657,11
9,Baseline,227,816.999560,752729.314577,0.000000,0.564558,10
9,Baseline,228,816.999560,752729.314577,0.000000,0.564558,10
9,Baseline,229,816.999560,752729.314577,0.000000,0.564558,10
9,Baseline,230,816.999560,752729.314577,0.000000,0.564558,10
9,Baseline,231,817.467084,806193.946997,0.000000,0.507657,11
9,Baseline,232,817.467084,806193.946997,0.000000,0.507657,11
9,Baseline,233,816.999560,752729.314577,0.000000,0.564558,10
9,Baseline,234,816.999560,752729.314577,0.000000,0.564558,10
9,Baseline,235,816.999560,752729.314577,0.000000,0.564558,10
9,Baseline,236,816.999560,752729.314577,0.000000,0.564558,10
9,Baseline,237,817.467084,806193.946997,0.000000,0.507657,11
9,Baseline,238,817.467084,806193.946997,0.000000,0.507657,11
9,Baseline,239,816.999560,752729.314577,0.000000,0.564558,10
9,Baseline,240,817.467084,806193.946997,0.000000,0.507657,11
9,Baseline,241,817.467084,806193.946997,0.000000,0.507657,11
9,Baseline,242,817.467084,806193.946997,0.000000,0.507657,11
9,Baseline,243,817.467084,806193.946997,0.000000,0.507657,11
9,Baseline,244,817.467084,806193.946997,0.000000,0.507657,11
9,Baseline,245,817.467084,806193.946997,0.000000,0.507657,11
9,Baseline,246,817.467084,806193.946997,0.000000,0.507657,11
9,Baseline,247,816.999560,752729.314577,0.000000,0.564558,10
9,Baseline,248,816.999560,752729.314577,0.000000,0.564558,10
9,Baseline,249,816.999560,752729.314577,0.000000,0.564558,10
9,Baseline,250,816.999560,752729.314577,0.000000,0.564558,10
9,Baseline,251,817.467084,806193.946997,0.000000,0.507657,11
9,Baseline,252,817.467084,806193.946997,0.000000,0.507657,11
9,Baseline,253,817.053735,656078.179742,0.000000,0.557965,12
9,Baseline,254,817.467084,806193.946997,0.000000,0.507657,11
9,Baseline,255,817.467084,806193.946997,0.000000,0.507657,11
9,Baseline,256,817.467084,806193.946997,0.000000,0.507657,11
9,Baseline,257,817.467084,806193.946997,0.000000,0.507657,11
9,Baseline,258,817.467084,806193.946997,0.000000,0.507657,11
9,Baseline,259,817.467084,806193.946997,0.000000,0.507657,11
9,Baseline,260,817.467084,806193.946997,0.000000,0.507657,11
9,Baseline,261,817.467084,806193.946997,0.000000,0.507657,11
9,Baseline,262,817.467084,806193.946997,0.000000,0.507657,11
9,Baseline,263,817.467084,806193.946997,0.000000,0.507657,11
9,Baseline,264,817.467084,806193.946997,0.000000,0.507657,11
9,Baseline,265,817.467084,806193.946997,0.000000,0.507657,11
9,Baseline,266,816.999560,752729.314577,0.000000,0.564558,10
9,Baseline,267,816.999560,752729.314577,0.000000,0.564558,10
9,Baseline,268,816.999560,752729.314577,0.000000,0.564558,10
9,Baseline,269,817.467084,806193.946997,0.000000,0.507657,11
9,Baseline,270,817.467084,806193.946997,0.000000,0.507657,11
9,Baseline,271,817.467084,806193.946997,0.000000,0.507657,11
9,Baseline,272,817.467084,806193.946997,0.000000,0.507657,11
9,Baseline,273,817.467084,806193.946997,0.000000,0.507657,11
9,Baseline,274,817.053735,656078.179742,0.000000,0.557965,12
9,Baseline,275,817.467084,806193.946997,0.000000,0.507657,11
9,Baseline,276,817.053735,656078.179742,0.000000,0.557965,12
9,Baseline,277,817.467084,806193.946997,0.000000,0.507657,11
9,Baseline,278,817.467084,806193.946997,0.000000,0.507657,11
9,Baseline,279,817.467084,806193.946997,0.000000,0.507657,11
9,Baseline,280,816.999560,752729.314577,0.000000,0.564558,10
9,Baseline,281,816.999560,752729.314577,0.000000,0.564558,10
9,Baseline,282,817.467084,806193.946997,0.000000,0.507657,11
9,Baseline,283,817.467084,806193.946997,0.000000,0.507657,11
9,Baseline,284,817.467084,806193.946997,0.000000,0.507657,11
9,Baseline,285,816.999560,752729.314577,0.000000,0.564558,10
9,Baseline,286,817.467084,806193.946997,0.000000,0.507657,11
9,Baseline,287,817.467084,806193.946997,0.000000,0.507657,11
9,Baseline,288,817.467084,806193.946997,0.000000,0.507657,11
9,Baseline,289,817.467084,806193.946997,0.000000,0.507657,11
9,Baseline,290,816.999560,752729.314577,0.000000,0.564558,10
9,Baseline,291,817.467084,806193.946997,0.000000,0.507657,11
9,Baseline,292,817.053735,656078.179742,0.000000,0.557965,12
9,Baseline,293,817.467084,806193.946997,0.000000,0.507657,11
9,Baseline,294,817.467084,806193.946997,0.000000,0.507657,11
9,Baseline,295,817.467084,806193.946997,0.000000,0.507657,11
9,Baseline,296,817.467084,806193.946997,0.000000,0.507657,11
9,Baseline,297,817.467084,806193.946997,0.000000,0.507657,11
9,Baseline,298,816.999560,752729.314577,0.000000,0.564558,10
9,Proposed,0,947.561707,1109829.061727,0.000000,0.635318,36
9,Proposed,1,941.069110,1014574.439157,0.000000,0.585092,36
9,Proposed,2,928.900885,1011220.359044,0.000000,0.590764,36
10,Baseline,0,865.011352,1604171.586198,0.000000,0.746718,5
10,Baseline,1,865.011352,1604171.586198,0.000000,0.746718,5
10,Baseline,2,865.011352,1604171.586198,0.000000,0.746718,5
10,Baseline,3,865.011352,1604171.586198,0.000000,0.746718,5
10,Baseline,4,865.011352,1604171.586198,0.000000,0.746718,5
10,Baseline,5,865.011352,1604171.586198,0.000000,0.746718,5
10,Baseline,6,865.011352,1604171.586198,0.000000,0.746718,5
10,Baseline,7,865.011352,1604171.586198,0.000000,0.746718,5
10,Baseline,8,865.011352,1604171.586198,0.000000,0.746718,5
10,Baseline,9,865.011352,1604171.586198,0.000000,0.746718,5
10,Baseline,10,865.011352,1604171.586198,0.000000,0.746718,5
10,Baseline,11,865.011352,1604171.586198,0.000000,0.746718,5
10,Baseline,12,865.011352,1604171.586198,0.000000,0.746718,5
10,Baseline,13,865.011352,1604171.586198,0.000000,0.746718,5
10,Baseline,14,865.011352,1604171.586198,0.000000,0.746718,5
10,Baseline,15,865.011352,1604171.586198,0.000000,0.746718,5
10,Baseline,16,865.011352,1604171.586198,0.000000,0.746718,5
10,Baseline,17,865.011352,1604171.586198,0.000000,0.746718,5
10,Baseline,18,865.011352,1604171.586198,0.000000,0.746718,5
10,Baseline,19,865.011352,1604171.586198,0.000000,0.746718,5
10,Baseline,20,865.011352,1604171.586198,0.000000,0.746718,5
10,Baseline,21,865.011352,1604171.586198,0.000000,0.746718,5
10,Baseline,22,864.928121,1233145.603251,0.000000,0.756268,6
10,Baseline,23,865.011352,1604171.586198,0.000000,0.746718,5
10,Baseline,24,865.011352,1604171.586198,0.000000,0.746718,5
10,Baseline,25,865.011352,1604171.586198,0.000000,0.746718,5
10,Baseline,26,865.011352,1604171.586198,0.000000,0.746718,5
10,Baseline,27,865.011352,1604171.586198,0.000000,0.746718,5
10,Baseline,28,865.011352,1604171.586198,0.000000,0.746718,5
10,Baseline,29,865.011352,1604171.586198,0.000000,0.746718,5
10,Baseline,30,865.011352,1604171.586198,0.000000,0.746718,5
10,Baseline,31,865.011352,1604171.586198,0.000000,0.746718,5
10,Baseline,32,865.011352,1604171.586198,0.000000,0.746718,5
10,Baseline,33,865.011352,1604171.586198,0.000000,0.746718,5
10,Baseline,34,865.011352,1604171.586198,0.000000,0.746718,5
10,Baseline,35,865.011352,1604171.586198,0.000000,0.746718,5
10,Baseline,36,865.011352,1604171.586198,0.000000,0.746718,5
10,Baseline,37,865.011352,1604171.586198,0.000000,0.746718,5
10,Baseline,38,865.011352,1604171.586198,0.000000,0.746718,5
10,Baseline,39,865.011352,1604171.586198,0.000000,0.746718,5
10,Baseline,40,865.011352,1604171.586198,0.000000,0.746718,5
10,Baseline,41,865.011352,1604171.586198,0.000000,0.746718,5
10,Baseline,42,865.011352,1604171.586198,0.000000,0.746718,5
10,Baseline,43,865.011352,1604171.586198,0.000000,0.746718,5
10,Baseline,44,865.011352,1604171.586198,0.000000,0.746718,5
10,Baseline,45,865.011352,1604171.586198,0.000000,0.746718,5
10,Baseline,46,865.011352,1604171.586198,0.000000,0.746718,5
10,Baseline,47,865.011352,1604171.586198,0.000000,0.746718,5
10,Baseline,48,865.011352,1604171.586198,0.000000,0.746718,5
10,Baseline,49,865.011352,1604171.586198,0.000000,0.746718,5
10,Baseline,50,865.011352,1604171.586198,0.000000,0.746718,5
10,Baseline,51,865.011352,1604171.586198,0.000000,0.746718,5
10,Baseline,52,865.011352,1604171.586198,0.000000,0.746718,5
10,Baseline,53,865.011352,1604171.586198,0.000000,0.746718,5
10,Baseline,54,865.011352,1604171.586198,0.000000,0.746718,5
10,Baseline,55,865.011352,1604171.586198,0.000000,0.746718,5
10,Baseline,56,865.011352,1604171.586198,0.000000,0.746718,5
10,Baseline,57,865.011352,1604171.586198,0.000000,0.746718,5
10,Baseline,58,865.011352,1604171.586198,0.000000,0.746718,5
10,Baseline,59,865.011352,1604171.586198,0.000000,0.746718,5
10,Baseline,60,865.011352,1604171.586198,0.000000,0.746718,5
10,Baseline,61,865.011352,1604171.586198,0.000000,0.746718,5
10,Baseline,62,865.011352,1604171.586198,0.000000,0.746718,5
10,Baseline,63,865.011352,1604171.586198,0.000000,0.746718,5
10,Baseline,64,865.011352,1604171.586198,0.000000,0.746718,5
10,Baseline,65,865.011352,1604171.586198,0.000000,0.746718,5
10,Baseline,66,865.011352,1604171.586198,0.000000,0.746718,5
10,Baseline,67,865.011352,1604171.586198,0.000000,0.746718,5
10,Baseline,68,865.011352,1604171.586198,0.000000,0.746718,5
10,Baseline,69,865.011352,1604171.586198,0.000000,0.746718,5
10,Baseline,70,865.011352,1604171.586198,0.000000,0.746718,5
10,Baseline,71,865.011352,1604171.586198,0.000000,0.746718,5
10,Baseline,72,865.011352,1604171.586198,0.000000,0.746718,5
10,Baseline,73,865.011352,1604171.586198,0.000000,0.746718,5
10,Baseline,74,865.011352,1604171.586198,0.000000,0.746718,5
10,Baseline,75,865.011352,1604171.586198,0.000000,0.746718,5
10,Baseline,76,865.011352,1604171.586198,0.000000,0.746718,5
10,Baseline,77,865.011352,1604171.586198,0.000000,0.746718,5
10,Baseline,78,865.011352,1604171.586198,0.000000,0.746718,5
10,Baseline,79,865.011352,1604171.586198,0.000000,0.746718,5
10,Baseline,80,864.928121,1233145.603251,0.000000,0.756268,6
10,Baseline,81,865.011352,1604171.586198,0.000000,0.746718,5
10,Baseline,82,865.011352,1604171.586198,0.000000,0.746718,5
10,Baseline,83,865.011352,1604171.586198,0.000000,0.746718,5
10,Baseline,84,865.011352,1604171.586198,0.000000,0.746718,5
10,Baseline,85,865.011352,1604171.586198,0.000000,0.746718,5
10,Baseline,86,865.011352,1604171.586198,0.000000,0.746718,5
10,Baseline,87,865.011352,1604171.586198,0.000000,0.746718,5
10,Baseline,88,865.011352,1604171.586198,0.000000,0.746718,5
10,Baseline,89,865.011352,1604171.586198,0.000000,0.746718,5
10,Baseline,90,865.011352,1604171.586198,0.000000,0.746718,5
10,Baseline,91,865.011352,1604171.586198,0.000000,0.746718,5
10,Baseline,92,865.011352,1604171.586198,0.000000,0.746718,5
10,Baseline,93,865.011352,1604171.586198,0.000000,0.746718,5
10,Baseline,94,865.011352,1604171.586198,0.000000,0.746718,5
10,Baseline,95,865.011352,1604171.586198,0.000000,0.746718,5
10,Baseline,96,865.011352,1604171.586198,0.000000,0.746718,5
10,Baseline,97,865.011352,1604171.586198,0.000000,0.746718,5
10,Baseline,98,865.011352,1604171.586198,0.000000,0.746718,5
10,Baseline,99,865.011352,1604171.586198,0.000000,0.746718,5
10,Baseline,100,865.011352,1604171.586198,0.000000,0.746718,5
10,Baseline,101,865.011352,1604171.586198,0.000000,0.746718,5
10,Baseline,102,865.011352,1604171.586198,0.000000,0.746718,5
10,Baseline,103,865.011352,1604171.586198,0.000000,0.746718,5
10,Baseline,104,865.011352,1604171.586198,0.000000,0.746718,5
10,Baseline,105,865.011352,1604171.586198,0.000000,0.746718,5
10,Baseline,106,865.011352,1604171.586198,0.000000,0.746718,5
10,Baseline,107,865.011352,1604171.586198,0.000000,0.746718,5
10,Baseline,108,865.011352,1604171.586198,0.000000,0.746718,5
10,Baseline,109,865.011352,1604171.586198,0.000000,0.746718,5
10,Baseline,110,865.011352,1604171.586198,0.000000,0.746718,5
10,Baseline,111,865.011352,1604171.586198,0.000000,0.746718,5
10,Baseline,112,865.011352,1604171.586198,0.000000,0.746718,5
10,Baseline,113,865.011352,1604171.586198,0.000000,0.746718,5
10,Baseline,114,865.011352,1604171.586198,0.000000,0.746718,5
10,Baseline,115,865.011352,1604171.586198,0.000000,0.746718,5
10,Baseline,116,865.011352,1604171.586198,0.000000,0.746718,5
10,Baseline,117,865.011352,1604171.586198,0.000000,0.746718,5
10,Baseline,118,865.011352,1604171.586198,0.000000,0.746718,5
10,Baseline,119,865.011352,1604171.586198,0.000000,0.746718,5
10,Baseline,120,865.011352,1604171.586198,0.000000,0.746718,5
10,Baseline,121,865.011352,1604171.586198,0.000000,0.746718,5
10,Baseline,122,865.011352,1604171.586198,0.000000,0.746718,5
10,Baseline,123,865.011352,1604171.586198,0.000000,0.746718,5
10,Baseline,124,865.011352,1604171.586198,0.000000,0.746718,5
10,Baseline,125,865.011352,1604171.586198,0.000000,0.746718,5
10,Baseline,126,865.011352,1604171.586198,0.000000,0.746718,5
10,Baseline,127,865.011352,1604171.586198,0.000000,0.746718,5
10,Baseline,128,865.011352,1604171.586198,0.000000,0.746718,5
10,Baseline,129,865.011352,1604171.586198,0.000000,0.746718,5
10,Baseline,130,865.011352,1604171.586198,0.000000,0.746718,5
10,Baseline,131,865.011352,1604171.586198,0.000000,0.746718,5
10,Baseline,132,865.011352,1604171.586198,0.000000,0.746718,5
10,Baseline,133,865.011352,1604171.586198,0.000000,0.746718,5
10,Baseline,134,865.011352,1604171.586198,0.000000,0.746718,5
10,Baseline,135,865.011352,1604171.586198,0.000000,0.746718,5
10,Baseline,136,865.011352,1604171.586198,0.000000,0.746718,5
10,Baseline,137,864.928121,1233145.603251,0.000000,0.756268,6
10,Baseline,138,865.011352,1604171.586198,0.000000,0.746718,5
10,Baseline,139,865.011352,1604171.586198,0.000000,0.746718,5
10,Baseline,140,865.011352,1604171.586198,0.000000,0.746718,5
10,Baseline,141,865.011352,1604171.586198,0.000000,0.746718,5
10,Baseline,142,865.011352,1604171.586198,0.000000,0.746718,5
10,Baseline,143,865.011352,1604171.586198,0.000000,0.746718,5
10,Baseline,144,865.011352,1604171.586198,0.000000,0.746718,5
10,Baseline,145,865.011352,1604171.586198,0.000000,0.746718,5
10,Baseline,146,865.011352,1604171.586198,0.000000,0.746718,5
10,Baseline,147,865.011352,1604171.586198,0.000000,0.746718,5
10,Baseline,148,865.011352,1604171.586198,0.000000,0.746718,5
10,Baseline,149,865.011352,1604171.586198,0.000000,0.746718,5
10,Baseline,150,865.011352,1604171.586198,0.000000,0.746718,5
10,Baseline,151,865.011352,1604171.586198,0.000000,0.746718,5
10,Baseline,152,865.011352,1604171.586198,0.000000,0.746718,5
10,Baseline,153,865.011352,1604171.586198,0.000000,0.746718,5
10,Baseline,154,865.011352,1604171.586198,0.000000,0.746718,5
10,Baseline,155,865.011352,1604171.586198,0.000000,0.746718,5
10,Baseline,156,865.011352,1604171.586198,0.000000,0.746718,5
10,Baseline,157,865.011352,1604171.586198,0.000000,0.746718,5
10,Baseline,158,865.011352,1604171.586198,0.000000,0.746718,5
10,Baseline,159,865.011352,1604171.586198,0.000000,0.746718,5
10,Baseline,160,865.011352,1604171.586198,0.000000,0.746718,5
10,Baseline,161,865.011352,1604171.586198,0.000000,0.746718,5
10,Baseline,162,865.011352,1604171.586198,0.000000,0.746718,5
10,Baseline,163,865.011352,1604171.586198,0.000000,0.746718,5
10,Baseline,164,865.011352,1604171.586198,0.000000,0.746718,5
10,Baseline,165,865.011352,1604171.586198,0.000000,0.746718,5
10,Baseline,166,865.011352,1604171.586198,0.000000,0.746718,5
10,Baseline,167,865.011352,1604171.586198,0.000000,0.746718,5
10,Baseline,168,865.011352,1604171.586198,0.000000,0.746718,5
10,Baseline,169,865.011352,1604171.586198,0.000000,0.746718,5
10,Baseline,170,865.011352,1604171.586198,0.000000,0.746718,5
10,Baseline,171,865.011352,1604171.586198,0.000000,0.746718,5
10,Baseline,172,865.011352,1604171.586198,0.000000,0.746718,5
10,Baseline,173,865.011352,1604171.586198,0.000000,0.746718,5
10,Baseline,174,865.011352,1604171.586198,0.000000,0.746718,5
10,Baseline,175,865.011352,1604171.586198,0.000000,0.746718,5
10,Baseline,176,865.011352,1604171.586198,0.000000,0.746718,5
10,Baseline,177,865.011352,1604171.586198,0.000000,0.746718,5
10,Baseline,178,865.011352,1604171.586198,0.000000,0.746718,5
10,Baseline,179,865.011352,1604171.586198,0.000000,0.746718,5
10,Baseline,180,865.011352,1604171.586198,0.000000,0.746718,5
10,Baseline,181,865.011352,1604171.586198,0.000000,0.746718,5
10,Baseline,182,865.011352,1604171.586198,0.000000,0.746718,5
10,Baseline,183,865.011352,1604171.586198,0.000000,0.746718,5
10,Baseline,184,865.011352,1604171.586198,0.000000,0.746718,5
10,Baseline,185,865.011352,1604171.586198,0.000000,0.746718,5
10,Baseline,186,865.011352,1604171.586198,0.000000,0.746718,5
10,Baseline,187,865.011352,1604171.586198,0.000000,0.746718,5
10,Baseline,188,865.011352,1604171.586198,0.000000,0.746718,5
10,Baseline,189,865.011352,1604171.586198,0.000000,0.746718,5
10,Baseline,190,865.011352,1604171.586198,0.000000,0.746718,5
10,Baseline,191,865.011352,1604171.586198,0.000000,0.746718,5
10,Baseline,192,865.011352,1604171.586198,0.000000,0.746718,5
10,Baseline,193,865.011352,1604171.586198,0.000000,0.746718,5
10,Baseline,194,865.011352,1604171.586198,0.000000,0.746718,5
10,Baseline,195,865.011352,1604171.586198,0.000000,0.746718,5
10,Baseline,196,865.011352,1604171.586198,0.000000,0.746718,5
10,Baseline,197,865.011352,1604171.586198,0.000000,0.746718,5
10,Baseline,198,865.011352,1604171.586198,0.000000,0.746718,5
10,Baseline,199,865.011352,1604171.586198,0.000000,0.746718,5
10,Baseline,200,865.011352,1604171.586198,0.000000,0.746718,5
10,Baseline,201,865.011352,1604171.586198,0.000000,0.746718,5
10,Baseline,202,865.011352,1604171.586198,0.000000,0.746718,5
10,Baseline,203,865.011352,1604171.586198,0.000000,0.746718,5
10,Baseline,204,865.011352,1604171.586198,0.000000,0.746718,5
10,Baseline,205,865.011352,1604171.586198,0.000000,0.746718,5
10,Baseline,206,865.011352,1604171.586198,0.000000,0.746718,5
10,Baseline,207,865.011352,1604171.586198,0.000000,0.746718,5
10,Baseline,208,865.011352,1604171.586198,0.000000,0.746718,5
10,Baseline,209,865.011352,1604171.586198,0.000000,0.746718,5
10,Baseline,210,865.011352,1604171.586198,0.000000,0.746718,5
10,Baseline,211,865.011352,1604171.586198,0.000000,0.746718,5
10,Baseline,212,865.011352,1604171.586198,0.000000,0.746718,5
10,Baseline,213,865.011352,1604171.586198,0.000000,0.746718,5
10,Baseline,214,865.011352,1604171.586198,0.000000,0.746718,5
10,Baseline,215,865.011352,1604171.586198,0.000000,0.746718,5
10,Baseline,216,865.011352,1604171.586198,0.000000,0.746718,5
10,Baseline,217,865.011352,1604171.586198,0.000000,0.746718,5
10,Baseline,218,865.011352,1604171.586198,0.000000,0.746718,5
10,Baseline,219,865.011352,1604171.586198,0.000000,0.746718,5
10,Baseline,220,865.011352,1604171.586198,0.000000,0.746718,5
10,Baseline,221,865.011352,1604171.586198,0.000000,0.746718,5
10,Baseline,222,865.011352,1604171.586198,0.000000,0.746718,5
10,Baseline,223,865.011352,1604171.586198,0.000000,0.746718,5
10,Baseline,224,865.011352,1604171.586198,0.000000,0.746718,5
10,Baseline,225,865.011352,1604171.586198,0.000000,0.746718,5
10,Baseline,226,865.011352,1604171.586198,0.000000,0.746718,5
10,Baseline,227,865.011352,1604171.586198,0.000000,0.746718,5
10,Baseline,228,865.011352,1604171.586198,0.000000,0.746718,5
10,Baseline,229,865.011352,1604171.586198,0.000000,0.746718,5
10,Baseline,230,865.011352,1604171.586198,0.000000,0.746718,5
10,Baseline,231,865.011352,1604171.586198,0.000000,0.746718,5
10,Baseline,232,865.011352,1604171.586198,0.000000,0.746718,5
10,Baseline,233,865.011352,1604171.586198,0.000000,0.746718,5
10,Baseline,234,865.011352,1604171.586198,0.000000,0.746718,5
10,Baseline,235,865.011352,1604171.586198,0.000000,0.746718,5
10,Baseline,236,865.011352,1604171.586198,0.000000,0.746718,5
10,Baseline,237,865.011352,1604171.586198,0.000000,0.746718,5
10,Baseline,238,865.011352,1604171.586198,0.000000,0.746718,5
10,Baseline,239,865.011352,1604171.586198,0.000000,0.746718,5
10,Baseline,240,865.011352,1604171.586198,0.000000,0.746718,5
10,Baseline,241,865.011352,1604171.586198,0.000000,0.746718,5
10,Baseline,242,865.011352,1604171.586198,0.000000,0.746718,5
10,Baseline,243,865.011352,1604171.586198,0.000000,0.746718,5
10,Baseline,244,865.011352,1604171.586198,0.000000,0.746718,5
10,Baseline,245,865.011352,1604171.586198,0.000000,0.746718,5
10,Baseline,246,865.011352,1604171.586198,0.000000,0.746718,5
10,Baseline,247,865.011352,1604171.586198,0.000000,0.746718,5
10,Baseline,248,865.011352,1604171.586198,0.000000,0.746718,5
10,Baseline,249,865.011352,1604171.586198,0.000000,0.746718,5
10,Baseline,250,865.011352,1604171.586198,0.000000,0.746718,5
10,Baseline,251,865.011352,1604171.586198,0.000000,0.746718,5
10,Baseline,252,865.011352,1604171.586198,0.000000,0.746718,5
10,Baseline,253,865.011352,1604171.586198,0.000000,0.746718,5
10,Baseline,254,865.011352,1604171.586198,0.000000,0.746718,5
10,Baseline,255,865.011352,1604171.586198,0.000000,0.746718,5
10,Baseline,256,861.767920,1584685.533249,0.000000,0.763672,5
10,Baseline,257,861.767920,1584685.533249,0.000000,0.763672,5
10,Baseline,258,850.356023,1675136.360372,0.000000,0.809663,5
10,Baseline,259,850.356023,1675136.360372,0.000000,0.809663,5
10,Baseline,260,850.036363,1359272.704100,0.000000,0.697620,5
10,Baseline,261,850.036363,1359272.704100,0.000000,0.697620,5
10,Baseline,262,844.060820,1487214.980447,0.000000,0.766274,5
10,Baseline,263,844.060820,1487214.980447,0.000000,0.766274,5
10,Baseline,264,843.985486,1531498.221592,0.000000,0.757192,5
10,Baseline,265,843.985486,1531498.221592,0.000000,0.757192,5
10,Baseline,266,836.552369,751107.287223,0.000000,0.652278,9
10,Baseline,267,836.552369,751107.287223,0.000000,0.652278,9
10,Baseline,268,835.878135,726949.443082,0.000000,0.618425,9
10,Baseline,269,835.878135,726949.443082,0.000000,0.618425,9
10,Baseline,270,833.127232,772013.271943,0.000000,0.609278,9
10,Baseline,271,833.127232,772013.271943,0.000000,0.609278,9
10,Baseline,272,827.221301,729877.643984,0.000000,0.522355,10
10,Baseline,273,827.221301,729877.643984,0.000000,0.522355,10
10,Baseline,274,823.772283,749774.111881,0.000000,0.532189,10
10,Baseline,275,823.384684,719484.300091,0.000000,0.578990,9
10,Proposed,0,934.643705,1991244.676560,0.000000,1.058005,6
10,Proposed,1,941.752948,1175184.908368,0.000000,0.676599,36
10,Proposed,2,949.700827,1112385.011404,0.000000,0.635347,36
10,Proposed,3,934.811030,1076696.003752,0.000000,0.624824,36
10,Proposed,4,935.329478,1094555.626163,0.000000,0.634773,36
10,Proposed,5,932.058637,1026671.356891,0.000000,0.597716,36
11,Baseline,0,841.776985,911206.521735,0.000000,0.609768,8
11,Baseline,1,841.776985,911206.521735,0.000000,0.609768,8
11,Baseline,2,835.093406,750840.491089,0.000000,0.551142,10
11,Baseline,3,835.093406,750840.491089,0.000000,0.551142,10
11,Baseline,4,832.053508,748656.267999,0.000000,0.574304,10
11,Baseline,5,832.053508,748656.267999,0.000000,0.574304,10
11,Baseline,6,826.382938,795665.497950,0.000000,0.504299,11
11,Baseline,7,826.382938,795665.497950,0.000000,0.504299,11
11,Baseline,8,825.996754,755663.563442,0.000000,0.487909,11
11,Baseline,9,825.996754,755663.563442,0.000000,0.487909,11
11,Baseline,10,817.464846,786302.340457,0.000000,0.496557,11
11,Baseline,11,817.464846,786302.340457,0.000000,0.496557,11
11,Baseline,12,813.391647,632033.353897,0.000000,0.563419,12
11,Baseline,13,813.391647,632033.353897,0.000000,0.563419,12
11,Baseline,14,813.868963,765259.989306,0.000000,0.505068,11
11,Baseline,15,813.375197,722353.373691,0.000000,0.565430,10
11,Baseline,16,813.375197,722353.373691,0.000000,0.565430,10
11,Baseline,17,813.375197,722353.373691,0.000000,0.565430,10
11,Baseline,18,813.375197,722353.373691,0.000000,0.565430,10
11,Baseline,19,813.375197,722353.373691,0.000000,0.565430,10
11,Baseline,20,813.375197,722353.373691,0.000000,0.565430,10
11,Baseline,21,813.868963,765259.989306,0.000000,0.505068,11
11,Baseline,22,813.868963,765259.989306,0.000000,0.505068,11
11,Baseline,23,813.375197,722353.373691,0.000000,0.565430,10
11,Baseline,24,813.868963,765259.989306,0.000000,0.505068,11
11,Baseline,25,813.375197,722353.373691,0.000000,0.565430,10
11,Baseline,26,813.868963,765259.989306,0.000000,0.505068,11
11,Baseline,27,813.868963,765259.989306,0.000000,0.505068,11
11,Baseline,28,813.868963,765259.989306,0.000000,0.505068,11
11,Baseline,29,813.375197,722353.373691,0.000000,0.565430,10
11,Baseline,30,813.868963,765259.989306,0.000000,0.505068,11
11,Baseline,31,813.868963,765259.989306,0.000000,0.505068,11
11,Baseline,32,813.868963,765259.989306,0.000000,0.505068,11
11,Baseline,33,813.375197,722353.373691,0.000000,0.565430,10
11,Baseline,34,813.391647,632033.353897,0.000000,0.563419,12
11,Baseline,35,813.375197,722353.373691,0.000000,0.565430,10
11,Baseline,36,813.375197,722353.373691,0.000000,0.565430,10
11,Baseline,37,813.375197,722353.373691,0.000000,0.565430,10
11,Baseline,38,813.375197,722353.373691,0.000000,0.565430,10
11,Baseline,39,813.868963,765259.989306,0.000000,0.505068,11
11,Baseline,40,813.868963,765259.989306,0.000000,0.505068,11
11,Baseline,41,813.868963,765259.989306,0.000000,0.505068,11
11,Baseline,42,813.375197,722353.373691,0.000000,0.565430,10
11,Baseline,43,813.375197,722353.373691,0.000000,0.565430,10
11,Baseline,44,813.375197,722353.373691,0.000000,0.565430,10
11,Baseline,45,813.868963,765259.989306,0.000000,0.505068,11
11,Baseline,46,813.868963,765259.989306,0.000000,0.505068,11
11,Baseline,47,813.391647,632033.353897,0.000000,0.563419,12
11,Baseline,48,813.375197,722353.373691,0.000000,0.565430,10
11,Baseline,49,813.375197,722353.373691,0.000000,0.565430,10
11,Baseline,50,813.375197,722353.373691,0.000000,0.565430,10
11,Baseline,51,813.375197,722353.373691,0.000000,0.565430,10
11,Baseline,52,813.868963,765259.989306,0.000000,0.505068,11
11,Baseline,53,813.375197,722353.373691,0.000000,0.565430,10
11,Baseline,54,813.375197,722353.373691,0.000000,0.565430,10
11,Baseline,55,813.375197,722353.373691,0.000000,0.565430,10
11,Baseline,56,813.375197,722353.373691,0.000000,0.565430,10
11,Baseline,57,813.868963,765259.989306,0.000000,0.505068,11
11,Baseline,58,813.868963,765259.989306,0.000000,0.505068,11
11,Baseline,59,813.375197,722353.373691,0.000000,0.565430,10
11,Baseline,60,813.375197,722353.373691,0.000000,0.565430,10
11,Baseline,61,813.375197,722353.373691,0.000000,0.565430,10
11,Baseline,62,813.375197,722353.373691,0.000000,0.565430,10
11,Baseline,63,813.868963,765259.989306,0.000000,0.505068,11
11,Baseline,64,813.375197,722353.373691,0.000000,0.565430,10
11,Baseline,65,813.375197,722353.373691,0.000000,0.565430,10
11,Baseline,66,813.375197,722353.373691,0.000000,0.565430,10
11,Baseline,67,813.375197,722353.373691,0.000000,0.565430,10
11,Baseline,68,813.375197,722353.373691,0.000000,0.565430,10
11,Baseline,69,813.375197,722353.373691,0.000000,0.565430,10
11,Baseline,70,813.375197,722353.373691,0.000000,0.565430,10
11,Baseline,71,813.868963,765259.989306,0.000000,0.505068,11
11,Baseline,72,813.868963,765259.989306,0.000000,0.505068,11
11,Baseline,73,813.868963,765259.989306,0.000000,0.505068,11
11,Baseline,74,813.868963,765259.989306,0.000000,0.505068,11
11,Baseline,75,813.375197,722353.373691,0.000000,0.565430,10
11,Baseline,76,813.868963,765259.989306,0.000000,0.505068,11
11,Baseline,77,813.868963,765259.989306,0.000000,0.505068,11
11,Baseline,78,813.391647,632033.353897,0.000000,0.563419,12
11,Baseline,79,813.868963,765259.989306,0.000000,0.505068,11
11,Baseline,80,813.375197,722353.373691,0.000000,0.565430,10
11,Baseline,81,813.375197,722353.373691,0.000000,0.565430,10
11,Baseline,82,813.375197,722353.373691,0.000000,0.565430,10
11,Baseline,83,813.375197,722353.373691,0.000000,0.565430,10
11,Baseline,84,813.375197,722353.373691,0.000000,0.565430,10
11,Baseline,85,813.375197,722353.373691,0.000000,0.565430,10
11,Baseline,86,813.375197,722353.373691,0.000000,0.565430,10
11,Baseline,87,813.375197,722353.373691,0.000000,0.565430,10
11,Baseline,88,813.868963,765259.989306,0.000000,0.505068,11
11,Baseline,89,813.868963,765259.989306,0.000000,0.505068,11
11,Baseline,90,813.375197,722353.373691,0.000000,0.565430,10
11,Baseline,91,813.868963,765259.989306,0.000000,0.505068,11
11,Baseline,92,813.375197,722353.373691,0.000000,0.565430,10
11,Baseline,93,813.375197,722353.373691,0.000000,0.565430,10
11,Baseline,94,813.868963,765259.989306,0.000000,0.505068,11
11,Baseline,95,813.868963,765259.989306,0.000000,0.505068,11
11,Baseline,96,813.868963,765259.989306,0.000000,0.505068,11
11,Baseline,97,813.868963,765259.989306,0.000000,0.505068,11
11,Baseline,98,813.375197,722353.373691,0.000000,0.565430,10
11,Baseline,99,813.375197,722353.373691,0.000000,0.565430,10
11,Baseline,100,813.868963,765259.989306,0.000000,0.505068,11
11,Baseline,101,813.375197,722353.373691,0.000000,0.565430,10
11,Baseline,102,813.375197,722353.373691,0.000000,0.565430,10
11,Baseline,103,813.375197,722353.373691,0.000000,0.565430,10
11,Baseline,104,813.375197,722353.373691,0.000000,0.565430,10
11,Baseline,105,813.868963,765259.989306,0.000000,0.505068,11
11,Baseline,106,813.868963,765259.989306,0.000000,0.505068,11
11,Baseline,107,813.375197,722353.373691,0.000000,0.565430,10
11,Baseline,108,813.868963,765259.989306,0.000000,0.505068,11
11,Baseline,109,813.375197,722353.373691,0.000000,0.565430,10
11,Baseline,110,813.375197,722353.373691,0.000000,0.565430,10
11,Baseline,111,813.868963,765259.989306,0.000000,0.505068,11
11,Baseline,112,813.868963,765259.989306,0.000000,0.505068,11
11,Baseline,113,813.375197,722353.373691,0.000000,0.565430,10
11,Baseline,114,813.868963,765259.989306,0.000000,0.505068,11
11,Baseline,115,813.375197,722353.373691,0.000000,0.565430,10
11,Baseline,116,813.375197,722353.373691,0.000000,0.565430,10
11,Baseline,117,813.375197,722353.373691,0.000000,0.565430,10
11,Baseline,118,813.375197,722353.373691,0.000000,0.565430,10
11,Baseline,119,813.375197,722353.373691,0.000000,0.565430,10
11,Baseline,120,813.375197,722353.373691,0.000000,0.565430,10
11,Baseline,121,813.375197,722353.373691,0.000000,0.565430,10
11,Baseline,122,813.375197,722353.373691,0.000000,0.565430,10
11,Baseline,123,813.375197,722353.373691,0.000000,0.565430,10
11,Baseline,124,813.375197,722353.373691,0.000000,0.565430,10
11,Baseline,125,813.868963,765259.989306,0.000000,0.505068,11
11,Baseline,126,813.868963,765259.989306,0.000000,0.505068,11
11,Baseline,127,813.375197,722353.373691,0.000000,0.565430,10
11,Baseline,128,813.375197,722353.373691,0.000000,0.565430,10
11,Baseline,129,813.375197,722353.373691,0.000000,0.565430,10
11,Baseline,130,813.391647,632033.353897,0.000000,0.563419,12
11,Baseline,131,813.375197,722353.373691,0.000000,0.565430,10
11,Baseline,132,813.868963,765259.989306,0.000000,0.505068,11
11,Baseline,133,813.375197,722353.373691,0.000000,0.565430,10
11,Baseline,134,813.375197,722353.373691,0.000000,0.565430,10
11,Baseline,135,813.375197,722353.373691,0.000000,0.565430,10
11,Baseline,136,813.375197,722353.373691,0.000000,0.565430,10
11,Baseline,137,813.391647,632033.353897,0.000000,0.563419,12
11,Baseline,138,813.375197,722353.373691,0.000000,0.565430,10
11,Baseline,139,813.375197,722353.373691,0.000000,0.565430,10
11,Baseline,140,813.375197,722353.373691,0.000000,0.565430,10
11,Baseline,141,813.391647,632033.353897,0.000000,0.563419,12
11,Baseline,142,813.375197,722353.373691,0.000000,0.565430,10
11,Baseline,143,813.868963,765259.989306,0.000000,0.505068,11
11,Baseline,144,813.868963,765259.989306,0.000000,0.505068,11
11,Baseline,145,813.868963,765259.989306,0.000000,0.505068,11
11,Baseline,146,813.868963,765259.989306,0.000000,0.505068,11
11,Baseline,147,813.375197,722353.373691,0.000000,0.565430,10
11,Baseline,148,813.375197,722353.373691,0.000000,0.565430,10
11,Baseline,149,813.375197,722353.373691,0.000000,0.565430,10
11,Baseline,150,813.375197,722353.373691,0.000000,0.565430,10
11,Baseline,151,813.375197,722353.373691,0.000000,0.565430,10
11,Baseline,152,813.375197,722353.373691,0.000000,0.565430,10
11,Baseline,153,813.375197,722353.373691,0.000000,0.565430,10
11,Baseline,154,813.375197,722353.373691,0.000000,0.565430,10
11,Baseline,155,813.375197,722353.373691,0.000000,0.565430,10
11,Baseline,156,813.375197,722353.373691,0.000000,0.565430,10
11,Baseline,157,813.375197,722353.373691,0.000000,0.565430,10
11,Baseline,158,813.375197,722353.373691,0.000000,0.565430,10
11,Baseline,159,813.868963,765259.989306,0.000000,0.505068,11
11,Baseline,160,813.375197,722353.373691,0.000000,0.565430,10
11,Baseline,161,813.375197,722353.373691,0.000000,0.565430,10
11,Baseline,162,813.375197,722353.373691,0.000000,0.565430,10
11,Baseline,163,813.868963,765259.989306,0.000000,0.505068,11
11,Baseline,164,813.868963,765259.989306,0.000000,0.505068,11
11,Baseline,165,813.375197,722353.373691,0.000000,0.565430,10
11,Baseline,166,813.375197,722353.373691,0.000000,0.565430,10
11,Baseline,167,813.375197,722353.373691,0.000000,0.565430,10
11,Baseline,168,813.375197,722353.373691,0.000000,0.565430,10
11,Baseline,169,813.375197,722353.373691,0.000000,0.565430,10
11,Baseline,170,813.375197,722353.373691,0.000000,0.565430,10
11,Baseline,171,813.375197,722353.373691,0.000000,0.565430,10
11,Baseline,172,813.868963,765259.989306,0.000000,0.505068,11
11,Baseline,173,813.868963,765259.989306,0.000000,0.505068,11
11,Baseline,174,813.868963,765259.989306,0.000000,0.505068,11
11,Baseline,175,813.868963,765259.989306,0.000000,0.505068,11
11,Baseline,176,813.868963,765259.989306,0.000000,0.505068,11
11,Baseline,177,813.375197,722353.373691,0.000000,0.565430,10
11,Baseline,178,813.375197,722353.373691,0.000000,0.565430,10
11,Baseline,179,813.375197,722353.373691,0.000000,0.565430,10
11,Baseline,180,813.375197,722353.373691,0.000000,0.565430,10
11,Baseline,181,813.375197,722353.373691,0.000000,0.565430,10
11,Baseline,182,813.868963,765259.989306,0.000000,0.505068,11
11,Baseline,183,813.375197,722353.373691,0.000000,0.565430,10
11,Baseline,184,813.868963,765259.989306,0.000000,0.505068,11
11,Baseline,185,813.868963,765259.989306,0.000000,0.505068,11
11,Baseline,186,813.868963,765259.989306,0.000000,0.505068,11
11,Baseline,187,813.868963,765259.989306,0.000000,0.505068,11
11,Baseline,188,813.868963,765259.989306,0.000000,0.505068,11
11,Baseline,189,813.868963,765259.989306,0.000000,0.505068,11
11,Baseline,190,813.868963,765259.989306,0.000000,0.505068,11
11,Baseline,191,813.868963,765259.989306,0.000000,0.505068,11
11,Baseline,192,813.375197,722353.373691,0.000000,0.565430,10
11,Baseline,193,813.375197,722353.373691,0.000000,0.565430,10
11,Baseline,194,813.375197,722353.373691,0.000000,0.565430,10
11,Baseline,195,813.868963,765259.989306,0.000000,0.505068,11
11,Baseline,196,813.375197,722353.373691,0.000000,0.565430,10
11,Baseline,197,813.375197,722353.373691,0.000000,0.565430,10
11,Baseline,198,813.868963,765259.989306,0.000000,0.505068,11
11,Baseline,199,813.868963,765259.989306,0.000000,0.505068,11
11,Baseline,200,813.375197,722353.373691,0.000000,0.565430,10
11,Baseline,201,813.868963,765259.989306,0.000000,0.505068,11
11,Baseline,202,813.868963,765259.989306,0.000000,0.505068,11
11,Baseline,203,813.868963,765259.989306,0.000000,0.505068,11
11,Baseline,204,813.868963,765259.989306,0.000000,0.505068,11
11,Baseline,205,813.868963,765259.989306,0.000000,0.505068,11
11,Baseline,206,813.375197,722353.373691,0.000000,0.565430,10
11,Baseline,207,813.375197,722353.373691,0.000000,0.565430,10
11,Baseline,208,813.375197,722353.373691,0.000000,0.565430,10
11,Baseline,209,813.375197,722353.373691,0.000000,0.565430,10
11,Baseline,210,813.868963,765259.989306,0.000000,0.505068,11
11,Baseline,211,813.375197,722353.373691,0.000000,0.565430,10
11,Baseline,212,813.375197,722353.373691,0.000000,0.565430,10
11,Baseline,213,813.375197,722353.373691,0.000000,0.565430,10
11,Baseline,214,813.375197,722353.373691,0.000000,0.565430,10
11,Baseline,215,813.375197,722353.373691,0.000000,0.565430,10
11,Baseline,216,813.375197,722353.373691,0.000000,0.565430,10
11,Baseline,217,813.375197,722353.373691,0.000000,0.565430,10
11,Baseline,218,813.375197,722353.373691,0.000000,0.565430,10
11,Baseline,219,813.868963,765259.989306,0.000000,0.505068,11
11,Baseline,220,813.868963,765259.989306,0.000000,0.505068,11
11,Baseline,221,813.375197,722353.373691,0.000000,0.565430,10
11,Baseline,222,813.375197,722353.373691,0.000000,0.565430,10
11,Baseline,223,813.375197,722353.373691,0.000000,0.565430,10
11,Baseline,224,813.375197,722353.373691,0.000000,0.565430,10
11,Baseline,225,813.868963,765259.989306,0.000000,0.505068,11
11,Baseline,226,813.868963,765259.989306,0.000000,0.505068,11
11,Baseline,227,813.391647,632033.353897,0.000000,0.563419,12
11,Baseline,228,813.868963,765259.989306,0.000000,0.505068,11
11,Baseline,229,813.375197,722353.373691,0.000000,0.565430,10
11,Baseline,230,813.375197,722353.373691,0.000000,0.565430,10
11,Baseline,231,813.868963,765259.989306,0.000000,0.505068,11
11,Baseline,232,813.868963,765259.989306,0.000000,0.505068,11
11,Baseline,233,813.868963,765259.989306,0.000000,0.505068,11
11,Baseline,234,813.868963,765259.989306,0.000000,0.505068,11
11,Baseline,235,813.868963,765259.989306,0.000000,0.505068,11
11,Baseline,236,813.375197,722353.373691,0.000000,0.565430,10
11,Baseline,237,813.375197,722353.373691,0.000000,0.565430,10
11,Baseline,238,813.375197,722353.373691,0.000000,0.565430,10
11,Baseline,239,813.375197,722353.373691,0.000000,0.565430,10
11,Baseline,240,813.375197,722353.373691,0.000000,0.565430,10
11,Baseline,241,813.375197,722353.373691,0.000000,0.565430,10
11,Baseline,242,813.868963,765259.989306,0.000000,0.505068,11
11,Baseline,243,813.868963,765259.989306,0.000000,0.505068,11
11,Baseline,244,813.375197,722353.373691,0.000000,0.565430,10
11,Baseline,245,813.868963,765259.989306,0.000000,0.505068,11
11,Baseline,246,813.375197,722353.373691,0.000000,0.565430,10
11,Baseline,247,813.868963,765259.989306,0.000000,0.505068,11
11,Baseline,248,813.868963,765259.989306,0.000000,0.505068,11
11,Baseline,249,813.868963,765259.989306,0.000000,0.505068,11
11,Baseline,250,813.868963,765259.989306,0.000000,0.505068,11
11,Baseline,251,813.868963,765259.989306,0.000000,0.505068,11
11,Baseline,252,813.375197,722353.373691,0.000000,0.565430,10
11,Baseline,253,813.868963,765259.989306,0.000000,0.505068,11
11,Baseline,254,813.868963,765259.989306,0.000000,0.505068,11
11,Baseline,255,813.868963,765259.989306,0.000000,0.505068,11
11,Baseline,256,813.375197,722353.373691,0.000000,0.565430,10
11,Baseline,257,813.868963,765259.989306,0.000000,0.505068,11
11,Baseline,258,813.868963,765259.989306,0.000000,0.505068,11
11,Baseline,259,813.868963,765259.989306,0.000000,0.505068,11
11,Baseline,260,813.868963,765259.989306,0.000000,0.505068,11
11,Baseline,261,813.868963,765259.989306,0.000000,0.505068,11
11,Baseline,262,813.868963,765259.989306,0.000000,0.505068,11
11,Baseline,263,813.375197,722353.373691,0.000000,0.565430,10
11,Baseline,264,813.375197,722353.373691,0.000000,0.565430,10
11,Baseline,265,813.868963,765259.989306,0.000000,0.505068,11
11,Baseline,266,813.868963,765259.989306,0.000000,0.505068,11
11,Baseline,267,813.868963,765259.989306,0.000000,0.505068,11
11,Baseline,268,813.868963,765259.989306,0.000000,0.505068,11
11,Baseline,269,813.868963,765259.989306,0.000000,0.505068,11
11,Baseline,270,813.375197,722353.373691,0.000000,0.565430,10
11,Baseline,271,813.375197,722353.373691,0.000000,0.565430,10
11,Baseline,272,813.868963,765259.989306,0.000000,0.505068,11
11,Baseline,273,813.375197,722353.373691,0.000000,0.565430,10
11,Baseline,274,813.375197,722353.373691,0.000000,0.565430,10
11,Baseline,275,813.375197,722353.373691,0.000000,0.565430,10
11,Baseline,276,813.868963,765259.989306,0.000000,0.505068,11
11,Baseline,277,813.868963,765259.989306,0.000000,0.505068,11
11,Baseline,278,813.868963,765259.989306,0.000000,0.505068,11
11,Baseline,279,813.868963,765259.989306,0.000000,0.505068,11
11,Baseline,280,813.375197,722353.373691,0.000000,0.565430,10
11,Baseline,281,813.375197,722353.373691,0.000000,0.565430,10
11,Baseline,282,813.375197,722353.373691,0.000000,0.565430,10
11,Baseline,283,813.868963,765259.989306,0.000000,0.505068,11
11,Baseline,284,813.868963,765259.989306,0.000000,0.505068,11
11,Baseline,285,813.375197,722353.373691,0.000000,0.565430,10
11,Baseline,286,813.375197,722353.373691,0.000000,0.565430,10
11,Baseline,287,813.375197,722353.373691,0.000000,0.565430,10
11,Baseline,288,813.391647,632033.353897,0.000000,0.563419,12
11,Baseline,289,813.868963,765259.989306,0.000000,0.505068,11
11,Baseline,290,813.375197,722353.373691,0.000000,0.565430,10
11,Baseline,291,813.375197,722353.373691,0.000000,0.565430,10
11,Baseline,292,813.868963,765259.989306,0.000000,0.505068,11
11,Baseline,293,813.375197,722353.373691,0.000000,0.565430,10
11,Baseline,294,813.375197,722353.373691,0.000000,0.565430,10
11,Baseline,295,813.868963,765259.989306,0.000000,0.505068,11
11,Baseline,296,813.868963,765259.989306,0.000000,0.505068,11
11,Baseline,297,813.391647,632033.353897,0.000000,0.563419,12
11,Baseline,298,813.391647,632033.353897,0.000000,0.563419,12
11,Baseline,299,813.375197,722353.373691,0.000000,0.565430,10
11,Proposed,0,947.529698,1083938.894186,0.000000,0.620610,36
11,Proposed,1,939.311761,1037585.218020,0.000000,0.599396,36
12,Baseline,0,833.358892,677053.921173,0.000000,0.594290,9
12,Baseline,1,833.358892,677053.921173,0.000000,0.594290,9
12,Baseline,2,833.358892,677053.921173,0.000000,0.594290,9
12,Baseline,3,833.358892,677053.921173,0.000000,0.594290,9
12,Baseline,4,833.358892,677053.921173,0.000000,0.594290,9
12,Baseline,5,833.358892,677053.921173,0.000000,0.594290,9
12,Baseline,6,833.358892,677053.921173,0.000000,0.594290,9
12,Baseline,7,833.358892,677053.921173,0.000000,0.594290,9
12,Baseline,8,833.358892,677053.921173,0.000000,0.594290,9
12,Baseline,9,833.358892,677053.921173,0.000000,0.594290,9
12,Baseline,10,833.358892,677053.921173,0.000000,0.594290,9
12,Baseline,11,833.358892,677053.921173,0.000000,0.594290,9
12,Baseline,12,833.358892,677053.921173,0.000000,0.594290,9
12,Baseline,13,833.358892,677053.921173,0.000000,0.594290,9
12,Baseline,14,833.358892,677053.921173,0.000000,0.594290,9
12,Baseline,15,833.358892,677053.921173,0.000000,0.594290,9
12,Baseline,16,833.358892,677053.921173,0.000000,0.594290,9
12,Baseline,17,833.358892,677053.921173,0.000000,0.594290,9
12,Baseline,18,833.358892,677053.921173,0.000000,0.594290,9
12,Baseline,19,833.358892,677053.921173,0.000000,0.594290,9
12,Baseline,20,833.358892,677053.921173,0.000000,0.594290,9
12,Baseline,21,833.358892,677053.921173,0.000000,0.594290,9
12,Baseline,22,833.358892,677053.921173,0.000000,0.594290,9
12,Baseline,23,833.358892,677053.921173,0.000000,0.594290,9
12,Baseline,24,833.358892,677053.921173,0.000000,0.594290,9
12,Baseline,25,833.358892,677053.921173,0.000000,0.594290,9
12,Baseline,26,833.358892,677053.921173,0.000000,0.594290,9
12,Baseline,27,833.358892,677053.921173,0.000000,0.594290,9
12,Baseline,28,833.358892,677053.921173,0.000000,0.594290,9
12,Baseline,29,833.358892,677053.921173,0.000000,0.594290,9
12,Baseline,30,833.358892,677053.921173,0.000000,0.594290,9
12,Baseline,31,833.358892,677053.921173,0.000000,0.594290,9
12,Baseline,32,833.358892,677053.921173,0.000000,0.594290,9
12,Baseline,33,833.358892,677053.921173,0.000000,0.594290,9
12,Baseline,34,833.358892,677053.921173,0.000000,0.594290,9
12,Baseline,35,833.358892,677053.921173,0.000000,0.594290,9
12,Baseline,36,833.358892,677053.921173,0.000000,0.594290,9
12,Baseline,37,833.358892,677053.921173,0.000000,0.594290,9
12,Baseline,38,833.358892,677053.921173,0.000000,0.594290,9
12,Baseline,39,833.358892,677053.921173,0.000000,0.594290,9
12,Baseline,40,833.358892,677053.921173,0.000000,0.594290,9
12,Baseline,41,833.358892,677053.921173,0.000000,0.594290,9
12,Baseline,42,833.358892,677053.921173,0.000000,0.594290,9
12,Baseline,43,833.358892,677053.921173,0.000000,0.594290,9
12,Baseline,44,833.358892,677053.921173,0.000000,0.594290,9
12,Baseline,45,833.358892,677053.921173,0.000000,0.594290,9
12,Baseline,46,833.358892,677053.921173,0.000000,0.594290,9
12,Baseline,47,833.358892,677053.921173,0.000000,0.594290,9
12,Baseline,48,833.358892,677053.921173,0.000000,0.594290,9
12,Baseline,49,833.358892,677053.921173,0.000000,0.594290,9
12,Baseline,50,833.358892,677053.921173,0.000000,0.594290,9
12,Baseline,51,833.358892,677053.921173,0.000000,0.594290,9
12,Baseline,52,833.358892,677053.921173,0.000000,0.594290,9
12,Baseline,53,833.358892,677053.921173,0.000000,0.594290,9
12,Baseline,54,833.358892,677053.921173,0.000000,0.594290,9
12,Baseline,55,833.358892,677053.921173,0.000000,0.594290,9
12,Baseline,56,833.358892,677053.921173,0.000000,0.594290,9
12,Baseline,57,833.358892,677053.921173,0.000000,0.594290,9
12,Baseline,58,833.358892,677053.921173,0.000000,0.594290,9
12,Baseline,59,833.358892,677053.921173,0.000000,0.594290,9
12,Baseline,60,833.358892,677053.921173,0.000000,0.594290,9
12,Baseline,61,833.358892,677053.921173,0.000000,0.594290,9
12,Baseline,62,833.358892,677053.921173,0.000000,0.594290,9
12,Baseline,63,833.358892,677053.921173,0.000000,0.594290,9
12,Baseline,64,833.358892,677053.921173,0.000000,0.594290,9
12,Baseline,65,833.358892,677053.921173,0.000000,0.594290,9
12,Baseline,66,833.358892,677053.921173,0.000000,0.594290,9
12,Baseline,67,833.358892,677053.921173,0.000000,0.594290,9
12,Baseline,68,833.358892,677053.921173,0.000000,0.594290,9
12,Baseline,69,833.358892,677053.921173,0.000000,0.594290,9
12,Baseline,70,833.358892,677053.921173,0.000000,0.594290,9
12,Baseline,71,833.358892,677053.921173,0.000000,0.594290,9
12,Baseline,72,833.358892,677053.921173,0.000000,0.594290,9
12,Baseline,73,833.358892,677053.921173,0.000000,0.594290,9
12,Baseline,74,833.358892,677053.921173,0.000000,0.594290,9
12,Baseline,75,833.358892,677053.921173,0.000000,0.594290,9
12,Baseline,76,833.358892,677053.921173,0.000000,0.594290,9
12,Baseline,77,833.358892,677053.921173,0.000000,0.594290,9
12,Baseline,78,833.358892,677053.921173,0.000000,0.594290,9
12,Baseline,79,833.358892,677053.921173,0.000000,0.594290,9
12,Baseline,80,833.358892,677053.921173,0.000000,0.594290,9
12,Baseline,81,833.358892,677053.921173,0.000000,0.594290,9
12,Baseline,82,833.358892,677053.921173,0.000000,0.594290,9
12,Baseline,83,833.358892,677053.921173,0.000000,0.594290,9
12,Baseline,84,833.358892,677053.921173,0.000000,0.594290,9
12,Baseline,85,833.358892,677053.921173,0.000000,0.594290,9
12,Baseline,86,833.358892,677053.921173,0.000000,0.594290,9
12,Baseline,87,833.358892,677053.921173,0.000000,0.594290,9
12,Baseline,88,833.358892,677053.921173,0.000000,0.594290,9
12,Baseline,89,833.358892,677053.921173,0.000000,0.594290,9
12,Baseline,90,833.358892,677053.921173,0.000000,0.594290,9
12,Baseline,91,833.358892,677053.921173,0.000000,0.594290,9
12,Baseline,92,833.358892,677053.921173,0.000000,0.594290,9
12,Baseline,93,833.358892,677053.921173,0.000000,0.594290,9
12,Baseline,94,833.358892,677053.921173,0.000000,0.594290,9
12,Baseline,95,833.358892,677053.921173,0.000000,0.594290,9
12,Baseline,96,833.358892,677053.921173,0.000000,0.594290,9
12,Baseline,97,833.358892,677053.921173,0.000000,0.594290,9
12,Baseline,98,833.358892,677053.921173,0.000000,0.594290,9
12,Baseline,99,833.358892,677053.921173,0.000000,0.594290,9
12,Baseline,100,833.358892,677053.921173,0.000000,0.594290,9
12,Baseline,101,833.358892,677053.921173,0.000000,0.594290,9
12,Baseline,102,833.358892,677053.921173,0.000000,0.594290,9
12,Baseline,103,833.358892,677053.921173,0.000000,0.594290,9
12,Baseline,104,833.358892,677053.921173,0.000000,0.594290,9
12,Baseline,105,833.358892,677053.921173,0.000000,0.594290,9
12,Baseline,106,833.358892,677053.921173,0.000000,0.594290,9
12,Baseline,107,833.358892,677053.921173,0.000000,0.594290,9
12,Baseline,108,833.358892,677053.921173,0.000000,0.594290,9
12,Baseline,109,833.358892,677053.921173,0.000000,0.594290,9
12,Baseline,110,833.358892,677053.921173,0.000000,0.594290,9
12,Baseline,111,833.358892,677053.921173,0.000000,0.594290,9
12,Baseline,112,833.358892,677053.921173,0.000000,0.594290,9
12,Baseline,113,833.358892,677053.921173,0.000000,0.594290,9
12,Baseline,114,833.358892,677053.921173,0.000000,0.594290,9
12,Baseline,115,833.358892,677053.921173,0.000000,0.594290,9
12,Baseline,116,833.358892,677053.921173,0.000000,0.594290,9
12,Baseline,117,833.358892,677053.921173,0.000000,0.594290,9
12,Baseline,118,833.147589,901830.930221,0.000000,0.619495,8
12,Baseline,119,833.358892,677053.921173,0.000000,0.594290,9
12,Baseline,120,833.358892,677053.921173,0.000000,0.594290,9
12,Baseline,121,833.358892,677053.921173,0.000000,0.594290,9
12,Baseline,122,833.358892,677053.921173,0.000000,0.594290,9
12,Baseline,123,833.358892,677053.921173,0.000000,0.594290,9
12,Baseline,124,833.358892,677053.921173,0.000000,0.594290,9
12,Baseline,125,833.358892,677053.921173,0.000000,0.594290,9
12,Baseline,126,833.358892,677053.921173,0.000000,0.594290,9
12,Baseline,127,833.358892,677053.921173,0.000000,0.594290,9
12,Baseline,128,833.358892,677053.921173,0.000000,0.594290,9
12,Baseline,129,833.358892,677053.921173,0.000000,0.594290,9
12,Baseline,130,833.358892,677053.921173,0.000000,0.594290,9
12,Baseline,131,833.358892,677053.921173,0.000000,0.594290,9
12,Baseline,132,833.358892,677053.921173,0.000000,0.594290,9
12,Baseline,133,833.358892,677053.921173,0.000000,0.594290,9
12,Baseline,134,833.358892,677053.921173,0.000000,0.594290,9
12,Baseline,135,833.358892,677053.921173,0.000000,0.594290,9
12,Baseline,136,833.358892,677053.921173,0.000000,0.594290,9
12,Baseline,137,833.358892,677053.921173,0.000000,0.594290,9
12,Baseline,138,833.358892,677053.921173,0.000000,0.594290,9
12,Baseline,139,833.358892,677053.921173,0.000000,0.594290,9
12,Baseline,140,833.358892,677053.921173,0.000000,0.594290,9
12,Baseline,141,833.358892,677053.921173,0.000000,0.594290,9
12,Baseline,142,833.358892,677053.921173,0.000000,0.594290,9
12,Baseline,143,833.358892,677053.921173,0.000000,0.594290,9
12,Baseline,144,833.358892,677053.921173,0.000000,0.594290,9
12,Baseline,145,833.358892,677053.921173,0.000000,0.594290,9
12,Baseline,146,833.358892,677053.921173,0.000000,0.594290,9
12,Baseline,147,833.358892,677053.921173,0.000000,0.594290,9
12,Baseline,148,833.358892,677053.921173,0.000000,0.594290,9
12,Baseline,149,833.358892,677053.921173,0.000000,0.594290,9
12,Baseline,150,833.358892,677053.921173,0.000000,0.594290,9
12,Baseline,151,833.358892,677053.921173,0.000000,0.594290,9
12,Baseline,152,833.358892,677053.921173,0.000000,0.594290,9
12,Baseline,153,833.358892,677053.921173,0.000000,0.594290,9
12,Baseline,154,833.358892,677053.921173,0.000000,0.594290,9
12,Baseline,155,833.358892,677053.921173,0.000000,0.594290,9
12,Baseline,156,833.358892,677053.921173,0.000000,0.594290,9
12,Baseline,157,833.358892,677053.921173,0.000000,0.594290,9
12,Baseline,158,833.358892,677053.921173,0.000000,0.594290,9
12,Baseline,159,833.358892,677053.921173,0.000000,0.594290,9
12,Baseline,160,833.358892,677053.921173,0.000000,0.594290,9
12,Baseline,161,833.358892,677053.921173,0.000000,0.594290,9
12,Baseline,162,833.358892,677053.921173,0.000000,0.594290,9
12,Baseline,163,833.358892,677053.921173,0.000000,0.594290,9
12,Baseline,164,833.358892,677053.921173,0.000000,0.594290,9
12,Baseline,165,833.358892,677053.921173,0.000000,0.594290,9
12,Baseline,166,833.358892,677053.921173,0.000000,0.594290,9
12,Baseline,167,833.358892,677053.921173,0.000000,0.594290,9
12,Baseline,168,833.358892,677053.921173,0.000000,0.594290,9
12,Baseline,169,833.358892,677053.921173,0.000000,0.594290,9
12,Baseline,170,833.358892,677053.921173,0.000000,0.594290,9
12,Baseline,171,833.358892,677053.921173,0.000000,0.594290,9
12,Baseline,172,833.358892,677053.921173,0.000000,0.594290,9
12,Baseline,173,833.358892,677053.921173,0.000000,0.594290,9
12,Baseline,174,833.358892,677053.921173,0.000000,0.594290,9
12,Baseline,175,833.358892,677053.921173,0.000000,0.594290,9
12,Baseline,176,833.358892,677053.921173,0.000000,0.594290,9
12,Baseline,177,833.358892,677053.921173,0.000000,0.594290,9
12,Baseline,178,833.358892,677053.921173,0.000000,0.594290,9
12,Baseline,179,833.358892,677053.921173,0.000000,0.594290,9
12,Baseline,180,833.358892,677053.921173,0.000000,0.594290,9
12,Baseline,181,833.358892,677053.921173,0.000000,0.594290,9
12,Baseline,182,833.358892,677053.921173,0.000000,0.594290,9
12,Baseline,183,833.358892,677053.921173,0.000000,0.594290,9
12,Baseline,184,833.358892,677053.921173,0.000000,0.594290,9
12,Baseline,185,833.358892,677053.921173,0.000000,0.594290,9
12,Baseline,186,833.358892,677053.921173,0.000000,0.594290,9
12,Baseline,187,833.358892,677053.921173,0.000000,0.594290,9
12,Baseline,188,833.358892,677053.921173,0.000000,0.594290,9
12,Baseline,189,833.358892,677053.921173,0.000000,0.594290,9
12,Baseline,190,833.358892,677053.921173,0.000000,0.594290,9
12,Baseline,191,833.358892,677053.921173,0.000000,0.594290,9
12,Baseline,192,833.358892,677053.921173,0.000000,0.594290,9
12,Baseline,193,833.358892,677053.921173,0.000000,0.594290,9
12,Baseline,194,833.358892,677053.921173,0.000000,0.594290,9
12,Baseline,195,833.358892,677053.921173,0.000000,0.594290,9
12,Baseline,196,833.358892,677053.921173,0.000000,0.594290,9
12,Baseline,197,833.358892,677053.921173,0.000000,0.594290,9
12,Baseline,198,833.358892,677053.921173,0.000000,0.594290,9
12,Baseline,199,833.358892,677053.921173,0.000000,0.594290,9
12,Baseline,200,833.358892,677053.921173,0.000000,0.594290,9
12,Baseline,201,833.358892,677053.921173,0.000000,0.594290,9
12,Baseline,202,833.358892,677053.921173,0.000000,0.594290,9
12,Baseline,203,833.358892,677053.921173,0.000000,0.594290,9
12,Baseline,204,833.358892,677053.921173,0.000000,0.594290,9
12,Baseline,205,833.358892,677053.921173,0.000000,0.594290,9
12,Baseline,206,833.358892,677053.921173,0.000000,0.594290,9
12,Baseline,207,833.358892,677053.921173,0.000000,0.594290,9
12,Baseline,208,833.358892,677053.921173,0.000000,0.594290,9
12,Baseline,209,833.358892,677053.921173,0.000000,0.594290,9
12,Baseline,210,833.358892,677053.921173,0.000000,0.594290,9
12,Baseline,211,833.358892,677053.921173,0.000000,0.594290,9
12,Baseline,212,833.358892,677053.921173,0.000000,0.594290,9
12,Baseline,213,833.358892,677053.921173,0.000000,0.594290,9
12,Baseline,214,833.358892,677053.921173,0.000000,0.594290,9
12,Baseline,215,833.358892,677053.921173,0.000000,0.594290,9
12,Baseline,216,833.358892,677053.921173,0.000000,0.594290,9
12,Baseline,217,833.358892,677053.921173,0.000000,0.594290,9
12,Baseline,218,833.358892,677053.921173,0.000000,0.594290,9
12,Baseline,219,833.358892,677053.921173,0.000000,0.594290,9
12,Baseline,220,833.358892,677053.921173,0.000000,0.594290,9
12,Baseline,221,833.358892,677053.921173,0.000000,0.594290,9
12,Baseline,222,833.358892,677053.921173,0.000000,0.594290,9
12,Baseline,223,833.358892,677053.921173,0.000000,0.594290,9
12,Baseline,224,833.358892,677053.921173,0.000000,0.594290,9
12,Baseline,225,833.358892,677053.921173,0.000000,0.594290,9
12,Baseline,226,833.358892,677053.921173,0.000000,0.594290,9
12,Baseline,227,833.358892,677053.921173,0.000000,0.594290,9
12,Baseline,228,833.358892,677053.921173,0.000000,0.594290,9
12,Baseline,229,833.358892,677053.921173,0.000000,0.594290,9
12,Baseline,230,833.358892,677053.921173,0.000000,0.594290,9
12,Baseline,231,833.358892,677053.921173,0.000000,0.594290,9
12,Baseline,232,833.358892,677053.921173,0.000000,0.594290,9
12,Baseline,233,833.358892,677053.921173,0.000000,0.594290,9
12,Baseline,234,833.358892,677053.921173,0.000000,0.594290,9
12,Baseline,235,833.358892,677053.921173,0.000000,0.594290,9
12,Baseline,236,833.358892,677053.921173,0.000000,0.594290,9
12,Baseline,237,833.358892,677053.921173,0.000000,0.594290,9
12,Baseline,238,833.358892,677053.921173,0.000000,0.594290,9
12,Baseline,239,833.358892,677053.921173,0.000000,0.594290,9
12,Baseline,240,833.358892,677053.921173,0.000000,0.594290,9
12,Baseline,241,833.358892,677053.921173,0.000000,0.594290,9
12,Baseline,242,833.358892,677053.921173,0.000000,0.594290,9
12,Baseline,243,833.358892,677053.921173,0.000000,0.594290,9
12,Baseline,244,833.358892,677053.921173,0.000000,0.594290,9
12,Baseline,245,833.358892,677053.921173,0.000000,0.594290,9
12,Baseline,246,833.358892,677053.921173,0.000000,0.594290,9
12,Baseline,247,833.358892,677053.921173,0.000000,0.594290,9
12,Baseline,248,833.358892,677053.921173,0.000000,0.594290,9
12,Baseline,249,833.358892,677053.921173,0.000000,0.594290,9
12,Baseline,250,833.358892,677053.921173,0.000000,0.594290,9
12,Baseline,251,833.358892,677053.921173,0.000000,0.594290,9
12,Baseline,252,833.358892,677053.921173,0.000000,0.594290,9
12,Baseline,253,833.358892,677053.921173,0.000000,0.594290,9
12,Baseline,254,833.358892,677053.921173,0.000000,0.594290,9
12,Baseline,255,833.358892,677053.921173,0.000000,0.594290,9
12,Baseline,256,833.358892,677053.921173,0.000000,0.594290,9
12,Baseline,257,833.358892,677053.921173,0.000000,0.594290,9
12,Baseline,258,833.358892,677053.921173,0.000000,0.594290,9
12,Baseline,259,833.358892,677053.921173,0.000000,0.594290,9
12,Baseline,260,833.358892,677053.921173,0.000000,0.594290,9
12,Baseline,261,833.358892,677053.921173,0.000000,0.594290,9
12,Baseline,262,833.358892,677053.921173,0.000000,0.594290,9
12,Baseline,263,833.358892,677053.921173,0.000000,0.594290,9
12,Baseline,264,833.358892,677053.921173,0.000000,0.594290,9
12,Baseline,265,833.358892,677053.921173,0.000000,0.594290,9
12,Baseline,266,833.358892,677053.921173,0.000000,0.594290,9
12,Baseline,267,833.358892,677053.921173,0.000000,0.594290,9
12,Baseline,268,833.358892,677053.921173,0.000000,0.594290,9
12,Baseline,269,833.358892,677053.921173,0.000000,0.594290,9
12,Baseline,270,833.358892,677053.921173,0.000000,0.594290,9
12,Baseline,271,833.358892,677053.921173,0.000000,0.594290,9
12,Baseline,272,833.358892,677053.921173,0.000000,0.594290,9
12,Baseline,273,833.358892,677053.921173,0.000000,0.594290,9
12,Baseline,274,833.358892,677053.921173,0.000000,0.594290,9
12,Baseline,275,833.358892,677053.921173,0.000000,0.594290,9
12,Baseline,276,833.358892,677053.921173,0.000000,0.594290,9
12,Baseline,277,833.358892,677053.921173,0.000000,0.594290,9
12,Baseline,278,833.358892,677053.921173,0.000000,0.594290,9
12,Baseline,279,833.358892,677053.921173,0.000000,0.594290,9
12,Baseline,280,833.358892,677053.921173,0.000000,0.594290,9
12,Baseline,281,833.358892,677053.921173,0.000000,0.594290,9
12,Baseline,282,833.358892,677053.921173,0.000000,0.594290,9
12,Baseline,283,833.358892,677053.921173,0.000000,0.594290,9
12,Baseline,284,833.358892,677053.921173,0.000000,0.594290,9
12,Baseline,285,833.358892,677053.921173,0.000000,0.594290,9
12,Baseline,286,833.358892,677053.921173,0.000000,0.594290,9
12,Baseline,287,833.358892,677053.921173,0.000000,0.594290,9
12,Baseline,288,830.969653,865348.328127,0.000000,0.558902,8
12,Baseline,289,831.003815,681760.196627,0.000000,0.554814,9
12,Baseline,290,825.928470,687903.686631,0.000000,0.592266,9
12,Baseline,291,825.928470,687903.686631,0.000000,0.592266,9
12,Baseline,292,824.590548,687299.695868,0.000000,0.583212,9
12,Baseline,293,824.590548,687299.695868,0.000000,0.583212,9
12,Baseline,294,819.010383,796125.978786,0.000000,0.563553,8
12,Baseline,295,819.010383,796125.978786,0.000000,0.563553,8
12,Baseline,296,817.691817,795744.988971,0.000000,0.553072,8
12,Baseline,297,817.691817,795744.988971,0.000000,0.553072,8
12,Baseline,298,815.833756,675273.017880,0.000000,0.607143,9
12,Baseline,299,815.833756,675273.017880,0.000000,0.607143,9
12,Proposed,0,942.220786,1082808.791394,0.000000,0.623438,36
12,Proposed,1,938.184227,1092777.840143,0.000000,0.631832,36
12,Proposed,2,935.060551,1127038.245181,0.000000,0.653674,36
12,Proposed,3,940.761892,1045347.987402,0.000000,0.602928,36
13,Baseline,0,848.974680,1091864.548504,0.000000,0.546313,7
13,Baseline,1,848.974680,1091864.548504,0.000000,0.546313,7
13,Baseline,2,848.974680,1091864.548504,0.000000,0.546313,7
13,Baseline,3,847.838982,1074544.661164,0.000000,0.679355,6
13,Baseline,4,848.974680,1091864.548504,0.000000,0.546313,7
13,Baseline,5,848.974680,1091864.548504,0.000000,0.546313,7
13,Baseline,6,848.974680,1091864.548504,0.000000,0.546313,7
13,Baseline,7,847.838982,1074544.661164,0.000000,0.679355,6
13,Baseline,8,848.622041,961520.321727,0.000000,0.587623,8
13,Baseline,9,848.622041,961520.321727,0.000000,0.587623,8
13,Baseline,10,847.838982,1074544.661164,0.000000,0.679355,6
13,Baseline,11,847.838982,1074544.661164,0.000000,0.679355,6
13,Baseline,12,848.622041,961520.321727,0.000000,0.587623,8
13,Baseline,13,848.974680,1091864.548504,0.000000,0.546313,7
13,Baseline,14,848.974680,1091864.548504,0.000000,0.546313,7
13,Baseline,15,847.838982,1074544.661164,0.000000,0.679355,6
13,Baseline,16,847.838982,1074544.661164,0.000000,0.679355,6
13,Baseline,17,848.974680,1091864.548504,0.000000,0.546313,7
13,Baseline,18,847.838982,1074544.661164,0.000000,0.679355,6
13,Baseline,19,847.838982,1074544.661164,0.000000,0.679355,6
13,Baseline,20,848.974680,1091864.548504,0.000000,0.546313,7
13,Baseline,21,848.974680,1091864.548504,0.000000,0.546313,7
13,Baseline,22,848.974680,1091864.548504,0.000000,0.546313,7
13,Baseline,23,848.974680,1091864.548504,0.000000,0.546313,7
13,Baseline,24,848.974680,1091864.548504,0.000000,0.546313,7
13,Baseline,25,848.974680,1091864.548504,0.000000,0.546313,7
13,Baseline,26,847.838982,1074544.661164,0.000000,0.679355,6
13,Baseline,27,847.838982,1074544.661164,0.000000,0.679355,6
13,Baseline,28,848.974680,1091864.548504,0.000000,0.546313,7
13,Baseline,29,848.974680,1091864.548504,0.000000,0.546313,7
13,Baseline,30,848.974680,1091864.548504,0.000000,0.546313,7
13,Baseline,31,848.974680,1091864.548504,0.000000,0.546313,7
13,Baseline,32,848.974680,1091864.548504,0.000000,0.546313,7
13,Baseline,33,847.838982,1074544.661164,0.000000,0.679355,6
13,Baseline,34,847.838982,1074544.661164,0.000000,0.679355,6
13,Baseline,35,847.838982,1074544.661164,0.000000,0.679355,6
13,Baseline,36,848.974680,1091864.548504,0.000000,0.546313,7
13,Baseline,37,848.974680,1091864.548504,0.000000,0.546313,7
13,Baseline,38,848.622041,961520.321727,0.000000,0.587623,8
13,Baseline,39,848.974680,1091864.548504,0.000000,0.546313,7
13,Baseline,40,848.974680,1091864.548504,0.000000,0.546313,7
13,Baseline,41,848.974680,1091864.548504,0.000000,0.546313,7
13,Baseline,42,848.974680,1091864.548504,0.000000,0.546313,7
13,Baseline,43,848.974680,1091864.548504,0.000000,0.546313,7
13,Baseline,44,848.974680,1091864.548504,0.000000,0.546313,7
13,Baseline,45,848.974680,1091864.548504,0.000000,0.546313,7
13,Baseline,46,848.974680,1091864.548504,0.000000,0.546313,7
13,Baseline,47,847.838982,1074544.661164,0.000000,0.679355,6
13,Baseline,48,847.838982,1074544.661164,0.000000,0.679355,6
13,Baseline,49,847.838982,1074544.661164,0.000000,0.679355,6
13,Baseline,50,847.838982,1074544.661164,0.000000,0.679355,6
13,Baseline,51,848.622041,961520.321727,0.000000,0.587623,8
13,Baseline,52,848.622041,961520.321727,0.000000,0.587623,8
13,Baseline,53,848.974680,1091864.548504,0.000000,0.546313,7
13,Baseline,54,847.838982,1074544.661164,0.000000,0.679355,6
13,Baseline,55,847.838982,1074544.661164,0.000000,0.679355,6
13,Baseline,56,848.974680,1091864.548504,0.000000,0.546313,7
13,Baseline,57,848.974680,1091864.548504,0.000000,0.546313,7
13,Baseline,58,847.838982,1074544.661164,0.000000,0.679355,6
13,Baseline,59,848.974680,1091864.548504,0.000000,0.546313,7
13,Baseline,60,848.974680,1091864.548504,0.000000,0.546313,7
13,Baseline,61,848.974680,1091864.548504,0.000000,0.546313,7
13,Baseline,62,848.974680,1091864.548504,0.000000,0.546313,7
13,Baseline,63,848.974680,1091864.548504,0.000000,0.546313,7
13,Baseline,64,848.974680,1091864.548504,0.000000,0.546313,7
13,Baseline,65,847.838982,1074544.661164,0.000000,0.679355,6
13,Baseline,66,847.838982,1074544.661164,0.000000,0.679355,6
13,Baseline,67,847.838982,1074544.661164,0.000000,0.679355,6
13,Baseline,68,847.838982,1074544.661164,0.000000,0.679355,6
13,Baseline,69,848.974680,1091864.548504,0.000000,0.546313,7
13,Baseline,70,848.974680,1091864.548504,0.000000,0.546313,7
13,Baseline,71,848.974680,1091864.548504,0.000000,0.546313,7
13,Baseline,72,848.974680,1091864.548504,0.000000,0.546313,7
13,Baseline,73,847.838982,1074544.661164,0.000000,0.679355,6
13,Baseline,74,847.838982,1074544.661164,0.000000,0.679355,6
13,Baseline,75,847.838982,1074544.661164,0.000000,0.679355,6
13,Baseline,76,847.838982,1074544.661164,0.000000,0.679355,6
13,Baseline,77,848.974680,1091864.548504,0.000000,0.546313,7
13,Baseline,78,847.838982,1074544.661164,0.000000,0.679355,6
13,Baseline,79,848.974680,1091864.548504,0.000000,0.546313,7
13,Baseline,80,848.974680,1091864.548504,0.000000,0.546313,7
13,Baseline,81,847.838982,1074544.661164,0.000000,0.679355,6
13,Baseline,82,848.974680,1091864.548504,0.000000,0.546313,7
13,Baseline,83,848.974680,1091864.548504,0.000000,0.546313,7
13,Baseline,84,848.974680,1091864.548504,0.000000,0.546313,7
13,Baseline,85,848.974680,1091864.548504,0.000000,0.546313,7
13,Baseline,86,848.974680,1091864.548504,0.000000,0.546313,7
13,Baseline,87,848.974680,1091864.548504,0.000000,0.546313,7
13,Baseline,88,848.622041,961520.321727,0.000000,0.587623,8
13,Baseline,89,848.622041,961520.321727,0.000000,0.587623,8
13,Baseline,90,848.622041,961520.321727,0.000000,0.587623,8
13,Baseline,91,847.838982,1074544.661164,0.000000,0.679355,6
13,Baseline,92,848.974680,1091864.548504,0.000000,0.546313,7
13,Baseline,93,847.838982,1074544.661164,0.000000,0.679355,6
13,Baseline,94,848.974680,1091864.548504,0.000000,0.546313,7
13,Baseline,95,847.838982,1074544.661164,0.000000,0.679355,6
13,Baseline,96,847.838982,1074544.661164,0.000000,0.679355,6
13,Baseline,97,848.974680,1091864.548504,0.000000,0.546313,7
13,Baseline,98,847.838982,1074544.661164,0.000000,0.679355,6
13,Baseline,99,847.838982,1074544.661164,0.000000,0.679355,6
13,Baseline,100,848.974680,1091864.548504,0.000000,0.546313,7
13,Baseline,101,848.974680,1091864.548504,0.000000,0.546313,7
13,Baseline,102,848.974680,1091864.548504,0.000000,0.546313,7
13,Baseline,103,848.974680,1091864.548504,0.000000,0.546313,7
13,Baseline,104,848.974680,1091864.548504,0.000000,0.546313,7
13,Baseline,105,847.838982,1074544.661164,0.000000,0.679355,6
13,Baseline,106,848.974680,1091864.548504,0.000000,0.546313,7
13,Baseline,107,848.622041,961520.321727,0.000000,0.587623,8
13,Baseline,108,847.838982,1074544.661164,0.000000,0.679355,6
13,Baseline,109,847.838982,1074544.661164,0.000000,0.679355,6
13,Baseline,110,848.974680,1091864.548504,0.000000,0.546313,7
13,Baseline,111,848.974680,1091864.548504,0.000000,0.546313,7
13,Baseline,112,848.974680,1091864.548504,0.000000,0.546313,7
13,Baseline,113,848.974680,1091864.548504,0.000000,0.546313,7
13,Baseline,114,848.974680,1091864.548504,0.000000,0.546313,7
13,Baseline,115,847.838982,1074544.661164,0.000000,0.679355,6
13,Baseline,116,848.974680,1091864.548504,0.000000,0.546313,7
13,Baseline,117,848.974680,1091864.548504,0.000000,0.546313,7
13,Baseline,118,848.974680,1091864.548504,0.000000,0.546313,7
13,Baseline,119,848.974680,1091864.548504,0.000000,0.546313,7
13,Baseline,120,848.974680,1091864.548504,0.000000,0.546313,7
13,Baseline,121,847.838982,1074544.661164,0.000000,0.679355,6
13,Baseline,122,847.838982,1074544.661164,0.000000,0.679355,6
13,Baseline,123,848.974680,1091864.548504,0.000000,0.546313,7
13,Baseline,124,847.838982,1074544.661164,0.000000,0.679355,6
13,Baseline,125,847.838982,1074544.661164,0.000000,0.679355,6
13,Baseline,126,847.838982,1074544.661164,0.000000,0.679355,6
13,Baseline,127,847.838982,1074544.661164,0.000000,0.679355,6
13,Baseline,128,848.974680,1091864.548504,0.000000,0.546313,7
13,Baseline,129,847.838982,1074544.661164,0.000000,0.679355,6
13,Baseline,130,848.974680,1091864.548504,0.000000,0.546313,7
13,Baseline,131,847.838982,1074544.661164,0.000000,0.679355,6
13,Baseline,132,847.838982,1074544.661164,0.000000,0.679355,6
13,Baseline,133,847.838982,1074544.661164,0.000000,0.679355,6
13,Baseline,134,847.838982,1074544.661164,0.000000,0.679355,6
13,Baseline,135,848.622041,961520.321727,0.000000,0.587623,8
13,Baseline,136,847.838982,1074544.661164,0.000000,0.679355,6
13,Baseline,137,847.838982,1074544.661164,0.000000,0.679355,6
13,Baseline,138,847.838982,1074544.661164,0.000000,0.679355,6
13,Baseline,139,847.838982,1074544.661164,0.000000,0.679355,6
13,Baseline,140,847.838982,1074544.661164,0.000000,0.679355,6
13,Baseline,141,847.838982,1074544.661164,0.000000,0.679355,6
13,Baseline,142,848.974680,1091864.548504,0.000000,0.546313,7
13,Baseline,143,848.974680,1091864.548504,0.000000,0.546313,7
13,Baseline,144,848.974680,1091864.548504,0.000000,0.546313,7
13,Baseline,145,847.838982,1074544.661164,0.000000,0.679355,6
13,Baseline,146,848.974680,1091864.548504,0.000000,0.546313,7
13,Baseline,147,847.838982,1074544.661164,0.000000,0.679355,6
13,Baseline,148,848.974680,1091864.548504,0.000000,0.546313,7
13,Baseline,149,848.974680,1091864.548504,0.000000,0.546313,7
13,Baseline,150,847.838982,1074544.661164,0.000000,0.679355,6
13,Baseline,151,847.838982,1074544.661164,0.000000,0.679355,6
13,Baseline,152,847.838982,1074544.661164,0.000000,0.679355,6
13,Baseline,153,848.974680,1091864.548504,0.000000,0.546313,7
13,Baseline,154,847.838982,1074544.661164,0.000000,0.679355,6
13,Baseline,155,847.838982,1074544.661164,0.000000,0.679355,6
13,Baseline,156,848.974680,1091864.548504,0.000000,0.546313,7
13,Baseline,157,848.974680,1091864.548504,0.000000,0.546313,7
13,Baseline,158,847.838982,1074544.661164,0.000000,0.679355,6
13,Baseline,159,848.622041,961520.321727,0.000000,0.587623,8
13,Baseline,160,848.622041,961520.321727,0.000000,0.587623,8
13,Baseline,161,847.838982,1074544.661164,0.000000,0.679355,6
13,Baseline,162,847.838982,1074544.661164,0.000000,0.679355,6
13,Baseline,163,848.974680,1091864.548504,0.000000,0.546313,7
13,Baseline,164,848.974680,1091864.548504,0.000000,0.546313,7
13,Baseline,165,848.622041,961520.321727,0.000000,0.587623,8
13,Baseline,166,847.838982,1074544.661164,0.000000,0.679355,6
13,Baseline,167,848.974680,1091864.548504,0.000000,0.546313,7
13,Baseline,168,847.838982,1074544.661164,0.000000,0.679355,6
13,Baseline,169,847.838982,1074544.661164,0.000000,0.679355,6
13,Baseline,170,848.974680,1091864.548504,0.000000,0.546313,7
13,Baseline,171,848.974680,1091864.548504,0.000000,0.546313,7
13,Baseline,172,847.838982,1074544.661164,0.000000,0.679355,6
13,Baseline,173,847.838982,1074544.661164,0.000000,0.679355,6
13,Baseline,174,848.974680,1091864.548504,0.000000,0.546313,7
13,Baseline,175,847.838982,1074544.661164,0.000000,0.679355,6
13,Baseline,176,848.974680,1091864.548504,0.000000,0.546313,7
13,Baseline,177,848.974680,1091864.548504,0.000000,0.546313,7
13,Baseline,178,847.838982,1074544.661164,0.000000,0.679355,6
13,Baseline,179,847.838982,1074544.661164,0.000000,0.679355,6
13,Baseline,180,848.974680,1091864.548504,0.000000,0.546313,7
13,Baseline,181,848.974680,1091864.548504,0.000000,0.546313,7
13,Baseline,182,847.838982,1074544.661164,0.000000,0.679355,6
13,Baseline,183,848.974680,1091864.548504,0.000000,0.546313,7
13,Baseline,184,848.974680,1091864.548504,0.000000,0.546313,7
13,Baseline,185,847.838982,1074544.661164,0.000000,0.679355,6
13,Baseline,186,848.622041,961520.321727,0.000000,0.587623,8
13,Baseline,187,847.838982,1074544.661164,0.000000,0.679355,6
13,Baseline,188,848.974680,1091864.548504,0.000000,0.546313,7
13,Baseline,189,848.974680,1091864.548504,0.000000,0.546313,7
13,Baseline,190,848.974680,1091864.548504,0.000000,0.546313,7
13,Baseline,191,848.974680,1091864.548504,0.000000,0.546313,7
13,Baseline,192,848.974680,1091864.548504,0.000000,0.546313,7
13,Baseline,193,847.838982,1074544.661164,0.000000,0.679355,6
13,Baseline,194,847.838982,1074544.661164,0.000000,0.679355,6
13,Baseline,195,847.838982,1074544.661164,0.000000,0.679355,6
13,Baseline,196,848.974680,1091864.548504,0.000000,0.546313,7
13,Baseline,197,848.974680,1091864.548504,0.000000,0.546313,7
13,Baseline,198,848.974680,1091864.548504,0.000000,0.546313,7
13,Baseline,199,848.974680,1091864.548504,0.000000,0.546313,7
13,Baseline,200,848.974680,1091864.548504,0.000000,0.546313,7
13,Baseline,201,847.838982,1074544.661164,0.000000,0.679355,6
13,Baseline,202,847.838982,1074544.661164,0.000000,0.679355,6
13,Baseline,203,847.838982,1074544.661164,0.000000,0.679355,6
13,Baseline,204,847.838982,1074544.661164,0.000000,0.679355,6
13,Baseline,205,847.838982,1074544.661164,0.000000,0.679355,6
13,Baseline,206,847.838982,1074544.661164,0.000000,0.679355,6
13,Baseline,207,848.974680,1091864.548504,0.000000,0.546313,7
13,Baseline,208,848.974680,1091864.548504,0.000000,0.546313,7
13,Baseline,209,847.838982,1074544.661164,0.000000,0.679355,6
13,Baseline,210,848.974680,1091864.548504,0.000000,0.546313,7
13,Baseline,211,847.838982,1074544.661164,0.000000,0.679355,6
13,Baseline,212,847.838982,1074544.661164,0.000000,0.679355,6
13,Baseline,213,847.838982,1074544.661164,0.000000,0.679355,6
13,Baseline,214,848.974680,1091864.548504,0.000000,0.546313,7
13,Baseline,215,847.838982,1074544.661164,0.000000,0.679355,6
13,Baseline,216,847.838982,1074544.661164,0.000000,0.679355,6
13,Baseline,217,848.974680,1091864.548504,0.000000,0.546313,7
13,Baseline,218,848.974680,1091864.548504,0.000000,0.546313,7
13,Baseline,219,848.974680,1091864.548504,0.000000,0.546313,7
13,Baseline,220,848.974680,1091864.548504,0.000000,0.546313,7
13,Baseline,221,848.974680,1091864.548504,0.000000,0.546313,7
13,Baseline,222,848.974680,1091864.548504,0.000000,0.546313,7
13,Baseline,223,847.838982,1074544.661164,0.000000,0.679355,6
13,Baseline,224,847.838982,1074544.661164,0.000000,0.679355,6
13,Baseline,225,847.838982,1074544.661164,0.000000,0.679355,6
13,Baseline,226,848.974680,1091864.548504,0.000000,0.546313,7
13,Baseline,227,848.974680,1091864.548504,0.000000,0.546313,7
13,Baseline,228,848.622041,961520.321727,0.000000,0.587623,8
13,Baseline,229,847.838982,1074544.661164,0.000000,0.679355,6
13,Baseline,230,848.974680,1091864.548504,0.000000,0.546313,7
13,Baseline,231,847.838982,1074544.661164,0.000000,0.679355,6
13,Baseline,232,847.838982,1074544.661164,0.000000,0.679355,6
13,Baseline,233,848.974680,1091864.548504,0.000000,0.546313,7
13,Baseline,234,848.974680,1091864.548504,0.000000,0.546313,7
13,Baseline,235,847.838982,1074544.661164,0.000000,0.679355,6
13,Baseline,236,847.838982,1074544.661164,0.000000,0.679355,6
13,Baseline,237,848.974680,1091864.548504,0.000000,0.546313,7
13,Baseline,238,848.974680,1091864.548504,0.000000,0.546313,7
13,Baseline,239,848.974680,1091864.548504,0.000000,0.546313,7
13,Baseline,240,848.974680,1091864.548504,0.000000,0.546313,7
13,Baseline,241,848.974680,1091864.548504,0.000000,0.546313,7
13,Baseline,242,848.974680,1091864.548504,0.000000,0.546313,7
13,Baseline,243,847.838982,1074544.661164,0.000000,0.679355,6
13,Baseline,244,848.974680,1091864.548504,0.000000,0.546313,7
13,Baseline,245,848.974680,1091864.548504,0.000000,0.546313,7
13,Baseline,246,848.622041,961520.321727,0.000000,0.587623,8
13,Baseline,247,848.622041,961520.321727,0.000000,0.587623,8
13,Baseline,248,848.974680,1091864.548504,0.000000,0.546313,7
13,Baseline,249,848.974680,1091864.548504,0.000000,0.546313,7
13,Baseline,250,847.838982,1074544.661164,0.000000,0.679355,6
13,Baseline,251,847.838982,1074544.661164,0.000000,0.679355,6
13,Baseline,252,847.838982,1074544.661164,0.000000,0.679355,6
13,Baseline,253,848.974680,1091864.548504,0.000000,0.546313,7
13,Baseline,254,847.838982,1074544.661164,0.000000,0.679355,6
13,Baseline,255,848.974680,1091864.548504,0.000000,0.546313,7
13,Baseline,256,848.974680,1091864.548504,0.000000,0.546313,7
13,Baseline,257,848.974680,1091864.548504,0.000000,0.546313,7
13,Baseline,258,848.974680,1091864.548504,0.000000,0.546313,7
13,Baseline,259,848.974680,1091864.548504,0.000000,0.546313,7
13,Baseline,260,848.974680,1091864.548504,0.000000,0.546313,7
13,Baseline,261,848.974680,1091864.548504,0.000000,0.546313,7
13,Baseline,262,848.974680,1091864.548504,0.000000,0.546313,7
13,Baseline,263,847.838982,1074544.661164,0.000000,0.679355,6
13,Baseline,264,848.974680,1091864.548504,0.000000,0.546313,7
13,Baseline,265,848.974680,1091864.548504,0.000000,0.546313,7
13,Baseline,266,848.974680,1091864.548504,0.000000,0.546313,7
13,Baseline,267,848.974680,1091864.548504,0.000000,0.546313,7
13,Baseline,268,848.974680,1091864.548504,0.000000,0.546313,7
13,Baseline,269,848.974680,1091864.548504,0.000000,0.546313,7
13,Baseline,270,848.974680,1091864.548504,0.000000,0.546313,7
13,Baseline,271,848.974680,1091864.548504,0.000000,0.546313,7
13,Baseline,272,847.838982,1074544.661164,0.000000,0.679355,6
13,Baseline,273,847.838982,1074544.661164,0.000000,0.679355,6
13,Baseline,274,847.838982,1074544.661164,0.000000,0.679355,6
13,Baseline,275,848.974680,1091864.548504,0.000000,0.546313,7
13,Baseline,276,848.974680,1091864.548504,0.000000,0.546313,7
13,Baseline,277,848.974680,1091864.548504,0.000000,0.546313,7
13,Baseline,278,843.811552,1007845.565157,0.000000,0.537158,7
13,Baseline,279,843.811552,1007845.565157,0.000000,0.537158,7
13,Baseline,280,833.557461,990161.070084,0.000000,0.551455,7
13,Baseline,281,832.186553,1152803.789212,0.000000,0.715013,6
13,Baseline,282,832.106135,709027.862823,0.000000,0.591191,9
13,Baseline,283,832.106135,709027.862823,0.000000,0.591191,9
13,Baseline,284,815.316215,690473.301405,0.000000,0.609737,9
13,Baseline,285,815.316215,690473.301405,0.000000,0.609737,9
13,Baseline,286,812.117135,697977.232255,0.000000,0.587717,9
13,Baseline,287,812.117135,697977.232255,0.000000,0.587717,9
13,Baseline,288,811.811637,690468.706536,0.000000,0.589660,9
13,Baseline,289,811.811637,690468.706536,0.000000,0.589660,9
13,Baseline,290,810.697589,660122.824518,0.000000,0.562589,9
13,Baseline,291,810.697589,660122.824518,0.000000,0.562589,9
13,Baseline,292,807.639769,658571.336938,0.000000,0.582648,9
13,Baseline,293,807.639769,658571.336938,0.000000,0.582648,9
13,Baseline,294,792.017134,635326.270567,0.000000,0.576235,9
13,Baseline,295,792.017134,635326.270567,0.000000,0.576235,9
13,Baseline,296,791.737821,634035.946495,0.000000,0.602994,9
13,Baseline,297,783.899614,655966.047315,0.000000,0.583418,9
13,Baseline,298,783.899614,655966.047315,0.000000,0.583418,9
13,Proposed,0,947.792725,1091788.650792,0.000000,0.624904,36
13,Proposed,1,940.733467,1089812.618775,0.000000,0.628431,36
13,Proposed,2,930.279527,1075974.026596,0.000000,0.627430,36
14,Baseline,0,838.130868,700438.970494,0.000000,0.588143,9
14,Baseline,1,838.130868,700438.970494,0.000000,0.588143,9
14,Baseline,2,831.787413,673220.273802,0.000000,0.580783,9
14,Baseline,3,831.787413,673220.273802,0.000000,0.580783,9
14,Baseline,4,830.519027,704862.961312,0.000000,0.581295,9
14,Baseline,5,830.519027,704862.961312,0.000000,0.581295,9
14,Baseline,6,830.374438,681310.013292,0.000000,0.572780,9
14,Baseline,7,830.374438,681310.013292,0.000000,0.572780,9
14,Baseline,8,829.250543,722054.689009,0.000000,0.596400,9
14,Baseline,9,829.250543,722054.689009,0.000000,0.596400,9
14,Baseline,10,825.291230,687990.009273,0.000000,0.584517,9
14,Baseline,11,825.291230,687990.009273,0.000000,0.584517,9
14,Baseline,12,825.291230,687990.009273,0.000000,0.584517,9
14,Baseline,13,825.291230,687990.009273,0.000000,0.584517,9
14,Baseline,14,825.291230,687990.009273,0.000000,0.584517,9
14,Baseline,15,825.291230,687990.009273,0.000000,0.584517,9
14,Baseline,16,825.291230,687990.009273,0.000000,0.584517,9
14,Baseline,17,825.291230,687990.009273,0.000000,0.584517,9
14,Baseline,18,825.291230,687990.009273,0.000000,0.584517,9
14,Baseline,19,825.291230,687990.009273,0.000000,0.584517,9
14,Baseline,20,825.291230,687990.009273,0.000000,0.584517,9
14,Baseline,21,825.291230,687990.009273,0.000000,0.584517,9
14,Baseline,22,825.291230,687990.009273,0.000000,0.584517,9
14,Baseline,23,825.291230,687990.009273,0.000000,0.584517,9
14,Baseline,24,825.291230,687990.009273,0.000000,0.584517,9
14,Baseline,25,825.291230,687990.009273,0.000000,0.584517,9
14,Baseline,26,825.291230,687990.009273,0.000000,0.584517,9
14,Baseline,27,825.291230,687990.009273,0.000000,0.584517,9
14,Baseline,28,825.291230,687990.009273,0.000000,0.584517,9
14,Baseline,29,825.291230,687990.009273,0.000000,0.584517,9
14,Baseline,30,825.291230,687990.009273,0.000000,0.584517,9
14,Baseline,31,825.291230,687990.009273,0.000000,0.584517,9
14,Baseline,32,825.291230,687990.009273,0.000000,0.584517,9
14,Baseline,33,825.291230,687990.009273,0.000000,0.584517,9
14,Baseline,34,825.291230,687990.009273,0.000000,0.584517,9
14,Baseline,35,825.291230,687990.009273,0.000000,0.584517,9
14,Baseline,36,825.291230,687990.009273,0.000000,0.584517,9
14,Baseline,37,825.291230,687990.009273,0.000000,0.584517,9
14,Baseline,38,825.555244,792831.530632,0.000000,0.552714,8
14,Baseline,39,825.583134,744602.895483,0.000000,0.549354,10
14,Baseline,40,825.291230,687990.009273,0.000000,0.584517,9
14,Baseline,41,825.291230,687990.009273,0.000000,0.584517,9
14,Baseline,42,825.291230,687990.009273,0.000000,0.584517,9
14,Baseline,43,825.291230,687990.009273,0.000000,0.584517,9
14,Baseline,44,825.291230,687990.009273,0.000000,0.584517,9
14,Baseline,45,825.291230,687990.009273,0.000000,0.584517,9
14,Baseline,46,825.291230,687990.009273,0.000000,0.584517,9
14,Baseline,47,825.291230,687990.009273,0.000000,0.584517,9
14,Baseline,48,825.291230,687990.009273,0.000000,0.584517,9
14,Baseline,49,825.555244,792831.530632,0.000000,0.552714,8
14,Baseline,50,825.291230,687990.009273,0.000000,0.584517,9
14,Baseline,51,825.291230,687990.009273,0.000000,0.584517,9
14,Baseline,52,825.291230,687990.009273,0.000000,0.584517,9
14,Baseline,53,825.291230,687990.009273,0.000000,0.584517,9
14,Baseline,54,825.291230,687990.009273,0.000000,0.584517,9
14,Baseline,55,825.291230,687990.009273,0.000000,0.584517,9
14,Baseline,56,825.291230,687990.009273,0.000000,0.584517,9
14,Baseline,57,825.291230,687990.009273,0.000000,0.584517,9
14,Baseline,58,825.291230,687990.009273,0.000000,0.584517,9
14,Baseline,59,825.291230,687990.009273,0.000000,0.584517,9
14,Baseline,60,825.291230,687990.009273,0.000000,0.584517,9
14,Baseline,61,825.291230,687990.009273,0.000000,0.584517,9
14,Baseline,62,825.291230,687990.009273,0.000000,0.584517,9
14,Baseline,63,825.291230,687990.009273,0.000000,0.584517,9
14,Baseline,64,825.291230,687990.009273,0.000000,0.584517,9
14,Baseline,65,825.555244,792831.530632,0.000000,0.552714,8
14,Baseline,66,825.555244,792831.530632,0.000000,0.552714,8
14,Baseline,67,825.291230,687990.009273,0.000000,0.584517,9
14,Baseline,68,825.291230,687990.009273,0.000000,0.584517,9
14,Baseline,69,825.291230,687990.009273,0.000000,0.584517,9
14,Baseline,70,825.291230,687990.009273,0.000000,0.584517,9
14,Baseline,71,825.291230,687990.009273,0.000000,0.584517,9
14,Baseline,72,825.291230,687990.009273,0.000000,0.584517,9
14,Baseline,73,825.291230,687990.009273,0.000000,0.584517,9
14,Baseline,74,825.291230,687990.009273,0.000000,0.584517,9
14,Baseline,75,825.291230,687990.009273,0.000000,0.584517,9
14,Baseline,76,825.291230,687990.009273,0.000000,0.584517,9
14,Baseline,77,825.291230,687990.009273,0.000000,0.584517,9
14,Baseline,78,825.291230,687990.009273,0.000000,0.584517,9
14,Baseline,79,825.291230,687990.009273,0.000000,0.584517,9
14,Baseline,80,825.291230,687990.009273,0.000000,0.584517,9
14,Baseline,81,825.291230,687990.009273,0.000000,0.584517,9
14,Baseline,82,825.583134,744602.895483,0.000000,0.549354,10
14,Baseline,83,825.291230,687990.009273,0.000000,0.584517,9
14,Baseline,84,825.291230,687990.009273,0.000000,0.584517,9
14,Baseline,85,825.291230,687990.009273,0.000000,0.584517,9
14,Baseline,86,825.291230,687990.009273,0.000000,0.584517,9
14,Baseline,87,825.291230,687990.009273,0.000000,0.584517,9
14,Baseline,88,825.291230,687990.009273,0.000000,0.584517,9
14,Baseline,89,825.291230,687990.009273,0.000000,0.584517,9
14,Baseline,90,825.291230,687990.009273,0.000000,0.584517,9
14,Baseline,91,825.291230,687990.009273,0.000000,0.584517,9
14,Baseline,92,825.291230,687990.009273,0.000000,0.584517,9
14,Baseline,93,825.291230,687990.009273,0.000000,0.584517,9
14,Baseline,94,825.291230,687990.009273,0.000000,0.584517,9
14,Baseline,95,825.291230,687990.009273,0.000000,0.584517,9
14,Baseline,96,825.291230,687990.009273,0.000000,0.584517,9
14,Baseline,97,825.291230,687990.009273,0.000000,0.584517,9
14,Baseline,98,825.291230,687990.009273,0.000000,0.584517,9
14,Baseline,99,825.291230,687990.009273,0.000000,0.584517,9
14,Baseline,100,825.291230,687990.009273,0.000000,0.584517,9
14,Baseline,101,825.291230,687990.009273,0.000000,0.584517,9
14,Baseline,102,825.291230,687990.009273,0.000000,0.584517,9
14,Baseline,103,825.291230,687990.009273,0.000000,0.584517,9
14,Baseline,104,825.291230,687990.009273,0.000000,0.584517,9
14,Baseline,105,825.291230,687990.009273,0.000000,0.584517,9
14,Baseline,106,825.291230,687990.009273,0.000000,0.584517,9
14,Baseline,107,825.291230,687990.009273,0.000000,0.584517,9
14,Baseline,108,825.291230,687990.009273,0.000000,0.584517,9
14,Baseline,109,825.291230,687990.009273,0.000000,0.584517,9
14,Baseline,110,825.291230,687990.009273,0.000000,0.584517,9
14,Baseline,111,825.291230,687990.009273,0.000000,0.584517,9
14,Baseline,112,825.291230,687990.009273,0.000000,0.584517,9
14,Baseline,113,825.291230,687990.009273,0.000000,0.584517,9
14,Baseline,114,825.291230,687990.009273,0.000000,0.584517,9
14,Baseline,115,825.291230,687990.009273,0.000000,0.584517,9
14,Baseline,116,825.291230,687990.009273,0.000000,0.584517,9
14,Baseline,117,825.291230,687990.009273,0.000000,0.584517,9
14,Baseline,118,825.291230,687990.009273,0.000000,0.584517,9
14,Baseline,119,825.291230,687990.009273,0.000000,0.584517,9
14,Baseline,120,825.291230,687990.009273,0.000000,0.584517,9
14,Baseline,121,825.583134,744602.895483,0.000000,0.549354,10
14,Baseline,122,825.291230,687990.009273,0.000000,0.584517,9
14,Baseline,123,825.291230,687990.009273,0.000000,0.584517,9
14,Baseline,124,825.291230,687990.009273,0.000000,0.584517,9
14,Baseline,125,825.291230,687990.009273,0.000000,0.584517,9
14,Baseline,126,825.291230,687990.009273,0.000000,0.584517,9
14,Baseline,127,825.291230,687990.009273,0.000000,0.584517,9
14,Baseline,128,825.291230,687990.009273,0.000000,0.584517,9
14,Baseline,129,825.291230,687990.009273,0.000000,0.584517,9
14,Baseline,130,825.291230,687990.009273,0.000000,0.584517,9
14,Baseline,131,825.291230,687990.009273,0.000000,0.584517,9
14,Baseline,132,825.291230,687990.009273,0.000000,0.584517,9
14,Baseline,133,825.291230,687990.009273,0.000000,0.584517,9
14,Baseline,134,825.291230,687990.009273,0.000000,0.584517,9
14,Baseline,135,825.291230,687990.009273,0.000000,0.584517,9
14,Baseline,136,825.291230,687990.009273,0.000000,0.584517,9
14,Baseline,137,825.291230,687990.009273,0.000000,0.584517,9
14,Baseline,138,825.291230,687990.009273,0.000000,0.584517,9
14,Baseline,139,825.291230,687990.009273,0.000000,0.584517,9
14,Baseline,140,825.291230,687990.009273,0.000000,0.584517,9
14,Baseline,141,825.291230,687990.009273,0.000000,0.584517,9
14,Baseline,142,825.291230,687990.009273,0.000000,0.584517,9
14,Baseline,143,825.291230,687990.009273,0.000000,0.584517,9
14,Baseline,144,825.291230,687990.009273,0.000000,0.584517,9
14,Baseline,145,825.291230,687990.009273,0.000000,0.584517,9
14,Baseline,146,825.291230,687990.009273,0.000000,0.584517,9
14,Baseline,147,825.291230,687990.009273,0.000000,0.584517,9
14,Baseline,148,825.291230,687990.009273,0.000000,0.584517,9
14,Baseline,149,825.291230,687990.009273,0.000000,0.584517,9
14,Baseline,150,825.291230,687990.009273,0.000000,0.584517,9
14,Baseline,151,825.291230,687990.009273,0.000000,0.584517,9
14,Baseline,152,825.291230,687990.009273,0.000000,0.584517,9
14,Baseline,153,825.291230,687990.009273,0.000000,0.584517,9
14,Baseline,154,825.291230,687990.009273,0.000000,0.584517,9
14,Baseline,155,825.291230,687990.009273,0.000000,0.584517,9
14,Baseline,156,825.291230,687990.009273,0.000000,0.584517,9
14,Baseline,157,825.291230,687990.009273,0.000000,0.584517,9
14,Baseline,158,825.555244,792831.530632,0.000000,0.552714,8
14,Baseline,159,825.291230,687990.009273,0.000000,0.584517,9
14,Baseline,160,825.291230,687990.009273,0.000000,0.584517,9
14,Baseline,161,825.291230,687990.009273,0.000000,0.584517,9
14,Baseline,162,825.291230,687990.009273,0.000000,0.584517,9
14,Baseline,163,825.291230,687990.009273,0.000000,0.584517,9
14,Baseline,164,825.291230,687990.009273,0.000000,0.584517,9
14,Baseline,165,825.291230,687990.009273,0.000000,0.584517,9
14,Baseline,166,825.291230,687990.009273,0.000000,0.584517,9
14,Baseline,167,825.555244,792831.530632,0.000000,0.552714,8
14,Baseline,168,825.291230,687990.009273,0.000000,0.584517,9
14,Baseline,169,825.291230,687990.009273,0.000000,0.584517,9
14,Baseline,170,825.291230,687990.009273,0.000000,0.584517,9
14,Baseline,171,825.291230,687990.009273,0.000000,0.584517,9
14,Baseline,172,825.291230,687990.009273,0.000000,0.584517,9
14,Baseline,173,825.291230,687990.009273,0.000000,0.584517,9
14,Baseline,174,825.291230,687990.009273,0.000000,0.584517,9
14,Baseline,175,825.291230,687990.009273,0.000000,0.584517,9
14,Baseline,176,825.291230,687990.009273,0.000000,0.584517,9
14,Baseline,177,825.291230,687990.009273,0.000000,0.584517,9
14,Baseline,178,825.291230,687990.009273,0.000000,0.584517,9
14,Baseline,179,825.291230,687990.009273,0.000000,0.584517,9
14,Baseline,180,825.583134,744602.895483,0.000000,0.549354,10
14,Baseline,181,825.555244,792831.530632,0.000000,0.552714,8
14,Baseline,182,825.291230,687990.009273,0.000000,0.584517,9
14,Baseline,183,825.291230,687990.009273,0.000000,0.584517,9
14,Baseline,184,825.291230,687990.009273,0.000000,0.584517,9
14,Baseline,185,825.291230,687990.009273,0.000000,0.584517,9
14,Baseline,186,825.291230,687990.009273,0.000000,0.584517,9
14,Baseline,187,825.291230,687990.009273,0.000000,0.584517,9
14,Baseline,188,825.291230,687990.009273,0.000000,0.584517,9
14,Baseline,189,825.583134,744602.895483,0.000000,0.549354,10
14,Baseline,190,825.291230,687990.009273,0.000000,0.584517,9
14,Baseline,191,825.291230,687990.009273,0.000000,0.584517,9
14,Baseline,192,825.291230,687990.009273,0.000000,0.584517,9
14,Baseline,193,825.291230,687990.009273,0.000000,0.584517,9
14,Baseline,194,825.291230,687990.009273,0.000000,0.584517,9
14,Baseline,195,825.291230,687990.009273,0.000000,0.584517,9
14,Baseline,196,825.291230,687990.009273,0.000000,0.584517,9
14,Baseline,197,825.291230,687990.009273,0.000000,0.584517,9
14,Baseline,198,825.291230,687990.009273,0.000000,0.584517,9
14,Baseline,199,825.291230,687990.009273,0.000000,0.584517,9
14,Baseline,200,825.291230,687990.009273,0.000000,0.584517,9
14,Baseline,201,825.291230,687990.009273,0.000000,0.584517,9
14,Baseline,202,825.291230,687990.009273,0.000000,0.584517,9
14,Baseline,203,825.583134,744602.895483,0.000000,0.549354,10
14,Baseline,204,825.291230,687990.009273,0.000000,0.584517,9
14,Baseline,205,825.291230,687990.009273,0.000000,0.584517,9
14,Baseline,206,825.291230,687990.009273,0.000000,0.584517,9
14,Baseline,207,825.291230,687990.009273,0.000000,0.584517,9
14,Baseline,208,825.291230,687990.009273,0.000000,0.584517,9
14,Baseline,209,825.291230,687990.009273,0.000000,0.584517,9
14,Baseline,210,825.291230,687990.009273,0.000000,0.584517,9
14,Baseline,211,825.291230,687990.009273,0.000000,0.584517,9
14,Baseline,212,825.555244,792831.530632,0.000000,0.552714,8
14,Baseline,213,825.291230,687990.009273,0.000000,0.584517,9
14,Baseline,214,825.291230,687990.009273,0.000000,0.584517,9
14,Baseline,215,825.291230,687990.009273,0.000000,0.584517,9
14,Baseline,216,825.291230,687990.009273,0.000000,0.584517,9
14,Baseline,217,825.291230,687990.009273,0.000000,0.584517,9
14,Baseline,218,825.291230,687990.009273,0.000000,0.584517,9
14,Baseline,219,825.291230,687990.009273,0.000000,0.584517,9
14,Baseline,220,825.291230,687990.009273,0.000000,0.584517,9
14,Baseline,221,825.291230,687990.009273,0.000000,0.584517,9
14,Baseline,222,825.291230,687990.009273,0.000000,0.584517,9
14,Baseline,223,825.291230,687990.009273,0.000000,0.584517,9
14,Baseline,224,825.291230,687990.009273,0.000000,0.584517,9
14,Baseline,225,825.291230,687990.009273,0.000000,0.584517,9
14,Baseline,226,825.291230,687990.009273,0.000000,0.584517,9
14,Baseline,227,825.291230,687990.009273,0.000000,0.584517,9
14,Baseline,228,825.291230,687990.009273,0.000000,0.584517,9
14,Baseline,229,825.291230,687990.009273,0.000000,0.584517,9
14,Baseline,230,825.291230,687990.009273,0.000000,0.584517,9
14,Baseline,231,825.291230,687990.009273,0.000000,0.584517,9
14,Baseline,232,825.291230,687990.009273,0.000000,0.584517,9
14,Baseline,233,825.291230,687990.009273,0.000000,0.584517,9
14,Baseline,234,825.291230,687990.009273,0.000000,0.584517,9
14,Baseline,235,825.291230,687990.009273,0.000000,0.584517,9
14,Baseline,236,825.291230,687990.009273,0.000000,0.584517,9
14,Baseline,237,825.291230,687990.009273,0.000000,0.584517,9
14,Baseline,238,825.291230,687990.009273,0.000000,0.584517,9
14,Baseline,239,825.291230,687990.009273,0.000000,0.584517,9
14,Baseline,240,825.291230,687990.009273,0.000000,0.584517,9
14,Baseline,241,825.291230,687990.009273,0.000000,0.584517,9
14,Baseline,242,825.291230,687990.009273,0.000000,0.584517,9
14,Baseline,243,825.291230,687990.009273,0.000000,0.584517,9
14,Baseline,244,825.291230,687990.009273,0.000000,0.584517,9
14,Baseline,245,825.291230,687990.009273,0.000000,0.584517,9
14,Baseline,246,825.291230,687990.009273,0.000000,0.584517,9
14,Baseline,247,825.291230,687990.009273,0.000000,0.584517,9
14,Baseline,248,825.291230,687990.009273,0.000000,0.584517,9
14,Baseline,249,825.291230,687990.009273,0.000000,0.584517,9
14,Baseline,250,825.291230,687990.009273,0.000000,0.584517,9
14,Baseline,251,825.291230,687990.009273,0.000000,0.584517,9
14,Baseline,252,825.291230,687990.009273,0.000000,0.584517,9
14,Baseline,253,825.291230,687990.009273,0.000000,0.584517,9
14,Baseline,254,825.291230,687990.009273,0.000000,0.584517,9
14,Baseline,255,825.291230,687990.009273,0.000000,0.584517,9
14,Baseline,256,825.291230,687990.009273,0.000000,0.584517,9
14,Baseline,257,825.583134,744602.895483,0.000000,0.549354,10
14,Baseline,258,825.291230,687990.009273,0.000000,0.584517,9
14,Baseline,259,825.291230,687990.009273,0.000000,0.584517,9
14,Baseline,260,825.291230,687990.009273,0.000000,0.584517,9
14,Baseline,261,825.291230,687990.009273,0.000000,0.584517,9
14,Baseline,262,825.291230,687990.009273,0.000000,0.584517,9
14,Baseline,263,825.291230,687990.009273,0.000000,0.584517,9
14,Baseline,264,825.291230,687990.009273,0.000000,0.584517,9
14,Baseline,265,825.291230,687990.009273,0.000000,0.584517,9
14,Baseline,266,825.291230,687990.009273,0.000000,0.584517,9
14,Baseline,267,825.291230,687990.009273,0.000000,0.584517,9
14,Baseline,268,825.291230,687990.009273,0.000000,0.584517,9
14,Baseline,269,825.291230,687990.009273,0.000000,0.584517,9
14,Baseline,270,825.555244,792831.530632,0.000000,0.552714,8
14,Baseline,271,825.555244,792831.530632,0.000000,0.552714,8
14,Baseline,272,825.291230,687990.009273,0.000000,0.584517,9
14,Baseline,273,825.291230,687990.009273,0.000000,0.584517,9
14,Baseline,274,825.291230,687990.009273,0.000000,0.584517,9
14,Baseline,275,825.291230,687990.009273,0.000000,0.584517,9
14,Baseline,276,825.291230,687990.009273,0.000000,0.584517,9
14,Baseline,277,825.291230,687990.009273,0.000000,0.584517,9
14,Baseline,278,825.291230,687990.009273,0.000000,0.584517,9
14,Baseline,279,825.291230,687990.009273,0.000000,0.584517,9
14,Baseline,280,825.291230,687990.009273,0.000000,0.584517,9
14,Baseline,281,825.291230,687990.009273,0.000000,0.584517,9
14,Baseline,282,825.291230,687990.009273,0.000000,0.584517,9
14,Baseline,283,825.291230,687990.009273,0.000000,0.584517,9
14,Baseline,284,825.291230,687990.009273,0.000000,0.584517,9
14,Baseline,285,825.291230,687990.009273,0.000000,0.584517,9
14,Baseline,286,825.291230,687990.009273,0.000000,0.584517,9
14,Baseline,287,825.291230,687990.009273,0.000000,0.584517,9
14,Baseline,288,825.291230,687990.009273,0.000000,0.584517,9
14,Baseline,289,825.291230,687990.009273,0.000000,0.584517,9
14,Baseline,290,825.291230,687990.009273,0.000000,0.584517,9
14,Baseline,291,825.291230,687990.009273,0.000000,0.584517,9
14,Baseline,292,825.291230,687990.009273,0.000000,0.584517,9
14,Baseline,293,825.291230,687990.009273,0.000000,0.584517,9
14,Baseline,294,825.291230,687990.009273,0.000000,0.584517,9
14,Baseline,295,825.291230,687990.009273,0.000000,0.584517,9
14,Baseline,296,825.291230,687990.009273,0.000000,0.584517,9
14,Baseline,297,825.291230,687990.009273,0.000000,0.584517,9
14,Baseline,298,825.291230,687990.009273,0.000000,0.584517,9
14,Baseline,299,825.291230,687990.009273,0.000000,0.584517,9
14,Proposed,0,933.304829,2051668.187384,0.000000,1.119996,6
14,Proposed,1,935.748494,1933525.069460,0.000000,0.851238,7
14,Proposed,2,935.748494,1933525.069460,0.000000,0.851238,7
14,Proposed,3,933.538698,1986362.704326,0.000000,1.085381,6
14,Proposed,4,933.538698,1986362.704326,0.000000,1.085381,6
14,Proposed,5,935.748494,1933525.069460,0.000000,0.851238,7
14,Proposed,6,933.538698,1986362.704326,0.000000,1.085381,6
14,Proposed,7,935.748494,1933525.069460,0.000000,0.851238,7
14,Proposed,8,935.748494,1933525.069460,0.000000,0.851238,7
14,Proposed,9,935.748494,1933525.069460,0.000000,0.851238,7
14,Proposed,10,935.748494,1933525.069460,0.000000,0.851238,7
14,Proposed,11,933.538698,1986362.704326,0.000000,1.085381,6
14,Proposed,12,935.748494,1933525.069460,0.000000,0.851238,7
14,Proposed,13,933.538698,1986362.704326,0.000000,1.085381,6
14,Proposed,14,933.538698,1986362.704326,0.000000,1.085381,6
14,Proposed,15,935.748494,1933525.069460,0.000000,0.851238,7
14,Proposed,16,935.748494,1933525.069460,0.000000,0.851238,7
14,Proposed,17,935.748494,1933525.069460,0.000000,0.851238,7
14,Proposed,18,935.748494,1933525.069460,0.000000,0.851238,7
14,Proposed,19,935.748494,1933525.069460,0.000000,0.851238,7
14,Proposed,20,933.538698,1986362.704326,0.000000,1.085381,6
14,Proposed,21,935.748494,1933525.069460,0.000000,0.851238,7
14,Proposed,22,935.748494,1933525.069460,0.000000,0.851238,7
14,Proposed,23,935.748494,1933525.069460,0.000000,0.851238,7
14,Proposed,24,933.538698,1986362.704326,0.000000,1.085381,6
14,Proposed,25,935.748494,1933525.069460,0.000000,0.851238,7
14,Proposed,26,935.748494,1933525.069460,0.000000,0.851238,7
14,Proposed,27,933.538698,1986362.704326,0.000000,1.085381,6
14,Proposed,28,933.538698,1986362.704326,0.000000,1.085381,6
14,Proposed,29,935.748494,1933525.069460,0.000000,0.851238,7
14,Proposed,30,935.748494,1933525.069460,0.000000,0.851238,7
14,Proposed,31,933.538698,1986362.704326,0.000000,1.085381,6
14,Proposed,32,935.748494,1933525.069460,0.000000,0.851238,7
14,Proposed,33,935.748494,1933525.069460,0.000000,0.851238,7
14,Proposed,34,935.748494,1933525.069460,0.000000,0.851238,7
14,Proposed,35,935.748494,1933525.069460,0.000000,0.851238,7
14,Proposed,36,935.748494,1933525.069460,0.000000,0.851238,7
14,Proposed,37,935.748494,1933525.069460,0.000000,0.851238,7
14,Proposed,38,935.748494,1933525.069460,0.000000,0.851238,7
14,Proposed,39,935.748494,1933525.069460,0.000000,0.851238,7
14,Proposed,40,933.538698,1986362.704326,0.000000,1.085381,6
14,Proposed,41,933.538698,1986362.704326,0.000000,1.085381,6
14,Proposed,42,935.748494,1933525.069460,0.000000,0.851238,7
14,Proposed,43,935.748494,1933525.069460,0.000000,0.851238,7
14,Proposed,44,935.748494,1933525.069460,0.000000,0.851238,7
14,Proposed,45,935.748494,1933525.069460,0.000000,0.851238,7
14,Proposed,46,935.748494,1933525.069460,0.000000,0.851238,7
14,Proposed,47,935.748494,1933525.069460,0.000000,0.851238,7
14,Proposed,48,935.748494,1933525.069460,0.000000,0.851238,7
14,Proposed,49,935.748494,1933525.069460,0.000000,0.851238,7
14,Proposed,50,933.538698,1986362.704326,0.000000,1.085381,6
14,Proposed,51,933.538698,1986362.704326,0.000000,1.085381,6
14,Proposed,52,935.748494,1933525.069460,0.000000,0.851238,7
14,Proposed,53,935.748494,1933525.069460,0.000000,0.851238,7
14,Proposed,54,935.748494,1933525.069460,0.000000,0.851238,7
14,Proposed,55,933.538698,1986362.704326,0.000000,1.085381,6
14,Proposed,56,933.538698,1986362.704326,0.000000,1.085381,6
14,Proposed,57,935.748494,1933525.069460,0.000000,0.851238,7
14,Proposed,58,933.538698,1986362.704326,0.000000,1.085381,6
14,Proposed,59,933.538698,1986362.704326,0.000000,1.085381,6
14,Proposed,60,935.748494,1933525.069460,0.000000,0.851238,7
14,Proposed,61,935.748494,1933525.069460,0.000000,0.851238,7
14,Proposed,62,935.748494,1933525.069460,0.000000,0.851238,7
14,Proposed,63,935.748494,1933525.069460,0.000000,0.851238,7
14,Proposed,64,934.815091,1671555.006662,0.000000,0.950138,8
14,Proposed,65,933.538698,1986362.704326,0.000000,1.085381,6
14,Proposed,66,935.748494,1933525.069460,0.000000,0.851238,7
14,Proposed,67,933.538698,1986362.704326,0.000000,1.085381,6
14,Proposed,68,933.538698,1986362.704326,0.000000,1.085381,6
14,Proposed,69,935.748494,1933525.069460,0.000000,0.851238,7
14,Proposed,70,935.748494,1933525.069460,0.000000,0.851238,7
14,Proposed,71,935.748494,1933525.069460,0.000000,0.851238,7
14,Proposed,72,935.748494,1933525.069460,0.000000,0.851238,7
14,Proposed,73,935.748494,1933525.069460,0.000000,0.851238,7
14,Proposed,74,935.748494,1933525.069460,0.000000,0.851238,7
14,Proposed,75,935.748494,1933525.069460,0.000000,0.851238,7
14,Proposed,76,935.748494,1933525.069460,0.000000,0.851238,7
14,Proposed,77,935.748494,1933525.069460,0.000000,0.851238,7
14,Proposed,78,933.538698,1986362.704326,0.000000,1.085381,6
14,Proposed,79,935.748494,1933525.069460,0.000000,0.851238,7
14,Proposed,80,935.748494,1933525.069460,0.000000,0.851238,7
14,Proposed,81,933.538698,1986362.704326,0.000000,1.085381,6
14,Proposed,82,935.748494,1933525.069460,0.000000,0.851238,7
14,Proposed,83,933.538698,1986362.704326,0.000000,1.085381,6
14,Proposed,84,935.748494,1933525.069460,0.000000,0.851238,7
14,Proposed,85,933.538698,1986362.704326,0.000000,1.085381,6
14,Proposed,86,935.748494,1933525.069460,0.000000,0.851238,7
14,Proposed,87,935.748494,1933525.069460,0.000000,0.851238,7
14,Proposed,88,933.538698,1986362.704326,0.000000,1.085381,6
14,Proposed,89,935.748494,1933525.069460,0.000000,0.851238,7
14,Proposed,90,935.748494,1933525.069460,0.000000,0.851238,7
14,Proposed,91,935.748494,1933525.069460,0.000000,0.851238,7
14,Proposed,92,933.538698,1986362.704326,0.000000,1.085381,6
14,Proposed,93,933.538698,1986362.704326,0.000000,1.085381,6
14,Proposed,94,935.748494,1933525.069460,0.000000,0.851238,7
14,Proposed,95,935.748494,1933525.069460,0.000000,0.851238,7
14,Proposed,96,935.748494,1933525.069460,0.000000,0.851238,7
14,Proposed,97,933.538698,1986362.704326,0.000000,1.085381,6
14,Proposed,98,935.748494,1933525.069460,0.000000,0.851238,7
14,Proposed,99,935.748494,1933525.069460,0.000000,0.851238,7
14,Proposed,100,935.748494,1933525.069460,0.000000,0.851238,7
14,Proposed,101,935.748494,1933525.069460,0.000000,0.851238,7
14,Proposed,102,933.538698,1986362.704326,0.000000,1.085381,6
14,Proposed,103,933.538698,1986362.704326,0.000000,1.085381,6
14,Proposed,104,935.748494,1933525.069460,0.000000,0.851238,7
14,Proposed,105,935.748494,1933525.069460,0.000000,0.851238,7
14,Proposed,106,933.538698,1986362.704326,0.000000,1.085381,6
14,Proposed,107,935.748494,1933525.069460,0.000000,0.851238,7
14,Proposed,108,935.748494,1933525.069460,0.000000,0.851238,7
14,Proposed,109,933.538698,1986362.704326,0.000000,1.085381,6
14,Proposed,110,933.538698,1986362.704326,0.000000,1.085381,6
14,Proposed,111,935.748494,1933525.069460,0.000000,0.851238,7
14,Proposed,112,933.538698,1986362.704326,0.000000,1.085381,6
14,Proposed,113,935.748494,1933525.069460,0.000000,0.851238,7
14,Proposed,114,935.748494,1933525.069460,0.000000,0.851238,7
14,Proposed,115,935.748494,1933525.069460,0.000000,0.851238,7
14,Proposed,116,935.748494,1933525.069460,0.000000,0.851238,7
14,Proposed,117,933.538698,1986362.704326,0.000000,1.085381,6
14,Proposed,118,935.748494,1933525.069460,0.000000,0.851238,7
14,Proposed,119,935.748494,1933525.069460,0.000000,0.851238,7
14,Proposed,120,933.538698,1986362.704326,0.000000,1.085381,6
14,Proposed,121,935.748494,1933525.069460,0.000000,0.851238,7
14,Proposed,122,933.538698,1986362.704326,0.000000,1.085381,6
14,Proposed,123,935.748494,1933525.069460,0.000000,0.851238,7
14,Proposed,124,935.748494,1933525.069460,0.000000,0.851238,7
14,Proposed,125,935.748494,1933525.069460,0.000000,0.851238,7
14,Proposed,126,933.538698,1986362.704326,0.000000,1.085381,6
14,Proposed,127,935.748494,1933525.069460,0.000000,0.851238,7
14,Proposed,128,935.748494,1933525.069460,0.000000,0.851238,7
14,Proposed,129,935.748494,1933525.069460,0.000000,0.851238,7
14,Proposed,130,935.748494,1933525.069460,0.000000,0.851238,7
14,Proposed,131,933.538698,1986362.704326,0.000000,1.085381,6
14,Proposed,132,935.748494,1933525.069460,0.000000,0.851238,7
14,Proposed,133,935.748494,1933525.069460,0.000000,0.851238,7
14,Proposed,134,933.538698,1986362.704326,0.000000,1.085381,6
14,Proposed,135,933.538698,1986362.704326,0.000000,1.085381,6
14,Proposed,136,935.748494,1933525.069460,0.000000,0.851238,7
14,Proposed,137,935.748494,1933525.069460,0.000000,0.851238,7
14,Proposed,138,933.538698,1986362.704326,0.000000,1.085381,6
14,Proposed,139,935.748494,1933525.069460,0.000000,0.851238,7
14,Proposed,140,935.748494,1933525.069460,0.000000,0.851238,7
14,Proposed,141,935.748494,1933525.069460,0.000000,0.851238,7
14,Proposed,142,933.538698,1986362.704326,0.000000,1.085381,6
14,Proposed,143,935.748494,1933525.069460,0.000000,0.851238,7
14,Proposed,144,935.748494,1933525.069460,0.000000,0.851238,7
14,Proposed,145,935.748494,1933525.069460,0.000000,0.851238,7
14,Proposed,146,933.538698,1986362.704326,0.000000,1.085381,6
14,Proposed,147,933.538698,1986362.704326,0.000000,1.085381,6
14,Proposed,148,933.538698,1986362.704326,0.000000,1.085381,6
14,Proposed,149,935.748494,1933525.069460,0.000000,0.851238,7
14,Proposed,150,935.748494,1933525.069460,0.000000,0.851238,7
14,Proposed,151,935.748494,1933525.069460,0.000000,0.851238,7
14,Proposed,152,933.538698,1986362.704326,0.000000,1.085381,6
14,Proposed,153,935.748494,1933525.069460,0.000000,0.851238,7
14,Proposed,154,935.748494,1933525.069460,0.000000,0.851238,7
14,Proposed,155,935.748494,1933525.069460,0.000000,0.851238,7
14,Proposed,156,933.538698,1986362.704326,0.000000,1.085381,6
14,Proposed,157,935.748494,1933525.069460,0.000000,0.851238,7
14,Proposed,158,933.538698,1986362.704326,0.000000,1.085381,6
14,Proposed,159,935.748494,1933525.069460,0.000000,0.851238,7
14,Proposed,160,935.748494,1933525.069460,0.000000,0.851238,7
14,Proposed,161,933.538698,1986362.704326,0.000000,1.085381,6
14,Proposed,162,935.748494,1933525.069460,0.000000,0.851238,7
14,Proposed,163,935.748494,1933525.069460,0.000000,0.851238,7
14,Proposed,164,933.538698,1986362.704326,0.000000,1.085381,6
14,Proposed,165,933.538698,1986362.704326,0.000000,1.085381,6
14,Proposed,166,933.538698,1986362.704326,0.000000,1.085381,6
14,Proposed,167,935.748494,1933525.069460,0.000000,0.851238,7
14,Proposed,168,935.748494,1933525.069460,0.000000,0.851238,7
14,Proposed,169,935.748494,1933525.069460,0.000000,0.851238,7
14,Proposed,170,935.748494,1933525.069460,0.000000,0.851238,7
14,Proposed,171,935.748494,1933525.069460,0.000000,0.851238,7
14,Proposed,172,933.538698,1986362.704326,0.000000,1.085381,6
14,Proposed,173,935.748494,1933525.069460,0.000000,0.851238,7
14,Proposed,174,933.538698,1986362.704326,0.000000,1.085381,6
14,Proposed,175,933.538698,1986362.704326,0.000000,1.085381,6
14,Proposed,176,933.538698,1986362.704326,0.000000,1.085381,6
14,Proposed,177,935.748494,1933525.069460,0.000000,0.851238,7
14,Proposed,178,933.538698,1986362.704326,0.000000,1.085381,6
14,Proposed,179,935.748494,1933525.069460,0.000000,0.851238,7
14,Proposed,180,935.748494,1933525.069460,0.000000,0.851238,7
14,Proposed,181,933.538698,1986362.704326,0.000000,1.085381,6
14,Proposed,182,935.748494,1933525.069460,0.000000,0.851238,7
14,Proposed,183,935.748494,1933525.069460,0.000000,0.851238,7
14,Proposed,184,935.748494,1933525.069460,0.000000,0.851238,7
14,Proposed,185,935.748494,1933525.069460,0.000000,0.851238,7
14,Proposed,186,933.538698,1986362.704326,0.000000,1.085381,6
14,Proposed,187,935.748494,1933525.069460,0.000000,0.851238,7
14,Proposed,188,933.538698,1986362.704326,0.000000,1.085381,6
14,Proposed,189,935.748494,1933525.069460,0.000000,0.851238,7
14,Proposed,190,933.538698,1986362.704326,0.000000,1.085381,6
14,Proposed,191,935.748494,1933525.069460,0.000000,0.851238,7
14,Proposed,192,935.748494,1933525.069460,0.000000,0.851238,7
14,Proposed,193,933.538698,1986362.704326,0.000000,1.085381,6
14,Proposed,194,935.748494,1933525.069460,0.000000,0.851238,7
14,Proposed,195,935.748494,1933525.069460,0.000000,0.851238,7
14,Proposed,196,933.538698,1986362.704326,0.000000,1.085381,6
14,Proposed,197,935.748494,1933525.069460,0.000000,0.851238,7
14,Proposed,198,935.748494,1933525.069460,0.000000,0.851238,7
14,Proposed,199,935.748494,1933525.069460,0.000000,0.851238,7
14,Proposed,200,933.538698,1986362.704326,0.000000,1.085381,6
14,Proposed,201,933.538698,1986362.704326,0.000000,1.085381,6
14,Proposed,202,933.538698,1986362.704326,0.000000,1.085381,6
14,Proposed,203,935.748494,1933525.069460,0.000000,0.851238,7
14,Proposed,204,935.748494,1933525.069460,0.000000,0.851238,7
14,Proposed,205,935.748494,1933525.069460,0.000000,0.851238,7
14,Proposed,206,935.748494,1933525.069460,0.000000,0.851238,7
14,Proposed,207,933.538698,1986362.704326,0.000000,1.085381,6
14,Proposed,208,933.538698,1986362.704326,0.000000,1.085381,6
14,Proposed,209,935.748494,1933525.069460,0.000000,0.851238,7
14,Proposed,210,933.538698,1986362.704326,0.000000,1.085381,6
14,Proposed,211,935.748494,1933525.069460,0.000000,0.851238,7
14,Proposed,212,935.748494,1933525.069460,0.000000,0.851238,7
14,Proposed,213,935.748494,1933525.069460,0.000000,0.851238,7
14,Proposed,214,935.748494,1933525.069460,0.000000,0.851238,7
14,Proposed,215,933.538698,1986362.704326,0.000000,1.085381,6
14,Proposed,216,933.538698,1986362.704326,0.000000,1.085381,6
14,Proposed,217,935.748494,1933525.069460,0.000000,0.851238,7
14,Proposed,218,935.748494,1933525.069460,0.000000,0.851238,7
14,Proposed,219,933.538698,1986362.704326,0.000000,1.085381,6
14,Proposed,220,935.748494,1933525.069460,0.000000,0.851238,7
14,Proposed,221,935.748494,1933525.069460,0.000000,0.851238,7
14,Proposed,222,935.748494,1933525.069460,0.000000,0.851238,7
14,Proposed,223,935.748494,1933525.069460,0.000000,0.851238,7
14,Proposed,224,933.538698,1986362.704326,0.000000,1.085381,6
14,Proposed,225,935.748494,1933525.069460,0.000000,0.851238,7
14,Proposed,226,935.748494,1933525.069460,0.000000,0.851238,7
14,Proposed,227,933.538698,1986362.704326,0.000000,1.085381,6
14,Proposed,228,935.748494,1933525.069460,0.000000,0.851238,7
14,Proposed,229,935.748494,1933525.069460,0.000000,0.851238,7
14,Proposed,230,934.815091,1671555.006662,0.000000,0.950138,8
14,Proposed,231,933.538698,1986362.704326,0.000000,1.085381,6
14,Proposed,232,933.538698,1986362.704326,0.000000,1.085381,6
14,Proposed,233,933.538698,1986362.704326,0.000000,1.085381,6
14,Proposed,234,935.748494,1933525.069460,0.000000,0.851238,7
14,Proposed,235,935.748494,1933525.069460,0.000000,0.851238,7
14,Proposed,236,935.748494,1933525.069460,0.000000,0.851238,7
14,Proposed,237,935.748494,1933525.069460,0.000000,0.851238,7
14,Proposed,238,933.538698,1986362.704326,0.000000,1.085381,6
14,Proposed,239,935.748494,1933525.069460,0.000000,0.851238,7
14,Proposed,240,935.748494,1933525.069460,0.000000,0.851238,7
14,Proposed,241,933.538698,1986362.704326,0.000000,1.085381,6
14,Proposed,242,935.748494,1933525.069460,0.000000,0.851238,7
14,Proposed,243,935.748494,1933525.069460,0.000000,0.851238,7
14,Proposed,244,935.748494,1933525.069460,0.000000,0.851238,7
14,Proposed,245,933.538698,1986362.704326,0.000000,1.085381,6
14,Proposed,246,935.748494,1933525.069460,0.000000,0.851238,7
14,Proposed,247,935.748494,1933525.069460,0.000000,0.851238,7
14,Proposed,248,933.538698,1986362.704326,0.000000,1.085381,6
14,Proposed,249,933.538698,1986362.704326,0.000000,1.085381,6
14,Proposed,250,933.538698,1986362.704326,0.000000,1.085381,6
14,Proposed,251,935.748494,1933525.069460,0.000000,0.851238,7
14,Proposed,252,933.538698,1986362.704326,0.000000,1.085381,6
14,Proposed,253,935.748494,1933525.069460,0.000000,0.851238,7
14,Proposed,254,935.748494,1933525.069460,0.000000,0.851238,7
14,Proposed,255,935.748494,1933525.069460,0.000000,0.851238,7
14,Proposed,256,933.538698,1986362.704326,0.000000,1.085381,6
14,Proposed,257,933.538698,1986362.704326,0.000000,1.085381,6
14,Proposed,258,933.538698,1986362.704326,0.000000,1.085381,6
14,Proposed,259,933.538698,1986362.704326,0.000000,1.085381,6
14,Proposed,260,935.748494,1933525.069460,0.000000,0.851238,7
14,Proposed,261,935.748494,1933525.069460,0.000000,0.851238,7
14,Proposed,262,935.748494,1933525.069460,0.000000,0.851238,7
14,Proposed,263,935.748494,1933525.069460,0.000000,0.851238,7
14,Proposed,264,935.748494,1933525.069460,0.000000,0.851238,7
14,Proposed,265,935.748494,1933525.069460,0.000000,0.851238,7
14,Proposed,266,935.748494,1933525.069460,0.000000,0.851238,7
14,Proposed,267,935.748494,1933525.069460,0.000000,0.851238,7
14,Proposed,268,935.748494,1933525.069460,0.000000,0.851238,7
14,Proposed,269,935.748494,1933525.069460,0.000000,0.851238,7
14,Proposed,270,933.538698,1986362.704326,0.000000,1.085381,6
14,Proposed,271,935.748494,1933525.069460,0.000000,0.851238,7
14,Proposed,272,935.748494,1933525.069460,0.000000,0.851238,7
14,Proposed,273,935.748494,1933525.069460,0.000000,0.851238,7
14,Proposed,274,935.748494,1933525.069460,0.000000,0.851238,7
14,Proposed,275,935.748494,1933525.069460,0.000000,0.851238,7
14,Proposed,276,935.748494,1933525.069460,0.000000,0.851238,7
14,Proposed,277,935.748494,1933525.069460,0.000000,0.851238,7
14,Proposed,278,935.748494,1933525.069460,0.000000,0.851238,7
14,Proposed,279,935.748494,1933525.069460,0.000000,0.851238,7
14,Proposed,280,933.538698,1986362.704326,0.000000,1.085381,6
14,Proposed,281,935.748494,1933525.069460,0.000000,0.851238,7
14,Proposed,282,934.815091,1671555.006662,0.000000,0.950138,8
14,Proposed,283,935.748494,1933525.069460,0.000000,0.851238,7
14,Proposed,284,935.748494,1933525.069460,0.000000,0.851238,7
14,Proposed,285,927.854305,1828579.630670,0.000000,1.099212,6
14,Proposed,286,929.461735,1905294.194015,0.000000,0.927875,7
14,Proposed,287,929.461735,1905294.194015,0.000000,0.927875,7
14,Proposed,288,929.461735,1905294.194015,0.000000,0.927875,7
14,Proposed,289,927.854305,1828579.630670,0.000000,1.099212,6
14,Proposed,290,929.461735,1905294.194015,0.000000,0.927875,7
14,Proposed,291,929.461735,1905294.194015,0.000000,0.927875,7
14,Proposed,292,927.854305,1828579.630670,0.000000,1.099212,6
14,Proposed,293,926.257760,2741929.446894,0.000000,1.269389,5
14,Proposed,294,952.486935,1151323.177546,0.000000,0.655530,36
14,Proposed,295,946.893214,1158418.975136,0.000000,0.663414,36
14,Proposed,296,940.567897,1070056.040175,0.000000,0.617217,36
14,Proposed,297,941.143574,1074244.100810,0.000000,0.619241,36
15,Baseline,0,857.651324,1437628.382196,0.000000,0.782358,5
15,Baseline,1,857.651324,1437628.382196,0.000000,0.782358,5
15,Baseline,2,857.346110,1552409.043753,0.000000,0.777270,5
15,Baseline,3,857.346110,1552409.043753,0.000000,0.777270,5
15,Baseline,4,848.816696,739853.175816,0.000000,0.593123,9
15,Baseline,5,848.816696,739853.175816,0.000000,0.593123,9
15,Baseline,6,826.885532,681666.572228,0.000000,0.550911,13
15,Baseline,7,826.885532,681666.572228,0.000000,0.550911,13
15,Baseline,8,826.885532,681666.572228,0.000000,0.550911,13
15,Baseline,9,826.885532,681666.572228,0.000000,0.550911,13
15,Baseline,10,826.715844,653268.489614,0.000000,0.571319,12
15,Baseline,11,826.885532,681666.572228,0.000000,0.550911,13
15,Baseline,12,826.885532,681666.572228,0.000000,0.550911,13
15,Baseline,13,826.885532,681666.572228,0.000000,0.550911,13
15,Baseline,14,826.885532,681666.572228,0.000000,0.550911,13
15,Baseline,15,826.885532,681666.572228,0.000000,0.550911,13
15,Baseline,16,827.140329,715404.895858,0.000000,0.520267,14
15,Baseline,17,827.140329,715404.895858,0.000000,0.520267,14
15,Baseline,18,826.715844,653268.489614,0.000000,0.571319,12
15,Baseline,19,826.885532,681666.572228,0.000000,0.550911,13
15,Baseline,20,826.885532,681666.572228,0.000000,0.550911,13
15,Baseline,21,826.885532,681666.572228,0.000000,0.550911,13
15,Baseline,22,826.885532,681666.572228,0.000000,0.550911,13
15,Baseline,23,826.885532,681666.572228,0.000000,0.550911,13
15,Baseline,24,826.885532,681666.572228,0.000000,0.550911,13
15,Baseline,25,826.885532,681666.572228,0.000000,0.550911,13
15,Baseline,26,826.885532,681666.572228,0.000000,0.550911,13
15,Baseline,27,827.140329,715404.895858,0.000000,0.520267,14
15,Baseline,28,826.715844,653268.489614,0.000000,0.571319,12
15,Baseline,29,826.885532,681666.572228,0.000000,0.550911,13
15,Baseline,30,827.140329,715404.895858,0.000000,0.520267,14
15,Baseline,31,826.885532,681666.572228,0.000000,0.550911,13
15,Baseline,32,826.885532,681666.572228,0.000000,0.550911,13
15,Baseline,33,826.885532,681666.572228,0.000000,0.550911,13
15,Baseline,34,826.885532,681666.572228,0.000000,0.550911,13
15,Baseline,35,826.885532,681666.572228,0.000000,0.550911,13
15,Baseline,36,826.885532,681666.572228,0.000000,0.550911,13
15,Baseline,37,826.885532,681666.572228,0.000000,0.550911,13
15,Baseline,38,826.885532,681666.572228,0.000000,0.550911,13
15,Baseline,39,826.885532,681666.572228,0.000000,0.550911,13
15,Baseline,40,826.885532,681666.572228,0.000000,0.550911,13
15,Baseline,41,826.885532,681666.572228,0.000000,0.550911,13
15,Baseline,42,826.885532,681666.572228,0.000000,0.550911,13
15,Baseline,43,826.885532,681666.572228,0.000000,0.550911,13
15,Baseline,44,826.885532,681666.572228,0.000000,0.550911,13
15,Baseline,45,826.885532,681666.572228,0.000000,0.550911,13
15,Baseline,46,826.885532,681666.572228,0.000000,0.550911,13
15,Baseline,47,826.885532,681666.572228,0.000000,0.550911,13
15,Baseline,48,826.715844,653268.489614,0.000000,0.571319,12
15,Baseline,49,826.715844,653268.489614,0.000000,0.571319,12
15,Baseline,50,826.885532,681666.572228,0.000000,0.550911,13
15,Baseline,51,826.885532,681666.572228,0.000000,0.550911,13
15,Baseline,52,826.885532,681666.572228,0.000000,0.550911,13
15,Baseline,53,826.885532,681666.572228,0.000000,0.550911,13
15,Baseline,54,826.885532,681666.572228,0.000000,0.550911,13
15,Baseline,55,826.885532,681666.572228,0.000000,0.550911,13
15,Baseline,56,826.885532,681666.572228,0.000000,0.550911,13
15,Baseline,57,826.885532,681666.572228,0.000000,0.550911,13
15,Baseline,58,826.885532,681666.572228,0.000000,0.550911,13
15,Baseline,59,826.885532,681666.572228,0.000000,0.550911,13
15,Baseline,60,827.140329,715404.895858,0.000000,0.520267,14
15,Baseline,61,826.885532,681666.572228,0.000000,0.550911,13
15,Baseline,62,826.885532,681666.572228,0.000000,0.550911,13
15,Baseline,63,826.885532,681666.572228,0.000000,0.550911,13
15,Baseline,64,826.885532,681666.572228,0.000000,0.550911,13
15,Baseline,65,826.885532,681666.572228,0.000000,0.550911,13
15,Baseline,66,826.885532,681666.572228,0.000000,0.550911,13
15,Baseline,67,826.885532,681666.572228,0.000000,0.550911,13
15,Baseline,68,826.885532,681666.572228,0.000000,0.550911,13
15,Baseline,69,826.885532,681666.572228,0.000000,0.550911,13
15,Baseline,70,826.885532,681666.572228,0.000000,0.550911,13
15,Baseline,71,826.885532,681666.572228,0.000000,0.550911,13
15,Baseline,72,826.885532,681666.572228,0.000000,0.550911,13
15,Baseline,73,826.885532,681666.572228,0.000000,0.550911,13
15,Baseline,74,826.885532,681666.572228,0.000000,0.550911,13
15,Baseline,75,826.885532,681666.572228,0.000000,0.550911,13
15,Baseline,76,826.885532,681666.572228,0.000000,0.550911,13
15,Baseline,77,826.885532,681666.572228,0.000000,0.550911,13
15,Baseline,78,826.885532,681666.572228,0.000000,0.550911,13
15,Baseline,79,826.885532,681666.572228,0.000000,0.550911,13
15,Baseline,80,826.885532,681666.572228,0.000000,0.550911,13
15,Baseline,81,826.885532,681666.572228,0.000000,0.550911,13
15,Baseline,82,826.885532,681666.572228,0.000000,0.550911,13
15,Baseline,83,827.140329,715404.895858,0.000000,0.520267,14
15,Baseline,84,826.885532,681666.572228,0.000000,0.550911,13
15,Baseline,85,826.885532,681666.572228,0.000000,0.550911,13
15,Baseline,86,826.885532,681666.572228,0.000000,0.550911,13
15,Baseline,87,826.885532,681666.572228,0.000000,0.550911,13
15,Baseline,88,826.885532,681666.572228,0.000000,0.550911,13
15,Baseline,89,826.885532,681666.572228,0.000000,0.550911,13
15,Baseline,90,826.885532,681666.572228,0.000000,0.550911,13
15,Baseline,91,826.885532,681666.572228,0.000000,0.550911,13
15,Baseline,92,826.885532,681666.572228,0.000000,0.550911,13
15,Baseline,93,826.885532,681666.572228,0.000000,0.550911,13
15,Baseline,94,826.885532,681666.572228,0.000000,0.550911,13
15,Baseline,95,826.885532,681666.572228,0.000000,0.550911,13
15,Baseline,96,826.885532,681666.572228,0.000000,0.550911,13
15,Baseline,97,826.885532,681666.572228,0.000000,0.550911,13
15,Baseline,98,826.885532,681666.572228,0.000000,0.550911,13
15,Baseline,99,826.885532,681666.572228,0.000000,0.550911,13
15,Baseline,100,826.885532,681666.572228,0.000000,0.550911,13
15,Baseline,101,826.885532,681666.572228,0.000000,0.550911,13
15,Baseline,102,826.885532,681666.572228,0.000000,0.550911,13
15,Baseline,103,826.885532,681666.572228,0.000000,0.550911,13
15,Baseline,104,826.885532,681666.572228,0.000000,0.550911,13
15,Baseline,105,826.885532,681666.572228,0.000000,0.550911,13
15,Baseline,106,826.885532,681666.572228,0.000000,0.550911,13
15,Baseline,107,827.140329,715404.895858,0.000000,0.520267,14
15,Baseline,108,826.715844,653268.489614,0.000000,0.571319,12
15,Baseline,109,826.715844,653268.489614,0.000000,0.571319,12
15,Baseline,110,826.715844,653268.489614,0.000000,0.571319,12
15,Baseline,111,826.885532,681666.572228,0.000000,0.550911,13
15,Baseline,112,826.885532,681666.572228,0.000000,0.550911,13
15,Baseline,113,826.885532,681666.572228,0.000000,0.550911,13
15,Baseline,114,826.715844,653268.489614,0.000000,0.571319,12
15,Baseline,115,826.885532,681666.572228,0.000000,0.550911,13
15,Baseline,116,826.885532,681666.572228,0.000000,0.550911,13
15,Baseline,117,826.885532,681666.572228,0.000000,0.550911,13
15,Baseline,118,826.715844,653268.489614,0.000000,0.571319,12
15,Baseline,119,826.715844,653268.489614,0.000000,0.571319,12
15,Baseline,120,826.885532,681666.572228,0.000000,0.550911,13
15,Baseline,121,826.885532,681666.572228,0.000000,0.550911,13
15,Baseline,122,826.885532,681666.572228,0.000000,0.550911,13
15,Baseline,123,826.885532,681666.572228,0.000000,0.550911,13
15,Baseline,124,826.885532,681666.572228,0.000000,0.550911,13
15,Baseline,125,826.885532,681666.572228,0.000000,0.550911,13
15,Baseline,126,826.885532,681666.572228,0.000000,0.550911,13
15,Baseline,127,826.885532,681666.572228,0.000000,0.550911,13
15,Baseline,128,826.715844,653268.489614,0.000000,0.571319,12
15,Baseline,129,826.885532,681666.572228,0.000000,0.550911,13
15,Baseline,130,826.885532,681666.572228,0.000000,0.550911,13
15,Baseline,131,826.885532,681666.572228,0.000000,0.550911,13
15,Baseline,132,826.885532,681666.572228,0.000000,0.550911,13
15,Baseline,133,826.885532,681666.572228,0.000000,0.550911,13
15,Baseline,134,827.140329,715404.895858,0.000000,0.520267,14
15,Baseline,135,826.885532,681666.572228,0.000000,0.550911,13
15,Baseline,136,826.885532,681666.572228,0.000000,0.550911,13
15,Baseline,137,826.885532,681666.572228,0.000000,0.550911,13
15,Baseline,138,826.885532,681666.572228,0.000000,0.550911,13
15,Baseline,139,826.885532,681666.572228,0.000000,0.550911,13
15,Baseline,140,826.885532,681666.572228,0.000000,0.550911,13
15,Baseline,141,826.885532,681666.572228,0.000000,0.550911,13
15,Baseline,142,826.885532,681666.572228,0.000000,0.550911,13
15,Baseline,143,826.885532,681666.572228,0.000000,0.550911,13
15,Baseline,144,827.140329,715404.895858,0.000000,0.520267,14
15,Baseline,145,826.885532,681666.572228,0.000000,0.550911,13
15,Baseline,146,826.885532,681666.572228,0.000000,0.550911,13
15,Baseline,147,826.715844,653268.489614,0.000000,0.571319,12
15,Baseline,148,826.715844,653268.489614,0.000000,0.571319,12
15,Baseline,149,826.885532,681666.572228,0.000000,0.550911,13
15,Baseline,150,826.715844,653268.489614,0.000000,0.571319,12
15,Baseline,151,826.885532,681666.572228,0.000000,0.550911,13
15,Baseline,152,826.885532,681666.572228,0.000000,0.550911,13
15,Baseline,153,826.885532,681666.572228,0.000000,0.550911,13
15,Baseline,154,826.885532,681666.572228,0.000000,0.550911,13
15,Baseline,155,826.885532,681666.572228,0.000000,0.550911,13
15,Baseline,156,826.885532,681666.572228,0.000000,0.550911,13
15,Baseline,157,826.885532,681666.572228,0.000000,0.550911,13
15,Baseline,158,826.885532,681666.572228,0.000000,0.550911,13
15,Baseline,159,826.885532,681666.572228,0.000000,0.550911,13
15,Baseline,160,826.715844,653268.489614,0.000000,0.571319,12
15,Baseline,161,826.885532,681666.572228,0.000000,0.550911,13
15,Baseline,162,827.140329,715404.895858,0.000000,0.520267,14
15,Baseline,163,827.140329,715404.895858,0.000000,0.520267,14
15,Baseline,164,827.140329,715404.895858,0.000000,0.520267,14
15,Baseline,165,826.715844,653268.489614,0.000000,0.571319,12
15,Baseline,166,826.715844,653268.489614,0.000000,0.571319,12
15,Baseline,167,827.140329,715404.895858,0.000000,0.520267,14
15,Baseline,168,826.885532,681666.572228,0.000000,0.550911,13
15,Baseline,169,826.885532,681666.572228,0.000000,0.550911,13
15,Baseline,170,826.885532,681666.572228,0.000000,0.550911,13
15,Baseline,171,826.885532,681666.572228,0.000000,0.550911,13
15,Baseline,172,826.885532,681666.572228,0.000000,0.550911,13
15,Baseline,173,826.885532,681666.572228,0.000000,0.550911,13
15,Baseline,174,826.885532,681666.572228,0.000000,0.550911,13
15,Baseline,175,826.885532,681666.572228,0.000000,0.550911,13
15,Baseline,176,826.885532,681666.572228,0.000000,0.550911,13
15,Baseline,177,826.885532,681666.572228,0.000000,0.550911,13
15,Baseline,178,826.885532,681666.572228,0.000000,0.550911,13
15,Baseline,179,826.885532,681666.572228,0.000000,0.550911,13
15,Baseline,180,826.885532,681666.572228,0.000000,0.550911,13
15,Baseline,181,826.885532,681666.572228,0.000000,0.550911,13
15,Baseline,182,826.885532,681666.572228,0.000000,0.550911,13
15,Baseline,183,826.885532,681666.572228,0.000000,0.550911,13
15,Baseline,184,826.715844,653268.489614,0.000000,0.571319,12
15,Baseline,185,826.885532,681666.572228,0.000000,0.550911,13
15,Baseline,186,826.885532,681666.572228,0.000000,0.550911,13
15,Baseline,187,826.885532,681666.572228,0.000000,0.550911,13
15,Baseline,188,826.885532,681666.572228,0.000000,0.550911,13
15,Baseline,189,827.140329,715404.895858,0.000000,0.520267,14
15,Baseline,190,826.885532,681666.572228,0.000000,0.550911,13
15,Baseline,191,826.885532,681666.572228,0.000000,0.550911,13
15,Baseline,192,827.140329,715404.895858,0.000000,0.520267,14
15,Baseline,193,827.140329,715404.895858,0.000000,0.520267,14
15,Baseline,194,826.885532,681666.572228,0.000000,0.550911,13
15,Baseline,195,826.885532,681666.572228,0.000000,0.550911,13
15,Baseline,196,827.140329,715404.895858,0.000000,0.520267,14
15,Baseline,197,826.715844,653268.489614,0.000000,0.571319,12
15,Baseline,198,826.885532,681666.572228,0.000000,0.550911,13
15,Baseline,199,826.885532,681666.572228,0.000000,0.550911,13
15,Baseline,200,826.885532,681666.572228,0.000000,0.550911,13
15,Baseline,201,826.885532,681666.572228,0.000000,0.550911,13
15,Baseline,202,826.885532,681666.572228,0.000000,0.550911,13
15,Baseline,203,826.885532,681666.572228,0.000000,0.550911,13
15,Baseline,204,827.140329,715404.895858,0.000000,0.520267,14
15,Baseline,205,827.140329,715404.895858,0.000000,0.520267,14
15,Baseline,206,826.885532,681666.572228,0.000000,0.550911,13
15,Baseline,207,826.885532,681666.572228,0.000000,0.550911,13
15,Baseline,208,826.885532,681666.572228,0.000000,0.550911,13
15,Baseline,209,826.885532,681666.572228,0.000000,0.550911,13
15,Baseline,210,826.885532,681666.572228,0.000000,0.550911,13
15,Baseline,211,826.885532,681666.572228,0.000000,0.550911,13
15,Baseline,212,826.885532,681666.572228,0.000000,0.550911,13
15,Baseline,213,826.885532,681666.572228,0.000000,0.550911,13
15,Baseline,214,826.885532,681666.572228,0.000000,0.550911,13
15,Baseline,215,826.885532,681666.572228,0.000000,0.550911,13
15,Baseline,216,826.885532,681666.572228,0.000000,0.550911,13
15,Baseline,217,826.885532,681666.572228,0.000000,0.550911,13
15,Baseline,218,826.885532,681666.572228,0.000000,0.550911,13
15,Baseline,219,826.885532,681666.572228,0.000000,0.550911,13
15,Baseline,220,826.885532,681666.572228,0.000000,0.550911,13
15,Baseline,221,827.140329,715404.895858,0.000000,0.520267,14
15,Baseline,222,826.885532,681666.572228,0.000000,0.550911,13
15,Baseline,223,826.885532,681666.572228,0.000000,0.550911,13
15,Baseline,224,826.885532,681666.572228,0.000000,0.550911,13
15,Baseline,225,826.885532,681666.572228,0.000000,0.550911,13
15,Baseline,226,826.885532,681666.572228,0.000000,0.550911,13
15,Baseline,227,826.885532,681666.572228,0.000000,0.550911,13
15,Baseline,228,826.885532,681666.572228,0.000000,0.550911,13
15,Baseline,229,826.885532,681666.572228,0.000000,0.550911,13
15,Baseline,230,826.885532,681666.572228,0.000000,0.550911,13
15,Baseline,231,826.885532,681666.572228,0.000000,0.550911,13
15,Baseline,232,826.885532,681666.572228,0.000000,0.550911,13
15,Baseline,233,826.885532,681666.572228,0.000000,0.550911,13
15,Baseline,234,826.885532,681666.572228,0.000000,0.550911,13
15,Baseline,235,826.885532,681666.572228,0.000000,0.550911,13
15,Baseline,236,826.885532,681666.572228,0.000000,0.550911,13
15,Baseline,237,826.885532,681666.572228,0.000000,0.550911,13
15,Baseline,238,826.885532,681666.572228,0.000000,0.550911,13
15,Baseline,239,826.715844,653268.489614,0.000000,0.571319,12
15,Baseline,240,826.885532,681666.572228,0.000000,0.550911,13
15,Baseline,241,826.715844,653268.489614,0.000000,0.571319,12
15,Baseline,242,826.715844,653268.489614,0.000000,0.571319,12
15,Baseline,243,826.715844,653268.489614,0.000000,0.571319,12
15,Baseline,244,826.885532,681666.572228,0.000000,0.550911,13
15,Baseline,245,826.715844,653268.489614,0.000000,0.571319,12
15,Baseline,246,826.885532,681666.572228,0.000000,0.550911,13
15,Baseline,247,826.885532,681666.572228,0.000000,0.550911,13
15,Baseline,248,826.885532,681666.572228,0.000000,0.550911,13
15,Baseline,249,826.885532,681666.572228,0.000000,0.550911,13
15,Baseline,250,826.885532,681666.572228,0.000000,0.550911,13
15,Baseline,251,826.715844,653268.489614,0.000000,0.571319,12
15,Baseline,252,826.885532,681666.572228,0.000000,0.550911,13
15,Baseline,253,826.885532,681666.572228,0.000000,0.550911,13
15,Baseline,254,826.885532,681666.572228,0.000000,0.550911,13
15,Baseline,255,826.885532,681666.572228,0.000000,0.550911,13
15,Baseline,256,826.885532,681666.572228,0.000000,0.550911,13
15,Baseline,257,826.885532,681666.572228,0.000000,0.550911,13
15,Baseline,258,826.885532,681666.572228,0.000000,0.550911,13
15,Baseline,259,826.715844,653268.489614,0.000000,0.571319,12
15,Baseline,260,826.715844,653268.489614,0.000000,0.571319,12
15,Baseline,261,827.140329,715404.895858,0.000000,0.520267,14
15,Baseline,262,826.885532,681666.572228,0.000000,0.550911,13
15,Baseline,263,826.885532,681666.572228,0.000000,0.550911,13
15,Baseline,264,826.885532,681666.572228,0.000000,0.550911,13
15,Baseline,265,826.885532,681666.572228,0.000000,0.550911,13
15,Baseline,266,826.885532,681666.572228,0.000000,0.550911,13
15,Baseline,267,826.715844,653268.489614,0.000000,0.571319,12
15,Baseline,268,826.715844,653268.489614,0.000000,0.571319,12
15,Baseline,269,826.715844,653268.489614,0.000000,0.571319,12
15,Baseline,270,826.885532,681666.572228,0.000000,0.550911,13
15,Baseline,271,826.885532,681666.572228,0.000000,0.550911,13
15,Baseline,272,826.885532,681666.572228,0.000000,0.550911,13
15,Baseline,273,827.140329,715404.895858,0.000000,0.520267,14
15,Baseline,274,827.140329,715404.895858,0.000000,0.520267,14
15,Baseline,275,826.885532,681666.572228,0.000000,0.550911,13
15,Baseline,276,826.885532,681666.572228,0.000000,0.550911,13
15,Baseline,277,826.885532,681666.572228,0.000000,0.550911,13
15,Baseline,278,826.885532,681666.572228,0.000000,0.550911,13
15,Baseline,279,826.885532,681666.572228,0.000000,0.550911,13
15,Baseline,280,826.885532,681666.572228,0.000000,0.550911,13
15,Baseline,281,826.885532,681666.572228,0.000000,0.550911,13
15,Baseline,282,826.885532,681666.572228,0.000000,0.550911,13
15,Baseline,283,826.885532,681666.572228,0.000000,0.550911,13
15,Baseline,284,826.885532,681666.572228,0.000000,0.550911,13
15,Baseline,285,826.885532,681666.572228,0.000000,0.550911,13
15,Baseline,286,826.885532,681666.572228,0.000000,0.550911,13
15,Baseline,287,826.885532,681666.572228,0.000000,0.550911,13
15,Baseline,288,826.885532,681666.572228,0.000000,0.550911,13
15,Baseline,289,826.885532,681666.572228,0.000000,0.550911,13
15,Baseline,290,826.885532,681666.572228,0.000000,0.550911,13
15,Baseline,291,826.885532,681666.572228,0.000000,0.550911,13
15,Baseline,292,826.885532,681666.572228,0.000000,0.550911,13
15,Baseline,293,826.885532,681666.572228,0.000000,0.550911,13
15,Baseline,294,826.885532,681666.572228,0.000000,0.550911,13
15,Baseline,295,826.885532,681666.572228,0.000000,0.550911,13
15,Baseline,296,826.885532,681666.572228,0.000000,0.550911,13
15,Baseline,297,826.885532,681666.572228,0.000000,0.550911,13
15,Baseline,298,826.885532,681666.572228,0.000000,0.550911,13
15,Baseline,299,826.715844,653268.489614,0.000000,0.571319,12
15,Proposed,0,943.868699,1062852.239156,0.000000,0.610957,36
15,Proposed,1,931.265980,1084381.587394,0.000000,0.631636,36
16,Baseline,0,844.622056,1164670.001602,0.000000,0.723735,6
16,Baseline,1,844.622056,1164670.001602,0.000000,0.723735,6
16,Baseline,2,844.503556,1110897.446145,0.000000,0.657499,6
16,Baseline,3,844.324686,1544875.646998,0.000000,0.678540,5
16,Baseline,4,841.285134,930875.515568,0.000000,0.564564,8
16,Baseline,5,841.285134,930875.515568,0.000000,0.564564,8
16,Baseline,6,830.098557,933576.401163,0.000000,0.565734,8
16,Baseline,7,830.098557,933576.401163,0.000000,0.565734,8
16,Baseline,8,830.098557,933576.401163,0.000000,0.565734,8
16,Baseline,9,830.098557,933576.401163,0.000000,0.565734,8
16,Baseline,10,826.180628,919411.735823,0.000000,0.589269,8
16,Baseline,11,826.180628,919411.735823,0.000000,0.589269,8
16,Baseline,12,826.079883,851118.493707,0.000000,0.568259,8
16,Baseline,13,826.079883,851118.493707,0.000000,0.568259,8
16,Baseline,14,813.963485,691823.938136,0.000000,0.608246,9
16,Baseline,15,813.963485,691823.938136,0.000000,0.608246,9
16,Baseline,16,809.523677,674194.420635,0.000000,0.560523,9
16,Baseline,17,809.523677,674194.420635,0.000000,0.560523,9
16,Baseline,18,802.673748,691243.628502,0.000000,0.608968,9
16,Baseline,19,802.673748,691243.628502,0.000000,0.608968,9
16,Baseline,20,798.068667,673271.080978,0.000000,0.597379,9
16,Baseline,21,798.068667,673271.080978,0.000000,0.597379,9
16,Baseline,22,798.068667,673271.080978,0.000000,0.597379,9
16,Baseline,23,798.068667,673271.080978,0.000000,0.597379,9
16,Baseline,24,798.430575,743559.786976,0.000000,0.552301,8
16,Baseline,25,798.068667,673271.080978,0.000000,0.597379,9
16,Baseline,26,798.068667,673271.080978,0.000000,0.597379,9
16,Baseline,27,798.068667,673271.080978,0.000000,0.597379,9
16,Baseline,28,798.068667,673271.080978,0.000000,0.597379,9
16,Baseline,29,798.430575,743559.786976,0.000000,0.552301,8
16,Baseline,30,798.068667,673271.080978,0.000000,0.597379,9
16,Baseline,31,798.068667,673271.080978,0.000000,0.597379,9
16,Baseline,32,798.068667,673271.080978,0.000000,0.597379,9
16,Baseline,33,798.068667,673271.080978,0.000000,0.597379,9
16,Baseline,34,798.068667,673271.080978,0.000000,0.597379,9
16,Baseline,35,798.068667,673271.080978,0.000000,0.597379,9
16,Baseline,36,798.068667,673271.080978,0.000000,0.597379,9
16,Baseline,37,798.068667,673271.080978,0.000000,0.597379,9
16,Baseline,38,798.068667,673271.080978,0.000000,0.597379,9
16,Baseline,39,798.068667,673271.080978,0.000000,0.597379,9
16,Baseline,40,798.068667,673271.080978,0.000000,0.597379,9
16,Baseline,41,798.068667,673271.080978,0.000000,0.597379,9
16,Baseline,42,798.068667,673271.080978,0.000000,0.597379,9
16,Baseline,43,798.068667,673271.080978,0.000000,0.597379,9
16,Baseline,44,798.068667,673271.080978,0.000000,0.597379,9
16,Baseline,45,798.068667,673271.080978,0.000000,0.597379,9
16,Baseline,46,798.068667,673271.080978,0.000000,0.597379,9
16,Baseline,47,798.068667,673271.080978,0.000000,0.597379,9
16,Baseline,48,798.068667,673271.080978,0.000000,0.597379,9
16,Baseline,49,798.068667,673271.080978,0.000000,0.597379,9
16,Baseline,50,798.068667,673271.080978,0.000000,0.597379,9
16,Baseline,51,798.068667,673271.080978,0.000000,0.597379,9
16,Baseline,52,798.068667,673271.080978,0.000000,0.597379,9
16,Baseline,53,798.068667,673271.080978,0.000000,0.597379,9
16,Baseline,54,798.068667,673271.080978,0.000000,0.597379,9
16,Baseline,55,798.068667,673271.080978,0.000000,0.597379,9
16,Baseline,56,798.068667,673271.080978,0.000000,0.597379,9
16,Baseline,57,798.068667,673271.080978,0.000000,0.597379,9
16,Baseline,58,798.068667,673271.080978,0.000000,0.597379,9
16,Baseline,59,798.068667,673271.080978,0.000000,0.597379,9
16,Baseline,60,798.068667,673271.080978,0.000000,0.597379,9
16,Baseline,61,798.068667,673271.080978,0.000000,0.597379,9
16,Baseline,62,798.068667,673271.080978,0.000000,0.597379,9
16,Baseline,63,798.068667,673271.080978,0.000000,0.597379,9
16,Baseline,64,798.068667,673271.080978,0.000000,0.597379,9
16,Baseline,65,798.068667,673271.080978,0.000000,0.597379,9
16,Baseline,66,798.068667,673271.080978,0.000000,0.597379,9
16,Baseline,67,798.068667,673271.080978,0.000000,0.597379,9
16,Baseline,68,798.068667,673271.080978,0.000000,0.597379,9
16,Baseline,69,798.068667,673271.080978,0.000000,0.597379,9
16,Baseline,70,798.475812,696844.587426,0.000000,0.546667,10
16,Baseline,71,798.475812,696844.587426,0.000000,0.546667,10
16,Baseline,72,798.068667,673271.080978,0.000000,0.597379,9
16,Baseline,73,798.068667,673271.080978,0.000000,0.597379,9
16,Baseline,74,798.068667,673271.080978,0.000000,0.597379,9
16,Baseline,75,798.068667,673271.080978,0.000000,0.597379,9
16,Baseline,76,798.068667,673271.080978,0.000000,0.597379,9
16,Baseline,77,798.068667,673271.080978,0.000000,0.597379,9
16,Baseline,78,798.068667,673271.080978,0.000000,0.597379,9
16,Baseline,79,798.068667,673271.080978,0.000000,0.597379,9
16,Baseline,80,798.475812,696844.587426,0.000000,0.546667,10
16,Baseline,81,798.475812,696844.587426,0.000000,0.546667,10
16,Baseline,82,798.068667,673271.080978,0.000000,0.597379,9
16,Baseline,83,798.068667,673271.080978,0.000000,0.597379,9
16,Baseline,84,798.068667,673271.080978,0.000000,0.597379,9
16,Baseline,85,798.430575,743559.786976,0.000000,0.552301,8
16,Baseline,86,798.430575,743559.786976,0.000000,0.552301,8
16,Baseline,87,798.068667,673271.080978,0.000000,0.597379,9
16,Baseline,88,798.068667,673271.080978,0.000000,0.597379,9
16,Baseline,89,798.068667,673271.080978,0.000000,0.597379,9
16,Baseline,90,798.068667,673271.080978,0.000000,0.597379,9
16,Baseline,91,798.068667,673271.080978,0.000000,0.597379,9
16,Baseline,92,798.068667,673271.080978,0.000000,0.597379,9
16,Baseline,93,798.068667,673271.080978,0.000000,0.597379,9
16,Baseline,94,798.068667,673271.080978,0.000000,0.597379,9
16,Baseline,95,798.068667,673271.080978,0.000000,0.597379,9
16,Baseline,96,798.068667,673271.080978,0.000000,0.597379,9
16,Baseline,97,798.068667,673271.080978,0.000000,0.597379,9
16,Baseline,98,798.068667,673271.080978,0.000000,0.597379,9
16,Baseline,99,798.068667,673271.080978,0.000000,0.597379,9
16,Baseline,100,798.068667,673271.080978,0.000000,0.597379,9
16,Baseline,101,798.068667,673271.080978,0.000000,0.597379,9
16,Baseline,102,798.068667,673271.080978,0.000000,0.597379,9
16,Baseline,103,798.068667,673271.080978,0.000000,0.597379,9
16,Baseline,104,798.068667,673271.080978,0.000000,0.597379,9
16,Baseline,105,798.068667,673271.080978,0.000000,0.597379,9
16,Baseline,106,798.068667,673271.080978,0.000000,0.597379,9
16,Baseline,107,798.068667,673271.080978,0.000000,0.597379,9
16,Baseline,108,798.068667,673271.080978,0.000000,0.597379,9
16,Baseline,109,798.068667,673271.080978,0.000000,0.597379,9
16,Baseline,110,798.068667,673271.080978,0.000000,0.597379,9
16,Baseline,111,798.068667,673271.080978,0.000000,0.597379,9
16,Baseline,112,798.068667,673271.080978,0.000000,0.597379,9
16,Baseline,113,798.475812,696844.587426,0.000000,0.546667,10
16,Baseline,114,798.068667,673271.080978,0.000000,0.597379,9
16,Baseline,115,798.068667,673271.080978,0.000000,0.597379,9
16,Baseline,116,798.068667,673271.080978,0.000000,0.597379,9
16,Baseline,117,798.068667,673271.080978,0.000000,0.597379,9
16,Baseline,118,798.068667,673271.080978,0.000000,0.597379,9
16,Baseline,119,798.068667,673271.080978,0.000000,0.597379,9
16,Baseline,120,798.068667,673271.080978,0.000000,0.597379,9
16,Baseline,121,798.068667,673271.080978,0.000000,0.597379,9
16,Baseline,122,798.068667,673271.080978,0.000000,0.597379,9
16,Baseline,123,798.068667,673271.080978,0.000000,0.597379,9
16,Baseline,124,798.068667,673271.080978,0.000000,0.597379,9
16,Baseline,125,798.068667,673271.080978,0.000000,0.597379,9
16,Baseline,126,798.068667,673271.080978,0.000000,0.597379,9
16,Baseline,127,798.068667,673271.080978,0.000000,0.597379,9
16,Baseline,128,798.068667,673271.080978,0.000000,0.597379,9
16,Baseline,129,798.068667,673271.080978,0.000000,0.597379,9
16,Baseline,130,798.068667,673271.080978,0.000000,0.597379,9
16,Baseline,131,798.068667,673271.080978,0.000000,0.597379,9
16,Baseline,132,798.068667,673271.080978,0.000000,0.597379,9
16,Baseline,133,798.068667,673271.080978,0.000000,0.597379,9
16,Baseline,134,798.068667,673271.080978,0.000000,0.597379,9
16,Baseline,135,798.068667,673271.080978,0.000000,0.597379,9
16,Baseline,136,798.068667,673271.080978,0.000000,0.597379,9
16,Baseline,137,798.068667,673271.080978,0.000000,0.597379,9
16,Baseline,138,798.475812,696844.587426,0.000000,0.546667,10
16,Baseline,139,798.475812,696844.587426,0.000000,0.546667,10
16,Baseline,140,798.430575,743559.786976,0.000000,0.552301,8
16,Baseline,141,798.430575,743559.786976,0.000000,0.552301,8
16,Baseline,142,798.068667,673271.080978,0.000000,0.597379,9
16,Baseline,143,798.068667,673271.080978,0.000000,0.597379,9
16,Baseline,144,798.068667,673271.080978,0.000000,0.597379,9
16,Baseline,145,798.068667,673271.080978,0.000000,0.597379,9
16,Baseline,146,798.068667,673271.080978,0.000000,0.597379,9
16,Baseline,147,798.068667,673271.080978,0.000000,0.597379,9
16,Baseline,148,798.068667,673271.080978,0.000000,0.597379,9
16,Baseline,149,798.068667,673271.080978,0.000000,0.597379,9
16,Baseline,150,798.068667,673271.080978,0.000000,0.597379,9
16,Baseline,151,798.068667,673271.080978,0.000000,0.597379,9
16,Baseline,152,798.068667,673271.080978,0.000000,0.597379,9
16,Baseline,153,798.068667,673271.080978,0.000000,0.597379,9
16,Baseline,154,798.068667,673271.080978,0.000000,0.597379,9
16,Baseline,155,798.068667,673271.080978,0.000000,0.597379,9
16,Baseline,156,798.068667,673271.080978,0.000000,0.597379,9
16,Baseline,157,798.068667,673271.080978,0.000000,0.597379,9
16,Baseline,158,798.068667,673271.080978,0.000000,0.597379,9
16,Baseline,159,798.068667,673271.080978,0.000000,0.597379,9
16,Baseline,160,798.068667,673271.080978,0.000000,0.597379,9
16,Baseline,161,798.068667,673271.080978,0.000000,0.597379,9
16,Baseline,162,798.068667,673271.080978,0.000000,0.597379,9
16,Baseline,163,798.068667,673271.080978,0.000000,0.597379,9
16,Baseline,164,798.068667,673271.080978,0.000000,0.597379,9
16,Baseline,165,798.068667,673271.080978,0.000000,0.597379,9
16,Baseline,166,798.068667,673271.080978,0.000000,0.597379,9
16,Baseline,167,798.068667,673271.080978,0.000000,0.597379,9
16,Baseline,168,798.068667,673271.080978,0.000000,0.597379,9
16,Baseline,169,798.068667,673271.080978,0.000000,0.597379,9
16,Baseline,170,798.068667,673271.080978,0.000000,0.597379,9
16,Baseline,171,798.068667,673271.080978,0.000000,0.597379,9
16,Baseline,172,798.068667,673271.080978,0.000000,0.597379,9
16,Baseline,173,798.068667,673271.080978,0.000000,0.597379,9
16,Baseline,174,798.068667,673271.080978,0.000000,0.597379,9
16,Baseline,175,798.068667,673271.080978,0.000000,0.597379,9
16,Baseline,176,798.068667,673271.080978,0.000000,0.597379,9
16,Baseline,177,798.068667,673271.080978,0.000000,0.597379,9
16,Baseline,178,798.068667,673271.080978,0.000000,0.597379,9
16,Baseline,179,798.068667,673271.080978,0.000000,0.597379,9
16,Baseline,180,798.068667,673271.080978,0.000000,0.597379,9
16,Baseline,181,798.068667,673271.080978,0.000000,0.597379,9
16,Baseline,182,798.068667,673271.080978,0.000000,0.597379,9
16,Baseline,183,798.068667,673271.080978,0.000000,0.597379,9
16,Baseline,184,798.068667,673271.080978,0.000000,0.597379,9
16,Baseline,185,798.475812,696844.587426,0.000000,0.546667,10
16,Baseline,186,798.068667,673271.080978,0.000000,0.597379,9
16,Baseline,187,798.068667,673271.080978,0.000000,0.597379,9
16,Baseline,188,798.068667,673271.080978,0.000000,0.597379,9
16,Baseline,189,798.068667,673271.080978,0.000000,0.597379,9
16,Baseline,190,798.475812,696844.587426,0.000000,0.546667,10
16,Baseline,191,798.068667,673271.080978,0.000000,0.597379,9
16,Baseline,192,798.068667,673271.080978,0.000000,0.597379,9
16,Baseline,193,798.068667,673271.080978,0.000000,0.597379,9
16,Baseline,194,798.068667,673271.080978,0.000000,0.597379,9
16,Baseline,195,798.068667,673271.080978,0.000000,0.597379,9
16,Baseline,196,798.068667,673271.080978,0.000000,0.597379,9
16,Baseline,197,798.068667,673271.080978,0.000000,0.597379,9
16,Baseline,198,798.475812,696844.587426,0.000000,0.546667,10
16,Baseline,199,798.475812,696844.587426,0.000000,0.546667,10
16,Baseline,200,798.068667,673271.080978,0.000000,0.597379,9
16,Baseline,201,798.068667,673271.080978,0.000000,0.597379,9
16,Baseline,202,798.068667,673271.080978,0.000000,0.597379,9
16,Baseline,203,798.068667,673271.080978,0.000000,0.597379,9
16,Baseline,204,798.068667,673271.080978,0.000000,0.597379,9
16,Baseline,205,798.068667,673271.080978,0.000000,0.597379,9
16,Baseline,206,798.068667,673271.080978,0.000000,0.597379,9
16,Baseline,207,798.068667,673271.080978,0.000000,0.597379,9
16,Baseline,208,798.068667,673271.080978,0.000000,0.597379,9
16,Baseline,209,798.068667,673271.080978,0.000000,0.597379,9
16,Baseline,210,798.068667,673271.080978,0.000000,0.597379,9
16,Baseline,211,798.068667,673271.080978,0.000000,0.597379,9
16,Baseline,212,798.068667,673271.080978,0.000000,0.597379,9
16,Baseline,213,798.068667,673271.080978,0.000000,0.597379,9
16,Baseline,214,798.068667,673271.080978,0.000000,0.597379,9
16,Baseline,215,798.068667,673271.080978,0.000000,0.597379,9
16,Baseline,216,798.068667,673271.080978,0.000000,0.597379,9
16,Baseline,217,798.068667,673271.080978,0.000000,0.597379,9
16,Baseline,218,798.068667,673271.080978,0.000000,0.597379,9
16,Baseline,219,798.068667,673271.080978,0.000000,0.597379,9
16,Baseline,220,798.068667,673271.080978,0.000000,0.597379,9
16,Baseline,221,798.068667,673271.080978,0.000000,0.597379,9
16,Baseline,222,798.068667,673271.080978,0.000000,0.597379,9
16,Baseline,223,798.068667,673271.080978,0.000000,0.597379,9
16,Baseline,224,798.430575,743559.786976,0.000000,0.552301,8
16,Baseline,225,798.068667,673271.080978,0.000000,0.597379,9
16,Baseline,226,798.068667,673271.080978,0.000000,0.597379,9
16,Baseline,227,798.068667,673271.080978,0.000000,0.597379,9
16,Baseline,228,798.068667,673271.080978,0.000000,0.597379,9
16,Baseline,229,798.068667,673271.080978,0.000000,0.597379,9
16,Baseline,230,798.068667,673271.080978,0.000000,0.597379,9
16,Baseline,231,798.068667,673271.080978,0.000000,0.597379,9
16,Baseline,232,798.068667,673271.080978,0.000000,0.597379,9
16,Baseline,233,798.068667,673271.080978,0.000000,0.597379,9
16,Baseline,234,798.068667,673271.080978,0.000000,0.597379,9
16,Baseline,235,798.068667,673271.080978,0.000000,0.597379,9
16,Baseline,236,798.475812,696844.587426,0.000000,0.546667,10
16,Baseline,237,798.430575,743559.786976,0.000000,0.552301,8
16,Baseline,238,798.068667,673271.080978,0.000000,0.597379,9
16,Baseline,239,798.068667,673271.080978,0.000000,0.597379,9
16,Baseline,240,798.068667,673271.080978,0.000000,0.597379,9
16,Baseline,241,798.068667,673271.080978,0.000000,0.597379,9
16,Baseline,242,798.068667,673271.080978,0.000000,0.597379,9
16,Baseline,243,798.068667,673271.080978,0.000000,0.597379,9
16,Baseline,244,798.068667,673271.080978,0.000000,0.597379,9
16,Baseline,245,798.068667,673271.080978,0.000000,0.597379,9
16,Baseline,246,798.068667,673271.080978,0.000000,0.597379,9
16,Baseline,247,798.068667,673271.080978,0.000000,0.597379,9
16,Baseline,248,798.068667,673271.080978,0.000000,0.597379,9
16,Baseline,249,798.068667,673271.080978,0.000000,0.597379,9
16,Baseline,250,798.068667,673271.080978,0.000000,0.597379,9
16,Baseline,251,798.068667,673271.080978,0.000000,0.597379,9
16,Baseline,252,798.068667,673271.080978,0.000000,0.597379,9
16,Baseline,253,798.068667,673271.080978,0.000000,0.597379,9
16,Baseline,254,798.068667,673271.080978,0.000000,0.597379,9
16,Baseline,255,798.068667,673271.080978,0.000000,0.597379,9
16,Baseline,256,798.068667,673271.080978,0.000000,0.597379,9
16,Baseline,257,798.068667,673271.080978,0.000000,0.597379,9
16,Baseline,258,798.068667,673271.080978,0.000000,0.597379,9
16,Baseline,259,798.068667,673271.080978,0.000000,0.597379,9
16,Baseline,260,798.068667,673271.080978,0.000000,0.597379,9
16,Baseline,261,798.068667,673271.080978,0.000000,0.597379,9
16,Baseline,262,798.068667,673271.080978,0.000000,0.597379,9
16,Baseline,263,798.068667,673271.080978,0.000000,0.597379,9
16,Baseline,264,798.068667,673271.080978,0.000000,0.597379,9
16,Baseline,265,798.068667,673271.080978,0.000000,0.597379,9
16,Baseline,266,798.068667,673271.080978,0.000000,0.597379,9
16,Baseline,267,798.068667,673271.080978,0.000000,0.597379,9
16,Baseline,268,798.068667,673271.080978,0.000000,0.597379,9
16,Baseline,269,798.068667,673271.080978,0.000000,0.597379,9
16,Baseline,270,798.068667,673271.080978,0.000000,0.597379,9
16,Baseline,271,798.068667,673271.080978,0.000000,0.597379,9
16,Baseline,272,798.068667,673271.080978,0.000000,0.597379,9
16,Baseline,273,798.068667,673271.080978,0.000000,0.597379,9
16,Baseline,274,798.068667,673271.080978,0.000000,0.597379,9
16,Baseline,275,798.068667,673271.080978,0.000000,0.597379,9
16,Baseline,276,798.068667,673271.080978,0.000000,0.597379,9
16,Baseline,277,798.068667,673271.080978,0.000000,0.597379,9
16,Baseline,278,798.068667,673271.080978,0.000000,0.597379,9
16,Baseline,279,798.068667,673271.080978,0.000000,0.597379,9
16,Baseline,280,798.068667,673271.080978,0.000000,0.597379,9
16,Baseline,281,798.068667,673271.080978,0.000000,0.597379,9
16,Baseline,282,798.068667,673271.080978,0.000000,0.597379,9
16,Baseline,283,798.068667,673271.080978,0.000000,0.597379,9
16,Baseline,284,798.068667,673271.080978,0.000000,0.597379,9
16,Baseline,285,798.068667,673271.080978,0.000000,0.597379,9
16,Baseline,286,798.068667,673271.080978,0.000000,0.597379,9
16,Baseline,287,798.068667,673271.080978,0.000000,0.597379,9
16,Baseline,288,798.068667,673271.080978,0.000000,0.597379,9
16,Baseline,289,798.068667,673271.080978,0.000000,0.597379,9
16,Baseline,290,798.068667,673271.080978,0.000000,0.597379,9
16,Baseline,291,798.068667,673271.080978,0.000000,0.597379,9
16,Baseline,292,798.068667,673271.080978,0.000000,0.597379,9
16,Baseline,293,798.068667,673271.080978,0.000000,0.597379,9
16,Baseline,294,798.068667,673271.080978,0.000000,0.597379,9
16,Baseline,295,798.068667,673271.080978,0.000000,0.597379,9
16,Baseline,296,798.068667,673271.080978,0.000000,0.597379,9
16,Baseline,297,798.068667,673271.080978,0.000000,0.597379,9
16,Baseline,298,798.068667,673271.080978,0.000000,0.597379,9
16,Baseline,299,798.430575,743559.786976,0.000000,0.552301,8
16,Proposed,0,954.376065,1096844.453169,0.000000,0.623476,36
16,Proposed,1,945.379942,1083180.310819,0.000000,0.621580,36
16,Proposed,2,941.521413,1044025.610413,0.000000,0.601687,36
16,Proposed,3,926.878568,1038630.123438,0.000000,0.607995,36
17,Baseline,0,864.532369,1163502.269158,0.000000,0.740680,6
17,Baseline,1,864.532369,1163502.269158,0.000000,0.740680,6
17,Baseline,2,860.906816,1096027.356768,0.000000,0.566205,7
17,Baseline,3,859.648258,1115108.434061,0.000000,0.711567,6
17,Baseline,4,849.997140,1661732.824335,0.000000,0.782115,5
17,Baseline,5,850.795396,1080496.980599,0.000000,0.688937,6
17,Baseline,6,845.855313,1169840.140356,0.000000,0.748274,6
17,Baseline,7,847.293869,1067958.378891,0.000000,0.579476,7
17,Baseline,8,836.970710,1122565.863604,0.000000,0.728585,6
17,Baseline,9,836.970710,1122565.863604,0.000000,0.728585,6
17,Baseline,10,837.606051,885918.113611,0.000000,0.590519,8
17,Baseline,11,837.606051,885918.113611,0.000000,0.590519,8
17,Baseline,12,837.211714,906158.449931,0.000000,0.617074,8
17,Baseline,13,837.211714,906158.449931,0.000000,0.617074,8
17,Baseline,14,836.302810,1007924.330611,0.000000,0.539485,7
17,Baseline,15,835.836181,908539.072988,0.000000,0.594981,8
17,Baseline,16,823.900277,719641.989311,0.000000,0.636861,9
17,Baseline,17,823.900277,719641.989311,0.000000,0.636861,9
17,Baseline,18,820.942996,807825.131335,0.000000,0.501104,11
17,Baseline,19,820.942996,807825.131335,0.000000,0.501104,11
17,Baseline,20,815.651127,761432.878903,0.000000,0.483889,11
17,Baseline,21,815.651127,761432.878903,0.000000,0.483889,11
17,Baseline,22,810.639770,720771.169397,0.000000,0.491158,11
17,Baseline,23,810.639770,720771.169397,0.000000,0.491158,11
17,Baseline,24,809.984216,768491.404678,0.000000,0.492564,11
17,Baseline,25,809.984216,768491.404678,0.000000,0.492564,11
17,Baseline,26,805.653185,747070.242578,0.000000,0.488953,11
17,Baseline,27,805.653185,747070.242578,0.000000,0.488953,11
17,Baseline,28,799.834344,684572.876326,0.000000,0.545805,10
17,Baseline,29,799.834344,684572.876326,0.000000,0.545805,10
17,Baseline,30,798.696738,725998.718189,0.000000,0.500692,11
17,Baseline,31,798.696738,725998.718189,0.000000,0.500692,11
17,Baseline,32,798.696738,725998.718189,0.000000,0.500692,11
17,Baseline,33,798.696738,725998.718189,0.000000,0.500692,11
17,Baseline,34,798.696738,725998.718189,0.000000,0.500692,11
17,Baseline,35,798.696738,725998.718189,0.000000,0.500692,11
17,Baseline,36,798.696738,725998.718189,0.000000,0.500692,11
17,Baseline,37,798.696738,725998.718189,0.000000,0.500692,11
17,Baseline,38,798.299433,687848.983398,0.000000,0.550187,10
17,Baseline,39,798.696738,725998.718189,0.000000,0.500692,11
17,Baseline,40,798.696738,725998.718189,0.000000,0.500692,11
17,Baseline,41,798.696738,725998.718189,0.000000,0.500692,11
17,Baseline,42,798.696738,725998.718189,0.000000,0.500692,11
17,Baseline,43,798.696738,725998.718189,0.000000,0.500692,11
17,Baseline,44,798.696738,725998.718189,0.000000,0.500692,11
17,Baseline,45,798.696738,725998.718189,0.000000,0.500692,11
17,Baseline,46,798.299433,687848.983398,0.000000,0.550187,10
17,Baseline,47,798.696738,725998.718189,0.000000,0.500692,11
17,Baseline,48,798.696738,725998.718189,0.000000,0.500692,11
17,Baseline,49,798.696738,725998.718189,0.000000,0.500692,11
17,Baseline,50,798.696738,725998.718189,0.000000,0.500692,11
17,Baseline,51,798.696738,725998.718189,0.000000,0.500692,11
17,Baseline,52,798.282417,603859.297415,0.000000,0.552307,12
17,Baseline,53,798.696738,725998.718189,0.000000,0.500692,11
17,Baseline,54,798.696738,725998.718189,0.000000,0.500692,11
17,Baseline,55,798.696738,725998.718189,0.000000,0.500692,11
17,Baseline,56,798.696738,725998.718189,0.000000,0.500692,11
17,Baseline,57,798.696738,725998.718189,0.000000,0.500692,11
17,Baseline,58,798.696738,725998.718189,0.000000,0.500692,11
17,Baseline,59,798.696738,725998.718189,0.000000,0.500692,11
17,Baseline,60,798.696738,725998.718189,0.000000,0.500692,11
17,Baseline,61,798.696738,725998.718189,0.000000,0.500692,11
17,Baseline,62,798.696738,725998.718189,0.000000,0.500692,11
17,Baseline,63,798.696738,725998.718189,0.000000,0.500692,11
17,Baseline,64,798.696738,725998.718189,0.000000,0.500692,11
17,Baseline,65,798.696738,725998.718189,0.000000,0.500692,11
17,Baseline,66,798.696738,725998.718189,0.000000,0.500692,11
17,Baseline,67,798.696738,725998.718189,0.000000,0.500692,11
17,Baseline,68,798.696738,725998.718189,0.000000,0.500692,11
17,Baseline,69,798.696738,725998.718189,0.000000,0.500692,11
17,Baseline,70,798.696738,725998.718189,0.000000,0.500692,11
17,Baseline,71,798.696738,725998.718189,0.000000,0.500692,11
17,Baseline,72,798.696738,725998.718189,0.000000,0.500692,11
17,Baseline,73,798.282417,603859.297415,0.000000,0.552307,12
17,Baseline,74,798.282417,603859.297415,0.000000,0.552307,12
17,Baseline,75,798.299433,687848.983398,0.000000,0.550187,10
17,Baseline,76,798.696738,725998.718189,0.000000,0.500692,11
17,Baseline,77,798.696738,725998.718189,0.000000,0.500692,11
17,Baseline,78,798.696738,725998.718189,0.000000,0.500692,11
17,Baseline,79,798.696738,725998.718189,0.000000,0.500692,11
17,Baseline,80,798.696738,725998.718189,0.000000,0.500692,11
17,Baseline,81,798.696738,725998.718189,0.000000,0.500692,11
17,Baseline,82,798.696738,725998.718189,0.000000,0.500692,11
17,Baseline,83,798.282417,603859.297415,0.000000,0.552307,12
17,Baseline,84,798.282417,603859.297415,0.000000,0.552307,12
17,Baseline,85,798.696738,725998.718189,0.000000,0.500692,11
17,Baseline,86,798.696738,725998.718189,0.000000,0.500692,11
17,Baseline,87,798.696738,725998.718189,0.000000,0.500692,11
17,Baseline,88,798.696738,725998.718189,0.000000,0.500692,11
17,Baseline,89,798.696738,725998.718189,0.000000,0.500692,11
17,Baseline,90,798.696738,725998.718189,0.000000,0.500692,11
17,Baseline,91,798.282417,603859.297415,0.000000,0.552307,12
17,Baseline,92,798.696738,725998.718189,0.000000,0.500692,11
17,Baseline,93,798.696738,725998.718189,0.000000,0.500692,11
17,Baseline,94,798.696738,725998.718189,0.000000,0.500692,11
17,Baseline,95,798.696738,725998.718189,0.000000,0.500692,11
17,Baseline,96,798.696738,725998.718189,0.000000,0.500692,11
17,Baseline,97,798.696738,725998.718189,0.000000,0.500692,11
17,Baseline,98,798.696738,725998.718189,0.000000,0.500692,11
17,Baseline,99,798.696738,725998.718189,0.000000,0.500692,11
17,Baseline,100,798.696738,725998.718189,0.000000,0.500692,11
17,Baseline,101,798.696738,725998.718189,0.000000,0.500692,11
17,Baseline,102,798.696738,725998.718189,0.000000,0.500692,11
17,Baseline,103,798.696738,725998.718189,0.000000,0.500692,11
17,Baseline,104,798.696738,725998.718189,0.000000,0.500692,11
17,Baseline,105,798.299433,687848.983398,0.000000,0.550187,10
17,Baseline,106,798.696738,725998.718189,0.000000,0.500692,11
17,Baseline,107,798.696738,725998.718189,0.000000,0.500692,11
17,Baseline,108,798.282417,603859.297415,0.000000,0.552307,12
17,Baseline,109,798.696738,725998.718189,0.000000,0.500692,11
17,Baseline,110,798.696738,725998.718189,0.000000,0.500692,11
17,Baseline,111,798.696738,725998.718189,0.000000,0.500692,11
17,Baseline,112,798.696738,725998.718189,0.000000,0.500692,11
17,Baseline,113,798.696738,725998.718189,0.000000,0.500692,11
17,Baseline,114,798.696738,725998.718189,0.000000,0.500692,11
17,Baseline,115,798.696738,725998.718189,0.000000,0.500692,11
17,Baseline,116,798.696738,725998.718189,0.000000,0.500692,11
17,Baseline,117,798.696738,725998.718189,0.000000,0.500692,11
17,Baseline,118,798.299433,687848.983398,0.000000,0.550187,10
17,Baseline,119,798.696738,725998.718189,0.000000,0.500692,11
17,Baseline,120,798.696738,725998.718189,0.000000,0.500692,11
17,Baseline,121,798.299433,687848.983398,0.000000,0.550187,10
17,Baseline,122,798.696738,725998.718189,0.000000,0.500692,11
17,Baseline,123,798.696738,725998.718189,0.000000,0.500692,11
17,Baseline,124,798.696738,725998.718189,0.000000,0.500692,11
17,Baseline,125,798.696738,725998.718189,0.000000,0.500692,11
17,Baseline,126,798.696738,725998.718189,0.000000,0.500692,11
17,Baseline,127,798.696738,725998.718189,0.000000,0.500692,11
17,Baseline,128,798.696738,725998.718189,0.000000,0.500692,11
17,Baseline,129,798.696738,725998.718189,0.000000,0.500692,11
17,Baseline,130,798.696738,725998.718189,0.000000,0.500692,11
17,Baseline,131,798.696738,725998.718189,0.000000,0.500692,11
17,Baseline,132,798.696738,725998.718189,0.000000,0.500692,11
17,Baseline,133,798.696738,725998.718189,0.000000,0.500692,11
17,Baseline,134,798.696738,725998.718189,0.000000,0.500692,11
17,Baseline,135,798.696738,725998.718189,0.000000,0.500692,11
17,Baseline,136,798.282417,603859.297415,0.000000,0.552307,12
17,Baseline,137,798.696738,725998.718189,0.000000,0.500692,11
17,Baseline,138,798.696738,725998.718189,0.000000,0.500692,11
17,Baseline,139,798.696738,725998.718189,0.000000,0.500692,11
17,Baseline,140,798.282417,603859.297415,0.000000,0.552307,12
17,Baseline,141,798.696738,725998.718189,0.000000,0.500692,11
17,Baseline,142,798.696738,725998.718189,0.000000,0.500692,11
17,Baseline,143,798.696738,725998.718189,0.000000,0.500692,11
17,Baseline,144,798.696738,725998.718189,0.000000,0.500692,11
17,Baseline,145,798.696738,725998.718189,0.000000,0.500692,11
17,Baseline,146,798.696738,725998.718189,0.000000,0.500692,11
17,Baseline,147,798.696738,725998.718189,0.000000,0.500692,11
17,Baseline,148,798.696738,725998.718189,0.000000,0.500692,11
17,Baseline,149,798.696738,725998.718189,0.000000,0.500692,11
17,Baseline,150,798.696738,725998.718189,0.000000,0.500692,11
17,Baseline,151,798.696738,725998.718189,0.000000,0.500692,11
17,Baseline,152,798.696738,725998.718189,0.000000,0.500692,11
17,Baseline,153,798.696738,725998.718189,0.000000,0.500692,11
17,Baseline,154,798.299433,687848.983398,0.000000,0.550187,10
17,Baseline,155,798.696738,725998.718189,0.000000,0.500692,11
17,Baseline,156,798.696738,725998.718189,0.000000,0.500692,11
17,Baseline,157,798.696738,725998.718189,0.000000,0.500692,11
17,Baseline,158,798.696738,725998.718189,0.000000,0.500692,11
17,Baseline,159,798.696738,725998.718189,0.000000,0.500692,11
17,Baseline,160,798.696738,725998.718189,0.000000,0.500692,11
17,Baseline,161,798.696738,725998.718189,0.000000,0.500692,11
17,Baseline,162,798.696738,725998.718189,0.000000,0.500692,11
17,Baseline,163,798.282417,603859.297415,0.000000,0.552307,12
17,Baseline,164,798.696738,725998.718189,0.000000,0.500692,11
17,Baseline,165,798.299433,687848.983398,0.000000,0.550187,10
17,Baseline,166,798.282417,603859.297415,0.000000,0.552307,12
17,Baseline,167,798.696738,725998.718189,0.000000,0.500692,11
17,Baseline,168,798.696738,725998.718189,0.000000,0.500692,11
17,Baseline,169,798.696738,725998.718189,0.000000,0.500692,11
17,Baseline,170,798.696738,725998.718189,0.000000,0.500692,11
17,Baseline,171,798.282417,603859.297415,0.000000,0.552307,12
17,Baseline,172,798.696738,725998.718189,0.000000,0.500692,11
17,Baseline,173,798.299433,687848.983398,0.000000,0.550187,10
17,Baseline,174,798.696738,725998.718189,0.000000,0.500692,11
17,Baseline,175,798.696738,725998.718189,0.000000,0.500692,11
17,Baseline,176,798.696738,725998.718189,0.000000,0.500692,11
17,Baseline,177,798.696738,725998.718189,0.000000,0.500692,11
17,Baseline,178,798.696738,725998.718189,0.000000,0.500692,11
17,Baseline,179,798.696738,725998.718189,0.000000,0.500692,11
17,Baseline,180,798.282417,603859.297415,0.000000,0.552307,12
17,Baseline,181,798.696738,725998.718189,0.000000,0.500692,11
17,Baseline,182,798.696738,725998.718189,0.000000,0.500692,11
17,Baseline,183,798.696738,725998.718189,0.000000,0.500692,11
17,Baseline,184,798.696738,725998.718189,0.000000,0.500692,11
17,Baseline,185,798.696738,725998.718189,0.000000,0.500692,11
17,Baseline,186,798.696738,725998.718189,0.000000,0.500692,11
17,Baseline,187,798.696738,725998.718189,0.000000,0.500692,11
17,Baseline,188,798.299433,687848.983398,0.000000,0.550187,10
17,Baseline,189,798.696738,725998.718189,0.000000,0.500692,11
17,Baseline,190,798.696738,725998.718189,0.000000,0.500692,11
17,Baseline,191,798.696738,725998.718189,0.000000,0.500692,11
17,Baseline,192,798.696738,725998.718189,0.000000,0.500692,11
17,Baseline,193,798.696738,725998.718189,0.000000,0.500692,11
17,Baseline,194,798.696738,725998.718189,0.000000,0.500692,11
17,Baseline,195,798.696738,725998.718189,0.000000,0.500692,11
17,Baseline,196,798.696738,725998.718189,0.000000,0.500692,11
17,Baseline,197,798.696738,725998.718189,0.000000,0.500692,11
17,Baseline,198,798.696738,725998.718189,0.000000,0.500692,11
17,Baseline,199,798.696738,725998.718189,0.000000,0.500692,11
17,Baseline,200,798.696738,725998.718189,0.000000,0.500692,11
17,Baseline,201,798.696738,725998.718189,0.000000,0.500692,11
17,Baseline,202,798.696738,725998.718189,0.000000,0.500692,11
17,Baseline,203,798.282417,603859.297415,0.000000,0.552307,12
17,Baseline,204,798.696738,725998.718189,0.000000,0.500692,11
17,Baseline,205,798.696738,725998.718189,0.000000,0.500692,11
17,Baseline,206,798.282417,603859.297415,0.000000,0.552307,12
17,Baseline,207,798.696738,725998.718189,0.000000,0.500692,11
17,Baseline,208,798.696738,725998.718189,0.000000,0.500692,11
17,Baseline,209,798.696738,725998.718189,0.000000,0.500692,11
17,Baseline,210,798.696738,725998.718189,0.000000,0.500692,11
17,Baseline,211,798.696738,725998.718189,0.000000,0.500692,11
17,Baseline,212,798.696738,725998.718189,0.000000,0.500692,11
17,Baseline,213,798.696738,725998.718189,0.000000,0.500692,11
17,Baseline,214,798.696738,725998.718189,0.000000,0.500692,11
17,Baseline,215,798.696738,725998.718189,0.000000,0.500692,11
17,Baseline,216,798.696738,725998.718189,0.000000,0.500692,11
17,Baseline,217,798.696738,725998.718189,0.000000,0.500692,11
17,Baseline,218,798.696738,725998.718189,0.000000,0.500692,11
17,Baseline,219,798.696738,725998.718189,0.000000,0.500692,11
17,Baseline,220,798.696738,725998.718189,0.000000,0.500692,11
17,Baseline,221,798.696738,725998.718189,0.000000,0.500692,11
17,Baseline,222,798.696738,725998.718189,0.000000,0.500692,11
17,Baseline,223,798.299433,687848.983398,0.000000,0.550187,10
17,Baseline,224,798.696738,725998.718189,0.000000,0.500692,11
17,Baseline,225,798.696738,725998.718189,0.000000,0.500692,11
17,Baseline,226,798.696738,725998.718189,0.000000,0.500692,11
17,Baseline,227,798.696738,725998.718189,0.000000,0.500692,11
17,Baseline,228,798.696738,725998.718189,0.000000,0.500692,11
17,Baseline,229,798.696738,725998.718189,0.000000,0.500692,11
17,Baseline,230,798.696738,725998.718189,0.000000,0.500692,11
17,Baseline,231,798.696738,725998.718189,0.000000,0.500692,11
17,Baseline,232,798.696738,725998.718189,0.000000,0.500692,11
17,Baseline,233,798.696738,725998.718189,0.000000,0.500692,11
17,Baseline,234,798.696738,725998.718189,0.000000,0.500692,11
17,Baseline,235,798.696738,725998.718189,0.000000,0.500692,11
17,Baseline,236,798.696738,725998.718189,0.000000,0.500692,11
17,Baseline,237,798.696738,725998.718189,0.000000,0.500692,11
17,Baseline,238,798.696738,725998.718189,0.000000,0.500692,11
17,Baseline,239,798.696738,725998.718189,0.000000,0.500692,11
17,Baseline,240,798.282417,603859.297415,0.000000,0.552307,12
17,Baseline,241,798.696738,725998.718189,0.000000,0.500692,11
17,Baseline,242,798.299433,687848.983398,0.000000,0.550187,10
17,Baseline,243,798.282417,603859.297415,0.000000,0.552307,12
17,Baseline,244,798.696738,725998.718189,0.000000,0.500692,11
17,Baseline,245,798.696738,725998.718189,0.000000,0.500692,11
17,Baseline,246,798.696738,725998.718189,0.000000,0.500692,11
17,Baseline,247,798.696738,725998.718189,0.000000,0.500692,11
17,Baseline,248,798.696738,725998.718189,0.000000,0.500692,11
17,Baseline,249,798.696738,725998.718189,0.000000,0.500692,11
17,Baseline,250,798.696738,725998.718189,0.000000,0.500692,11
17,Baseline,251,798.696738,725998.718189,0.000000,0.500692,11
17,Baseline,252,798.696738,725998.718189,0.000000,0.500692,11
17,Baseline,253,798.696738,725998.718189,0.000000,0.500692,11
17,Baseline,254,798.696738,725998.718189,0.000000,0.500692,11
17,Baseline,255,798.696738,725998.718189,0.000000,0.500692,11
17,Baseline,256,798.299433,687848.983398,0.000000,0.550187,10
17,Baseline,257,798.696738,725998.718189,0.000000,0.500692,11
17,Baseline,258,798.696738,725998.718189,0.000000,0.500692,11
17,Baseline,259,798.282417,603859.297415,0.000000,0.552307,12
17,Baseline,260,798.696738,725998.718189,0.000000,0.500692,11
17,Baseline,261,798.696738,725998.718189,0.000000,0.500692,11
17,Baseline,262,798.696738,725998.718189,0.000000,0.500692,11
17,Baseline,263,798.696738,725998.718189,0.000000,0.500692,11
17,Baseline,264,798.282417,603859.297415,0.000000,0.552307,12
17,Baseline,265,798.696738,725998.718189,0.000000,0.500692,11
17,Baseline,266,798.299433,687848.983398,0.000000,0.550187,10
17,Baseline,267,798.696738,725998.718189,0.000000,0.500692,11
17,Baseline,268,798.696738,725998.718189,0.000000,0.500692,11
17,Baseline,269,798.696738,725998.718189,0.000000,0.500692,11
17,Baseline,270,798.696738,725998.718189,0.000000,0.500692,11
17,Baseline,271,798.696738,725998.718189,0.000000,0.500692,11
17,Baseline,272,798.696738,725998.718189,0.000000,0.500692,11
17,Baseline,273,798.696738,725998.718189,0.000000,0.500692,11
17,Baseline,274,798.696738,725998.718189,0.000000,0.500692,11
17,Baseline,275,798.696738,725998.718189,0.000000,0.500692,11
17,Baseline,276,798.696738,725998.718189,0.000000,0.500692,11
17,Baseline,277,798.696738,725998.718189,0.000000,0.500692,11
17,Baseline,278,798.696738,725998.718189,0.000000,0.500692,11
17,Baseline,279,798.696738,725998.718189,0.000000,0.500692,11
17,Baseline,280,798.282417,603859.297415,0.000000,0.552307,12
17,Baseline,281,798.696738,725998.718189,0.000000,0.500692,11
17,Baseline,282,798.696738,725998.718189,0.000000,0.500692,11
17,Baseline,283,798.282417,603859.297415,0.000000,0.552307,12
17,Baseline,284,798.696738,725998.718189,0.000000,0.500692,11
17,Baseline,285,798.696738,725998.718189,0.000000,0.500692,11
17,Baseline,286,798.696738,725998.718189,0.000000,0.500692,11
17,Baseline,287,798.696738,725998.718189,0.000000,0.500692,11
17,Baseline,288,798.696738,725998.718189,0.000000,0.500692,11
17,Baseline,289,798.696738,725998.718189,0.000000,0.500692,11
17,Baseline,290,798.282417,603859.297415,0.000000,0.552307,12
17,Baseline,291,798.696738,725998.718189,0.000000,0.500692,11
17,Baseline,292,798.696738,725998.718189,0.000000,0.500692,11
17,Baseline,293,798.696738,725998.718189,0.000000,0.500692,11
17,Baseline,294,798.696738,725998.718189,0.000000,0.500692,11
17,Baseline,295,798.696738,725998.718189,0.000000,0.500692,11
17,Baseline,296,798.696738,725998.718189,0.000000,0.500692,11
17,Baseline,297,798.696738,725998.718189,0.000000,0.500692,11
17,Baseline,298,798.696738,725998.718189,0.000000,0.500692,11
17,Baseline,299,798.696738,725998.718189,0.000000,0.500692,11
17,Proposed,0,941.858578,1127393.953876,0.000000,0.649190,36
17,Proposed,1,937.205556,1067183.279704,0.000000,0.617765,36
17,Proposed,2,934.488646,1003450.183591,0.000000,0.582766,36
17,Proposed,3,922.542695,1042721.448734,0.000000,0.613227,36
18,Baseline,0,847.165920,956201.604795,0.000000,0.582354,8
18,Baseline,1,847.165920,956201.604795,0.000000,0.582354,8
18,Baseline,2,836.701580,693903.194562,0.000000,0.554581,9
18,Baseline,3,836.701580,693903.194562,0.000000,0.554581,9
18,Baseline,4,835.366278,730448.442635,0.000000,0.597385,9
18,Baseline,5,835.489528,866475.838429,0.000000,0.582719,8
18,Baseline,6,827.446338,682799.241843,0.000000,0.545690,9
18,Baseline,7,827.446338,682799.241843,0.000000,0.545690,9
18,Baseline,8,820.449328,708101.637269,0.000000,0.535696,10
18,Baseline,9,820.063052,678052.872983,0.000000,0.582525,9
18,Baseline,10,820.063052,678052.872983,0.000000,0.582525,9
18,Baseline,11,820.063052,678052.872983,0.000000,0.582525,9
18,Baseline,12,820.063052,678052.872983,0.000000,0.582525,9
18,Baseline,13,820.063052,678052.872983,0.000000,0.582525,9
18,Baseline,14,820.449328,708101.637269,0.000000,0.535696,10
18,Baseline,15,820.317161,824164.668746,0.000000,0.551719,8
18,Baseline,16,820.317161,824164.668746,0.000000,0.551719,8
18,Baseline,17,820.449328,708101.637269,0.000000,0.535696,10
18,Baseline,18,820.063052,678052.872983,0.000000,0.582525,9
18,Baseline,19,820.063052,678052.872983,0.000000,0.582525,9
18,Baseline,20,820.063052,678052.872983,0.000000,0.582525,9
18,Baseline,21,820.063052,678052.872983,0.000000,0.582525,9
18,Baseline,22,820.063052,678052.872983,0.000000,0.582525,9
18,Baseline,23,820.063052,678052.872983,0.000000,0.582525,9
18,Baseline,24,820.063052,678052.872983,0.000000,0.582525,9
18,Baseline,25,820.317161,824164.668746,0.000000,0.551719,8
18,Baseline,26,820.063052,678052.872983,0.000000,0.582525,9
18,Baseline,27,820.063052,678052.872983,0.000000,0.582525,9
18,Baseline,28,820.317161,824164.668746,0.000000,0.551719,8
18,Baseline,29,820.317161,824164.668746,0.000000,0.551719,8
18,Baseline,30,820.063052,678052.872983,0.000000,0.582525,9
18,Baseline,31,820.063052,678052.872983,0.000000,0.582525,9
18,Baseline,32,820.063052,678052.872983,0.000000,0.582525,9
18,Baseline,33,820.063052,678052.872983,0.000000,0.582525,9
18,Baseline,34,820.063052,678052.872983,0.000000,0.582525,9
18,Baseline,35,820.449328,708101.637269,0.000000,0.535696,10
18,Baseline,36,820.063052,678052.872983,0.000000,0.582525,9
18,Baseline,37,820.063052,678052.872983,0.000000,0.582525,9
18,Baseline,38,820.063052,678052.872983,0.000000,0.582525,9
18,Baseline,39,820.063052,678052.872983,0.000000,0.582525,9
18,Baseline,40,820.063052,678052.872983,0.000000,0.582525,9
18,Baseline,41,820.063052,678052.872983,0.000000,0.582525,9
18,Baseline,42,820.317161,824164.668746,0.000000,0.551719,8
18,Baseline,43,820.063052,678052.872983,0.000000,0.582525,9
18,Baseline,44,820.063052,678052.872983,0.000000,0.582525,9
18,Baseline,45,820.063052,678052.872983,0.000000,0.582525,9
18,Baseline,46,820.449328,708101.637269,0.000000,0.535696,10
18,Baseline,47,820.063052,678052.872983,0.000000,0.582525,9
18,Baseline,48,820.063052,678052.872983,0.000000,0.582525,9
18,Baseline,49,820.063052,678052.872983,0.000000,0.582525,9
18,Baseline,50,820.317161,824164.668746,0.000000,0.551719,8
18,Baseline,51,820.317161,824164.668746,0.000000,0.551719,8
18,Baseline,52,820.317161,824164.668746,0.000000,0.551719,8
18,Baseline,53,820.317161,824164.668746,0.000000,0.551719,8
18,Baseline,54,820.449328,708101.637269,0.000000,0.535696,10
18,Baseline,55,820.063052,678052.872983,0.000000,0.582525,9
18,Baseline,56,820.063052,678052.872983,0.000000,0.582525,9
18,Baseline,57,820.063052,678052.872983,0.000000,0.582525,9
18,Baseline,58,820.063052,678052.872983,0.000000,0.582525,9
18,Baseline,59,820.063052,678052.872983,0.000000,0.582525,9
18,Baseline,60,820.063052,678052.872983,0.000000,0.582525,9
18,Baseline,61,820.063052,678052.872983,0.000000,0.582525,9
18,Baseline,62,820.063052,678052.872983,0.000000,0.582525,9
18,Baseline,63,820.063052,678052.872983,0.000000,0.582525,9
18,Baseline,64,820.449328,708101.637269,0.000000,0.535696,10
18,Baseline,65,820.449328,708101.637269,0.000000,0.535696,10
18,Baseline,66,820.063052,678052.872983,0.000000,0.582525,9
18,Baseline,67,820.317161,824164.668746,0.000000,0.551719,8
18,Baseline,68,820.063052,678052.872983,0.000000,0.582525,9
18,Baseline,69,820.063052,678052.872983,0.000000,0.582525,9
18,Baseline,70,820.063052,678052.872983,0.000000,0.582525,9
18,Baseline,71,820.063052,678052.872983,0.000000,0.582525,9
18,Baseline,72,820.063052,678052.872983,0.000000,0.582525,9
18,Baseline,73,820.063052,678052.872983,0.000000,0.582525,9
18,Baseline,74,820.063052,678052.872983,0.000000,0.582525,9
18,Baseline,75,820.063052,678052.872983,0.000000,0.582525,9
18,Baseline,76,820.063052,678052.872983,0.000000,0.582525,9
18,Baseline,77,820.449328,708101.637269,0.000000,0.535696,10
18,Baseline,78,820.063052,678052.872983,0.000000,0.582525,9
18,Baseline,79,820.449328,708101.637269,0.000000,0.535696,10
18,Baseline,80,820.449328,708101.637269,0.000000,0.535696,10
18,Baseline,81,820.063052,678052.872983,0.000000,0.582525,9
18,Baseline,82,820.063052,678052.872983,0.000000,0.582525,9
18,Baseline,83,820.063052,678052.872983,0.000000,0.582525,9
18,Baseline,84,820.063052,678052.872983,0.000000,0.582525,9
18,Baseline,85,820.063052,678052.872983,0.000000,0.582525,9
18,Baseline,86,820.063052,678052.872983,0.000000,0.582525,9
18,Baseline,87,820.063052,678052.872983,0.000000,0.582525,9
18,Baseline,88,820.063052,678052.872983,0.000000,0.582525,9
18,Baseline,89,820.063052,678052.872983,0.000000,0.582525,9
18,Baseline,90,820.063052,678052.872983,0.000000,0.582525,9
18,Baseline,91,820.063052,678052.872983,0.000000,0.582525,9
18,Baseline,92,820.063052,678052.872983,0.000000,0.582525,9
18,Baseline,93,820.063052,678052.872983,0.000000,0.582525,9
18,Baseline,94,820.063052,678052.872983,0.000000,0.582525,9
18,Baseline,95,820.063052,678052.872983,0.000000,0.582525,9
18,Baseline,96,820.063052,678052.872983,0.000000,0.582525,9
18,Baseline,97,820.063052,678052.872983,0.000000,0.582525,9
18,Baseline,98,820.063052,678052.872983,0.000000,0.582525,9
18,Baseline,99,820.063052,678052.872983,0.000000,0.582525,9
18,Baseline,100,820.449328,708101.637269,0.000000,0.535696,10
18,Baseline,101,820.449328,708101.637269,0.000000,0.535696,10
18,Baseline,102,820.317161,824164.668746,0.000000,0.551719,8
18,Baseline,103,820.063052,678052.872983,0.000000,0.582525,9
18,Baseline,104,820.063052,678052.872983,0.000000,0.582525,9
18,Baseline,105,820.317161,824164.668746,0.000000,0.551719,8
18,Baseline,106,820.063052,678052.872983,0.000000,0.582525,9
18,Baseline,107,820.063052,678052.872983,0.000000,0.582525,9
18,Baseline,108,820.063052,678052.872983,0.000000,0.582525,9
18,Baseline,109,820.317161,824164.668746,0.000000,0.551719,8
18,Baseline,110,820.449328,708101.637269,0.000000,0.535696,10
18,Baseline,111,820.063052,678052.872983,0.000000,0.582525,9
18,Baseline,112,820.063052,678052.872983,0.000000,0.582525,9
18,Baseline,113,820.063052,678052.872983,0.000000,0.582525,9
18,Baseline,114,820.063052,678052.872983,0.000000,0.582525,9
18,Baseline,115,820.063052,678052.872983,0.000000,0.582525,9
18,Baseline,116,820.063052,678052.872983,0.000000,0.582525,9
18,Baseline,117,820.063052,678052.872983,0.000000,0.582525,9
18,Baseline,118,820.449328,708101.637269,0.000000,0.535696,10
18,Baseline,119,820.063052,678052.872983,0.000000,0.582525,9
18,Baseline,120,820.063052,678052.872983,0.000000,0.582525,9
18,Baseline,121,820.063052,678052.872983,0.000000,0.582525,9
18,Baseline,122,820.063052,678052.872983,0.000000,0.582525,9
18,Baseline,123,820.063052,678052.872983,0.000000,0.582525,9
18,Baseline,124,820.063052,678052.872983,0.000000,0.582525,9
18,Baseline,125,820.063052,678052.872983,0.000000,0.582525,9
18,Baseline,126,820.449328,708101.637269,0.000000,0.535696,10
18,Baseline,127,820.449328,708101.637269,0.000000,0.535696,10
18,Baseline,128,820.449328,708101.637269,0.000000,0.535696,10
18,Baseline,129,820.449328,708101.637269,0.000000,0.535696,10
18,Baseline,130,820.449328,708101.637269,0.000000,0.535696,10
18,Baseline,131,820.449328,708101.637269,0.000000,0.535696,10
18,Baseline,132,820.063052,678052.872983,0.000000,0.582525,9
18,Baseline,133,820.317161,824164.668746,0.000000,0.551719,8
18,Baseline,134,820.063052,678052.872983,0.000000,0.582525,9
18,Baseline,135,820.063052,678052.872983,0.000000,0.582525,9
18,Baseline,136,820.063052,678052.872983,0.000000,0.582525,9
18,Baseline,137,820.063052,678052.872983,0.000000,0.582525,9
18,Baseline,138,820.063052,678052.872983,0.000000,0.582525,9
18,Baseline,139,820.063052,678052.872983,0.000000,0.582525,9
18,Baseline,140,820.449328,708101.637269,0.000000,0.535696,10
18,Baseline,141,820.063052,678052.872983,0.000000,0.582525,9
18,Baseline,142,820.063052,678052.872983,0.000000,0.582525,9
18,Baseline,143,820.063052,678052.872983,0.000000,0.582525,9
18,Baseline,144,820.063052,678052.872983,0.000000,0.582525,9
18,Baseline,145,820.063052,678052.872983,0.000000,0.582525,9
18,Baseline,146,820.449328,708101.637269,0.000000,0.535696,10
18,Baseline,147,820.449328,708101.637269,0.000000,0.535696,10
18,Baseline,148,820.063052,678052.872983,0.000000,0.582525,9
18,Baseline,149,820.063052,678052.872983,0.000000,0.582525,9
18,Baseline,150,820.063052,678052.872983,0.000000,0.582525,9
18,Baseline,151,820.063052,678052.872983,0.000000,0.582525,9
18,Baseline,152,820.063052,678052.872983,0.000000,0.582525,9
18,Baseline,153,820.063052,678052.872983,0.000000,0.582525,9
18,Baseline,154,820.063052,678052.872983,0.000000,0.582525,9
18,Baseline,155,820.063052,678052.872983,0.000000,0.582525,9
18,Baseline,156,820.063052,678052.872983,0.000000,0.582525,9
18,Baseline,157,820.063052,678052.872983,0.000000,0.582525,9
18,Baseline,158,820.063052,678052.872983,0.000000,0.582525,9
18,Baseline,159,820.063052,678052.872983,0.000000,0.582525,9
18,Baseline,160,820.063052,678052.872983,0.000000,0.582525,9
18,Baseline,161,820.063052,678052.872983,0.000000,0.582525,9
18,Baseline,162,820.063052,678052.872983,0.000000,0.582525,9
18,Baseline,163,820.063052,678052.872983,0.000000,0.582525,9
18,Baseline,164,820.063052,678052.872983,0.000000,0.582525,9
18,Baseline,165,820.063052,678052.872983,0.000000,0.582525,9
18,Baseline,166,820.063052,678052.872983,0.000000,0.582525,9
18,Baseline,167,820.063052,678052.872983,0.000000,0.582525,9
18,Baseline,168,820.063052,678052.872983,0.000000,0.582525,9
18,Baseline,169,820.063052,678052.872983,0.000000,0.582525,9
18,Baseline,170,820.063052,678052.872983,0.000000,0.582525,9
18,Baseline,171,820.063052,678052.872983,0.000000,0.582525,9
18,Baseline,172,820.063052,678052.872983,0.000000,0.582525,9
18,Baseline,173,820.063052,678052.872983,0.000000,0.582525,9
18,Baseline,174,820.449328,708101.637269,0.000000,0.535696,10
18,Baseline,175,820.063052,678052.872983,0.000000,0.582525,9
18,Baseline,176,820.063052,678052.872983,0.000000,0.582525,9
18,Baseline,177,820.063052,678052.872983,0.000000,0.582525,9
18,Baseline,178,820.063052,678052.872983,0.000000,0.582525,9
18,Baseline,179,820.063052,678052.872983,0.000000,0.582525,9
18,Baseline,180,820.063052,678052.872983,0.000000,0.582525,9
18,Baseline,181,820.063052,678052.872983,0.000000,0.582525,9
18,Baseline,182,820.063052,678052.872983,0.000000,0.582525,9
18,Baseline,183,820.063052,678052.872983,0.000000,0.582525,9
18,Baseline,184,820.063052,678052.872983,0.000000,0.582525,9
18,Baseline,185,820.063052,678052.872983,0.000000,0.582525,9
18,Baseline,186,820.063052,678052.872983,0.000000,0.582525,9
18,Baseline,187,820.063052,678052.872983,0.000000,0.582525,9
18,Baseline,188,820.063052,678052.872983,0.000000,0.582525,9
18,Baseline,189,820.063052,678052.872983,0.000000,0.582525,9
18,Baseline,190,820.317161,824164.668746,0.000000,0.551719,8
18,Baseline,191,820.317161,824164.668746,0.000000,0.551719,8
18,Baseline,192,820.317161,824164.668746,0.000000,0.551719,8
18,Baseline,193,820.063052,678052.872983,0.000000,0.582525,9
18,Baseline,194,820.063052,678052.872983,0.000000,0.582525,9
18,Baseline,195,820.063052,678052.872983,0.000000,0.582525,9
18,Baseline,196,820.063052,678052.872983,0.000000,0.582525,9
18,Baseline,197,820.063052,678052.872983,0.000000,0.582525,9
18,Baseline,198,820.063052,678052.872983,0.000000,0.582525,9
18,Baseline,199,820.063052,678052.872983,0.000000,0.582525,9
18,Baseline,200,820.063052,678052.872983,0.000000,0.582525,9
18,Baseline,201,820.449328,708101.637269,0.000000,0.535696,10
18,Baseline,202,820.449328,708101.637269,0.000000,0.535696,10
18,Baseline,203,820.317161,824164.668746,0.000000,0.551719,8
18,Baseline,204,820.317161,824164.668746,0.000000,0.551719,8
18,Baseline,205,820.317161,824164.668746,0.000000,0.551719,8
18,Baseline,206,820.317161,824164.668746,0.000000,0.551719,8
18,Baseline,207,820.063052,678052.872983,0.000000,0.582525,9
18,Baseline,208,820.449328,708101.637269,0.000000,0.535696,10
18,Baseline,209,820.063052,678052.872983,0.000000,0.582525,9
18,Baseline,210,820.063052,678052.872983,0.000000,0.582525,9
18,Baseline,211,820.063052,678052.872983,0.000000,0.582525,9
18,Baseline,212,820.063052,678052.872983,0.000000,0.582525,9
18,Baseline,213,820.063052,678052.872983,0.000000,0.582525,9
18,Baseline,214,820.063052,678052.872983,0.000000,0.582525,9
18,Baseline,215,820.063052,678052.872983,0.000000,0.582525,9
18,Baseline,216,820.063052,678052.872983,0.000000,0.582525,9
18,Baseline,217,820.063052,678052.872983,0.000000,0.582525,9
18,Baseline,218,820.063052,678052.872983,0.000000,0.582525,9
18,Baseline,219,820.063052,678052.872983,0.000000,0.582525,9
18,Baseline,220,820.063052,678052.872983,0.000000,0.582525,9
18,Baseline,221,820.063052,678052.872983,0.000000,0.582525,9
18,Baseline,222,820.063052,678052.872983,0.000000,0.582525,9
18,Baseline,223,820.063052,678052.872983,0.000000,0.582525,9
18,Baseline,224,820.449328,708101.637269,0.000000,0.535696,10
18,Baseline,225,820.063052,678052.872983,0.000000,0.582525,9
18,Baseline,226,820.063052,678052.872983,0.000000,0.582525,9
18,Baseline,227,820.063052,678052.872983,0.000000,0.582525,9
18,Baseline,228,820.063052,678052.872983,0.000000,0.582525,9
18,Baseline,229,820.063052,678052.872983,0.000000,0.582525,9
18,Baseline,230,820.449328,708101.637269,0.000000,0.535696,10
18,Baseline,231,820.063052,678052.872983,0.000000,0.582525,9
18,Baseline,232,820.063052,678052.872983,0.000000,0.582525,9
18,Baseline,233,820.063052,678052.872983,0.000000,0.582525,9
18,Baseline,234,820.063052,678052.872983,0.000000,0.582525,9
18,Baseline,235,820.063052,678052.872983,0.000000,0.582525,9
18,Baseline,236,820.063052,678052.872983,0.000000,0.582525,9
18,Baseline,237,820.449328,708101.637269,0.000000,0.535696,10
18,Baseline,238,820.063052,678052.872983,0.000000,0.582525,9
18,Baseline,239,820.063052,678052.872983,0.000000,0.582525,9
18,Baseline,240,820.063052,678052.872983,0.000000,0.582525,9
18,Baseline,241,820.063052,678052.872983,0.000000,0.582525,9
18,Baseline,242,820.063052,678052.872983,0.000000,0.582525,9
18,Baseline,243,820.063052,678052.872983,0.000000,0.582525,9
18,Baseline,244,820.063052,678052.872983,0.000000,0.582525,9
18,Baseline,245,820.063052,678052.872983,0.000000,0.582525,9
18,Baseline,246,820.063052,678052.872983,0.000000,0.582525,9
18,Baseline,247,820.063052,678052.872983,0.000000,0.582525,9
18,Baseline,248,820.063052,678052.872983,0.000000,0.582525,9
18,Baseline,249,820.063052,678052.872983,0.000000,0.582525,9
18,Baseline,250,820.063052,678052.872983,0.000000,0.582525,9
18,Baseline,251,820.063052,678052.872983,0.000000,0.582525,9
18,Baseline,252,820.449328,708101.637269,0.000000,0.535696,10
18,Baseline,253,820.317161,824164.668746,0.000000,0.551719,8
18,Baseline,254,820.317161,824164.668746,0.000000,0.551719,8
18,Baseline,255,820.063052,678052.872983,0.000000,0.582525,9
18,Baseline,256,820.063052,678052.872983,0.000000,0.582525,9
18,Baseline,257,820.063052,678052.872983,0.000000,0.582525,9
18,Baseline,258,820.063052,678052.872983,0.000000,0.582525,9
18,Baseline,259,820.063052,678052.872983,0.000000,0.582525,9
18,Baseline,260,820.063052,678052.872983,0.000000,0.582525,9
18,Baseline,261,820.063052,678052.872983,0.000000,0.582525,9
18,Baseline,262,820.063052,678052.872983,0.000000,0.582525,9
18,Baseline,263,820.063052,678052.872983,0.000000,0.582525,9
18,Baseline,264,820.063052,678052.872983,0.000000,0.582525,9
18,Baseline,265,820.063052,678052.872983,0.000000,0.582525,9
18,Baseline,266,820.063052,678052.872983,0.000000,0.582525,9
18,Baseline,267,820.063052,678052.872983,0.000000,0.582525,9
18,Baseline,268,820.063052,678052.872983,0.000000,0.582525,9
18,Baseline,269,820.063052,678052.872983,0.000000,0.582525,9
18,Baseline,270,820.063052,678052.872983,0.000000,0.582525,9
18,Baseline,271,820.063052,678052.872983,0.000000,0.582525,9
18,Baseline,272,820.063052,678052.872983,0.000000,0.582525,9
18,Baseline,273,820.063052,678052.872983,0.000000,0.582525,9
18,Baseline,274,820.063052,678052.872983,0.000000,0.582525,9
18,Baseline,275,820.063052,678052.872983,0.000000,0.582525,9
18,Baseline,276,820.063052,678052.872983,0.000000,0.582525,9
18,Baseline,277,820.063052,678052.872983,0.000000,0.582525,9
18,Baseline,278,820.317161,824164.668746,0.000000,0.551719,8
18,Baseline,279,820.063052,678052.872983,0.000000,0.582525,9
18,Baseline,280,820.063052,678052.872983,0.000000,0.582525,9
18,Baseline,281,820.063052,678052.872983,0.000000,0.582525,9
18,Baseline,282,820.063052,678052.872983,0.000000,0.582525,9
18,Baseline,283,820.063052,678052.872983,0.000000,0.582525,9
18,Baseline,284,820.449328,708101.637269,0.000000,0.535696,10
18,Baseline,285,820.449328,708101.637269,0.000000,0.535696,10
18,Baseline,286,820.063052,678052.872983,0.000000,0.582525,9
18,Baseline,287,820.449328,708101.637269,0.000000,0.535696,10
18,Baseline,288,820.063052,678052.872983,0.000000,0.582525,9
18,Baseline,289,820.063052,678052.872983,0.000000,0.582525,9
18,Baseline,290,820.063052,678052.872983,0.000000,0.582525,9
18,Baseline,291,820.063052,678052.872983,0.000000,0.582525,9
18,Baseline,292,820.063052,678052.872983,0.000000,0.582525,9
18,Baseline,293,820.317161,824164.668746,0.000000,0.551719,8
18,Baseline,294,820.317161,824164.668746,0.000000,0.551719,8
18,Baseline,295,820.317161,824164.668746,0.000000,0.551719,8
18,Baseline,296,820.317161,824164.668746,0.000000,0.551719,8
18,Baseline,297,820.063052,678052.872983,0.000000,0.582525,9
18,Baseline,298,820.449328,708101.637269,0.000000,0.535696,10
18,Baseline,299,820.063052,678052.872983,0.000000,0.582525,9
18,Proposed,0,935.443104,2536482.867353,0.000000,1.126434,5
18,Proposed,1,931.939929,2474924.597746,0.000000,1.182977,5
18,Proposed,2,929.501682,2810888.708777,0.000000,1.264919,5
18,Proposed,3,923.018766,2483549.231964,0.000000,1.210750,5
18,Proposed,4,922.674206,2600847.143465,0.000000,1.240165,5
18,Proposed,5,945.259620,1064840.777721,0.000000,0.611197,36
18,Proposed,6,940.902748,1067014.859435,0.000000,0.615256,36
18,Proposed,7,929.364844,1026366.391445,0.000000,0.599261,36
19,Baseline,0,848.610585,873818.707789,0.000000,0.557416,8
19,Baseline,1,848.750189,1065437.768971,0.000000,0.541056,7
19,Baseline,2,848.750189,1065437.768971,0.000000,0.541056,7
19,Baseline,3,848.750189,1065437.768971,0.000000,0.541056,7
19,Baseline,4,848.750189,1065437.768971,0.000000,0.541056,7
19,Baseline,5,848.750189,1065437.768971,0.000000,0.541056,7
19,Baseline,6,848.750189,1065437.768971,0.000000,0.541056,7
19,Baseline,7,848.750189,1065437.768971,0.000000,0.541056,7
19,Baseline,8,848.750189,1065437.768971,0.000000,0.541056,7
19,Baseline,9,848.750189,1065437.768971,0.000000,0.541056,7
19,Baseline,10,848.750189,1065437.768971,0.000000,0.541056,7
19,Baseline,11,848.750189,1065437.768971,0.000000,0.541056,7
19,Baseline,12,848.750189,1065437.768971,0.000000,0.541056,7
19,Baseline,13,848.750189,1065437.768971,0.000000,0.541056,7
19,Baseline,14,848.610585,873818.707789,0.000000,0.557416,8
19,Baseline,15,848.610585,873818.707789,0.000000,0.557416,8
19,Baseline,16,848.750189,1065437.768971,0.000000,0.541056,7
19,Baseline,17,848.610585,873818.707789,0.000000,0.557416,8
19,Baseline,18,848.750189,1065437.768971,0.000000,0.541056,7
19,Baseline,19,848.750189,1065437.768971,0.000000,0.541056,7
19,Baseline,20,848.750189,1065437.768971,0.000000,0.541056,7
19,Baseline,21,848.750189,1065437.768971,0.000000,0.541056,7
19,Baseline,22,848.750189,1065437.768971,0.000000,0.541056,7
19,Baseline,23,848.750189,1065437.768971,0.000000,0.541056,7
19,Baseline,24,848.750189,1065437.768971,0.000000,0.541056,7
19,Baseline,25,848.750189,1065437.768971,0.000000,0.541056,7
19,Baseline,26,848.750189,1065437.768971,0.000000,0.541056,7
19,Baseline,27,848.750189,1065437.768971,0.000000,0.541056,7
19,Baseline,28,848.750189,1065437.768971,0.000000,0.541056,7
19,Baseline,29,848.750189,1065437.768971,0.000000,0.541056,7
19,Baseline,30,848.750189,1065437.768971,0.000000,0.541056,7
19,Baseline,31,848.750189,1065437.768971,0.000000,0.541056,7
19,Baseline,32,848.750189,1065437.768971,0.000000,0.541056,7
19,Baseline,33,848.750189,1065437.768971,0.000000,0.541056,7
19,Baseline,34,848.750189,1065437.768971,0.000000,0.541056,7
19,Baseline,35,848.750189,1065437.768971,0.000000,0.541056,7
19,Baseline,36,848.750189,1065437.768971,0.000000,0.541056,7
19,Baseline,37,848.750189,1065437.768971,0.000000,0.541056,7
19,Baseline,38,848.750189,1065437.768971,0.000000,0.541056,7
19,Baseline,39,848.750189,1065437.768971,0.000000,0.541056,7
19,Baseline,40,848.750189,1065437.768971,0.000000,0.541056,7
19,Baseline,41,848.750189,1065437.768971,0.000000,0.541056,7
19,Baseline,42,848.750189,1065437.768971,0.000000,0.541056,7
19,Baseline,43,848.750189,1065437.768971,0.000000,0.541056,7
19,Baseline,44,848.750189,1065437.768971,0.000000,0.541056,7
19,Baseline,45,848.750189,1065437.768971,0.000000,0.541056,7
19,Baseline,46,848.750189,1065437.768971,0.000000,0.541056,7
19,Baseline,47,848.610585,873818.707789,0.000000,0.557416,8
19,Baseline,48,848.750189,1065437.768971,0.000000,0.541056,7
19,Baseline,49,848.610585,873818.707789,0.000000,0.557416,8
19,Baseline,50,848.610585,873818.707789,0.000000,0.557416,8
19,Baseline,51,848.750189,1065437.768971,0.000000,0.541056,7
19,Baseline,52,848.750189,1065437.768971,0.000000,0.541056,7
19,Baseline,53,848.610585,873818.707789,0.000000,0.557416,8
19,Baseline,54,848.750189,1065437.768971,0.000000,0.541056,7
19,Baseline,55,848.750189,1065437.768971,0.000000,0.541056,7
19,Baseline,56,848.750189,1065437.768971,0.000000,0.541056,7
19,Baseline,57,848.750189,1065437.768971,0.000000,0.541056,7
19,Baseline,58,848.750189,1065437.768971,0.000000,0.541056,7
19,Baseline,59,848.750189,1065437.768971,0.000000,0.541056,7
19,Baseline,60,848.750189,1065437.768971,0.000000,0.541056,7
19,Baseline,61,848.750189,1065437.768971,0.000000,0.541056,7
19,Baseline,62,848.610585,873818.707789,0.000000,0.557416,8
19,Baseline,63,848.750189,1065437.768971,0.000000,0.541056,7
19,Baseline,64,848.750189,1065437.768971,0.000000,0.541056,7
19,Baseline,65,848.750189,1065437.768971,0.000000,0.541056,7
19,Baseline,66,848.750189,1065437.768971,0.000000,0.541056,7
19,Baseline,67,848.750189,1065437.768971,0.000000,0.541056,7
19,Baseline,68,848.610585,873818.707789,0.000000,0.557416,8
19,Baseline,69,848.610585,873818.707789,0.000000,0.557416,8
19,Baseline,70,848.750189,1065437.768971,0.000000,0.541056,7
19,Baseline,71,848.750189,1065437.768971,0.000000,0.541056,7
19,Baseline,72,848.750189,1065437.768971,0.000000,0.541056,7
19,Baseline,73,848.750189,1065437.768971,0.000000,0.541056,7
19,Baseline,74,848.750189,1065437.768971,0.000000,0.541056,7
19,Baseline,75,848.750189,1065437.768971,0.000000,0.541056,7
19,Baseline,76,848.610585,873818.707789,0.000000,0.557416,8
19,Baseline,77,848.610585,873818.707789,0.000000,0.557416,8
19,Baseline,78,848.750189,1065437.768971,0.000000,0.541056,7
19,Baseline,79,848.750189,1065437.768971,0.000000,0.541056,7
19,Baseline,80,848.750189,1065437.768971,0.000000,0.541056,7
19,Baseline,81,848.750189,1065437.768971,0.000000,0.541056,7
19,Baseline,82,848.750189,1065437.768971,0.000000,0.541056,7
19,Baseline,83,848.750189,1065437.768971,0.000000,0.541056,7
19,Baseline,84,848.750189,1065437.768971,0.000000,0.541056,7
19,Baseline,85,848.750189,1065437.768971,0.000000,0.541056,7
19,Baseline,86,848.750189,1065437.768971,0.000000,0.541056,7
19,Baseline,87,848.750189,1065437.768971,0.000000,0.541056,7
19,Baseline,88,848.750189,1065437.768971,0.000000,0.541056,7
19,Baseline,89,848.750189,1065437.768971,0.000000,0.541056,7
19,Baseline,90,848.750189,1065437.768971,0.000000,0.541056,7
19,Baseline,91,848.750189,1065437.768971,0.000000,0.541056,7
19,Baseline,92,848.610585,873818.707789,0.000000,0.557416,8
19,Baseline,93,848.750189,1065437.768971,0.000000,0.541056,7
19,Baseline,94,848.750189,1065437.768971,0.000000,0.541056,7
19,Baseline,95,848.750189,1065437.768971,0.000000,0.541056,7
19,Baseline,96,848.750189,1065437.768971,0.000000,0.541056,7
19,Baseline,97,848.750189,1065437.768971,0.000000,0.541056,7
19,Baseline,98,848.750189,1065437.768971,0.000000,0.541056,7
19,Baseline,99,848.750189,1065437.768971,0.000000,0.541056,7
19,Baseline,100,848.750189,1065437.768971,0.000000,0.541056,7
19,Baseline,101,848.750189,1065437.768971,0.000000,0.541056,7
19,Baseline,102,848.750189,1065437.768971,0.000000,0.541056,7
19,Baseline,103,848.750189,1065437.768971,0.000000,0.541056,7
19,Baseline,104,848.750189,1065437.768971,0.000000,0.541056,7
19,Baseline,105,848.750189,1065437.768971,0.000000,0.541056,7
19,Baseline,106,848.750189,1065437.768971,0.000000,0.541056,7
19,Baseline,107,848.610585,873818.707789,0.000000,0.557416,8
19,Baseline,108,848.750189,1065437.768971,0.000000,0.541056,7
19,Baseline,109,848.750189,1065437.768971,0.000000,0.541056,7
19,Baseline,110,848.750189,1065437.768971,0.000000,0.541056,7
19,Baseline,111,848.750189,1065437.768971,0.000000,0.541056,7
19,Baseline,112,848.750189,1065437.768971,0.000000,0.541056,7
19,Baseline,113,848.750189,1065437.768971,0.000000,0.541056,7
19,Baseline,114,848.750189,1065437.768971,0.000000,0.541056,7
19,Baseline,115,848.750189,1065437.768971,0.000000,0.541056,7
19,Baseline,116,848.610585,873818.707789,0.000000,0.557416,8
19,Baseline,117,848.750189,1065437.768971,0.000000,0.541056,7
19,Baseline,118,848.750189,1065437.768971,0.000000,0.541056,7
19,Baseline,119,848.750189,1065437.768971,0.000000,0.541056,7
19,Baseline,120,848.750189,1065437.768971,0.000000,0.541056,7
19,Baseline,121,848.750189,1065437.768971,0.000000,0.541056,7
19,Baseline,122,848.750189,1065437.768971,0.000000,0.541056,7
19,Baseline,123,848.750189,1065437.768971,0.000000,0.541056,7
19,Baseline,124,848.750189,1065437.768971,0.000000,0.541056,7
19,Baseline,125,848.750189,1065437.768971,0.000000,0.541056,7
19,Baseline,126,848.750189,1065437.768971,0.000000,0.541056,7
19,Baseline,127,848.750189,1065437.768971,0.000000,0.541056,7
19,Baseline,128,848.610585,873818.707789,0.000000,0.557416,8
19,Baseline,129,848.750189,1065437.768971,0.000000,0.541056,7
19,Baseline,130,848.750189,1065437.768971,0.000000,0.541056,7
19,Baseline,131,848.750189,1065437.768971,0.000000,0.541056,7
19,Baseline,132,848.750189,1065437.768971,0.000000,0.541056,7
19,Baseline,133,848.750189,1065437.768971,0.000000,0.541056,7
19,Baseline,134,848.750189,1065437.768971,0.000000,0.541056,7
19,Baseline,135,848.610585,873818.707789,0.000000,0.557416,8
19,Baseline,136,848.610585,873818.707789,0.000000,0.557416,8
19,Baseline,137,848.750189,1065437.768971,0.000000,0.541056,7
19,Baseline,138,848.750189,1065437.768971,0.000000,0.541056,7
19,Baseline,139,848.750189,1065437.768971,0.000000,0.541056,7
19,Baseline,140,848.750189,1065437.768971,0.000000,0.541056,7
19,Baseline,141,848.610585,873818.707789,0.000000,0.557416,8
19,Baseline,142,848.750189,1065437.768971,0.000000,0.541056,7
19,Baseline,143,848.750189,1065437.768971,0.000000,0.541056,7
19,Baseline,144,848.750189,1065437.768971,0.000000,0.541056,7
19,Baseline,145,848.750189,1065437.768971,0.000000,0.541056,7
19,Baseline,146,848.750189,1065437.768971,0.000000,0.541056,7
19,Baseline,147,848.750189,1065437.768971,0.000000,0.541056,7
19,Baseline,148,848.750189,1065437.768971,0.000000,0.541056,7
19,Baseline,149,848.750189,1065437.768971,0.000000,0.541056,7
19,Baseline,150,848.750189,1065437.768971,0.000000,0.541056,7
19,Baseline,151,848.750189,1065437.768971,0.000000,0.541056,7
19,Baseline,152,848.750189,1065437.768971,0.000000,0.541056,7
19,Baseline,153,848.750189,1065437.768971,0.000000,0.541056,7
19,Baseline,154,848.610585,873818.707789,0.000000,0.557416,8
19,Baseline,155,848.750189,1065437.768971,0.000000,0.541056,7
19,Baseline,156,848.750189,1065437.768971,0.000000,0.541056,7
19,Baseline,157,848.750189,1065437.768971,0.000000,0.541056,7
19,Baseline,158,848.750189,1065437.768971,0.000000,0.541056,7
19,Baseline,159,848.750189,1065437.768971,0.000000,0.541056,7
19,Baseline,160,848.750189,1065437.768971,0.000000,0.541056,7
19,Baseline,161,848.750189,1065437.768971,0.000000,0.541056,7
19,Baseline,162,848.750189,1065437.768971,0.000000,0.541056,7
19,Baseline,163,848.750189,1065437.768971,0.000000,0.541056,7
19,Baseline,164,848.750189,1065437.768971,0.000000,0.541056,7
19,Baseline,165,848.750189,1065437.768971,0.000000,0.541056,7
19,Baseline,166,848.610585,873818.707789,0.000000,0.557416,8
19,Baseline,167,848.750189,1065437.768971,0.000000,0.541056,7
19,Baseline,168,848.750189,1065437.768971,0.000000,0.541056,7
19,Baseline,169,848.750189,1065437.768971,0.000000,0.541056,7
19,Baseline,170,848.750189,1065437.768971,0.000000,0.541056,7
19,Baseline,171,848.610585,873818.707789,0.000000,0.557416,8
19,Baseline,172,848.610585,873818.707789,0.000000,0.557416,8
19,Baseline,173,848.750189,1065437.768971,0.000000,0.541056,7
19,Baseline,174,848.750189,1065437.768971,0.000000,0.541056,7
19,Baseline,175,848.750189,1065437.768971,0.000000,0.541056,7
19,Baseline,176,848.750189,1065437.768971,0.000000,0.541056,7
19,Baseline,177,848.750189,1065437.768971,0.000000,0.541056,7
19,Baseline,178,848.750189,1065437.768971,0.000000,0.541056,7
19,Baseline,179,848.750189,1065437.768971,0.000000,0.541056,7
19,Baseline,180,848.750189,1065437.768971,0.000000,0.541056,7
19,Baseline,181,848.750189,1065437.768971,0.000000,0.541056,7
19,Baseline,182,848.750189,1065437.768971,0.000000,0.541056,7
19,Baseline,183,848.750189,1065437.768971,0.000000,0.541056,7
19,Baseline,184,848.750189,1065437.768971,0.000000,0.541056,7
19,Baseline,185,848.750189,1065437.768971,0.000000,0.541056,7
19,Baseline,186,848.750189,1065437.768971,0.000000,0.541056,7
19,Baseline,187,848.610585,873818.707789,0.000000,0.557416,8
19,Baseline,188,848.610585,873818.707789,0.000000,0.557416,8
19,Baseline,189,848.750189,1065437.768971,0.000000,0.541056,7
19,Baseline,190,848.750189,1065437.768971,0.000000,0.541056,7
19,Baseline,191,848.750189,1065437.768971,0.000000,0.541056,7
19,Baseline,192,848.750189,1065437.768971,0.000000,0.541056,7
19,Baseline,193,848.750189,1065437.768971,0.000000,0.541056,7
19,Baseline,194,848.750189,1065437.768971,0.000000,0.541056,7
19,Baseline,195,848.750189,1065437.768971,0.000000,0.541056,7
19,Baseline,196,848.750189,1065437.768971,0.000000,0.541056,7
19,Baseline,197,848.750189,1065437.768971,0.000000,0.541056,7
19,Baseline,198,848.750189,1065437.768971,0.000000,0.541056,7
19,Baseline,199,848.750189,1065437.768971,0.000000,0.541056,7
19,Baseline,200,848.750189,1065437.768971,0.000000,0.541056,7
19,Baseline,201,848.610585,873818.707789,0.000000,0.557416,8
19,Baseline,202,848.750189,1065437.768971,0.000000,0.541056,7
19,Baseline,203,848.750189,1065437.768971,0.000000,0.541056,7
19,Baseline,204,848.750189,1065437.768971,0.000000,0.541056,7
19,Baseline,205,848.750189,1065437.768971,0.000000,0.541056,7
19,Baseline,206,848.750189,1065437.768971,0.000000,0.541056,7
19,Baseline,207,848.750189,1065437.768971,0.000000,0.541056,7
19,Baseline,208,848.750189,1065437.768971,0.000000,0.541056,7
19,Baseline,209,848.750189,1065437.768971,0.000000,0.541056,7
19,Baseline,210,848.750189,1065437.768971,0.000000,0.541056,7
19,Baseline,211,848.750189,1065437.768971,0.000000,0.541056,7
19,Baseline,212,848.750189,1065437.768971,0.000000,0.541056,7
19,Baseline,213,848.750189,1065437.768971,0.000000,0.541056,7
19,Baseline,214,848.750189,1065437.768971,0.000000,0.541056,7
19,Baseline,215,848.750189,1065437.768971,0.000000,0.541056,7
19,Baseline,216,848.750189,1065437.768971,0.000000,0.541056,7
19,Baseline,217,848.750189,1065437.768971,0.000000,0.541056,7
19,Baseline,218,848.750189,1065437.768971,0.000000,0.541056,7
19,Baseline,219,848.610585,873818.707789,0.000000,0.557416,8
19,Baseline,220,848.750189,1065437.768971,0.000000,0.541056,7
19,Baseline,221,848.750189,1065437.768971,0.000000,0.541056,7
19,Baseline,222,848.750189,1065437.768971,0.000000,0.541056,7
19,Baseline,223,848.750189,1065437.768971,0.000000,0.541056,7
19,Baseline,224,848.750189,1065437.768971,0.000000,0.541056,7
19,Baseline,225,848.750189,1065437.768971,0.000000,0.541056,7
19,Baseline,226,848.750189,1065437.768971,0.000000,0.541056,7
19,Baseline,227,848.750189,1065437.768971,0.000000,0.541056,7
19,Baseline,228,848.610585,873818.707789,0.000000,0.557416,8
19,Baseline,229,848.750189,1065437.768971,0.000000,0.541056,7
19,Baseline,230,848.750189,1065437.768971,0.000000,0.541056,7
19,Baseline,231,848.750189,1065437.768971,0.000000,0.541056,7
19,Baseline,232,848.750189,1065437.768971,0.000000,0.541056,7
19,Baseline,233,848.750189,1065437.768971,0.000000,0.541056,7
19,Baseline,234,848.750189,1065437.768971,0.000000,0.541056,7
19,Baseline,235,848.750189,1065437.768971,0.000000,0.541056,7
19,Baseline,236,848.750189,1065437.768971,0.000000,0.541056,7
19,Baseline,237,848.610585,873818.707789,0.000000,0.557416,8
19,Baseline,238,848.750189,1065437.768971,0.000000,0.541056,7
19,Baseline,239,848.750189,1065437.768971,0.000000,0.541056,7
19,Baseline,240,848.750189,1065437.768971,0.000000,0.541056,7
19,Baseline,241,848.750189,1065437.768971,0.000000,0.541056,7
19,Baseline,242,848.750189,1065437.768971,0.000000,0.541056,7
19,Baseline,243,848.750189,1065437.768971,0.000000,0.541056,7
19,Baseline,244,848.750189,1065437.768971,0.000000,0.541056,7
19,Baseline,245,848.750189,1065437.768971,0.000000,0.541056,7
19,Baseline,246,848.750189,1065437.768971,0.000000,0.541056,7
19,Baseline,247,848.750189,1065437.768971,0.000000,0.541056,7
19,Baseline,248,848.750189,1065437.768971,0.000000,0.541056,7
19,Baseline,249,848.750189,1065437.768971,0.000000,0.541056,7
19,Baseline,250,848.610585,873818.707789,0.000000,0.557416,8
19,Baseline,251,848.610585,873818.707789,0.000000,0.557416,8
19,Baseline,252,848.750189,1065437.768971,0.000000,0.541056,7
19,Baseline,253,848.750189,1065437.768971,0.000000,0.541056,7
19,Baseline,254,848.750189,1065437.768971,0.000000,0.541056,7
19,Baseline,255,848.750189,1065437.768971,0.000000,0.541056,7
19,Baseline,256,848.610585,873818.707789,0.000000,0.557416,8
19,Baseline,257,848.750189,1065437.768971,0.000000,0.541056,7
19,Baseline,258,848.750189,1065437.768971,0.000000,0.541056,7
19,Baseline,259,848.750189,1065437.768971,0.000000,0.541056,7
19,Baseline,260,848.750189,1065437.768971,0.000000,0.541056,7
19,Baseline,261,848.750189,1065437.768971,0.000000,0.541056,7
19,Baseline,262,848.750189,1065437.768971,0.000000,0.541056,7
19,Baseline,263,848.750189,1065437.768971,0.000000,0.541056,7
19,Baseline,264,848.750189,1065437.768971,0.000000,0.541056,7
19,Baseline,265,848.750189,1065437.768971,0.000000,0.541056,7
19,Baseline,266,848.750189,1065437.768971,0.000000,0.541056,7
19,Baseline,267,848.750189,1065437.768971,0.000000,0.541056,7
19,Baseline,268,848.750189,1065437.768971,0.000000,0.541056,7
19,Baseline,269,848.750189,1065437.768971,0.000000,0.541056,7
19,Baseline,270,848.750189,1065437.768971,0.000000,0.541056,7
19,Baseline,271,848.750189,1065437.768971,0.000000,0.541056,7
19,Baseline,272,848.750189,1065437.768971,0.000000,0.541056,7
19,Baseline,273,848.750189,1065437.768971,0.000000,0.541056,7
19,Baseline,274,848.750189,1065437.768971,0.000000,0.541056,7
19,Baseline,275,848.750189,1065437.768971,0.000000,0.541056,7
19,Baseline,276,848.750189,1065437.768971,0.000000,0.541056,7
19,Baseline,277,848.750189,1065437.768971,0.000000,0.541056,7
19,Baseline,278,848.750189,1065437.768971,0.000000,0.541056,7
19,Baseline,279,848.750189,1065437.768971,0.000000,0.541056,7
19,Baseline,280,848.750189,1065437.768971,0.000000,0.541056,7
19,Baseline,281,848.610585,873818.707789,0.000000,0.557416,8
19,Baseline,282,848.610585,873818.707789,0.000000,0.557416,8
19,Baseline,283,848.610585,873818.707789,0.000000,0.557416,8
19,Baseline,284,848.750189,1065437.768971,0.000000,0.541056,7
19,Baseline,285,848.750189,1065437.768971,0.000000,0.541056,7
19,Baseline,286,848.750189,1065437.768971,0.000000,0.541056,7
19,Baseline,287,848.750189,1065437.768971,0.000000,0.541056,7
19,Baseline,288,848.750189,1065437.768971,0.000000,0.541056,7
19,Baseline,289,848.750189,1065437.768971,0.000000,0.541056,7
19,Baseline,290,848.750189,1065437.768971,0.000000,0.541056,7
19,Baseline,291,848.750189,1065437.768971,0.000000,0.541056,7
19,Baseline,292,846.046037,994938.705118,0.000000,0.513306,7
19,Baseline,293,845.630987,872685.315838,0.000000,0.562112,8
19,Baseline,294,842.802049,691611.880258,0.000000,0.590811,9
19,Baseline,295,843.177804,752269.125805,0.000000,0.546490,10
19,Baseline,296,843.719928,779308.787815,0.000000,0.482546,11
19,Baseline,297,843.719928,779308.787815,0.000000,0.482546,11
19,Baseline,298,843.654819,772397.418536,0.000000,0.472112,11
19,Baseline,299,843.157516,724754.114758,0.000000,0.530780,10
19,Proposed,0,952.823872,1055417.949017,0.000000,0.601041,36
19,Proposed,1,940.094509,1060119.235383,0.000000,0.611827,36
19,Proposed,2,945.646859,1110170.472460,0.000000,0.636791,36
19,Proposed,3,928.005263,1023489.030875,0.000000,0.598462,36
20,Baseline,0,851.023163,930470.573129,0.000000,0.587865,8
20,Baseline,1,851.374274,1107463.594259,0.000000,0.546850,7
20,Baseline,2,851.374274,1107463.594259,0.000000,0.546850,7
20,Baseline,3,851.374274,1107463.594259,0.000000,0.546850,7
20,Baseline,4,851.023163,930470.573129,0.000000,0.587865,8
20,Baseline,5,851.374274,1107463.594259,0.000000,0.546850,7
20,Baseline,6,849.807508,1229988.308060,0.000000,0.729871,6
20,Baseline,7,851.374274,1107463.594259,0.000000,0.546850,7
20,Baseline,8,851.374274,1107463.594259,0.000000,0.546850,7
20,Baseline,9,851.374274,1107463.594259,0.000000,0.546850,7
20,Baseline,10,851.374274,1107463.594259,0.000000,0.546850,7
20,Baseline,11,851.374274,1107463.594259,0.000000,0.546850,7
20,Baseline,12,851.374274,1107463.594259,0.000000,0.546850,7
20,Baseline,13,851.374274,1107463.594259,0.000000,0.546850,7
20,Baseline,14,851.374274,1107463.594259,0.000000,0.546850,7
20,Baseline,15,849.807508,1229988.308060,0.000000,0.729871,6
20,Baseline,16,851.374274,1107463.594259,0.000000,0.546850,7
20,Baseline,17,851.374274,1107463.594259,0.000000,0.546850,7
20,Baseline,18,851.374274,1107463.594259,0.000000,0.546850,7
20,Baseline,19,851.023163,930470.573129,0.000000,0.587865,8
20,Baseline,20,851.374274,1107463.594259,0.000000,0.546850,7
20,Baseline,21,851.374274,1107463.594259,0.000000,0.546850,7
20,Baseline,22,851.374274,1107463.594259,0.000000,0.546850,7
20,Baseline,23,851.374274,1107463.594259,0.000000,0.546850,7
20,Baseline,24,851.023163,930470.573129,0.000000,0.587865,8
20,Baseline,25,851.374274,1107463.594259,0.000000,0.546850,7
20,Baseline,26,851.374274,1107463.594259,0.000000,0.546850,7
20,Baseline,27,851.374274,1107463.594259,0.000000,0.546850,7
20,Baseline,28,851.374274,1107463.594259,0.000000,0.546850,7
20,Baseline,29,851.374274,1107463.594259,0.000000,0.546850,7
20,Baseline,30,851.374274,1107463.594259,0.000000,0.546850,7
20,Baseline,31,851.374274,1107463.594259,0.000000,0.546850,7
20,Baseline,32,851.374274,1107463.594259,0.000000,0.546850,7
20,Baseline,33,851.374274,1107463.594259,0.000000,0.546850,7
20,Baseline,34,851.374274,1107463.594259,0.000000,0.546850,7
20,Baseline,35,851.023163,930470.573129,0.000000,0.587865,8
20,Baseline,36,851.374274,1107463.594259,0.000000,0.546850,7
20,Baseline,37,851.374274,1107463.594259,0.000000,0.546850,7
20,Baseline,38,851.374274,1107463.594259,0.000000,0.546850,7
20,Baseline,39,851.023163,930470.573129,0.000000,0.587865,8
20,Baseline,40,851.023163,930470.573129,0.000000,0.587865,8
20,Baseline,41,851.374274,1107463.594259,0.000000,0.546850,7
20,Baseline,42,851.374274,1107463.594259,0.000000,0.546850,7
20,Baseline,43,851.023163,930470.573129,0.000000,0.587865,8
20,Baseline,44,851.374274,1107463.594259,0.000000,0.546850,7
20,Baseline,45,851.374274,1107463.594259,0.000000,0.546850,7
20,Baseline,46,851.374274,1107463.594259,0.000000,0.546850,7
20,Baseline,47,851.374274,1107463.594259,0.000000,0.546850,7
20,Baseline,48,851.374274,1107463.594259,0.000000,0.546850,7
20,Baseline,49,851.374274,1107463.594259,0.000000,0.546850,7
20,Baseline,50,851.374274,1107463.594259,0.000000,0.546850,7
20,Baseline,51,851.374274,1107463.594259,0.000000,0.546850,7
20,Baseline,52,851.374274,1107463.594259,0.000000,0.546850,7
20,Baseline,53,851.374274,1107463.594259,0.000000,0.546850,7
20,Baseline,54,849.807508,1229988.308060,0.000000,0.729871,6
20,Baseline,55,849.807508,1229988.308060,0.000000,0.729871,6
20,Baseline,56,849.807508,1229988.308060,0.000000,0.729871,6
20,Baseline,57,851.023163,930470.573129,0.000000,0.587865,8
20,Baseline,58,851.023163,930470.573129,0.000000,0.587865,8
20,Baseline,59,851.374274,1107463.594259,0.000000,0.546850,7
20,Baseline,60,851.374274,1107463.594259,0.000000,0.546850,7
20,Baseline,61,851.374274,1107463.594259,0.000000,0.546850,7
20,Baseline,62,851.374274,1107463.594259,0.000000,0.546850,7
20,Baseline,63,851.374274,1107463.594259,0.000000,0.546850,7
20,Baseline,64,851.023163,930470.573129,0.000000,0.587865,8
20,Baseline,65,851.374274,1107463.594259,0.000000,0.546850,7
20,Baseline,66,851.374274,1107463.594259,0.000000,0.546850,7
20,Baseline,67,851.374274,1107463.594259,0.000000,0.546850,7
20,Baseline,68,849.807508,1229988.308060,0.000000,0.729871,6
20,Baseline,69,849.807508,1229988.308060,0.000000,0.729871,6
20,Baseline,70,851.374274,1107463.594259,0.000000,0.546850,7
20,Baseline,71,849.807508,1229988.308060,0.000000,0.729871,6
20,Baseline,72,851.374274,1107463.594259,0.000000,0.546850,7
20,Baseline,73,851.374274,1107463.594259,0.000000,0.546850,7
20,Baseline,74,851.374274,1107463.594259,0.000000,0.546850,7
20,Baseline,75,851.374274,1107463.594259,0.000000,0.546850,7
20,Baseline,76,851.023163,930470.573129,0.000000,0.587865,8
20,Baseline,77,851.023163,930470.573129,0.000000,0.587865,8
20,Baseline,78,851.374274,1107463.594259,0.000000,0.546850,7
20,Baseline,79,851.023163,930470.573129,0.000000,0.587865,8
20,Baseline,80,851.023163,930470.573129,0.000000,0.587865,8
20,Baseline,81,851.374274,1107463.594259,0.000000,0.546850,7
20,Baseline,82,851.374274,1107463.594259,0.000000,0.546850,7
20,Baseline,83,851.374274,1107463.594259,0.000000,0.546850,7
20,Baseline,84,851.374274,1107463.594259,0.000000,0.546850,7
20,Baseline,85,851.374274,1107463.594259,0.000000,0.546850,7
20,Baseline,86,849.807508,1229988.308060,0.000000,0.729871,6
20,Baseline,87,851.023163,930470.573129,0.000000,0.587865,8
20,Baseline,88,851.374274,1107463.594259,0.000000,0.546850,7
20,Baseline,89,851.374274,1107463.594259,0.000000,0.546850,7
20,Baseline,90,849.807508,1229988.308060,0.000000,0.729871,6
20,Baseline,91,851.374274,1107463.594259,0.000000,0.546850,7
20,Baseline,92,851.374274,1107463.594259,0.000000,0.546850,7
20,Baseline,93,851.374274,1107463.594259,0.000000,0.546850,7
20,Baseline,94,851.374274,1107463.594259,0.000000,0.546850,7
20,Baseline,95,851.374274,1107463.594259,0.000000,0.546850,7
20,Baseline,96,851.374274,1107463.594259,0.000000,0.546850,7
20,Baseline,97,851.374274,1107463.594259,0.000000,0.546850,7
20,Baseline,98,851.374274,1107463.594259,0.000000,0.546850,7
20,Baseline,99,851.374274,1107463.594259,0.000000,0.546850,7
20,Baseline,100,851.374274,1107463.594259,0.000000,0.546850,7
20,Baseline,101,851.374274,1107463.594259,0.000000,0.546850,7
20,Baseline,102,851.374274,1107463.594259,0.000000,0.546850,7
20,Baseline,103,851.374274,1107463.594259,0.000000,0.546850,7
20,Baseline,104,851.374274,1107463.594259,0.000000,0.546850,7
20,Baseline,105,851.374274,1107463.594259,0.000000,0.546850,7
20,Baseline,106,851.374274,1107463.594259,0.000000,0.546850,7
20,Baseline,107,851.374274,1107463.594259,0.000000,0.546850,7
20,Baseline,108,851.374274,1107463.594259,0.000000,0.546850,7
20,Baseline,109,849.807508,1229988.308060,0.000000,0.729871,6
20,Baseline,110,851.374274,1107463.594259,0.000000,0.546850,7
20,Baseline,111,851.374274,1107463.594259,0.000000,0.546850,7
20,Baseline,112,851.374274,1107463.594259,0.000000,0.546850,7
20,Baseline,113,849.807508,1229988.308060,0.000000,0.729871,6
20,Baseline,114,851.374274,1107463.594259,0.000000,0.546850,7
20,Baseline,115,849.807508,1229988.308060,0.000000,0.729871,6
20,Baseline,116,851.023163,930470.573129,0.000000,0.587865,8
20,Baseline,117,851.374274,1107463.594259,0.000000,0.546850,7
20,Baseline,118,849.807508,1229988.308060,0.000000,0.729871,6
20,Baseline,119,849.807508,1229988.308060,0.000000,0.729871,6
20,Baseline,120,851.023163,930470.573129,0.000000,0.587865,8
20,Baseline,121,851.023163,930470.573129,0.000000,0.587865,8
20,Baseline,122,851.023163,930470.573129,0.000000,0.587865,8
20,Baseline,123,851.374274,1107463.594259,0.000000,0.546850,7
20,Baseline,124,851.374274,1107463.594259,0.000000,0.546850,7
20,Baseline,125,851.374274,1107463.594259,0.000000,0.546850,7
20,Baseline,126,851.374274,1107463.594259,0.000000,0.546850,7
20,Baseline,127,851.374274,1107463.594259,0.000000,0.546850,7
20,Baseline,128,851.374274,1107463.594259,0.000000,0.546850,7
20,Baseline,129,851.374274,1107463.594259,0.000000,0.546850,7
20,Baseline,130,851.374274,1107463.594259,0.000000,0.546850,7
20,Baseline,131,851.374274,1107463.594259,0.000000,0.546850,7
20,Baseline,132,851.374274,1107463.594259,0.000000,0.546850,7
20,Baseline,133,851.374274,1107463.594259,0.000000,0.546850,7
20,Baseline,134,849.807508,1229988.308060,0.000000,0.729871,6
20,Baseline,135,851.374274,1107463.594259,0.000000,0.546850,7
20,Baseline,136,851.374274,1107463.594259,0.000000,0.546850,7
20,Baseline,137,851.374274,1107463.594259,0.000000,0.546850,7
20,Baseline,138,851.374274,1107463.594259,0.000000,0.546850,7
20,Baseline,139,849.807508,1229988.308060,0.000000,0.729871,6
20,Baseline,140,849.807508,1229988.308060,0.000000,0.729871,6
20,Baseline,141,849.807508,1229988.308060,0.000000,0.729871,6
20,Baseline,142,851.374274,1107463.594259,0.000000,0.546850,7
20,Baseline,143,851.374274,1107463.594259,0.000000,0.546850,7
20,Baseline,144,851.374274,1107463.594259,0.000000,0.546850,7
20,Baseline,145,851.023163,930470.573129,0.000000,0.587865,8
20,Baseline,146,851.374274,1107463.594259,0.000000,0.546850,7
20,Baseline,147,851.374274,1107463.594259,0.000000,0.546850,7
20,Baseline,148,851.374274,1107463.594259,0.000000,0.546850,7
20,Baseline,149,851.374274,1107463.594259,0.000000,0.546850,7
20,Baseline,150,849.807508,1229988.308060,0.000000,0.729871,6
20,Baseline,151,849.807508,1229988.308060,0.000000,0.729871,6
20,Baseline,152,851.374274,1107463.594259,0.000000,0.546850,7
20,Baseline,153,851.374274,1107463.594259,0.000000,0.546850,7
20,Baseline,154,851.374274,1107463.594259,0.000000,0.546850,7
20,Baseline,155,851.374274,1107463.594259,0.000000,0.546850,7
20,Baseline,156,851.374274,1107463.594259,0.000000,0.546850,7
20,Baseline,157,851.374274,1107463.594259,0.000000,0.546850,7
20,Baseline,158,851.374274,1107463.594259,0.000000,0.546850,7
20,Baseline,159,851.374274,1107463.594259,0.000000,0.546850,7
20,Baseline,160,851.374274,1107463.594259,0.000000,0.546850,7
20,Baseline,161,851.374274,1107463.594259,0.000000,0.546850,7
20,Baseline,162,851.374274,1107463.594259,0.000000,0.546850,7
20,Baseline,163,851.374274,1107463.594259,0.000000,0.546850,7
20,Baseline,164,851.374274,1107463.594259,0.000000,0.546850,7
20,Baseline,165,851.374274,1107463.594259,0.000000,0.546850,7
20,Baseline,166,851.374274,1107463.594259,0.000000,0.546850,7
20,Baseline,167,851.374274,1107463.594259,0.000000,0.546850,7
20,Baseline,168,851.023163,930470.573129,0.000000,0.587865,8
20,Baseline,169,851.374274,1107463.594259,0.000000,0.546850,7
20,Baseline,170,851.374274,1107463.594259,0.000000,0.546850,7
20,Baseline,171,851.374274,1107463.594259,0.000000,0.546850,7
20,Baseline,172,851.374274,1107463.594259,0.000000,0.546850,7
20,Baseline,173,851.374274,1107463.594259,0.000000,0.546850,7
20,Baseline,174,851.374274,1107463.594259,0.000000,0.546850,7
20,Baseline,175,851.374274,1107463.594259,0.000000,0.546850,7
20,Baseline,176,849.807508,1229988.308060,0.000000,0.729871,6
20,Baseline,177,851.374274,1107463.594259,0.000000,0.546850,7
20,Baseline,178,851.023163,930470.573129,0.000000,0.587865,8
20,Baseline,179,851.023163,930470.573129,0.000000,0.587865,8
20,Baseline,180,851.374274,1107463.594259,0.000000,0.546850,7
20,Baseline,181,851.374274,1107463.594259,0.000000,0.546850,7
20,Baseline,182,851.374274,1107463.594259,0.000000,0.546850,7
20,Baseline,183,851.023163,930470.573129,0.000000,0.587865,8
20,Baseline,184,851.374274,1107463.594259,0.000000,0.546850,7
20,Baseline,185,851.374274,1107463.594259,0.000000,0.546850,7
20,Baseline,186,851.374274,1107463.594259,0.000000,0.546850,7
20,Baseline,187,851.374274,1107463.594259,0.000000,0.546850,7
20,Baseline,188,851.374274,1107463.594259,0.000000,0.546850,7
20,Baseline,189,851.374274,1107463.594259,0.000000,0.546850,7
20,Baseline,190,851.374274,1107463.594259,0.000000,0.546850,7
20,Baseline,191,851.374274,1107463.594259,0.000000,0.546850,7
20,Baseline,192,851.374274,1107463.594259,0.000000,0.546850,7
20,Baseline,193,851.374274,1107463.594259,0.000000,0.546850,7
20,Baseline,194,851.374274,1107463.594259,0.000000,0.546850,7
20,Baseline,195,851.374274,1107463.594259,0.000000,0.546850,7
20,Baseline,196,851.374274,1107463.594259,0.000000,0.546850,7
20,Baseline,197,851.023163,930470.573129,0.000000,0.587865,8
20,Baseline,198,851.023163,930470.573129,0.000000,0.587865,8
20,Baseline,199,851.374274,1107463.594259,0.000000,0.546850,7
20,Baseline,200,849.807508,1229988.308060,0.000000,0.729871,6
20,Baseline,201,851.023163,930470.573129,0.000000,0.587865,8
20,Baseline,202,851.374274,1107463.594259,0.000000,0.546850,7
20,Baseline,203,851.374274,1107463.594259,0.000000,0.546850,7
20,Baseline,204,851.374274,1107463.594259,0.000000,0.546850,7
20,Baseline,205,851.374274,1107463.594259,0.000000,0.546850,7
20,Baseline,206,851.023163,930470.573129,0.000000,0.587865,8
20,Baseline,207,851.023163,930470.573129,0.000000,0.587865,8
20,Baseline,208,851.374274,1107463.594259,0.000000,0.546850,7
20,Baseline,209,851.374274,1107463.594259,0.000000,0.546850,7
20,Baseline,210,851.374274,1107463.594259,0.000000,0.546850,7
20,Baseline,211,851.374274,1107463.594259,0.000000,0.546850,7
20,Baseline,212,851.374274,1107463.594259,0.000000,0.546850,7
20,Baseline,213,851.374274,1107463.594259,0.000000,0.546850,7
20,Baseline,214,851.374274,1107463.594259,0.000000,0.546850,7
20,Baseline,215,851.374274,1107463.594259,0.000000,0.546850,7
20,Baseline,216,851.374274,1107463.594259,0.000000,0.546850,7
20,Baseline,217,851.374274,1107463.594259,0.000000,0.546850,7
20,Baseline,218,851.023163,930470.573129,0.000000,0.587865,8
20,Baseline,219,851.023163,930470.573129,0.000000,0.587865,8
20,Baseline,220,851.023163,930470.573129,0.000000,0.587865,8
20,Baseline,221,851.023163,930470.573129,0.000000,0.587865,8
20,Baseline,222,849.807508,1229988.308060,0.000000,0.729871,6
20,Baseline,223,851.374274,1107463.594259,0.000000,0.546850,7
20,Baseline,224,851.374274,1107463.594259,0.000000,0.546850,7
20,Baseline,225,851.374274,1107463.594259,0.000000,0.546850,7
20,Baseline,226,851.374274,1107463.594259,0.000000,0.546850,7
20,Baseline,227,851.374274,1107463.594259,0.000000,0.546850,7
20,Baseline,228,851.374274,1107463.594259,0.000000,0.546850,7
20,Baseline,229,851.374274,1107463.594259,0.000000,0.546850,7
20,Baseline,230,851.374274,1107463.594259,0.000000,0.546850,7
20,Baseline,231,851.374274,1107463.594259,0.000000,0.546850,7
20,Baseline,232,851.023163,930470.573129,0.000000,0.587865,8
20,Baseline,233,851.374274,1107463.594259,0.000000,0.546850,7
20,Baseline,234,851.374274,1107463.594259,0.000000,0.546850,7
20,Baseline,235,851.374274,1107463.594259,0.000000,0.546850,7
20,Baseline,236,851.374274,1107463.594259,0.000000,0.546850,7
20,Baseline,237,849.807508,1229988.308060,0.000000,0.729871,6
20,Baseline,238,851.023163,930470.573129,0.000000,0.587865,8
20,Baseline,239,851.374274,1107463.594259,0.000000,0.546850,7
20,Baseline,240,851.374274,1107463.594259,0.000000,0.546850,7
20,Baseline,241,851.374274,1107463.594259,0.000000,0.546850,7
20,Baseline,242,851.374274,1107463.594259,0.000000,0.546850,7
20,Baseline,243,851.374274,1107463.594259,0.000000,0.546850,7
20,Baseline,244,851.374274,1107463.594259,0.000000,0.546850,7
20,Baseline,245,851.374274,1107463.594259,0.000000,0.546850,7
20,Baseline,246,851.374274,1107463.594259,0.000000,0.546850,7
20,Baseline,247,851.374274,1107463.594259,0.000000,0.546850,7
20,Baseline,248,851.374274,1107463.594259,0.000000,0.546850,7
20,Baseline,249,851.374274,1107463.594259,0.000000,0.546850,7
20,Baseline,250,851.374274,1107463.594259,0.000000,0.546850,7
20,Baseline,251,851.374274,1107463.594259,0.000000,0.546850,7
20,Baseline,252,851.374274,1107463.594259,0.000000,0.546850,7
20,Baseline,253,851.023163,930470.573129,0.000000,0.587865,8
20,Baseline,254,851.374274,1107463.594259,0.000000,0.546850,7
20,Baseline,255,851.374274,1107463.594259,0.000000,0.546850,7
20,Baseline,256,851.374274,1107463.594259,0.000000,0.546850,7
20,Baseline,257,851.374274,1107463.594259,0.000000,0.546850,7
20,Baseline,258,851.374274,1107463.594259,0.000000,0.546850,7
20,Baseline,259,851.374274,1107463.594259,0.000000,0.546850,7
20,Baseline,260,851.374274,1107463.594259,0.000000,0.546850,7
20,Baseline,261,851.374274,1107463.594259,0.000000,0.546850,7
20,Baseline,262,851.374274,1107463.594259,0.000000,0.546850,7
20,Baseline,263,851.374274,1107463.594259,0.000000,0.546850,7
20,Baseline,264,851.374274,1107463.594259,0.000000,0.546850,7
20,Baseline,265,851.374274,1107463.594259,0.000000,0.546850,7
20,Baseline,266,851.023163,930470.573129,0.000000,0.587865,8
20,Baseline,267,849.807508,1229988.308060,0.000000,0.729871,6
20,Baseline,268,851.023163,930470.573129,0.000000,0.587865,8
20,Baseline,269,851.023163,930470.573129,0.000000,0.587865,8
20,Baseline,270,851.374274,1107463.594259,0.000000,0.546850,7
20,Baseline,271,851.374274,1107463.594259,0.000000,0.546850,7
20,Baseline,272,851.374274,1107463.594259,0.000000,0.546850,7
20,Baseline,273,851.374274,1107463.594259,0.000000,0.546850,7
20,Baseline,274,851.374274,1107463.594259,0.000000,0.546850,7
20,Baseline,275,851.374274,1107463.594259,0.000000,0.546850,7
20,Baseline,276,849.807508,1229988.308060,0.000000,0.729871,6
20,Baseline,277,849.807508,1229988.308060,0.000000,0.729871,6
20,Baseline,278,851.374274,1107463.594259,0.000000,0.546850,7
20,Baseline,279,851.374274,1107463.594259,0.000000,0.546850,7
20,Baseline,280,851.374274,1107463.594259,0.000000,0.546850,7
20,Baseline,281,851.374274,1107463.594259,0.000000,0.546850,7
20,Baseline,282,851.374274,1107463.594259,0.000000,0.546850,7
20,Baseline,283,851.374274,1107463.594259,0.000000,0.546850,7
20,Baseline,284,851.374274,1107463.594259,0.000000,0.546850,7
20,Baseline,285,851.374274,1107463.594259,0.000000,0.546850,7
20,Baseline,286,851.374274,1107463.594259,0.000000,0.546850,7
20,Baseline,287,851.374274,1107463.594259,0.000000,0.546850,7
20,Baseline,288,851.374274,1107463.594259,0.000000,0.546850,7
20,Baseline,289,851.374274,1107463.594259,0.000000,0.546850,7
20,Baseline,290,851.374274,1107463.594259,0.000000,0.546850,7
20,Baseline,291,849.807508,1229988.308060,0.000000,0.729871,6
20,Baseline,292,851.374274,1107463.594259,0.000000,0.546850,7
20,Baseline,293,849.807508,1229988.308060,0.000000,0.729871,6
20,Baseline,294,849.807508,1229988.308060,0.000000,0.729871,6
20,Baseline,295,851.023163,930470.573129,0.000000,0.587865,8
20,Baseline,296,851.374274,1107463.594259,0.000000,0.546850,7
20,Baseline,297,851.374274,1107463.594259,0.000000,0.546850,7
20,Baseline,298,849.717846,653929.049182,0.000000,0.541263,12
20,Baseline,299,849.713706,775978.295812,0.000000,0.541748,10
20,Proposed,0,947.583536,1097635.327178,0.000000,0.628367,36
20,Proposed,1,932.268037,1047434.811337,0.000000,0.609595,36
