Run_ID,Method,Generation,Hypervolume,Pop_Feasibility_Rate,Pop_Diversity_AEP,Pop_Diversity_Cost
1,Baseline,20,15692879996218.703125,100.000000,9559.666215,23029.858794
1,Baseline,40,15692899587011.914062,100.000000,928.164904,15255.763914
1,Baseline,60,15822199989612.070312,100.000000,1428.677421,25939.522778
1,Baseline,80,15822199989612.070312,100.000000,1428.677421,25939.522778
1,Baseline,100,15823144145971.701172,100.000000,1726.313656,28400.484656
1,Baseline,120,15969488537385.160156,100.000000,4740.665846,42436.235085
1,Baseline,140,16138672594615.189453,100.000000,9154.420586,55433.156637
1,Baseline,160,16143180996100.939453,100.000000,3941.799301,36162.776661
1,Baseline,180,16152981867937.408203,100.000000,2023.999429,33551.841565
1,Baseline,200,16152981867937.408203,100.000000,2023.999429,33551.841565
1,Baseline,220,16152981867937.408203,100.000000,2023.999429,33551.841565
1,Baseline,240,16152981867937.408203,100.000000,2023.999429,33551.841565
1,Baseline,260,16152981867937.408203,100.000000,2023.999429,33551.841565
1,Baseline,280,16152981867937.408203,100.000000,2023.999429,33551.841565
1,Baseline,300,16153156513511.220703,100.000000,2049.595982,39356.843146
1,Baseline,320,16153156513511.220703,100.000000,2049.595982,39356.843146
1,Baseline,340,16155303819440.550781,100.000000,9895.962791,85015.906129
1,Baseline,360,16158676151237.785156,100.000000,3392.670290,50981.576114
1,Baseline,380,16158676151237.785156,100.000000,3392.670290,50981.576114
1,Baseline,400,16158676151237.785156,100.000000,3392.670290,50981.576114
1,Baseline,420,16194795646552.566406,100.000000,1864.143799,8932.113235
1,Baseline,440,16194795646552.566406,100.000000,1864.143799,8932.113235
1,Baseline,460,16194795646552.566406,100.000000,1864.143799,8932.113235
1,Baseline,480,16194795646552.566406,100.000000,1864.143799,8932.113235
1,Baseline,500,16194825272730.996094,100.000000,1590.417222,9079.144410
1,Baseline,520,16194825272730.996094,100.000000,1590.417222,9079.144410
1,Baseline,540,16194847962654.074219,100.000000,1620.654013,9106.088758
1,Baseline,560,16194847962654.074219,100.000000,1620.654013,9106.088758
1,Baseline,580,16194847962654.074219,100.000000,1620.654013,9106.088758
1,Baseline,600,16194847962654.074219,100.000000,1620.654013,9106.088758
1,Baseline,620,16242981478076.460938,100.000000,2337.407357,13726.344124
1,Baseline,640,16242981478076.460938,100.000000,2337.407357,13726.344124
1,Baseline,660,16242981478076.460938,100.000000,2337.407357,13726.344124
1,Baseline,680,16242981478076.460938,100.000000,2337.407357,13726.344124
1,Baseline,700,16242981478076.460938,100.000000,2337.407357,13726.344124
1,Baseline,720,16242981478076.460938,100.000000,2337.407357,13726.344124
1,Baseline,740,16242981967508.378906,100.000000,2383.136840,14038.594055
1,Baseline,760,16242981967508.378906,100.000000,2383.136840,14038.594055
1,Baseline,780,16242981967508.378906,100.000000,2383.136840,14038.594055
1,Baseline,800,16242981967508.378906,100.000000,2383.136840,14038.594055
1,Baseline,820,16242981967508.378906,100.000000,2383.136840,14038.594055
1,Baseline,840,16242981967508.378906,100.000000,2383.136840,14038.594055
1,Baseline,860,16242981967508.378906,100.000000,2383.136840,14038.594055
1,Baseline,880,16243229323831.757812,100.000000,2360.969801,13453.167444
1,Baseline,900,16243229323831.757812,100.000000,2360.969801,13453.167444
1,Baseline,920,16243229323831.757812,100.000000,2360.969801,13453.167444
1,Baseline,940,16243229323831.757812,100.000000,2360.969801,13453.167444
1,Baseline,960,16243238984612.941406,100.000000,2384.943766,13423.630848
1,Baseline,980,16252663676208.738281,100.000000,11838.314993,43750.593321
1,Baseline,1000,16252663676208.738281,100.000000,3379.038229,17293.786777
1,Baseline,1020,16252663676208.738281,100.000000,3379.038229,17293.786777
1,Baseline,1040,16252663676208.738281,100.000000,3379.038229,17293.786777
1,Baseline,1060,16252673423103.337891,100.000000,3399.720268,17449.471413
1,Baseline,1080,16252673423103.337891,100.000000,3399.720268,17449.471413
1,Baseline,1100,16252673423103.337891,100.000000,3399.720268,17449.471413
1,Baseline,1120,16252673423103.337891,100.000000,3399.720268,17449.471413
1,Baseline,1140,16252673423103.337891,100.000000,3399.720268,17449.471413
1,Baseline,1160,16252673423103.337891,100.000000,3399.720268,17449.471413
1,Baseline,1180,16252673423103.337891,100.000000,3399.720268,17449.471413
1,Baseline,1200,16252724407736.501953,100.000000,3397.041231,17675.971125
1,Baseline,1220,16252724407736.501953,100.000000,3397.041231,17675.971125
1,Baseline,1240,16252724407736.501953,100.000000,3397.041231,17675.971125
1,Baseline,1260,16400246838835.339844,100.000000,5609.687973,13008.416454
1,Baseline,1280,16400246838835.339844,100.000000,5609.687973,13008.416454
1,Baseline,1300,16400246838835.339844,100.000000,5609.687973,13008.416454
1,Baseline,1320,16400246838835.339844,100.000000,5609.687973,13008.416454
1,Baseline,1340,16400246838835.339844,100.000000,5609.687973,13008.416454
1,Baseline,1360,16400246838835.339844,100.000000,5609.687973,13008.416454
1,Baseline,1380,16400246838835.339844,100.000000,5609.687973,13008.416454
1,Baseline,1400,16400246838835.339844,100.000000,5609.687973,13008.416454
1,Baseline,1420,16400246838835.339844,100.000000,5609.687973,13008.416454
1,Baseline,1440,16400246838835.339844,100.000000,5609.687973,13008.416454
1,Baseline,1460,16400252181971.666016,100.000000,5657.736679,13017.906935
1,Baseline,1480,16411498663507.365234,100.000000,7139.910682,18743.404964
1,Baseline,1500,16411521901459.833984,100.000000,7114.578363,18745.590170
1,Baseline,1520,16411521901459.833984,100.000000,7114.578363,18745.590170
1,Baseline,1540,16411521901459.833984,100.000000,7114.578363,18745.590170
1,Baseline,1560,16411521901459.833984,100.000000,7114.578363,18745.590170
1,Baseline,1580,16411521901459.833984,100.000000,7114.578363,18745.590170
1,Baseline,1600,16411521901459.833984,100.000000,7114.578363,18745.590170
1,Baseline,1620,16411521901459.833984,100.000000,7114.578363,18745.590170
1,Baseline,1640,16411746438027.552734,100.000000,7026.841695,18816.847943
1,Baseline,1660,16411746438027.552734,100.000000,7026.841695,18816.847943
1,Baseline,1680,16411746438027.552734,100.000000,7026.841695,18816.847943
1,Baseline,1700,16411746438027.552734,100.000000,7026.841695,18816.847943
1,Baseline,1720,16411746438027.552734,100.000000,7026.841695,18816.847943
1,Baseline,1740,16431059967889.300781,100.000000,19072.322728,46201.152190
1,Baseline,1760,16431059967889.300781,100.000000,7323.701216,15673.737932
1,Baseline,1780,16431059967889.300781,100.000000,7323.701216,15673.737932
1,Baseline,1800,16431059967889.300781,100.000000,7323.701216,15673.737932
1,Baseline,1820,16431059967889.300781,100.000000,7323.701216,15673.737932
1,Baseline,1840,16431059967889.300781,100.000000,7323.701216,15673.737932
1,Baseline,1860,16431059967889.300781,100.000000,7323.701216,15673.737932
1,Baseline,1880,16431059967889.300781,100.000000,7323.701216,15673.737932
1,Baseline,1900,16435156077471.894531,100.000000,16836.898772,37236.784713
1,Baseline,1920,16435156077471.894531,100.000000,8166.121997,21529.571828
1,Baseline,1940,16556172663159.757812,100.000000,8646.050024,20581.548750
1,Baseline,1960,16556172663159.757812,100.000000,8646.050024,20581.548750
1,Baseline,1980,16556172663159.757812,100.000000,8646.050024,20581.548750
1,Baseline,2000,16556172663159.757812,100.000000,8646.050024,20581.548750
1,Proposed,20,17021022945907.564453,88.000000,592287.376583,324961056410.160034
1,Proposed,40,17021022945907.564453,88.000000,592287.376583,324961056410.160034
1,Proposed,60,17021022945907.564453,88.000000,592287.376583,324961056410.160034
1,Proposed,80,17021022945907.564453,88.000000,592287.376583,324961056410.160034
1,Proposed,100,17021022945907.564453,88.000000,592287.376583,324961056410.160034
1,Proposed,120,17021022945907.564453,88.000000,592287.376583,324961056410.160034
1,Proposed,140,17021022945907.564453,88.000000,592287.376583,324961056410.160034
1,Proposed,160,17021022945907.564453,88.000000,592287.376583,324961056410.160034
1,Proposed,180,17021022945907.564453,88.000000,592287.376583,324961056410.160034
1,Proposed,200,17021022945907.564453,88.000000,592287.376583,324961056410.160034
1,Proposed,220,17021022945907.564453,88.000000,592287.376583,324961056410.160034
1,Proposed,240,17021022945907.564453,88.000000,592287.376583,324961056410.160034
1,Proposed,260,17021022945907.564453,88.000000,592287.376583,324961056410.160034
1,Proposed,280,17021022945907.564453,88.000000,592287.376583,324961056410.160034
1,Proposed,300,17021022945907.564453,88.000000,592287.376583,324961056410.160034
1,Proposed,320,17021022945907.564453,88.000000,592287.376583,324961056410.160034
1,Proposed,340,17021022945907.564453,88.000000,592287.376583,324961056410.160034
1,Proposed,360,17021022945907.564453,88.000000,592287.376583,324961056410.160034
1,Proposed,380,17021022945907.564453,88.000000,592287.376583,324961056410.160034
1,Proposed,400,17021022945907.564453,88.000000,592287.376583,324961056410.160034
1,Proposed,420,17021022945907.564453,88.000000,592287.376583,324961056410.160034
1,Proposed,440,17021022945907.564453,88.000000,592287.376583,324961056410.160034
1,Proposed,460,17021022945907.564453,88.000000,592287.376583,324961056410.160034
1,Proposed,480,17021022945907.564453,88.000000,592287.376583,324961056410.160034
1,Proposed,500,17021022945907.564453,88.000000,592287.376583,324961056410.160034
1,Proposed,520,17021022945907.564453,88.000000,592287.376583,324961056410.160034
1,Proposed,540,17021022945907.564453,88.000000,592287.376583,324961056410.160034
1,Proposed,560,17021022945907.564453,88.000000,592287.376583,324961056410.160034
1,Proposed,580,17021022945907.564453,88.000000,592287.376583,324961056410.160034
1,Proposed,600,17021022945907.564453,88.000000,592287.376583,324961056410.160034
1,Proposed,620,17021022945907.564453,88.000000,592287.376583,324961056410.160034
1,Proposed,640,17021022945907.564453,88.000000,592287.376583,324961056410.160034
1,Proposed,660,17021022945907.564453,88.000000,592287.376583,324961056410.160034
1,Proposed,680,17021022945907.564453,88.000000,592287.376583,324961056410.160034
1,Proposed,700,17021022945907.564453,88.000000,592287.376583,324961056410.160034
1,Proposed,720,17021022945907.564453,88.000000,592287.376583,324961056410.160034
1,Proposed,740,17021022945907.564453,88.000000,592287.376583,324961056410.160034
1,Proposed,760,17021022945907.564453,88.000000,592287.376583,324961056410.160034
1,Proposed,780,17021022945907.564453,88.000000,592287.376583,324961056410.160034
1,Proposed,800,17021022945907.564453,88.000000,592287.376583,324961056410.160034
1,Proposed,820,17021022945907.564453,88.000000,592287.376583,324961056410.160034
1,Proposed,840,17021022945907.564453,88.000000,592287.376583,324961056410.160034
1,Proposed,860,17021022945907.564453,88.000000,592287.376583,324961056410.160034
1,Proposed,880,17021022945907.564453,88.000000,592287.376583,324961056410.160034
1,Proposed,900,17021022945907.564453,88.000000,592287.376583,324961056410.160034
1,Proposed,920,17021022945907.564453,88.000000,592287.376583,324961056410.160034
1,Proposed,940,17021022945907.564453,88.000000,592287.376583,324961056410.160034
1,Proposed,960,17021022945907.564453,88.000000,592287.376583,324961056410.160034
1,Proposed,980,17021022945907.564453,88.000000,592287.376583,324961056410.160034
1,Proposed,1000,17021022945907.564453,88.000000,592287.376583,324961056410.160034
2,Baseline,20,15517176247005.765625,100.000000,2368.650078,3166.828202
2,Baseline,40,15639345806196.232422,100.000000,1587.709697,24634.881408
2,Baseline,60,15652642468875.060547,100.000000,1223.149886,19507.445252
2,Baseline,80,15902845848134.587891,100.000000,3149.951733,35149.704798
2,Baseline,100,15902907191050.847656,100.000000,2161.592904,46479.373341
2,Baseline,120,15902948487626.101562,100.000000,2193.624862,51184.191682
2,Baseline,140,15932181607863.224609,100.000000,3240.499697,29986.778886
2,Baseline,160,15933489749039.412109,100.000000,1331.008568,18830.985101
2,Baseline,180,16062603366138.615234,100.000000,1324.222040,36146.652910
2,Baseline,200,16229783992668.800781,100.000000,1705.780335,64384.695154
2,Baseline,220,16229783992668.800781,100.000000,1705.780335,64384.695154
2,Baseline,240,16229783992668.800781,100.000000,1705.780335,64384.695154
2,Baseline,260,16229783992668.800781,100.000000,1705.780335,64384.695154
2,Baseline,280,16229820441266.576172,100.000000,1932.567028,71827.089052
2,Baseline,300,16229820441266.576172,100.000000,1932.567028,71827.089052
2,Baseline,320,16232233388910.736328,100.000000,1863.880501,48284.914184
2,Baseline,340,16232258052799.720703,100.000000,2148.320579,55193.790983
2,Baseline,360,16232258052799.720703,100.000000,2148.320579,55193.790983
2,Baseline,380,16232263365439.640625,100.000000,2340.604692,64144.990036
2,Baseline,400,16232263365439.640625,100.000000,2340.604692,64144.990036
2,Baseline,420,16232263365439.640625,100.000000,2340.604692,64144.990036
2,Baseline,440,16232263365439.640625,100.000000,2340.604692,64144.990036
2,Baseline,460,16237031396492.720703,100.000000,3063.931590,53873.137643
2,Baseline,480,16237031396492.720703,100.000000,3063.931590,53873.137643
2,Baseline,500,16401072824085.808594,100.000000,5409.049224,76564.394078
2,Baseline,520,16401072824085.808594,100.000000,5409.049224,76564.394078
2,Baseline,540,16402461256810.171875,100.000000,10307.252314,141419.003849
2,Baseline,560,16402471577989.259766,100.000000,5726.998553,77696.314283
2,Baseline,580,16402471577989.259766,100.000000,5726.998553,77696.314283
2,Baseline,600,16402471577989.259766,100.000000,5726.998553,77696.314283
2,Baseline,620,16405044985019.558594,100.000000,10498.063872,184843.124031
2,Baseline,640,16405326358910.042969,100.000000,6219.875079,81022.305262
2,Baseline,660,16405326358910.042969,100.000000,6219.875079,81022.305262
2,Baseline,680,16405396113571.615234,100.000000,5879.327202,66463.494421
2,Baseline,700,16405396113571.615234,100.000000,5879.327202,66463.494421
2,Baseline,720,16405396113571.615234,100.000000,5879.327202,66463.494421
2,Baseline,740,16405450614108.646484,100.000000,5532.951509,66484.204093
2,Baseline,760,16405450614108.646484,100.000000,5532.951509,66484.204093
2,Baseline,780,16405450614108.646484,100.000000,5532.951509,66484.204093
2,Baseline,800,16407209390637.548828,100.000000,5363.643941,69142.280962
2,Baseline,820,16407209390637.548828,100.000000,5368.736712,69282.963025
2,Baseline,840,16407209390637.548828,100.000000,5368.736712,69282.963025
2,Baseline,860,16407209390637.548828,100.000000,5368.736712,69282.963025
2,Baseline,880,16407209390637.548828,100.000000,5368.736712,69282.963025
2,Baseline,900,16407209390637.548828,100.000000,5368.736712,69282.963025
2,Baseline,920,16407209390637.548828,100.000000,5368.736712,69282.963025
2,Baseline,940,16407366444017.500000,100.000000,5402.649283,70067.933434
2,Baseline,960,16407366444017.500000,100.000000,5402.649283,70067.933434
2,Baseline,980,16407366444017.500000,100.000000,5402.649283,70067.933434
2,Baseline,1000,16407366444017.500000,100.000000,5402.649283,70067.933434
2,Baseline,1020,16407366444017.500000,100.000000,5402.649283,70067.933434
2,Baseline,1040,16407366444017.500000,100.000000,5402.649283,70067.933434
2,Baseline,1060,16407366444017.500000,100.000000,5402.649283,70067.933434
2,Baseline,1080,16407366444017.500000,100.000000,5402.649283,70067.933434
2,Baseline,1100,16407366444017.500000,100.000000,5402.649283,70067.933434
2,Baseline,1120,16407366444017.500000,100.000000,5402.649283,70067.933434
2,Baseline,1140,16407366444017.500000,100.000000,5402.649283,70067.933434
2,Baseline,1160,16407366444017.500000,100.000000,5402.649283,70067.933434
2,Baseline,1180,16407366444017.500000,100.000000,5402.649283,70067.933434
2,Baseline,1200,16407366444017.500000,100.000000,5402.649283,70067.933434
2,Baseline,1220,16407366444017.500000,100.000000,5402.649283,70067.933434
2,Baseline,1240,16407366444017.500000,100.000000,5402.649283,70067.933434
2,Baseline,1260,16407366444017.500000,100.000000,5402.649283,70067.933434
2,Baseline,1280,16407366444017.500000,100.000000,5402.649283,70067.933434
2,Baseline,1300,16407366444017.500000,100.000000,5402.649283,70067.933434
2,Baseline,1320,16407366444017.500000,100.000000,5402.649283,70067.933434
2,Baseline,1340,16407366444017.500000,100.000000,5402.649283,70067.933434
2,Baseline,1360,16407366444017.500000,100.000000,5402.649283,70067.933434
2,Baseline,1380,16407366444017.500000,100.000000,5402.649283,70067.933434
2,Baseline,1400,16407366444017.500000,100.000000,5402.649283,70067.933434
2,Baseline,1420,16407366444017.500000,100.000000,5402.649283,70067.933434
2,Baseline,1440,16407366444017.500000,100.000000,5402.649283,70067.933434
2,Baseline,1460,16407366444017.500000,100.000000,5402.649283,70067.933434
2,Baseline,1480,16407366444017.500000,100.000000,5402.649283,70067.933434
2,Baseline,1500,16407366444017.500000,100.000000,5402.649283,70067.933434
2,Baseline,1520,16407366444017.500000,100.000000,5402.649283,70067.933434
2,Baseline,1540,16407366444017.500000,100.000000,5402.649283,70067.933434
2,Baseline,1560,16407366444017.500000,100.000000,5402.649283,70067.933434
2,Baseline,1580,16407366444017.500000,100.000000,5402.649283,70067.933434
2,Baseline,1600,16407366444017.500000,100.000000,5402.649283,70067.933434
2,Baseline,1620,16407366444017.500000,100.000000,5402.649283,70067.933434
2,Baseline,1640,16407366444017.500000,100.000000,5402.649283,70067.933434
2,Baseline,1660,16407366444017.500000,100.000000,5402.649283,70067.933434
2,Baseline,1680,16407366444017.500000,100.000000,5402.649283,70067.933434
2,Baseline,1700,16407366444017.500000,100.000000,5402.649283,70067.933434
2,Baseline,1720,16407456023014.691406,100.000000,5421.794708,70826.436263
2,Baseline,1740,16407456023014.691406,100.000000,5421.794708,70826.436263
2,Baseline,1760,16407456023014.691406,100.000000,5421.794708,70826.436263
2,Baseline,1780,16407456023014.691406,100.000000,5421.794708,70826.436263
2,Baseline,1800,16407456023014.691406,100.000000,5421.794708,70826.436263
2,Baseline,1820,16407456023014.691406,100.000000,5421.794708,70826.436263
2,Baseline,1840,16407456023014.691406,100.000000,5421.794708,70826.436263
2,Baseline,1860,16407456023014.691406,100.000000,5421.794708,70826.436263
2,Baseline,1880,16407456023014.691406,100.000000,5421.794708,70826.436263
2,Baseline,1900,16407456023014.691406,100.000000,5421.794708,70826.436263
2,Baseline,1920,16407456023014.691406,100.000000,5421.794708,70826.436263
2,Baseline,1940,16407456023014.691406,100.000000,5421.794708,70826.436263
2,Baseline,1960,16407456023014.691406,100.000000,5421.794708,70826.436263
2,Baseline,1980,16407456023014.691406,100.000000,5421.794708,70826.436263
2,Baseline,2000,16407456023014.691406,100.000000,5421.794708,70826.436263
2,Proposed,20,16912212479029.255859,91.333333,520936.233564,281345562028.689148
2,Proposed,40,16912212479029.255859,91.333333,520936.233564,281345562028.689148
2,Proposed,60,16912212479029.255859,91.333333,520936.233564,281345562028.689148
2,Proposed,80,16912212479029.255859,91.333333,520936.233564,281345562028.689148
2,Proposed,100,16912212479029.255859,91.333333,520936.233564,281345562028.689148
2,Proposed,120,16912212479029.255859,91.333333,520936.233564,281345562028.689148
2,Proposed,140,16912212479029.255859,91.333333,520936.233564,281345562028.689148
2,Proposed,160,16912212479029.255859,91.333333,520936.233564,281345562028.689148
2,Proposed,180,16912212479029.255859,91.333333,520936.233564,281345562028.689148
2,Proposed,200,16912212479029.255859,91.333333,520936.233564,281345562028.689148
2,Proposed,220,16912212479029.255859,91.333333,520936.233564,281345562028.689148
2,Proposed,240,16912212479029.255859,91.333333,520936.233564,281345562028.689148
2,Proposed,260,16912212479029.255859,91.333333,520936.233564,281345562028.689148
2,Proposed,280,16912212479029.255859,91.333333,520936.233564,281345562028.689148
2,Proposed,300,16912212479029.255859,91.333333,520936.233564,281345562028.689148
2,Proposed,320,16912212479029.255859,91.333333,520936.233564,281345562028.689148
2,Proposed,340,16912212479029.255859,91.333333,520936.233564,281345562028.689148
2,Proposed,360,17722934160879.070312,100.000000,4920.547450,56271.391408
2,Proposed,380,17722934160879.070312,100.000000,4920.547450,56271.391408
2,Proposed,400,17722934160879.070312,100.000000,4920.547450,56271.391408
2,Proposed,420,17722934160879.070312,100.000000,4920.547450,56271.391408
2,Proposed,440,17722934160879.070312,100.000000,4920.547450,56271.391408
2,Proposed,460,17722934160879.070312,100.000000,4920.547450,56271.391408
2,Proposed,480,17722934160879.070312,100.000000,4920.547450,56271.391408
2,Proposed,500,17722934160879.070312,100.000000,4920.547450,56271.391408
2,Proposed,520,17722934160879.070312,100.000000,4920.547450,56271.391408
2,Proposed,540,17722934160879.070312,100.000000,4920.547450,56271.391408
2,Proposed,560,17722934160879.070312,100.000000,4920.547450,56271.391408
2,Proposed,580,17722934160879.070312,100.000000,4920.547450,56271.391408
2,Proposed,600,17722934160879.070312,100.000000,4920.547450,56271.391408
2,Proposed,620,17722934160879.070312,100.000000,4920.547450,56271.391408
2,Proposed,640,17722934160879.070312,100.000000,4920.547450,56271.391408
2,Proposed,660,17722934160879.070312,100.000000,4920.547450,56271.391408
2,Proposed,680,17722934160879.070312,100.000000,4920.547450,56271.391408
2,Proposed,700,17722934160879.070312,100.000000,4920.547450,56271.391408
2,Proposed,720,17722934160879.070312,100.000000,4920.547450,56271.391408
2,Proposed,740,17722934160879.070312,100.000000,4920.547450,56271.391408
2,Proposed,760,17722934160879.070312,100.000000,4920.547450,56271.391408
2,Proposed,780,17722934160879.070312,100.000000,4920.547450,56271.391408
2,Proposed,800,17722934160879.070312,100.000000,4920.547450,56271.391408
2,Proposed,820,17722934160879.070312,100.000000,4920.547450,56271.391408
2,Proposed,840,17722934160879.070312,100.000000,4920.547450,56271.391408
2,Proposed,860,17722934160879.070312,100.000000,4920.547450,56271.391408
2,Proposed,880,17722934160879.070312,100.000000,4920.547450,56271.391408
2,Proposed,900,17722934160879.070312,100.000000,4920.547450,56271.391408
2,Proposed,920,17722934160879.070312,100.000000,4920.547450,56271.391408
2,Proposed,940,17722934160879.070312,100.000000,4920.547450,56271.391408
2,Proposed,960,17722934160879.070312,100.000000,4920.547450,56271.391408
2,Proposed,980,17722934160879.070312,100.000000,4920.547450,56271.391408
2,Proposed,1000,17722934160879.070312,100.000000,4920.547450,56271.391408
3,Baseline,20,15544861362569.414062,100.000000,1354.199875,18173.156005
3,Baseline,40,15555447818371.251953,100.000000,2827.040207,33756.075667
3,Baseline,60,15738252350422.183594,100.000000,2928.025094,3197.179149
3,Baseline,80,15923828850400.865234,100.000000,7474.190452,13655.460308
3,Baseline,100,15923828850400.865234,100.000000,534.684564,17310.919825
3,Baseline,120,15923828850400.865234,100.000000,534.684564,17310.919825
3,Baseline,140,15923828850400.865234,100.000000,534.684564,17310.919825
3,Baseline,160,16082409117195.115234,100.000000,1715.811414,45102.820917
3,Baseline,180,16082409117195.115234,100.000000,1715.811414,45102.820917
3,Baseline,200,16084568206494.937500,100.000000,1915.524019,39255.942402
3,Baseline,220,16084568206494.937500,100.000000,1915.524019,39255.942402
3,Baseline,240,16084568206494.937500,100.000000,1915.524019,39255.942402
3,Baseline,260,16084568206494.937500,100.000000,1915.524019,39255.942402
3,Baseline,280,16084568206494.937500,100.000000,1915.524019,39255.942402
3,Baseline,300,16084568206494.937500,100.000000,1915.524019,39255.942402
3,Baseline,320,16084568206494.937500,100.000000,1915.524019,39255.942402
3,Baseline,340,16084568206494.937500,100.000000,1915.524019,39255.942402
3,Baseline,360,16084568206494.937500,100.000000,1915.524019,39255.942402
3,Baseline,380,16084568206494.937500,100.000000,1915.524019,39255.942402
3,Baseline,400,16084568206494.937500,100.000000,1915.524019,39255.942402
3,Baseline,420,16084568206494.937500,100.000000,1915.524019,39255.942402
3,Baseline,440,16084568206494.937500,100.000000,1915.524019,39255.942402
3,Baseline,460,16084583463705.867188,100.000000,1915.403234,39260.386405
3,Baseline,480,16084583463705.867188,100.000000,1915.403234,39260.386405
3,Baseline,500,16084634642977.910156,100.000000,1918.001883,39259.446435
3,Baseline,520,16084634642977.910156,100.000000,1918.001883,39259.446435
3,Baseline,540,16084634642977.910156,100.000000,1918.001883,39259.446435
3,Baseline,560,16084634642977.910156,100.000000,1918.001883,39259.446435
3,Baseline,580,16084634642977.910156,100.000000,1918.001883,39259.446435
3,Baseline,600,16084634642977.910156,100.000000,1918.001883,39259.446435
3,Baseline,620,16084634642977.910156,100.000000,1918.001883,39259.446435
3,Baseline,640,16084634642977.910156,100.000000,1918.001883,39259.446435
3,Baseline,660,16084634642977.910156,100.000000,1918.001883,39259.446435
3,Baseline,680,16084634642977.910156,100.000000,1918.001883,39259.446435
3,Baseline,700,16084634642977.910156,100.000000,1918.001883,39259.446435
3,Baseline,720,16084634642977.910156,100.000000,1918.001883,39259.446435
3,Baseline,740,16084634642977.910156,100.000000,1918.001883,39259.446435
3,Baseline,760,16084634642977.910156,100.000000,1918.001883,39259.446435
3,Baseline,780,16084634642977.910156,100.000000,1918.001883,39259.446435
3,Baseline,800,16084634642977.910156,100.000000,1918.001883,39259.446435
3,Baseline,820,16084634642977.910156,100.000000,1918.001883,39259.446435
3,Baseline,840,16084691056079.220703,100.000000,1959.178542,39372.095665
3,Baseline,860,16084691056079.220703,100.000000,1959.178542,39372.095665
3,Baseline,880,16084691056079.220703,100.000000,1959.178542,39372.095665
3,Baseline,900,16084691056079.220703,100.000000,1959.178542,39372.095665
3,Baseline,920,16084691056079.220703,100.000000,1959.178542,39372.095665
3,Baseline,940,16084691056079.220703,100.000000,1959.178542,39372.095665
3,Baseline,960,16084691056079.220703,100.000000,1959.178542,39372.095665
3,Baseline,980,16084691056079.220703,100.000000,1959.178542,39372.095665
3,Baseline,1000,16084691056079.220703,100.000000,1959.178542,39372.095665
3,Baseline,1020,16084691056079.220703,100.000000,1959.178542,39372.095665
3,Baseline,1040,16084691056079.220703,100.000000,1959.178542,39372.095665
3,Baseline,1060,16084691056079.220703,100.000000,1959.178542,39372.095665
3,Baseline,1080,16084691056079.220703,100.000000,1959.178542,39372.095665
3,Baseline,1100,16084691056079.220703,100.000000,1959.178542,39372.095665
3,Baseline,1120,16084691056079.220703,100.000000,1959.178542,39372.095665
3,Baseline,1140,16084691056079.220703,100.000000,1959.178542,39372.095665
3,Baseline,1160,16084691056079.220703,100.000000,1959.178542,39372.095665
3,Baseline,1180,16084691056079.220703,100.000000,1959.178542,39372.095665
3,Baseline,1200,16084691056079.220703,100.000000,1959.178542,39372.095665
3,Baseline,1220,16084691056079.220703,100.000000,1959.178542,39372.095665
3,Baseline,1240,16084691056079.220703,100.000000,1959.178542,39372.095665
3,Baseline,1260,16084691056079.220703,100.000000,1959.178542,39372.095665
3,Baseline,1280,16084691056079.220703,100.000000,1959.178542,39372.095665
3,Baseline,1300,16084691056079.220703,100.000000,1959.178542,39372.095665
3,Baseline,1320,16084691056079.220703,100.000000,1959.178542,39372.095665
3,Baseline,1340,16084691056079.220703,100.000000,1959.178542,39372.095665
3,Baseline,1360,16084691056079.220703,100.000000,1959.178542,39372.095665
3,Baseline,1380,16084691056079.220703,100.000000,1959.178542,39372.095665
3,Baseline,1400,16084691056079.220703,100.000000,1959.178542,39372.095665
3,Baseline,1420,16084691056079.220703,100.000000,1959.178542,39372.095665
3,Baseline,1440,16084691056079.220703,100.000000,1959.178542,39372.095665
3,Baseline,1460,16084691056079.220703,100.000000,1959.178542,39372.095665
3,Baseline,1480,16084691056079.220703,100.000000,1959.178542,39372.095665
3,Baseline,1500,16084691056079.220703,100.000000,1959.178542,39372.095665
3,Baseline,1520,16084709804965.521484,100.000000,1968.034344,39403.551832
3,Baseline,1540,16084709804965.521484,100.000000,1968.034344,39403.551832
3,Baseline,1560,16084709804965.521484,100.000000,1968.034344,39403.551832
3,Baseline,1580,16084836382260.908203,100.000000,2072.351693,39357.958055
3,Baseline,1600,16084836382260.908203,100.000000,2072.351693,39357.958055
3,Baseline,1620,16084836382260.908203,100.000000,2072.351693,39357.958055
3,Baseline,1640,16084836382260.908203,100.000000,2072.351693,39357.958055
3,Baseline,1660,16084836382260.908203,100.000000,2072.351693,39357.958055
3,Baseline,1680,16084836382260.908203,100.000000,2072.351693,39357.958055
3,Baseline,1700,16084836382260.908203,100.000000,2072.351693,39357.958055
3,Baseline,1720,16084836382260.908203,100.000000,2072.351693,39357.958055
3,Baseline,1740,16084836382260.908203,100.000000,2072.351693,39357.958055
3,Baseline,1760,16084836382260.908203,100.000000,2072.351693,39357.958055
3,Baseline,1780,16084836382260.908203,100.000000,2072.351693,39357.958055
3,Baseline,1800,16084836382260.908203,100.000000,2072.351693,39357.958055
3,Baseline,1820,16084836382260.908203,100.000000,2072.351693,39357.958055
3,Baseline,1840,16084836382260.908203,100.000000,2072.351693,39357.958055
3,Baseline,1860,16084836382260.908203,100.000000,2072.351693,39357.958055
3,Baseline,1880,16084836382260.908203,100.000000,2072.351693,39357.958055
3,Baseline,1900,16084836382260.908203,100.000000,2072.351693,39357.958055
3,Baseline,1920,16084836382260.908203,100.000000,2072.351693,39357.958055
3,Baseline,1940,16084836382260.908203,100.000000,2072.351693,39357.958055
3,Baseline,1960,16084836382260.908203,100.000000,2072.351693,39357.958055
3,Baseline,1980,16084836382260.908203,100.000000,2072.351693,39357.958055
3,Baseline,2000,16084836382260.908203,100.000000,2072.351693,39357.958055
3,Proposed,20,16967741546536.728516,89.333333,567085.590230,308688531409.337219
3,Proposed,40,16967741546536.728516,89.333333,567085.590230,308688531409.337219
3,Proposed,60,16967741546536.728516,89.333333,567085.590230,308688531409.337219
3,Proposed,80,16967741546536.728516,89.333333,567085.590230,308688531409.337219
3,Proposed,100,16967741546536.728516,89.333333,567085.590230,308688531409.337219
3,Proposed,120,16967741546536.728516,89.333333,567085.590230,308688531409.337219
3,Proposed,140,16967741546536.728516,89.333333,567085.590230,308688531409.337219
3,Proposed,160,16967741546536.728516,89.333333,567085.590230,308688531409.337219
3,Proposed,180,16967741546536.728516,89.333333,567085.590230,308688531409.337219
3,Proposed,200,16967741546536.728516,89.333333,567085.590230,308688531409.337219
3,Proposed,220,16967741546536.728516,89.333333,567085.590230,308688531409.337219
3,Proposed,240,16967741546536.728516,89.333333,567085.590230,308688531409.337219
3,Proposed,260,16967741546536.728516,89.333333,567085.590230,308688531409.337219
3,Proposed,280,16967741546536.728516,89.333333,567085.590230,308688531409.337219
3,Proposed,300,16967741546536.728516,89.333333,567085.590230,308688531409.337219
3,Proposed,320,16967741546536.728516,89.333333,567085.590230,308688531409.337219
3,Proposed,340,16967741546536.728516,89.333333,567085.590230,308688531409.337219
3,Proposed,360,16967741546536.728516,89.333333,567085.590230,308688531409.337219
3,Proposed,380,16967741546536.728516,89.333333,567085.590230,308688531409.337219
3,Proposed,400,16967741546536.728516,89.333333,567085.590230,308688531409.337219
3,Proposed,420,16967741546536.728516,89.333333,567085.590230,308688531409.337219
3,Proposed,440,16967741546536.728516,89.333333,567085.590230,308688531409.337219
3,Proposed,460,16967741546536.728516,89.333333,567085.590230,308688531409.337219
3,Proposed,480,16967741546536.728516,89.333333,567085.590230,308688531409.337219
3,Proposed,500,16967741546536.728516,89.333333,567085.590230,308688531409.337219
3,Proposed,520,16967741546536.728516,89.333333,567085.590230,308688531409.337219
3,Proposed,540,16967741546536.728516,89.333333,567085.590230,308688531409.337219
3,Proposed,560,16967741546536.728516,89.333333,567085.590230,308688531409.337219
3,Proposed,580,16967741546536.728516,89.333333,567085.590230,308688531409.337219
3,Proposed,600,16967741546536.728516,89.333333,567085.590230,308688531409.337219
3,Proposed,620,16967741546536.728516,89.333333,567085.590230,308688531409.337219
3,Proposed,640,17476289537066.363281,100.000000,175815.331302,183715.513728
3,Proposed,660,17660348981571.691406,100.000000,3895.047007,67598.767461
3,Proposed,680,17662270811335.371094,100.000000,4027.542057,79833.528306
3,Proposed,700,17662270811335.371094,100.000000,4051.397894,82088.139757
3,Proposed,720,17662365464495.875000,100.000000,4068.289246,86353.040712
3,Proposed,740,17669488602681.324219,100.000000,4229.334869,94744.216689
3,Proposed,760,17698482613887.746094,100.000000,7341.174410,288674.217130
3,Proposed,780,17699541815519.902344,100.000000,4224.101092,44806.684050
3,Proposed,800,17732275473490.023438,100.000000,3782.266355,46040.848022
3,Proposed,820,17732385111236.113281,100.000000,4564.324641,65121.396697
3,Proposed,840,17738798688855.023438,100.000000,4850.697595,76463.439323
3,Proposed,860,17738868371978.589844,100.000000,4606.030677,129224.815489
3,Proposed,880,17738895628012.335938,100.000000,4606.251096,134306.782709
3,Proposed,900,17738895628012.335938,100.000000,4606.251096,134306.782709
3,Proposed,920,17738895628012.335938,100.000000,4606.251096,134306.782709
3,Proposed,940,17738907938258.550781,100.000000,4635.959753,140308.258630
3,Proposed,960,17738907938258.550781,100.000000,4635.959753,140308.258630
3,Proposed,980,17738907938258.550781,100.000000,4635.959753,140308.258630
3,Proposed,1000,17738920637729.359375,100.000000,4651.928926,143327.855421
4,Baseline,20,15801910170233.595703,100.000000,343.361663,2789.111751
4,Baseline,40,15993079704865.714844,100.000000,1297.967103,3103.617574
4,Baseline,60,15993079704865.714844,100.000000,1297.967103,3103.617574
4,Baseline,80,15996313686496.398438,100.000000,4192.056711,9328.750155
4,Baseline,100,16021578671644.617188,100.000000,741.530056,6750.670400
4,Baseline,120,16100789891631.414062,100.000000,975.105256,4867.252062
4,Baseline,140,16100789891631.414062,100.000000,975.105256,4867.252062
4,Baseline,160,16100789891631.414062,100.000000,975.105256,4867.252062
4,Baseline,180,16100789891631.414062,100.000000,975.105256,4867.252062
4,Baseline,200,16100789891631.414062,100.000000,975.105256,4867.252062
4,Baseline,220,16100789891631.414062,100.000000,975.105256,4867.252062
4,Baseline,240,16101005909523.000000,100.000000,1173.960287,4491.483680
4,Baseline,260,16101005909523.000000,100.000000,1173.960287,4491.483680
4,Baseline,280,16101005909523.000000,100.000000,1173.960287,4491.483680
4,Baseline,300,16101005909523.000000,100.000000,1173.960287,4491.483680
4,Baseline,320,16101005909523.000000,100.000000,1173.960287,4491.483680
4,Baseline,340,16101005909523.000000,100.000000,1173.960287,4491.483680
4,Baseline,360,16101005909523.000000,100.000000,1173.960287,4491.483680
4,Baseline,380,16101005909523.000000,100.000000,1173.960287,4491.483680
4,Baseline,400,16110840380648.257812,100.000000,2252.274403,7112.757885
4,Baseline,420,16124248119846.964844,100.000000,3063.155087,9598.984957
4,Baseline,440,16124248119846.964844,100.000000,3063.155087,9598.984957
4,Baseline,460,16124319160299.650391,100.000000,3052.218094,9762.408915
4,Baseline,480,16124319160299.650391,100.000000,3052.218094,9762.408915
4,Baseline,500,16138103941806.564453,100.000000,3679.926763,10671.480825
4,Baseline,520,16138103941806.564453,100.000000,3679.926763,10671.480825
4,Baseline,540,16138103941806.564453,100.000000,3679.926763,10671.480825
4,Baseline,560,16138103941806.564453,100.000000,3679.926763,10671.480825
4,Baseline,580,16138103941806.564453,100.000000,3679.926763,10671.480825
4,Baseline,600,16138103941806.564453,100.000000,3679.926763,10671.480825
4,Baseline,620,16138119627311.404297,100.000000,3680.114051,10604.820906
4,Baseline,640,16138119627311.404297,100.000000,3680.114051,10604.820906
4,Baseline,660,16138119627311.404297,100.000000,3680.114051,10604.820906
4,Baseline,680,16138119627311.404297,100.000000,3680.114051,10604.820906
4,Baseline,700,16138119627311.404297,100.000000,3680.114051,10604.820906
4,Baseline,720,16138119627311.404297,100.000000,3680.114051,10604.820906
4,Baseline,740,16138119627311.404297,100.000000,3680.114051,10604.820906
4,Baseline,760,16138119762706.328125,100.000000,3680.015454,10637.452346
4,Baseline,780,16138119762706.328125,100.000000,3680.015454,10637.452346
4,Baseline,800,16146250249928.962891,100.000000,4975.435347,15329.166325
4,Baseline,820,16146250249928.962891,100.000000,4975.435347,15329.166325
4,Baseline,840,16146250249928.962891,100.000000,4975.435347,15329.166325
4,Baseline,860,16146250249928.962891,100.000000,4975.435347,15329.166325
4,Baseline,880,16146250249928.962891,100.000000,4975.435347,15329.166325
4,Baseline,900,16146250249928.962891,100.000000,4975.435347,15329.166325
4,Baseline,920,16146250249928.962891,100.000000,4975.435347,15329.166325
4,Baseline,940,16146250249928.962891,100.000000,4975.435347,15329.166325
4,Baseline,960,16146250249928.962891,100.000000,4975.435347,15329.166325
4,Baseline,980,16146250249928.962891,100.000000,4975.435347,15329.166325
4,Baseline,1000,16146260630552.623047,100.000000,4974.889089,15344.341972
4,Baseline,1020,16146260630552.623047,100.000000,4974.889089,15344.341972
4,Baseline,1040,16146260630552.623047,100.000000,4974.889089,15344.341972
4,Baseline,1060,16146260630552.623047,100.000000,4974.889089,15344.341972
4,Baseline,1080,16146260630552.623047,100.000000,4974.889089,15344.341972
4,Baseline,1100,16146260630552.623047,100.000000,4974.889089,15344.341972
4,Baseline,1120,16146351657743.716797,100.000000,4402.996879,14124.205329
4,Baseline,1140,16146351657743.716797,100.000000,4402.996879,14124.205329
4,Baseline,1160,16146351657743.716797,100.000000,4402.996879,14124.205329
4,Baseline,1180,16146351657743.716797,100.000000,4402.996879,14124.205329
4,Baseline,1200,16146351657743.716797,100.000000,4402.996879,14124.205329
4,Baseline,1220,16146351657743.716797,100.000000,4402.996879,14124.205329
4,Baseline,1240,16146351657743.716797,100.000000,4402.996879,14124.205329
4,Baseline,1260,16146351657743.716797,100.000000,4402.996879,14124.205329
4,Baseline,1280,16146351657743.716797,100.000000,4402.996879,14124.205329
4,Baseline,1300,16178967859799.099609,100.000000,6149.841152,19626.587798
4,Baseline,1320,16179096915528.691406,100.000000,5837.580734,8759.477191
4,Baseline,1340,16179096915528.691406,100.000000,5837.580734,8759.477191
4,Baseline,1360,16179096915528.691406,100.000000,5837.580734,8759.477191
4,Baseline,1380,16179096915528.691406,100.000000,5837.580734,8759.477191
4,Baseline,1400,16179096915528.691406,100.000000,5837.580734,8759.477191
4,Baseline,1420,16179096915528.691406,100.000000,5837.580734,8759.477191
4,Baseline,1440,16179096915528.691406,100.000000,5837.580734,8759.477191
4,Baseline,1460,16179096915528.691406,100.000000,5837.580734,8759.477191
4,Baseline,1480,16179096915528.691406,100.000000,5837.580734,8759.477191
4,Baseline,1500,16179483586553.017578,100.000000,4862.502421,12260.392576
4,Baseline,1520,16179483586553.017578,100.000000,4862.502421,12260.392576
4,Baseline,1540,16260025117537.916016,100.000000,6883.539532,12770.631984
4,Baseline,1560,16260025117537.916016,100.000000,6883.539532,12770.631984
4,Baseline,1580,16275377704812.431641,100.000000,187.478752,160425.446006
4,Baseline,1600,16275377704812.431641,100.000000,41.210773,857.998483
4,Baseline,1620,16275377704812.431641,100.000000,41.210773,857.998483
4,Baseline,1640,16275377704812.431641,100.000000,41.210773,857.998483
4,Baseline,1660,16275377704812.431641,100.000000,41.210773,857.998483
4,Baseline,1680,16310085440365.136719,100.000000,8779.660263,11973.473801
4,Baseline,1700,16310085440365.136719,100.000000,3738.602321,5091.744548
4,Baseline,1720,16310085440365.136719,100.000000,3738.602321,5091.744548
4,Baseline,1740,16310085440365.136719,100.000000,3738.602321,5091.744548
4,Baseline,1760,16310085440365.136719,100.000000,3738.602321,5091.744548
4,Baseline,1780,16310085440365.136719,100.000000,3738.602321,5091.744548
4,Baseline,1800,16310085440365.136719,100.000000,3738.602321,5091.744548
4,Baseline,1820,16310085440365.136719,100.000000,3738.602321,5091.744548
4,Baseline,1840,16310085440365.136719,100.000000,3738.602321,5091.744548
4,Baseline,1860,16310085440365.136719,100.000000,3738.602321,5091.744548
4,Baseline,1880,16310085440365.136719,100.000000,3738.602321,5091.744548
4,Baseline,1900,16310085440365.136719,100.000000,3738.602321,5091.744548
4,Baseline,1920,16310085440365.136719,100.000000,3738.602321,5091.744548
4,Baseline,1940,16310085440365.136719,100.000000,3738.602321,5091.744548
4,Baseline,1960,16310085440365.136719,100.000000,3738.602321,5091.744548
4,Baseline,1980,16310085440365.136719,100.000000,3738.602321,5091.744548
4,Baseline,2000,16310085440365.136719,100.000000,3738.602321,5091.744548
4,Proposed,20,16979380172888.710938,87.333333,607386.646420,332598702813.810242
4,Proposed,40,16979380172888.710938,87.333333,607386.646420,332598702813.810242
4,Proposed,60,16979380172888.710938,87.333333,607386.646420,332598702813.810242
4,Proposed,80,16979380172888.710938,87.333333,607386.646420,332598702813.810242
4,Proposed,100,16979380172888.710938,87.333333,607386.646420,332598702813.810242
4,Proposed,120,16979380172888.710938,87.333333,607386.646420,332598702813.810242
4,Proposed,140,16979380172888.710938,87.333333,607386.646420,332598702813.810242
4,Proposed,160,16979380172888.710938,87.333333,607386.646420,332598702813.810242
4,Proposed,180,16979380172888.710938,87.333333,607386.646420,332598702813.810242
4,Proposed,200,16979380172888.710938,87.333333,607386.646420,332598702813.810242
4,Proposed,220,16979380172888.710938,87.333333,607386.646420,332598702813.810242
4,Proposed,240,16979380172888.710938,87.333333,607386.646420,332598702813.810242
4,Proposed,260,16979380172888.710938,87.333333,607386.646420,332598702813.810242
4,Proposed,280,16979380172888.710938,87.333333,607386.646420,332598702813.810242
4,Proposed,300,16979380172888.710938,87.333333,607386.646420,332598702813.810242
4,Proposed,320,16979380172888.710938,87.333333,607386.646420,332598702813.810242
4,Proposed,340,16979380172888.710938,87.333333,607386.646420,332598702813.810242
4,Proposed,360,16979380172888.710938,87.333333,607386.646420,332598702813.810242
4,Proposed,380,16979380172888.710938,87.333333,607386.646420,332598702813.810242
4,Proposed,400,16979380172888.710938,87.333333,607386.646420,332598702813.810242
4,Proposed,420,16979380172888.710938,87.333333,607386.646420,332598702813.810242
4,Proposed,440,16979380172888.710938,87.333333,607386.646420,332598702813.810242
4,Proposed,460,16979380172888.710938,87.333333,607386.646420,332598702813.810242
4,Proposed,480,16979380172888.710938,87.333333,607386.646420,332598702813.810242
4,Proposed,500,16979380172888.710938,87.333333,607386.646420,332598702813.810242
4,Proposed,520,16979380172888.710938,87.333333,607386.646420,332598702813.810242
4,Proposed,540,16979380172888.710938,87.333333,607386.646420,332598702813.810242
4,Proposed,560,16979380172888.710938,87.333333,607386.646420,332598702813.810242
4,Proposed,580,16979380172888.710938,87.333333,607386.646420,332598702813.810242
4,Proposed,600,16979380172888.710938,87.333333,607386.646420,332598702813.810242
4,Proposed,620,16979380172888.710938,87.333333,607386.646420,332598702813.810242
4,Proposed,640,16979380172888.710938,87.333333,607386.646420,332598702813.810242
4,Proposed,660,16979380172888.710938,87.333333,607386.646420,332598702813.810242
4,Proposed,680,16979380172888.710938,87.333333,607386.646420,332598702813.810242
4,Proposed,700,16979380172888.710938,87.333333,607386.646420,332598702813.810242
4,Proposed,720,16979380172888.710938,87.333333,607386.646420,332598702813.810242
4,Proposed,740,16979380172888.710938,87.333333,607386.646420,332598702813.810242
4,Proposed,760,16979380172888.710938,87.333333,607386.646420,332598702813.810242
4,Proposed,780,16979380172888.710938,87.333333,607386.646420,332598702813.810242
4,Proposed,800,16979380172888.710938,87.333333,607386.646420,332598702813.810242
4,Proposed,820,16979380172888.710938,87.333333,607386.646420,332598702813.810242
4,Proposed,840,16979380172888.710938,87.333333,607386.646420,332598702813.810242
4,Proposed,860,16979380172888.710938,87.333333,607386.646420,332598702813.810242
4,Proposed,880,16979380172888.710938,87.333333,607386.646420,332598702813.810242
4,Proposed,900,16979380172888.710938,87.333333,607386.646420,332598702813.810242
4,Proposed,920,16979380172888.710938,87.333333,607386.646420,332598702813.810242
4,Proposed,940,16979380172888.710938,87.333333,607386.646420,332598702813.810242
4,Proposed,960,16979380172888.710938,87.333333,607386.646420,332598702813.810242
4,Proposed,980,16979380172888.710938,87.333333,607386.646420,332598702813.810242
4,Proposed,1000,16979380172888.710938,87.333333,607386.646420,332598702813.810242
5,Baseline,20,15551132995108.572266,100.000000,2449.908503,18225.706169
5,Baseline,40,15623003461572.503906,100.000000,2932.835592,16298.187168
5,Baseline,60,15623138672486.693359,100.000000,3327.765363,16425.591819
5,Baseline,80,15762823876412.783203,100.000000,3280.603322,4160.418451
5,Baseline,100,15762823876412.783203,100.000000,3280.603322,4160.418451
5,Baseline,120,15762823876412.783203,100.000000,3280.603322,4160.418451
5,Baseline,140,15920558096037.638672,100.000000,5707.430469,41176.442391
5,Baseline,160,15920558096037.638672,100.000000,4350.216119,36554.188282
5,Baseline,180,15921136093950.501953,100.000000,4361.262492,36560.368335
5,Baseline,200,15931658742495.873047,100.000000,2196.340361,24818.363010
5,Baseline,220,15931671658443.845703,100.000000,2157.882416,24871.209752
5,Baseline,240,15931671658443.845703,100.000000,2157.882416,24871.209752
5,Baseline,260,15932446815560.306641,100.000000,1396.765381,24035.582360
5,Baseline,280,15932446815560.306641,100.000000,1396.765381,24035.582360
5,Baseline,300,15932446815560.306641,100.000000,1396.765381,24035.582360
5,Baseline,320,15932446815560.306641,100.000000,1396.765381,24035.582360
5,Baseline,340,15943975501455.478516,100.000000,2673.092968,40122.306884
5,Baseline,360,15958145974857.923828,100.000000,955.030468,32496.995330
5,Baseline,380,15958145974857.923828,100.000000,955.030468,32496.995330
5,Baseline,400,15958145974857.923828,100.000000,955.030468,32496.995330
5,Baseline,420,16075093854461.859375,100.000000,2838.753976,54758.448424
5,Baseline,440,16075093854461.859375,100.000000,2235.020889,40006.074603
5,Baseline,460,16075093854461.859375,100.000000,2235.020889,40006.074603
5,Baseline,480,16075093854461.859375,100.000000,2235.020889,40006.074603
5,Baseline,500,16075093854461.859375,100.000000,2235.020889,40006.074603
5,Baseline,520,16075093854461.859375,100.000000,2235.020889,40006.074603
5,Baseline,540,16100705173071.177734,100.000000,2697.562456,47507.816457
5,Baseline,560,16103044543944.585938,100.000000,2516.275493,35872.494318
5,Baseline,580,16216330942735.373047,100.000000,4014.210439,57625.547697
5,Baseline,600,16329298985982.769531,100.000000,7879.616212,85722.072020
5,Baseline,620,16329298985982.769531,100.000000,4845.352856,55279.290130
5,Baseline,640,16329298985982.769531,100.000000,4845.352856,55279.290130
5,Baseline,660,16331228569060.402344,100.000000,5072.826484,54609.433435
5,Baseline,680,16331228569060.402344,100.000000,5072.826484,54609.433435
5,Baseline,700,16331228569060.402344,100.000000,5072.826484,54609.433435
5,Baseline,720,16331228569060.402344,100.000000,5072.826484,54609.433435
5,Baseline,740,16331228569060.402344,100.000000,5072.826484,54609.433435
5,Baseline,760,16331228569060.402344,100.000000,5072.826484,54609.433435
5,Baseline,780,16331228569060.402344,100.000000,5072.826484,54609.433435
5,Baseline,800,16331228569060.402344,100.000000,5072.826484,54609.433435
5,Baseline,820,16331329331999.521484,100.000000,5076.795055,54605.441207
5,Baseline,840,16331329331999.521484,100.000000,5076.795055,54605.441207
5,Baseline,860,16331329331999.521484,100.000000,5076.795055,54605.441207
5,Baseline,880,16331329331999.521484,100.000000,5076.795055,54605.441207
5,Baseline,900,16331329331999.521484,100.000000,5076.795055,54605.441207
5,Baseline,920,16331329331999.521484,100.000000,5076.795055,54605.441207
5,Baseline,940,16331329331999.521484,100.000000,5076.795055,54605.441207
5,Baseline,960,16331329331999.521484,100.000000,5076.795055,54605.441207
5,Baseline,980,16331329331999.521484,100.000000,5076.795055,54605.441207
5,Baseline,1000,16331329331999.521484,100.000000,5076.795055,54605.441207
5,Baseline,1020,16331329331999.521484,100.000000,5076.795055,54605.441207
5,Baseline,1040,16331329331999.521484,100.000000,5076.795055,54605.441207
5,Baseline,1060,16331329331999.521484,100.000000,5076.795055,54605.441207
5,Baseline,1080,16331329331999.521484,100.000000,5076.795055,54605.441207
5,Baseline,1100,16331329331999.521484,100.000000,5076.795055,54605.441207
5,Baseline,1120,16331329331999.521484,100.000000,5076.795055,54605.441207
5,Baseline,1140,16331329331999.521484,100.000000,5076.795055,54605.441207
5,Baseline,1160,16331329331999.521484,100.000000,5076.795055,54605.441207
5,Baseline,1180,16331329331999.521484,100.000000,5076.795055,54605.441207
5,Baseline,1200,16331329331999.521484,100.000000,5076.795055,54605.441207
5,Baseline,1220,16331329331999.521484,100.000000,5076.795055,54605.441207
5,Baseline,1240,16331329331999.521484,100.000000,5076.795055,54605.441207
5,Baseline,1260,16331329331999.521484,100.000000,5076.795055,54605.441207
5,Baseline,1280,16331329331999.521484,100.000000,5076.795055,54605.441207
5,Baseline,1300,16331329331999.521484,100.000000,5076.795055,54605.441207
5,Baseline,1320,16331329331999.521484,100.000000,5076.795055,54605.441207
5,Baseline,1340,16331329331999.521484,100.000000,5076.795055,54605.441207
5,Baseline,1360,16331329331999.521484,100.000000,5076.795055,54605.441207
5,Baseline,1380,16331329331999.521484,100.000000,5076.795055,54605.441207
5,Baseline,1400,16331329331999.521484,100.000000,5076.795055,54605.441207
5,Baseline,1420,16331329331999.521484,100.000000,5076.795055,54605.441207
5,Baseline,1440,16331329331999.521484,100.000000,5076.795055,54605.441207
5,Baseline,1460,16331329331999.521484,100.000000,5076.795055,54605.441207
5,Baseline,1480,16331329331999.521484,100.000000,5076.795055,54605.441207
5,Baseline,1500,16331329331999.521484,100.000000,5076.795055,54605.441207
5,Baseline,1520,16331329331999.521484,100.000000,5076.795055,54605.441207
5,Baseline,1540,16331329331999.521484,100.000000,5076.795055,54605.441207
5,Baseline,1560,16331329331999.521484,100.000000,5076.795055,54605.441207
5,Baseline,1580,16331329331999.521484,100.000000,5076.795055,54605.441207
5,Baseline,1600,16331329331999.521484,100.000000,5076.795055,54605.441207
5,Baseline,1620,16331329331999.521484,100.000000,5076.795055,54605.441207
5,Baseline,1640,16331329331999.521484,100.000000,5076.795055,54605.441207
5,Baseline,1660,16331329331999.521484,100.000000,5076.795055,54605.441207
5,Baseline,1680,16331329331999.521484,100.000000,5076.795055,54605.441207
5,Baseline,1700,16331329331999.521484,100.000000,5076.795055,54605.441207
5,Baseline,1720,16331329331999.521484,100.000000,5076.795055,54605.441207
5,Baseline,1740,16331329331999.521484,100.000000,5076.795055,54605.441207
5,Baseline,1760,16331329331999.521484,100.000000,5076.795055,54605.441207
5,Baseline,1780,16331329331999.521484,100.000000,5076.795055,54605.441207
5,Baseline,1800,16331329331999.521484,100.000000,5076.795055,54605.441207
5,Baseline,1820,16331329331999.521484,100.000000,5076.795055,54605.441207
5,Baseline,1840,16331329331999.521484,100.000000,5076.795055,54605.441207
5,Baseline,1860,16331329331999.521484,100.000000,5076.795055,54605.441207
5,Baseline,1880,16331329331999.521484,100.000000,5076.795055,54605.441207
5,Baseline,1900,16331329331999.521484,100.000000,5076.795055,54605.441207
5,Baseline,1920,16331470042852.146484,100.000000,5299.289783,55779.372728
5,Baseline,1940,16331470042852.146484,100.000000,5299.289783,55779.372728
5,Baseline,1960,16331470042852.146484,100.000000,5299.289783,55779.372728
5,Baseline,1980,16331470042852.146484,100.000000,5299.289783,55779.372728
5,Baseline,2000,16331470042852.146484,100.000000,5299.289783,55779.372728
5,Proposed,20,16801935836300.794922,87.333333,603115.225563,332598701891.899841
5,Proposed,40,16801935836300.794922,87.333333,603115.225563,332598701891.899841
5,Proposed,60,16801935836300.794922,87.333333,603115.225563,332598701891.899841
5,Proposed,80,16801935836300.794922,87.333333,603115.225563,332598701891.899841
5,Proposed,100,16801935836300.794922,87.333333,603115.225563,332598701891.899841
5,Proposed,120,16801935836300.794922,87.333333,603115.225563,332598701891.899841
5,Proposed,140,16801935836300.794922,87.333333,603115.225563,332598701891.899841
5,Proposed,160,16801935836300.794922,87.333333,603115.225563,332598701891.899841
5,Proposed,180,16801935836300.794922,87.333333,603115.225563,332598701891.899841
5,Proposed,200,16801935836300.794922,87.333333,603115.225563,332598701891.899841
5,Proposed,220,16801935836300.794922,87.333333,603115.225563,332598701891.899841
5,Proposed,240,16801935836300.794922,87.333333,603115.225563,332598701891.899841
5,Proposed,260,16801935836300.794922,87.333333,603115.225563,332598701891.899841
5,Proposed,280,16801935836300.794922,87.333333,603115.225563,332598701891.899841
5,Proposed,300,16801935836300.794922,87.333333,603115.225563,332598701891.899841
5,Proposed,320,16801935836300.794922,87.333333,603115.225563,332598701891.899841
5,Proposed,340,16801935836300.794922,87.333333,603115.225563,332598701891.899841
5,Proposed,360,16801935836300.794922,87.333333,603115.225563,332598701891.899841
5,Proposed,380,16801935836300.794922,87.333333,603115.225563,332598701891.899841
5,Proposed,400,16801935836300.794922,87.333333,603115.225563,332598701891.899841
5,Proposed,420,16801935836300.794922,87.333333,603115.225563,332598701891.899841
5,Proposed,440,16801935836300.794922,87.333333,603115.225563,332598701891.899841
5,Proposed,460,16801935836300.794922,87.333333,603115.225563,332598701891.899841
5,Proposed,480,16801935836300.794922,87.333333,603115.225563,332598701891.899841
5,Proposed,500,16801935836300.794922,87.333333,603115.225563,332598701891.899841
5,Proposed,520,16801935836300.794922,87.333333,603115.225563,332598701891.899841
5,Proposed,540,16801935836300.794922,87.333333,603115.225563,332598701891.899841
5,Proposed,560,16801935836300.794922,87.333333,603115.225563,332598701891.899841
5,Proposed,580,16801935836300.794922,87.333333,603115.225563,332598701891.899841
5,Proposed,600,16801935836300.794922,87.333333,603115.225563,332598701891.899841
5,Proposed,620,16801935836300.794922,87.333333,603115.225563,332598701891.899841
5,Proposed,640,16801935836300.794922,87.333333,603115.225563,332598701891.899841
5,Proposed,660,16801935836300.794922,87.333333,603115.225563,332598701891.899841
5,Proposed,680,16801935836300.794922,87.333333,603115.225563,332598701891.899841
5,Proposed,700,16801935836300.794922,87.333333,603115.225563,332598701891.899841
5,Proposed,720,16801935836300.794922,87.333333,603115.225563,332598701891.899841
5,Proposed,740,16801935836300.794922,87.333333,603115.225563,332598701891.899841
5,Proposed,760,16801935836300.794922,87.333333,603115.225563,332598701891.899841
5,Proposed,780,16801935836300.794922,87.333333,603115.225563,332598701891.899841
5,Proposed,800,16801935836300.794922,87.333333,603115.225563,332598701891.899841
5,Proposed,820,16801935836300.794922,87.333333,603115.225563,332598701891.899841
5,Proposed,840,16801935836300.794922,87.333333,603115.225563,332598701891.899841
5,Proposed,860,16801935836300.794922,87.333333,603115.225563,332598701891.899841
5,Proposed,880,16801935836300.794922,87.333333,603115.225563,332598701891.899841
5,Proposed,900,16801935836300.794922,87.333333,603115.225563,332598701891.899841
5,Proposed,920,16801935836300.794922,87.333333,603115.225563,332598701891.899841
5,Proposed,940,16801935836300.794922,87.333333,603115.225563,332598701891.899841
5,Proposed,960,16801935836300.794922,87.333333,603115.225563,332598701891.899841
5,Proposed,980,16801935836300.794922,87.333333,603115.225563,332598701891.899841
5,Proposed,1000,16801935836300.794922,87.333333,603115.225563,332598701891.899841
6,Baseline,20,15583932543215.941406,100.000000,2014.606842,5978.019630
6,Baseline,40,15622082713123.863281,100.000000,950.253750,1932.995960
6,Baseline,60,15727551857454.175781,100.000000,1690.400773,9291.929139
6,Baseline,80,15727551857454.175781,100.000000,1690.400773,9291.929139
6,Baseline,100,15800884010774.333984,100.000000,0.000000,0.000000
6,Baseline,120,15800884010774.333984,100.000000,0.000000,0.000000
6,Baseline,140,15800884010774.333984,100.000000,0.000000,0.000000
6,Baseline,160,15800884010774.333984,100.000000,0.000000,0.000000
6,Baseline,180,15800884010774.333984,100.000000,0.000000,0.000000
6,Baseline,200,15800884010774.333984,100.000000,0.000000,0.000000
6,Baseline,220,15823628744248.117188,100.000000,989.912512,2262.346738
6,Baseline,240,15823628744248.117188,100.000000,989.912512,2262.346738
6,Baseline,260,15823628744248.117188,100.000000,989.912512,2262.346738
6,Baseline,280,15823628744248.117188,100.000000,989.912512,2262.346738
6,Baseline,300,15823628744248.117188,100.000000,989.912512,2262.346738
6,Baseline,320,15823628744248.117188,100.000000,989.912512,2262.346738
6,Baseline,340,15823691253878.580078,100.000000,990.900838,2302.033532
6,Baseline,360,15823691253878.580078,100.000000,990.900838,2302.033532
6,Baseline,380,15823691253878.580078,100.000000,990.900838,2302.033532
6,Baseline,400,15823691253878.580078,100.000000,990.900838,2302.033532
6,Baseline,420,15823691253878.580078,100.000000,990.900838,2302.033532
6,Baseline,440,15828302002192.931641,100.000000,4299.993061,31302.476062
6,Baseline,460,15828302002192.931641,100.000000,1685.787394,17080.441770
6,Baseline,480,15849037732044.738281,100.000000,2426.990624,32582.611316
6,Baseline,500,15849037732044.738281,100.000000,2426.990624,32582.611316
6,Baseline,520,15849037732044.738281,100.000000,2426.990624,32582.611316
6,Baseline,540,15849037732044.738281,100.000000,2426.990624,32582.611316
6,Baseline,560,15849037732044.738281,100.000000,2426.990624,32582.611316
6,Baseline,580,15849037732044.738281,100.000000,2426.990624,32582.611316
6,Baseline,600,15849037732044.738281,100.000000,2426.990624,32582.611316
6,Baseline,620,15849037732044.738281,100.000000,2426.990624,32582.611316
6,Baseline,640,15849037732044.738281,100.000000,2426.990624,32582.611316
6,Baseline,660,15849049550636.230469,100.000000,2426.915067,33615.391632
6,Baseline,680,15927009195863.435547,100.000000,5122.052981,30714.073829
6,Baseline,700,15927009195863.435547,100.000000,5122.052981,30714.073829
6,Baseline,720,15927009195863.435547,100.000000,5122.052981,30714.073829
6,Baseline,740,15930145117818.187500,100.000000,4303.150690,44309.580317
6,Baseline,760,15930145117818.187500,100.000000,4303.150690,44309.580317
6,Baseline,780,15930145117818.187500,100.000000,4303.150690,44309.580317
6,Baseline,800,15930588147507.033203,100.000000,4293.975179,45086.331964
6,Baseline,820,15949820713858.675781,100.000000,5394.153974,10319.397633
6,Baseline,840,15949820713858.675781,100.000000,5394.153974,10319.397633
6,Baseline,860,15949820713858.675781,100.000000,5394.153974,10319.397633
6,Baseline,880,15949820713858.675781,100.000000,5394.153974,10319.397633
6,Baseline,900,15973627897457.462891,100.000000,4059.799073,15950.869526
6,Baseline,920,15973627897457.462891,100.000000,4059.799073,15950.869526
6,Baseline,940,15973627897457.462891,100.000000,4059.799073,15950.869526
6,Baseline,960,15973627897457.462891,100.000000,4059.799073,15950.869526
6,Baseline,980,15973627897457.462891,100.000000,4059.799073,15950.869526
6,Baseline,1000,16310049865033.730469,100.000000,17549.750227,67325.760393
6,Baseline,1020,16310315891498.710938,100.000000,4950.331010,26283.262152
6,Baseline,1040,16314431055250.544922,100.000000,4747.739444,26259.600786
6,Baseline,1060,16322447740498.677734,100.000000,6675.028374,42167.306770
6,Baseline,1080,16322447740498.677734,100.000000,6675.028374,42167.306770
6,Baseline,1100,16322447740498.677734,100.000000,6675.028374,42167.306770
6,Baseline,1120,16322447740498.677734,100.000000,6675.028374,42167.306770
6,Baseline,1140,16322447740498.677734,100.000000,6675.028374,42167.306770
6,Baseline,1160,16322447740498.677734,100.000000,6675.028374,42167.306770
6,Baseline,1180,16322447740498.677734,100.000000,6675.028374,42167.306770
6,Baseline,1200,16322447740498.677734,100.000000,6675.028374,42167.306770
6,Baseline,1220,16322447740498.677734,100.000000,6675.028374,42167.306770
6,Baseline,1240,16322447740498.677734,100.000000,6675.028374,42167.306770
6,Baseline,1260,16322566659987.031250,100.000000,6739.543474,41830.175384
6,Baseline,1280,16350410198176.126953,100.000000,23205.461849,134573.179362
6,Baseline,1300,16350410198176.126953,100.000000,11090.540993,54658.238153
6,Baseline,1320,16350410198176.126953,100.000000,11090.540993,54658.238153
6,Baseline,1340,16350410198176.126953,100.000000,11090.540993,54658.238153
6,Baseline,1360,16350410198176.126953,100.000000,11090.540993,54658.238153
6,Baseline,1380,16350410198176.126953,100.000000,11090.540993,54658.238153
6,Baseline,1400,16350413127861.775391,100.000000,11119.755020,54706.329831
6,Baseline,1420,16350616364216.316406,100.000000,11145.708587,54692.212867
6,Baseline,1440,16350616364216.316406,100.000000,11145.708587,54692.212867
6,Baseline,1460,16350616364216.316406,100.000000,11145.708587,54692.212867
6,Baseline,1480,16350806692112.542969,100.000000,11146.014621,54643.338394
6,Baseline,1500,16350806692112.542969,100.000000,11146.014621,54643.338394
6,Baseline,1520,16350807423264.937500,100.000000,11203.536689,54818.160275
6,Baseline,1540,16353074410563.699219,100.000000,6768.561465,50917.264776
6,Baseline,1560,16353074410563.699219,100.000000,6768.561465,50917.264776
6,Baseline,1580,16353074410563.699219,100.000000,6768.561465,50917.264776
6,Baseline,1600,16391143616142.875000,100.000000,22613.613005,164109.213409
6,Baseline,1620,16391143616142.875000,100.000000,8170.174743,77040.692672
6,Baseline,1640,16391143616142.875000,100.000000,8170.174743,77040.692672
6,Baseline,1660,16392847346486.132812,100.000000,6297.955221,61983.555813
6,Baseline,1680,16393005425638.660156,100.000000,6147.418718,58278.353672
6,Baseline,1700,16393005425638.660156,100.000000,6155.687361,59239.258732
6,Baseline,1720,16393005425638.660156,100.000000,6155.687361,59239.258732
6,Baseline,1740,16393005425638.660156,100.000000,6155.687361,59239.258732
6,Baseline,1760,16393005425638.660156,100.000000,6155.687361,59239.258732
6,Baseline,1780,16393005425638.660156,100.000000,6155.687361,59239.258732
6,Baseline,1800,16393005425638.660156,100.000000,6155.687361,59239.258732
6,Baseline,1820,16393005425638.660156,100.000000,6155.687361,59239.258732
6,Baseline,1840,16393025999129.347656,100.000000,6156.104520,58768.648488
6,Baseline,1860,16393025999129.347656,100.000000,6156.104520,58768.648488
6,Baseline,1880,16393025999129.347656,100.000000,6156.104520,58768.648488
6,Baseline,1900,16393025999129.347656,100.000000,6156.104520,58768.648488
6,Baseline,1920,16393025999129.347656,100.000000,6156.104520,58768.648488
6,Baseline,1940,16393025999129.347656,100.000000,6156.104520,58768.648488
6,Baseline,1960,16416654526211.798828,100.000000,17917.177215,143650.821430
6,Baseline,1980,16416654526211.798828,100.000000,10235.032899,47194.694185
6,Baseline,2000,16416654526211.798828,100.000000,10235.032899,47194.694185
6,Proposed,20,16938108011449.078125,87.666667,599768.354774,328818959642.444641
6,Proposed,40,16938108011449.078125,87.666667,599768.354774,328818959642.444641
6,Proposed,60,16938108011449.078125,87.666667,599768.354774,328818959642.444641
6,Proposed,80,16938108011449.078125,87.666667,599768.354774,328818959642.444641
6,Proposed,100,16938108011449.078125,87.666667,599768.354774,328818959642.444641
6,Proposed,120,16938108011449.078125,87.666667,599768.354774,328818959642.444641
6,Proposed,140,16938108011449.078125,87.666667,599768.354774,328818959642.444641
6,Proposed,160,16938108011449.078125,87.666667,599768.354774,328818959642.444641
6,Proposed,180,16938108011449.078125,87.666667,599768.354774,328818959642.444641
6,Proposed,200,16938108011449.078125,87.666667,599768.354774,328818959642.444641
6,Proposed,220,16938108011449.078125,87.666667,599768.354774,328818959642.444641
6,Proposed,240,16938108011449.078125,87.666667,599768.354774,328818959642.444641
6,Proposed,260,16938108011449.078125,87.666667,599768.354774,328818959642.444641
6,Proposed,280,16938108011449.078125,87.666667,599768.354774,328818959642.444641
6,Proposed,300,16938108011449.078125,87.666667,599768.354774,328818959642.444641
6,Proposed,320,16938108011449.078125,87.666667,599768.354774,328818959642.444641
6,Proposed,340,16938108011449.078125,87.666667,599768.354774,328818959642.444641
6,Proposed,360,16938108011449.078125,87.666667,599768.354774,328818959642.444641
6,Proposed,380,16938108011449.078125,87.666667,599768.354774,328818959642.444641
6,Proposed,400,16938108011449.078125,87.666667,599768.354774,328818959642.444641
6,Proposed,420,16938108011449.078125,87.666667,599768.354774,328818959642.444641
6,Proposed,440,16938108011449.078125,87.666667,599768.354774,328818959642.444641
6,Proposed,460,16938108011449.078125,87.666667,599768.354774,328818959642.444641
6,Proposed,480,16938108011449.078125,87.666667,599768.354774,328818959642.444641
6,Proposed,500,16938108011449.078125,87.666667,599768.354774,328818959642.444641
6,Proposed,520,16938108011449.078125,87.666667,599768.354774,328818959642.444641
6,Proposed,540,16938108011449.078125,87.666667,599768.354774,328818959642.444641
6,Proposed,560,16938108011449.078125,87.666667,599768.354774,328818959642.444641
6,Proposed,580,16938108011449.078125,87.666667,599768.354774,328818959642.444641
6,Proposed,600,16938108011449.078125,87.666667,599768.354774,328818959642.444641
6,Proposed,620,16938108011449.078125,87.666667,599768.354774,328818959642.444641
6,Proposed,640,16938108011449.078125,87.666667,599768.354774,328818959642.444641
6,Proposed,660,16938108011449.078125,87.666667,599768.354774,328818959642.444641
6,Proposed,680,16938108011449.078125,87.666667,599768.354774,328818959642.444641
6,Proposed,700,16938108011449.078125,87.666667,599768.354774,328818959642.444641
6,Proposed,720,16938108011449.078125,87.666667,599768.354774,328818959642.444641
6,Proposed,740,16938108011449.078125,87.666667,599768.354774,328818959642.444641
6,Proposed,760,16938108011449.078125,87.666667,599768.354774,328818959642.444641
6,Proposed,780,16938108011449.078125,87.666667,599768.354774,328818959642.444641
6,Proposed,800,16938108011449.078125,87.666667,599768.354774,328818959642.444641
6,Proposed,820,16938108011449.078125,87.666667,599768.354774,328818959642.444641
6,Proposed,840,16938108011449.078125,87.666667,599768.354774,328818959642.444641
6,Proposed,860,16938108011449.078125,87.666667,599768.354774,328818959642.444641
6,Proposed,880,16938108011449.078125,87.666667,599768.354774,328818959642.444641
6,Proposed,900,16938108011449.078125,87.666667,599768.354774,328818959642.444641
6,Proposed,920,16938108011449.078125,87.666667,599768.354774,328818959642.444641
6,Proposed,940,16938108011449.078125,87.666667,599768.354774,328818959642.444641
6,Proposed,960,16938108011449.078125,87.666667,599768.354774,328818959642.444641
6,Proposed,980,16938108011449.078125,87.666667,599768.354774,328818959642.444641
6,Proposed,1000,16938108011449.078125,87.666667,599768.354774,328818959642.444641
7,Baseline,20,15386548939611.343750,100.000000,832.784509,3780.514140
7,Baseline,40,15578111738783.093750,100.000000,2208.885150,5568.266710
7,Baseline,60,15690949487302.529297,100.000000,1985.165138,10898.708452
7,Baseline,80,15772801305003.876953,100.000000,12045.613682,40484.658428
7,Baseline,100,15772801305003.876953,100.000000,862.556976,11558.947866
7,Baseline,120,15853063839485.417969,100.000000,493.727363,7655.424619
7,Baseline,140,15860346668084.136719,100.000000,1297.585350,11312.293291
7,Baseline,160,16047723077344.476562,100.000000,3841.684320,10790.648968
7,Baseline,180,16047723077344.476562,100.000000,1583.232596,8076.922529
7,Baseline,200,16150126624178.546875,100.000000,2468.568508,25956.357039
7,Baseline,220,16150404496846.804688,100.000000,2805.905109,26493.149081
7,Baseline,240,16150404496846.804688,100.000000,2805.905109,26493.149081
7,Baseline,260,16153884589736.830078,100.000000,3078.452729,48729.660778
7,Baseline,280,16154312228546.904297,100.000000,3081.748411,49843.868865
7,Baseline,300,16154312228546.904297,100.000000,3081.748411,49843.868865
7,Baseline,320,16218813483471.333984,100.000000,4026.483643,44318.719567
7,Baseline,340,16229283448195.111328,100.000000,8709.521584,98194.244670
7,Baseline,360,16229329107183.287109,100.000000,2928.276269,61887.748467
7,Baseline,380,16233582095547.896484,100.000000,8955.499744,150513.775416
7,Baseline,400,16233582095547.896484,100.000000,4667.755451,57410.337914
7,Baseline,420,16237660492482.744141,100.000000,5117.640391,73137.905388
7,Baseline,440,16237660492482.744141,100.000000,5117.640391,73137.905388
7,Baseline,460,16237660492482.744141,100.000000,5117.640391,73137.905388
7,Baseline,480,16391004477975.957031,100.000000,7556.160204,30324.912876
7,Baseline,500,16391004477975.957031,100.000000,7556.160204,30324.912876
7,Baseline,520,16391004477975.957031,100.000000,7556.160204,30324.912876
7,Baseline,540,16391004477975.957031,100.000000,7556.160204,30324.912876
7,Baseline,560,16395383377656.023438,100.000000,5878.222493,48155.537263
7,Baseline,580,16395526604858.042969,100.000000,5919.650263,48188.417184
7,Baseline,600,16535738177656.845703,100.000000,7181.847930,52158.903946
7,Baseline,620,16535738177656.845703,100.000000,7181.847930,52158.903946
7,Baseline,640,16535738177656.845703,100.000000,7181.847930,52158.903946
7,Baseline,660,16535738177656.845703,100.000000,7181.847930,52158.903946
7,Baseline,680,16535738177656.845703,100.000000,7181.847930,52158.903946
7,Baseline,700,16535738177656.845703,100.000000,7181.847930,52158.903946
7,Baseline,720,16535738177656.845703,100.000000,7181.847930,52158.903946
7,Baseline,740,16535738177656.845703,100.000000,7181.847930,52158.903946
7,Baseline,760,16535738177656.845703,100.000000,7181.847930,52158.903946
7,Baseline,780,16535929567962.947266,100.000000,7316.473510,52351.377614
7,Baseline,800,16536486972997.757812,100.000000,7357.444624,52263.550697
7,Baseline,820,16536486972997.757812,100.000000,7357.444624,52263.550697
7,Baseline,840,16536486972997.757812,100.000000,7357.444624,52263.550697
7,Baseline,860,16536486972997.757812,100.000000,7357.444624,52263.550697
7,Baseline,880,16536486972997.757812,100.000000,7357.444624,52263.550697
7,Baseline,900,16536486972997.757812,100.000000,7357.444624,52263.550697
7,Baseline,920,16536486972997.757812,100.000000,7357.444624,52263.550697
7,Baseline,940,16536486972997.757812,100.000000,7357.444624,52263.550697
7,Baseline,960,16536486972997.757812,100.000000,7357.444624,52263.550697
7,Baseline,980,16536486972997.757812,100.000000,7357.444624,52263.550697
7,Baseline,1000,16536486972997.757812,100.000000,7357.444624,52263.550697
7,Baseline,1020,16538197292806.093750,100.000000,12444.528599,91913.036579
7,Baseline,1040,16538197292806.093750,100.000000,6035.486015,57339.514451
7,Baseline,1060,16538197292806.093750,100.000000,6035.486015,57339.514451
7,Baseline,1080,16538461498387.179688,100.000000,5988.310035,57319.159572
7,Baseline,1100,16538461498387.179688,100.000000,5988.310035,57319.159572
7,Baseline,1120,16538461498387.179688,100.000000,5988.310035,57319.159572
7,Baseline,1140,16538461498387.179688,100.000000,5988.310035,57319.159572
7,Baseline,1160,16538461498387.179688,100.000000,5988.310035,57319.159572
7,Baseline,1180,16538461498387.179688,100.000000,5988.310035,57319.159572
7,Baseline,1200,16538461498387.179688,100.000000,5988.310035,57319.159572
7,Baseline,1220,16538461498387.179688,100.000000,5988.310035,57319.159572
7,Baseline,1240,16538461498387.179688,100.000000,5988.310035,57319.159572
7,Baseline,1260,16538461498387.179688,100.000000,5988.310035,57319.159572
7,Baseline,1280,16538461498387.179688,100.000000,5988.310035,57319.159572
7,Baseline,1300,16538706091190.708984,100.000000,5988.765275,57459.708918
7,Baseline,1320,16538706091190.708984,100.000000,5988.765275,57459.708918
7,Baseline,1340,16665823054816.824219,100.000000,7663.605963,75577.623450
7,Baseline,1360,16665823054816.824219,100.000000,9286.941729,78404.372801
7,Baseline,1380,16681064938032.910156,100.000000,8777.661122,109531.784613
7,Baseline,1400,16681064938032.910156,100.000000,8777.661122,109531.784613
7,Baseline,1420,16681064938032.910156,100.000000,8777.661122,109531.784613
7,Baseline,1440,16681064938032.910156,100.000000,8777.661122,109531.784613
7,Baseline,1460,16681064938032.910156,100.000000,8777.661122,109531.784613
7,Baseline,1480,16681064938032.910156,100.000000,8777.661122,109531.784613
7,Baseline,1500,16681064938032.910156,100.000000,8777.661122,109531.784613
7,Baseline,1520,16681127726359.980469,100.000000,8804.147137,111184.842495
7,Baseline,1540,16681127726359.980469,100.000000,8804.147137,111184.842495
7,Baseline,1560,16681127726359.980469,100.000000,8804.147137,111184.842495
7,Baseline,1580,16681127726359.980469,100.000000,8804.147137,111184.842495
7,Baseline,1600,16681127726359.980469,100.000000,8804.147137,111184.842495
7,Baseline,1620,16681127726359.980469,100.000000,8804.147137,111184.842495
7,Baseline,1640,16681127726359.980469,100.000000,8804.147137,111184.842495
7,Baseline,1660,16681127726359.980469,100.000000,8804.147137,111184.842495
7,Baseline,1680,16681127726359.980469,100.000000,8804.147137,111184.842495
7,Baseline,1700,16681127726359.980469,100.000000,8804.147137,111184.842495
7,Baseline,1720,16681127726359.980469,100.000000,8804.147137,111184.842495
7,Baseline,1740,16681127726359.980469,100.000000,8804.147137,111184.842495
7,Baseline,1760,16681127726359.980469,100.000000,8804.147137,111184.842495
7,Baseline,1780,16681127726359.980469,100.000000,8804.147137,111184.842495
7,Baseline,1800,16681127726359.980469,100.000000,8804.147137,111184.842495
7,Baseline,1820,16681127726359.980469,100.000000,8804.147137,111184.842495
7,Baseline,1840,16681127726359.980469,100.000000,8804.147137,111184.842495
7,Baseline,1860,16681127726359.980469,100.000000,8804.147137,111184.842495
7,Baseline,1880,16681127726359.980469,100.000000,8804.147137,111184.842495
7,Baseline,1900,16681127726359.980469,100.000000,8804.147137,111184.842495
7,Baseline,1920,16681127726359.980469,100.000000,8804.147137,111184.842495
7,Baseline,1940,16681127726359.980469,100.000000,8804.147137,111184.842495
7,Baseline,1960,16681127726359.980469,100.000000,8804.147137,111184.842495
7,Baseline,1980,16681127726359.980469,100.000000,8804.147137,111184.842495
7,Baseline,2000,16681127726359.980469,100.000000,8804.147137,111184.842495
7,Proposed,20,16920458586082.656250,88.000000,586969.059760,324961065921.120117
7,Proposed,40,16920458586082.656250,88.000000,586969.059760,324961065921.120117
7,Proposed,60,16920458586082.656250,88.000000,586969.059760,324961065921.120117
7,Proposed,80,16920458586082.656250,88.000000,586969.059760,324961065921.120117
7,Proposed,100,16920458586082.656250,88.000000,586969.059760,324961065921.120117
7,Proposed,120,16920458586082.656250,88.000000,586969.059760,324961065921.120117
7,Proposed,140,16920458586082.656250,88.000000,586969.059760,324961065921.120117
7,Proposed,160,16920458586082.656250,88.000000,586969.059760,324961065921.120117
7,Proposed,180,16920458586082.656250,88.000000,586969.059760,324961065921.120117
7,Proposed,200,16920458586082.656250,88.000000,586969.059760,324961065921.120117
7,Proposed,220,16920458586082.656250,88.000000,586969.059760,324961065921.120117
7,Proposed,240,16920458586082.656250,88.000000,586969.059760,324961065921.120117
7,Proposed,260,16920458586082.656250,88.000000,586969.059760,324961065921.120117
7,Proposed,280,16920458586082.656250,88.000000,586969.059760,324961065921.120117
7,Proposed,300,16920458586082.656250,88.000000,586969.059760,324961065921.120117
7,Proposed,320,16920458586082.656250,88.000000,586969.059760,324961065921.120117
7,Proposed,340,16920458586082.656250,88.000000,586969.059760,324961065921.120117
7,Proposed,360,16920458586082.656250,88.000000,586969.059760,324961065921.120117
7,Proposed,380,16920458586082.656250,88.000000,586969.059760,324961065921.120117
7,Proposed,400,16920458586082.656250,88.000000,586969.059760,324961065921.120117
7,Proposed,420,16920458586082.656250,88.000000,586969.059760,324961065921.120117
7,Proposed,440,16920458586082.656250,88.000000,586969.059760,324961065921.120117
7,Proposed,460,16920458586082.656250,88.000000,586969.059760,324961065921.120117
7,Proposed,480,16920458586082.656250,88.000000,586969.059760,324961065921.120117
7,Proposed,500,16920458586082.656250,88.000000,586969.059760,324961065921.120117
7,Proposed,520,16920458586082.656250,88.000000,586969.059760,324961065921.120117
7,Proposed,540,16920458586082.656250,88.000000,586969.059760,324961065921.120117
7,Proposed,560,16920458586082.656250,88.000000,586969.059760,324961065921.120117
7,Proposed,580,16920458586082.656250,88.000000,586969.059760,324961065921.120117
7,Proposed,600,16920458586082.656250,88.000000,586969.059760,324961065921.120117
7,Proposed,620,16920458586082.656250,88.000000,586969.059760,324961065921.120117
7,Proposed,640,16920458586082.656250,88.000000,586969.059760,324961065921.120117
7,Proposed,660,16920458586082.656250,88.000000,586969.059760,324961065921.120117
7,Proposed,680,16920458586082.656250,88.000000,586969.059760,324961065921.120117
7,Proposed,700,16920458586082.656250,88.000000,586969.059760,324961065921.120117
7,Proposed,720,16920458586082.656250,88.000000,586969.059760,324961065921.120117
7,Proposed,740,16920458586082.656250,88.000000,586969.059760,324961065921.120117
7,Proposed,760,16920458586082.656250,88.000000,586969.059760,324961065921.120117
7,Proposed,780,16920458586082.656250,88.000000,586969.059760,324961065921.120117
7,Proposed,800,16920458586082.656250,88.000000,586969.059760,324961065921.120117
7,Proposed,820,16920458586082.656250,88.000000,586969.059760,324961065921.120117
7,Proposed,840,16920458586082.656250,88.000000,586969.059760,324961065921.120117
7,Proposed,860,16920458586082.656250,88.000000,586969.059760,324961065921.120117
7,Proposed,880,16920458586082.656250,88.000000,586969.059760,324961065921.120117
7,Proposed,900,16920458586082.656250,88.000000,586969.059760,324961065921.120117
7,Proposed,920,16920458586082.656250,88.000000,586969.059760,324961065921.120117
7,Proposed,940,16920458586082.656250,88.000000,586969.059760,324961065921.120117
7,Proposed,960,16920458586082.656250,88.000000,586969.059760,324961065921.120117
7,Proposed,980,16920458586082.656250,88.000000,586969.059760,324961065921.120117
7,Proposed,1000,16920458586082.656250,88.000000,586969.059760,324961065921.120117
8,Baseline,20,15520770265338.507812,100.000000,1465.128082,31214.048918
8,Baseline,40,15671181785256.802734,100.000000,1091.816727,8493.969525
8,Baseline,60,15672073529464.375000,100.000000,1740.579558,8240.880293
8,Baseline,80,15704790313135.255859,100.000000,838.769412,5750.817091
8,Baseline,100,15704945064317.724609,100.000000,994.912450,6627.458244
8,Baseline,120,15704945064317.724609,100.000000,994.912450,6627.458244
8,Baseline,140,15832597059817.216797,100.000000,1676.183491,15379.093559
8,Baseline,160,15832597059817.216797,100.000000,2402.944724,20230.736473
8,Baseline,180,15832597059817.216797,100.000000,2402.944724,20230.736473
8,Baseline,200,15910307342758.738281,100.000000,4203.692735,23101.554579
8,Baseline,220,15947587978219.376953,100.000000,6017.640850,34057.698151
8,Baseline,240,15967233248072.148438,100.000000,2228.591605,36003.611713
8,Baseline,260,15971600625124.732422,100.000000,10099.758410,143588.981494
8,Baseline,280,15973940204027.039062,100.000000,3116.493225,36432.596110
8,Baseline,300,15973940204027.039062,100.000000,3116.493225,36432.596110
8,Baseline,320,15973940204027.039062,100.000000,3116.493225,36432.596110
8,Baseline,340,15973940204027.039062,100.000000,3116.493225,36432.596110
8,Baseline,360,15973940204027.039062,100.000000,3116.493225,36432.596110
8,Baseline,380,15974127684218.382812,100.000000,3118.709857,36431.181232
8,Baseline,400,15979457713225.916016,100.000000,10139.472088,21489.262541
8,Baseline,420,15979836220069.867188,100.000000,3187.332734,41432.330703
8,Baseline,440,16047534917135.542969,100.000000,3516.934335,41733.439884
8,Baseline,460,16047534917135.542969,100.000000,3516.934335,41733.439884
8,Baseline,480,16047577547767.162109,100.000000,3792.797828,41732.428820
8,Baseline,500,16047577547767.162109,100.000000,3792.797828,41732.428820
8,Baseline,520,16047577547767.162109,100.000000,3792.797828,41732.428820
8,Baseline,540,16047577547767.162109,100.000000,3792.797828,41732.428820
8,Baseline,560,16047577547767.162109,100.000000,3792.797828,41732.428820
8,Baseline,580,16047577547767.162109,100.000000,3792.797828,41732.428820
8,Baseline,600,16047577547767.162109,100.000000,3792.797828,41732.428820
8,Baseline,620,16047577547767.162109,100.000000,3792.797828,41732.428820
8,Baseline,640,16047577547767.162109,100.000000,3792.797828,41732.428820
8,Baseline,660,16047577547767.162109,100.000000,3792.797828,41732.428820
8,Baseline,680,16047577547767.162109,100.000000,3792.797828,41732.428820
8,Baseline,700,16047577547767.162109,100.000000,3792.797828,41732.428820
8,Baseline,720,16047577547767.162109,100.000000,3792.797828,41732.428820
8,Baseline,740,16047577547767.162109,100.000000,3792.797828,41732.428820
8,Baseline,760,16047577547767.162109,100.000000,3792.797828,41732.428820
8,Baseline,780,16047577547767.162109,100.000000,3792.797828,41732.428820
8,Baseline,800,16060215130944.298828,100.000000,3841.089397,30252.463769
8,Baseline,820,16060215130944.298828,100.000000,3841.089397,30252.463769
8,Baseline,840,16060215130944.298828,100.000000,3841.089397,30252.463769
8,Baseline,860,16060215130944.298828,100.000000,3841.089397,30252.463769
8,Baseline,880,16060215130944.298828,100.000000,3841.089397,30252.463769
8,Baseline,900,16068508211139.921875,100.000000,3699.036686,47658.246675
8,Baseline,920,16068512337773.054688,100.000000,3707.571883,47653.657630
8,Baseline,940,16068512337773.054688,100.000000,3707.571883,47653.657630
8,Baseline,960,16072367451760.029297,100.000000,10160.726552,128541.057904
8,Baseline,980,16114402722113.353516,100.000000,3365.750157,21700.244051
8,Baseline,1000,16118395955437.828125,100.000000,7931.523922,30929.101087
8,Baseline,1020,16183617463236.335938,100.000000,4873.516079,20311.226225
8,Baseline,1040,16183617463236.335938,100.000000,4873.516079,20311.226225
8,Baseline,1060,16183617463236.335938,100.000000,4873.516079,20311.226225
8,Baseline,1080,16187358227057.232422,100.000000,5535.357315,45479.567105
8,Baseline,1100,16187358227057.232422,100.000000,5535.357315,45479.567105
8,Baseline,1120,16187409342820.906250,100.000000,5550.726617,45473.385227
8,Baseline,1140,16187409342820.906250,100.000000,5550.726617,45473.385227
8,Baseline,1160,16187409342820.906250,100.000000,5550.726617,45473.385227
8,Baseline,1180,16207506370328.955078,100.000000,5781.704645,41418.492341
8,Baseline,1200,16216290331103.466797,100.000000,3798.373443,59322.656264
8,Baseline,1220,16216290331103.466797,100.000000,3798.373443,59322.656264
8,Baseline,1240,16216319945357.435547,100.000000,3866.259958,60320.631942
8,Baseline,1260,16216319945357.435547,100.000000,3866.259958,60320.631942
8,Baseline,1280,16216319945357.435547,100.000000,3866.259958,60320.631942
8,Baseline,1300,16216319945357.435547,100.000000,3866.259958,60320.631942
8,Baseline,1320,16216319945357.435547,100.000000,3866.259958,60320.631942
8,Baseline,1340,16216481870587.490234,100.000000,3776.362277,59685.083221
8,Baseline,1360,16223095046485.400391,100.000000,4695.561629,40989.176265
8,Baseline,1380,16223095046485.400391,100.000000,4695.561629,40989.176265
8,Baseline,1400,16287224492574.832031,100.000000,12419.056821,116314.103942
8,Baseline,1420,16287224492574.832031,100.000000,4450.734329,66108.383830
8,Baseline,1440,16287224492574.832031,100.000000,4450.734329,66108.383830
8,Baseline,1460,16287224492574.832031,100.000000,4450.734329,66108.383830
8,Baseline,1480,16291564682014.519531,100.000000,11815.432217,149517.619597
8,Baseline,1500,16291564682014.519531,100.000000,4386.037967,51157.025410
8,Baseline,1520,16291564682014.519531,100.000000,4386.037967,51157.025410
8,Baseline,1540,16291564682014.519531,100.000000,4386.037967,51157.025410
8,Baseline,1560,16291564682014.519531,100.000000,4386.037967,51157.025410
8,Baseline,1580,16291564682014.519531,100.000000,4386.037967,51157.025410
8,Baseline,1600,16291564682014.519531,100.000000,4386.037967,51157.025410
8,Baseline,1620,16313665815688.158203,100.000000,5463.679101,62637.550771
8,Baseline,1640,16313665815688.158203,100.000000,5729.816657,63982.497931
8,Baseline,1660,16313665815688.158203,100.000000,5729.816657,63982.497931
8,Baseline,1680,16342371892729.984375,100.000000,5731.492930,64113.523041
8,Baseline,1700,16342371892729.984375,100.000000,7923.514111,67688.706037
8,Baseline,1720,16342371892729.984375,100.000000,7923.514111,67688.706037
8,Baseline,1740,16342371892729.984375,100.000000,7923.514111,67688.706037
8,Baseline,1760,16342371892729.984375,100.000000,7923.514111,67688.706037
8,Baseline,1780,16342371892729.984375,100.000000,7923.514111,67688.706037
8,Baseline,1800,16342371892729.984375,100.000000,7923.514111,67688.706037
8,Baseline,1820,16342371892729.984375,100.000000,7923.514111,67688.706037
8,Baseline,1840,16342371892729.984375,100.000000,7923.514111,67688.706037
8,Baseline,1860,16342371892729.984375,100.000000,7923.514111,67688.706037
8,Baseline,1880,16350701298942.890625,100.000000,2913.580573,55792.506162
8,Baseline,1900,16401942790578.269531,100.000000,4884.937264,84378.477770
8,Baseline,1920,16401942790578.269531,100.000000,4884.937264,84378.477770
8,Baseline,1940,16401942790578.269531,100.000000,4884.937264,84378.477770
8,Baseline,1960,16401942790578.269531,100.000000,4884.937264,84378.477770
8,Baseline,1980,16401942790578.269531,100.000000,4884.937264,84378.477770
8,Baseline,2000,16401942790578.269531,100.000000,4884.937264,84378.477770
8,Proposed,20,17119922785013.001953,85.000000,643680.028352,357070890942.316650
8,Proposed,40,17119922785013.001953,85.000000,643680.028352,357070890942.316650
8,Proposed,60,17119922785013.001953,85.000000,643680.028352,357070890942.316650
8,Proposed,80,17119922785013.001953,85.000000,643680.028352,357070890942.316650
8,Proposed,100,17119922785013.001953,85.000000,643680.028352,357070890942.316650
8,Proposed,120,17119922785013.001953,85.000000,643680.028352,357070890942.316650
8,Proposed,140,17119922785013.001953,85.000000,643680.028352,357070890942.316650
8,Proposed,160,17119922785013.001953,85.000000,643680.028352,357070890942.316650
8,Proposed,180,17119922785013.001953,85.000000,643680.028352,357070890942.316650
8,Proposed,200,17119922785013.001953,85.000000,643680.028352,357070890942.316650
8,Proposed,220,17119922785013.001953,85.000000,643680.028352,357070890942.316650
8,Proposed,240,17119922785013.001953,85.000000,643680.028352,357070890942.316650
8,Proposed,260,17119922785013.001953,85.000000,643680.028352,357070890942.316650
8,Proposed,280,17119922785013.001953,85.000000,643680.028352,357070890942.316650
8,Proposed,300,17119922785013.001953,85.000000,643680.028352,357070890942.316650
8,Proposed,320,17119922785013.001953,85.000000,643680.028352,357070890942.316650
8,Proposed,340,17119922785013.001953,85.000000,643680.028352,357070890942.316650
8,Proposed,360,17119922785013.001953,85.000000,643680.028352,357070890942.316650
8,Proposed,380,17119922785013.001953,85.000000,643680.028352,357070890942.316650
8,Proposed,400,17119922785013.001953,85.000000,643680.028352,357070890942.316650
8,Proposed,420,17119922785013.001953,85.000000,643680.028352,357070890942.316650
8,Proposed,440,17119922785013.001953,85.000000,643680.028352,357070890942.316650
8,Proposed,460,17119922785013.001953,85.000000,643680.028352,357070890942.316650
8,Proposed,480,17119922785013.001953,85.000000,643680.028352,357070890942.316650
8,Proposed,500,17119922785013.001953,85.000000,643680.028352,357070890942.316650
8,Proposed,520,17788047387454.011719,85.333333,638779.246724,353772784904.345215
8,Proposed,540,17788047387454.011719,100.000000,4442.298952,63534.027226
8,Proposed,560,17788047387454.011719,100.000000,4442.298952,63534.027226
8,Proposed,580,17788047387454.011719,100.000000,4442.298952,63534.027226
8,Proposed,600,17788047387454.011719,100.000000,4442.298952,63534.027226
8,Proposed,620,17788047387454.011719,100.000000,4442.298952,63534.027226
8,Proposed,640,17788047387454.011719,100.000000,4442.298952,63534.027226
8,Proposed,660,17788047387454.011719,100.000000,4442.298952,63534.027226
8,Proposed,680,17788047387454.011719,100.000000,4442.298952,63534.027226
8,Proposed,700,17788175989088.105469,100.000000,4476.388577,63533.023221
8,Proposed,720,17788175989088.105469,100.000000,4509.973180,63532.015161
8,Proposed,740,17788175989088.105469,100.000000,4509.973180,63532.015161
8,Proposed,760,17788175989088.105469,100.000000,4509.973180,63532.015161
8,Proposed,780,17788175989088.105469,100.000000,4509.973180,63532.015161
8,Proposed,800,17788175989088.105469,100.000000,4509.973180,63532.015161
8,Proposed,820,17788175989088.105469,100.000000,4509.973180,63532.015161
8,Proposed,840,17788175989088.105469,100.000000,4509.973180,63532.015161
8,Proposed,860,17788175989088.105469,100.000000,4509.973180,63532.015161
8,Proposed,880,17788175989088.105469,100.000000,4509.973180,63532.015161
8,Proposed,900,17788509101829.906250,100.000000,4620.469799,63537.709660
8,Proposed,920,17788509101829.906250,100.000000,4620.469799,63537.709660
8,Proposed,940,17788509101829.906250,100.000000,4620.469799,63537.709660
8,Proposed,960,17788581814147.269531,100.000000,4686.341544,63542.785835
8,Proposed,980,17796744844824.777344,100.000000,4457.022688,65595.400861
8,Proposed,1000,17796744844824.777344,100.000000,4471.585078,67580.158233
9,Baseline,20,15743076967386.681641,100.000000,11223.122298,32731.463071
9,Baseline,40,15743293138452.542969,100.000000,2049.211197,5608.431896
9,Baseline,60,15743735036811.541016,100.000000,1874.876214,6037.988917
9,Baseline,80,15780439131781.015625,100.000000,2988.437159,74795.723974
9,Baseline,100,15780439131781.015625,100.000000,1626.946066,21763.864997
9,Baseline,120,15821033936726.074219,100.000000,2999.143657,24532.702379
9,Baseline,140,15867231700786.992188,100.000000,3016.451004,38311.860277
9,Baseline,160,15882683165870.298828,100.000000,3017.274831,38339.115609
9,Baseline,180,15882683165870.298828,100.000000,4203.916271,39432.403277
9,Baseline,200,15882933916309.125000,100.000000,4284.478260,39330.295508
9,Baseline,220,16217800492048.746094,100.000000,4711.055945,24234.852978
9,Baseline,240,16223642501069.150391,100.000000,11671.365250,54386.597666
9,Baseline,260,16223941642232.474609,100.000000,4955.620373,22066.956685
9,Baseline,280,16251576877527.927734,100.000000,5509.987073,32740.466112
9,Baseline,300,16251762135541.044922,100.000000,5514.763992,32734.907012
9,Baseline,320,16253081138363.812500,100.000000,5181.579671,24754.141194
9,Baseline,340,16254004440920.597656,100.000000,5465.643385,22912.149049
9,Baseline,360,16254004440920.597656,100.000000,5465.643385,22912.149049
9,Baseline,380,16254004440920.597656,100.000000,5465.643385,22912.149049
9,Baseline,400,16256856571564.703125,100.000000,3394.160116,24695.422616
9,Baseline,420,16256856571564.703125,100.000000,3394.160116,24695.422616
9,Baseline,440,16256856571564.703125,100.000000,3394.160116,24695.422616
9,Baseline,460,16364064422786.244141,100.000000,8796.556075,71305.433442
9,Baseline,480,16418199082480.191406,100.000000,4233.946605,34824.740384
9,Baseline,500,16418199082480.191406,100.000000,4336.176211,35240.401623
9,Baseline,520,16418328075184.017578,100.000000,4313.081094,35214.414272
9,Baseline,540,16418328075184.017578,100.000000,4313.081094,35214.414272
9,Baseline,560,16418371676776.119141,100.000000,4425.574588,35530.918657
9,Baseline,580,16418414954591.152344,100.000000,4427.573838,35544.313275
9,Baseline,600,16418598819092.388672,100.000000,4346.345726,35481.600640
9,Baseline,620,16418598819092.388672,100.000000,4378.996411,35742.506023
9,Baseline,640,16418598819092.388672,100.000000,4378.996411,35742.506023
9,Baseline,660,16418672832636.388672,100.000000,4445.310769,36131.528412
9,Baseline,680,16418672832636.388672,100.000000,4510.191867,36493.004242
9,Baseline,700,16418672832636.388672,100.000000,4510.191867,36493.004242
9,Baseline,720,16418672832636.388672,100.000000,4510.191867,36493.004242
9,Baseline,740,16418672832636.388672,100.000000,4510.191867,36493.004242
9,Baseline,760,16418672832636.388672,100.000000,4510.191867,36493.004242
9,Baseline,780,16418672832636.388672,100.000000,4510.191867,36493.004242
9,Baseline,800,16418672832636.388672,100.000000,4510.191867,36493.004242
9,Baseline,820,16418672832636.388672,100.000000,4510.191867,36493.004242
9,Baseline,840,16418677113426.093750,100.000000,4748.040602,37433.927967
9,Baseline,860,16418677113426.093750,100.000000,4748.040602,37433.927967
9,Baseline,880,16418677113426.093750,100.000000,4748.040602,37433.927967
9,Baseline,900,16453399442622.560547,100.000000,7020.939175,59464.498607
9,Baseline,920,16559143872843.087891,100.000000,7104.188553,60065.390392
9,Baseline,940,16559151035442.283203,100.000000,6696.931513,51425.909064
9,Baseline,960,16559155033783.964844,100.000000,6789.378055,51737.177136
9,Baseline,980,16679759209519.345703,100.000000,12722.245665,103169.041092
9,Baseline,1000,16679759209519.345703,100.000000,12722.245665,103169.041092
9,Baseline,1020,16679759209519.345703,100.000000,12722.245665,103169.041092
9,Baseline,1040,16679759209519.345703,100.000000,12722.245665,103169.041092
9,Baseline,1060,16679759209519.345703,100.000000,12722.245665,103169.041092
9,Baseline,1080,16679759209519.345703,100.000000,12722.245665,103169.041092
9,Baseline,1100,16679759442852.496094,100.000000,13193.602475,106853.869048
9,Baseline,1120,16679759442852.496094,100.000000,13193.602475,106853.869048
9,Baseline,1140,16679759442852.496094,100.000000,13193.602475,106853.869048
9,Baseline,1160,16679759442852.496094,100.000000,13193.602475,106853.869048
9,Baseline,1180,16679759442852.496094,100.000000,13193.602475,106853.869048
9,Baseline,1200,16679759442852.496094,100.000000,13193.602475,106853.869048
9,Baseline,1220,16679759442852.496094,100.000000,13193.602475,106853.869048
9,Baseline,1240,16679759442852.496094,100.000000,13193.602475,106853.869048
9,Baseline,1260,16679759442852.496094,100.000000,13193.602475,106853.869048
9,Baseline,1280,16679759442852.496094,100.000000,13193.602475,106853.869048
9,Baseline,1300,16679783367279.021484,100.000000,13362.003620,108660.597767
9,Baseline,1320,16679783367279.021484,100.000000,13362.003620,108660.597767
9,Baseline,1340,16679783367279.021484,100.000000,13362.003620,108660.597767
9,Baseline,1360,16679783367279.021484,100.000000,13362.003620,108660.597767
9,Baseline,1380,16679783367279.021484,100.000000,13362.003620,108660.597767
9,Baseline,1400,16679783367279.021484,100.000000,13362.003620,108660.597767
9,Baseline,1420,16680221149503.955078,100.000000,13455.286646,108952.651434
9,Baseline,1440,16680221149503.955078,100.000000,13455.286646,108952.651434
9,Baseline,1460,16680221149503.955078,100.000000,13455.286646,108952.651434
9,Baseline,1480,16680221149503.955078,100.000000,13455.286646,108952.651434
9,Baseline,1500,16680221149503.955078,100.000000,13455.286646,108952.651434
9,Baseline,1520,16680221149503.955078,100.000000,13455.286646,108952.651434
9,Baseline,1540,16680234627183.804688,100.000000,13763.907944,111621.818793
9,Baseline,1560,16680234627183.804688,100.000000,13763.907944,111621.818793
9,Baseline,1580,16680234627183.804688,100.000000,13763.907944,111621.818793
9,Baseline,1600,16680234627183.804688,100.000000,13763.907944,111621.818793
9,Baseline,1620,16680234627183.804688,100.000000,13763.907944,111621.818793
9,Baseline,1640,16680234627183.804688,100.000000,13763.907944,111621.818793
9,Baseline,1660,16680234627183.804688,100.000000,13763.907944,111621.818793
9,Baseline,1680,16680234627183.804688,100.000000,13763.907944,111621.818793
9,Baseline,1700,16680234627183.804688,100.000000,13763.907944,111621.818793
9,Baseline,1720,16680234627183.804688,100.000000,13763.907944,111621.818793
9,Baseline,1740,16680234627183.804688,100.000000,13763.907944,111621.818793
9,Baseline,1760,16680234627183.804688,100.000000,13763.907944,111621.818793
9,Baseline,1780,16680234627183.804688,100.000000,13763.907944,111621.818793
9,Baseline,1800,16680234627183.804688,100.000000,13763.907944,111621.818793
9,Baseline,1820,16680234627183.804688,100.000000,13763.907944,111621.818793
9,Baseline,1840,16680234627183.804688,100.000000,13763.907944,111621.818793
9,Baseline,1860,16680234627183.804688,100.000000,13763.907944,111621.818793
9,Baseline,1880,16680234627183.804688,100.000000,13763.907944,111621.818793
9,Baseline,1900,16680234627183.804688,100.000000,13763.907944,111621.818793
9,Baseline,1920,16680234627183.804688,100.000000,13763.907944,111621.818793
9,Baseline,1940,16680234627183.804688,100.000000,13763.907944,111621.818793
9,Baseline,1960,16680249942196.976562,100.000000,13765.024135,111480.481723
9,Baseline,1980,16680249942196.976562,100.000000,13765.024135,111480.481723
9,Baseline,2000,16680249942196.976562,100.000000,13765.024135,111480.481723
9,Proposed,20,17120052910682.726562,88.000000,589900.371321,324961060696.101868
9,Proposed,40,17120052910682.726562,88.000000,589900.371321,324961060696.101868
9,Proposed,60,17120052910682.726562,88.000000,589900.371321,324961060696.101868
9,Proposed,80,17120052910682.726562,88.000000,589900.371321,324961060696.101868
9,Proposed,100,17120052910682.726562,88.000000,589900.371321,324961060696.101868
9,Proposed,120,17120052910682.726562,88.000000,589900.371321,324961060696.101868
9,Proposed,140,17120052910682.726562,88.000000,589900.371321,324961060696.101868
9,Proposed,160,17120052910682.726562,88.000000,589900.371321,324961060696.101868
9,Proposed,180,17120052910682.726562,88.000000,589900.371321,324961060696.101868
9,Proposed,200,17120052910682.726562,88.000000,589900.371321,324961060696.101868
9,Proposed,220,17120052910682.726562,88.000000,589900.371321,324961060696.101868
9,Proposed,240,17120052910682.726562,88.000000,589900.371321,324961060696.101868
9,Proposed,260,17120052910682.726562,88.000000,589900.371321,324961060696.101868
9,Proposed,280,17120052910682.726562,88.000000,589900.371321,324961060696.101868
9,Proposed,300,17120052910682.726562,88.000000,589900.371321,324961060696.101868
9,Proposed,320,17120052910682.726562,88.000000,589900.371321,324961060696.101868
9,Proposed,340,17120052910682.726562,88.000000,589900.371321,324961060696.101868
9,Proposed,360,17120052910682.726562,88.000000,589900.371321,324961060696.101868
9,Proposed,380,17120052910682.726562,88.000000,589900.371321,324961060696.101868
9,Proposed,400,17120052910682.726562,88.000000,589900.371321,324961060696.101868
9,Proposed,420,17120052910682.726562,88.000000,589900.371321,324961060696.101868
9,Proposed,440,17120052910682.726562,88.000000,589900.371321,324961060696.101868
9,Proposed,460,17120052910682.726562,88.000000,589900.371321,324961060696.101868
9,Proposed,480,17120052910682.726562,88.000000,589900.371321,324961060696.101868
9,Proposed,500,17120052910682.726562,88.000000,589900.371321,324961060696.101868
9,Proposed,520,17120052910682.726562,88.000000,589900.371321,324961060696.101868
9,Proposed,540,17120052910682.726562,88.000000,589900.371321,324961060696.101868
9,Proposed,560,17120052910682.726562,88.000000,589900.371321,324961060696.101868
9,Proposed,580,17120052910682.726562,88.000000,589900.371321,324961060696.101868
9,Proposed,600,17120052910682.726562,88.000000,589900.371321,324961060696.101868
9,Proposed,620,17120052910682.726562,88.000000,589900.371321,324961060696.101868
9,Proposed,640,17120052910682.726562,88.000000,589900.371321,324961060696.101868
9,Proposed,660,17120052910682.726562,88.000000,589900.371321,324961060696.101868
9,Proposed,680,17120052910682.726562,88.000000,589900.371321,324961060696.101868
9,Proposed,700,17120052910682.726562,88.000000,589900.371321,324961060696.101868
9,Proposed,720,17120052910682.726562,88.000000,589900.371321,324961060696.101868
9,Proposed,740,17120052910682.726562,88.000000,589900.371321,324961060696.101868
9,Proposed,760,17120052910682.726562,88.000000,589900.371321,324961060696.101868
9,Proposed,780,17120052910682.726562,88.000000,589900.371321,324961060696.101868
9,Proposed,800,17120052910682.726562,88.000000,589900.371321,324961060696.101868
9,Proposed,820,17120052910682.726562,88.000000,589900.371321,324961060696.101868
9,Proposed,840,17120052910682.726562,88.000000,589900.371321,324961060696.101868
9,Proposed,860,17120052910682.726562,88.000000,589900.371321,324961060696.101868
9,Proposed,880,17120052910682.726562,88.000000,589900.371321,324961060696.101868
9,Proposed,900,17120052910682.726562,88.000000,589900.371321,324961060696.101868
9,Proposed,920,17120052910682.726562,88.000000,589900.371321,324961060696.101868
9,Proposed,940,17120052910682.726562,88.000000,589900.371321,324961060696.101868
9,Proposed,960,17120052910682.726562,88.000000,589900.371321,324961060696.101868
9,Proposed,980,17120052910682.726562,88.000000,589900.371321,324961060696.101868
9,Proposed,1000,17120052910682.726562,88.000000,589900.371321,324961060696.101868
10,Baseline,20,15599771303306.191406,100.000000,1743.482801,1443.829431
10,Baseline,40,15599819446371.179688,100.000000,1914.677943,1777.724661
10,Baseline,60,15643756014301.980469,100.000000,2026.460168,6950.233097
10,Baseline,80,15716652952695.884766,100.000000,1734.592033,3461.707939
10,Baseline,100,15807792318671.119141,100.000000,2575.275329,14514.320171
10,Baseline,120,15808143270135.265625,100.000000,2682.485491,14374.775706
10,Baseline,140,15810693410335.181641,100.000000,1451.701355,27636.433223
10,Baseline,160,15810693410335.181641,100.000000,1451.701355,27636.433223
10,Baseline,180,16079809454725.451172,100.000000,3005.878644,48848.507221
10,Baseline,200,16079809454725.451172,100.000000,3656.100306,13863.460265
10,Baseline,220,16116647052070.798828,100.000000,3587.079686,21074.261400
10,Baseline,240,16116648173704.910156,100.000000,3781.773327,21576.892668
10,Baseline,260,16117059054425.050781,100.000000,3880.048867,23746.266276
10,Baseline,280,16117059054425.050781,100.000000,3880.048867,23746.266276
10,Baseline,300,16202809507701.060547,100.000000,6925.607429,54994.142183
10,Baseline,320,16202809507701.060547,100.000000,3601.178498,17177.299926
10,Baseline,340,16202847106461.992188,100.000000,3311.193236,17189.743591
10,Baseline,360,16202847106461.992188,100.000000,3311.193236,17189.743591
10,Baseline,380,16202847106461.992188,100.000000,3311.193236,17189.743591
10,Baseline,400,16202852036750.835938,100.000000,3531.321998,17245.094683
10,Baseline,420,16233548548043.320312,100.000000,2423.740528,35932.883314
10,Baseline,440,16233548548043.320312,100.000000,2423.740528,35932.883314
10,Baseline,460,16233548548043.320312,100.000000,2423.740528,35932.883314
10,Baseline,480,16233548548043.320312,100.000000,2423.740528,35932.883314
10,Baseline,500,16233548548043.320312,100.000000,2423.740528,35932.883314
10,Baseline,520,16233548548043.320312,100.000000,2423.740528,35932.883314
10,Baseline,540,16233548548043.320312,100.000000,2423.740528,35932.883314
10,Baseline,560,16243751314724.128906,100.000000,5760.397404,38784.864114
10,Baseline,580,16266359293359.074219,100.000000,12447.164684,87408.473936
10,Baseline,600,16266359293359.074219,100.000000,7250.034510,38334.146049
10,Baseline,620,16266359293359.074219,100.000000,7250.034510,38334.146049
10,Baseline,640,16266359293359.074219,100.000000,7250.034510,38334.146049
10,Baseline,660,16266359293359.074219,100.000000,7250.034510,38334.146049
10,Baseline,680,16266359293359.074219,100.000000,7250.034510,38334.146049
10,Baseline,700,16266359293359.074219,100.000000,7250.034510,38334.146049
10,Baseline,720,16266359293359.074219,100.000000,7250.034510,38334.146049
10,Baseline,740,16266359293359.074219,100.000000,7250.034510,38334.146049
10,Baseline,760,16266359293359.074219,100.000000,7250.034510,38334.146049
10,Baseline,780,16266359293359.074219,100.000000,7250.034510,38334.146049
10,Baseline,800,16266359293359.074219,100.000000,7250.034510,38334.146049
10,Baseline,820,16266359293359.074219,100.000000,7250.034510,38334.146049
10,Baseline,840,16266404501750.253906,100.000000,7256.363681,37139.011062
10,Baseline,860,16277872125006.027344,100.000000,8331.061457,40299.340549
10,Baseline,880,16277872125006.027344,100.000000,4706.463959,35341.970716
10,Baseline,900,16311220746977.529297,100.000000,4474.662329,42632.051983
10,Baseline,920,16311220746977.529297,100.000000,4474.662329,42632.051983
10,Baseline,940,16311220746977.529297,100.000000,4474.662329,42632.051983
10,Baseline,960,16312573325016.603516,100.000000,4370.165372,35408.723943
10,Baseline,980,16312573713018.828125,100.000000,4370.748521,35446.201294
10,Baseline,1000,16314547088246.261719,100.000000,2313.761457,29616.058591
10,Baseline,1020,16314547088246.261719,100.000000,2313.761457,29616.058591
10,Baseline,1040,16314547088246.261719,100.000000,2313.761457,29616.058591
10,Baseline,1060,16314547088246.261719,100.000000,2313.761457,29616.058591
10,Baseline,1080,16314547088246.261719,100.000000,2313.761457,29616.058591
10,Baseline,1100,16314547088246.261719,100.000000,2313.761457,29616.058591
10,Baseline,1120,16314547088246.261719,100.000000,2313.761457,29616.058591
10,Baseline,1140,16416865620198.447266,100.000000,4573.070806,60587.540345
10,Baseline,1160,16416865620198.447266,100.000000,3929.254271,45499.802815
10,Baseline,1180,16417651582496.710938,100.000000,5423.772065,49453.435588
10,Baseline,1200,16529425181221.927734,100.000000,18547.737971,89546.294954
10,Baseline,1220,16529425181221.927734,100.000000,7085.595984,26361.108079
10,Baseline,1240,16536025779718.816406,100.000000,12080.880763,90949.898804
10,Baseline,1260,16536025779718.816406,100.000000,5453.591500,31983.232235
10,Baseline,1280,16536025779718.816406,100.000000,5453.591500,31983.232235
10,Baseline,1300,16536025779718.816406,100.000000,5453.591500,31983.232235
10,Baseline,1320,16536025779718.816406,100.000000,5453.591500,31983.232235
10,Baseline,1340,16536025779718.816406,100.000000,5453.591500,31983.232235
10,Baseline,1360,16536363251898.300781,100.000000,5624.117489,32312.103820
10,Baseline,1380,16536363251898.300781,100.000000,5624.117489,32312.103820
10,Baseline,1400,16536394194670.861328,100.000000,5840.403344,32567.689640
10,Baseline,1420,16536394194670.861328,100.000000,5840.403344,32567.689640
10,Baseline,1440,16536400477799.306641,100.000000,5953.147846,32580.597384
10,Baseline,1460,16536400477799.306641,100.000000,5953.147846,32580.597384
10,Baseline,1480,16536400477799.306641,100.000000,5953.147846,32580.597384
10,Baseline,1500,16536400477799.306641,100.000000,5953.147846,32580.597384
10,Baseline,1520,16536410608118.326172,100.000000,6033.751816,32579.927750
10,Baseline,1540,16536410608118.326172,100.000000,6033.751816,32579.927750
10,Baseline,1560,16536410608118.326172,100.000000,6033.751816,32579.927750
10,Baseline,1580,16536415228476.201172,100.000000,6130.450595,32592.034699
10,Baseline,1600,16536438570854.027344,100.000000,6522.784869,36261.354517
10,Baseline,1620,16536518225397.429688,100.000000,6209.890232,36277.914531
10,Baseline,1640,16536518225397.429688,100.000000,6209.890232,36277.914531
10,Baseline,1660,16536518225397.429688,100.000000,6209.890232,36277.914531
10,Baseline,1680,16536518225397.429688,100.000000,6209.890232,36277.914531
10,Baseline,1700,16536518225397.429688,100.000000,6209.890232,36277.914531
10,Baseline,1720,16536518225397.429688,100.000000,6209.890232,36277.914531
10,Baseline,1740,16536518225397.429688,100.000000,6209.890232,36277.914531
10,Baseline,1760,16536518225397.429688,100.000000,6209.890232,36277.914531
10,Baseline,1780,16536518225397.429688,100.000000,6209.890232,36277.914531
10,Baseline,1800,16536518225397.429688,100.000000,6209.890232,36277.914531
10,Baseline,1820,16536518225397.429688,100.000000,6209.890232,36277.914531
10,Baseline,1840,16536518225397.429688,100.000000,6209.890232,36277.914531
10,Baseline,1860,16582175942650.646484,100.000000,8283.124497,51339.403690
10,Baseline,1880,16587602761986.757812,100.000000,6232.691429,71276.992268
10,Baseline,1900,16587653322048.556641,100.000000,6596.843254,75496.860511
10,Baseline,1920,16587653322048.556641,100.000000,6596.843254,75496.860511
10,Baseline,1940,16587653322048.556641,100.000000,6596.843254,75496.860511
10,Baseline,1960,16587653322048.556641,100.000000,6596.843254,75496.860511
10,Baseline,1980,16587653322048.556641,100.000000,6596.843254,75496.860511
10,Baseline,2000,16587653322048.556641,100.000000,6596.843254,75496.860511
10,Proposed,20,16995531426266.101562,87.333333,609884.280501,332598717332.380310
10,Proposed,40,16995531426266.101562,87.333333,609884.280501,332598717332.380310
10,Proposed,60,16995531426266.101562,87.333333,609884.280501,332598717332.380310
10,Proposed,80,16995531426266.101562,87.333333,609884.280501,332598717332.380310
10,Proposed,100,16995531426266.101562,87.333333,609884.280501,332598717332.380310
10,Proposed,120,16995531426266.101562,87.333333,609884.280501,332598717332.380310
10,Proposed,140,16995531426266.101562,87.333333,609884.280501,332598717332.380310
10,Proposed,160,16995531426266.101562,87.333333,609884.280501,332598717332.380310
10,Proposed,180,16995531426266.101562,87.333333,609884.280501,332598717332.380310
10,Proposed,200,16995531426266.101562,87.333333,609884.280501,332598717332.380310
10,Proposed,220,16995531426266.101562,87.333333,609884.280501,332598717332.380310
10,Proposed,240,16995531426266.101562,87.333333,609884.280501,332598717332.380310
10,Proposed,260,16995531426266.101562,87.333333,609884.280501,332598717332.380310
10,Proposed,280,16995531426266.101562,87.333333,609884.280501,332598717332.380310
10,Proposed,300,16995531426266.101562,87.333333,609884.280501,332598717332.380310
10,Proposed,320,16995531426266.101562,87.333333,609884.280501,332598717332.380310
10,Proposed,340,16995531426266.101562,87.333333,609884.280501,332598717332.380310
10,Proposed,360,16995531426266.101562,87.333333,609884.280501,332598717332.380310
10,Proposed,380,16995531426266.101562,87.333333,609884.280501,332598717332.380310
10,Proposed,400,16995531426266.101562,87.333333,609884.280501,332598717332.380310
10,Proposed,420,16995531426266.101562,87.333333,609884.280501,332598717332.380310
10,Proposed,440,16995531426266.101562,87.333333,609884.280501,332598717332.380310
10,Proposed,460,16995531426266.101562,87.333333,609884.280501,332598717332.380310
10,Proposed,480,16995531426266.101562,87.333333,609884.280501,332598717332.380310
10,Proposed,500,16995531426266.101562,87.333333,609884.280501,332598717332.380310
10,Proposed,520,16995531426266.101562,87.333333,609884.280501,332598717332.380310
10,Proposed,540,16995531426266.101562,87.333333,609884.280501,332598717332.380310
10,Proposed,560,16995531426266.101562,87.333333,609884.280501,332598717332.380310
10,Proposed,580,16995531426266.101562,87.333333,609884.280501,332598717332.380310
10,Proposed,600,16995531426266.101562,87.333333,609884.280501,332598717332.380310
10,Proposed,620,16995531426266.101562,87.333333,609884.280501,332598717332.380310
10,Proposed,640,16995531426266.101562,87.333333,609884.280501,332598717332.380310
10,Proposed,660,16995531426266.101562,87.333333,609884.280501,332598717332.380310
10,Proposed,680,16995531426266.101562,87.333333,609884.280501,332598717332.380310
10,Proposed,700,16995531426266.101562,87.333333,609884.280501,332598717332.380310
10,Proposed,720,16995531426266.101562,87.333333,609884.280501,332598717332.380310
10,Proposed,740,16995531426266.101562,87.333333,609884.280501,332598717332.380310
10,Proposed,760,16995531426266.101562,87.333333,609884.280501,332598717332.380310
10,Proposed,780,16995531426266.101562,87.333333,609884.280501,332598717332.380310
10,Proposed,800,16995531426266.101562,87.333333,609884.280501,332598717332.380310
10,Proposed,820,16995531426266.101562,87.333333,609884.280501,332598717332.380310
10,Proposed,840,16995531426266.101562,87.333333,609884.280501,332598717332.380310
10,Proposed,860,16995531426266.101562,87.333333,609884.280501,332598717332.380310
10,Proposed,880,16995531426266.101562,87.333333,609884.280501,332598717332.380310
10,Proposed,900,16995531426266.101562,87.333333,609884.280501,332598717332.380310
10,Proposed,920,16995531426266.101562,87.333333,609884.280501,332598717332.380310
10,Proposed,940,16995531426266.101562,87.333333,609884.280501,332598717332.380310
10,Proposed,960,16995531426266.101562,87.333333,609884.280501,332598717332.380310
10,Proposed,980,16995531426266.101562,87.333333,609884.280501,332598717332.380310
10,Proposed,1000,17633342136809.984375,88.000000,597194.732689,324961071227.721191
11,Baseline,20,15355606151023.357422,100.000000,803.742760,96247.158038
11,Baseline,40,15618690325716.960938,100.000000,763.468979,85576.138583
11,Baseline,60,15649542827725.126953,100.000000,723.169618,1357.546581
11,Baseline,80,15770775409067.980469,100.000000,3005.505951,6206.395464
11,Baseline,100,15771093517081.390625,100.000000,3846.498154,8122.062332
11,Baseline,120,15845526545401.162109,100.000000,29.381186,12667.855875
11,Baseline,140,15886467727106.578125,100.000000,372.254679,63108.750437
11,Baseline,160,15886783456633.712891,100.000000,241.549673,34304.201113
11,Baseline,180,15886783456633.712891,100.000000,241.549673,34304.201113
11,Baseline,200,15886783456633.712891,100.000000,241.549673,34304.201113
11,Baseline,220,15886783456633.712891,100.000000,241.549673,34304.201113
11,Baseline,240,15886783456633.712891,100.000000,241.549673,34304.201113
11,Baseline,260,15886783456633.712891,100.000000,241.549673,34304.201113
11,Baseline,280,15929591862986.599609,100.000000,523.421125,13757.449229
11,Baseline,300,15929591862986.599609,100.000000,523.421125,13757.449229
11,Baseline,320,15929591862986.599609,100.000000,523.421125,13757.449229
11,Baseline,340,15929591862986.599609,100.000000,523.421125,13757.449229
11,Baseline,360,15929591862986.599609,100.000000,523.421125,13757.449229
11,Baseline,380,15937054590827.250000,100.000000,887.872754,16885.590078
11,Baseline,400,15940727281719.763672,100.000000,1586.378463,21320.936478
11,Baseline,420,15940727281719.763672,100.000000,1586.378463,21320.936478
11,Baseline,440,15940727281719.763672,100.000000,1586.378463,21320.936478
11,Baseline,460,15940727281719.763672,100.000000,1586.378463,21320.936478
11,Baseline,480,15940727281719.763672,100.000000,1586.378463,21320.936478
11,Baseline,500,15946654847956.541016,100.000000,1993.968581,29934.347222
11,Baseline,520,15946654847956.541016,100.000000,1993.968581,29934.347222
11,Baseline,540,15946654847956.541016,100.000000,1993.968581,29934.347222
11,Baseline,560,15946654847956.541016,100.000000,1993.968581,29934.347222
11,Baseline,580,15946654847956.541016,100.000000,1993.968581,29934.347222
11,Baseline,600,15946654847956.541016,100.000000,1993.968581,29934.347222
11,Baseline,620,15946654847956.541016,100.000000,1993.968581,29934.347222
11,Baseline,640,15946654847956.541016,100.000000,1993.968581,29934.347222
11,Baseline,660,15946654847956.541016,100.000000,1993.968581,29934.347222
11,Baseline,680,15946654847956.541016,100.000000,1993.968581,29934.347222
11,Baseline,700,15946654847956.541016,100.000000,1993.968581,29934.347222
11,Baseline,720,15946654847956.541016,100.000000,1993.968581,29934.347222
11,Baseline,740,15946654847956.541016,100.000000,1993.968581,29934.347222
11,Baseline,760,16005870605631.310547,100.000000,2354.882338,35714.656372
11,Baseline,780,16005870605631.310547,100.000000,3868.926526,38544.015106
11,Baseline,800,16005870605631.310547,100.000000,3868.926526,38544.015106
11,Baseline,820,16005870605631.310547,100.000000,3868.926526,38544.015106
11,Baseline,840,16005870605631.310547,100.000000,3868.926526,38544.015106
11,Baseline,860,16005870605631.310547,100.000000,3868.926526,38544.015106
11,Baseline,880,16005870605631.310547,100.000000,3868.926526,38544.015106
11,Baseline,900,16005870605631.310547,100.000000,3868.926526,38544.015106
11,Baseline,920,16005870605631.310547,100.000000,3868.926526,38544.015106
11,Baseline,940,16096661608203.306641,100.000000,2518.249228,1297.950810
11,Baseline,960,16096661608203.306641,100.000000,2518.249228,1297.950810
11,Baseline,980,16096661608203.306641,100.000000,2518.249228,1297.950810
11,Baseline,1000,16096661608203.306641,100.000000,2518.249228,1297.950810
11,Baseline,1020,16096661608203.306641,100.000000,2518.249228,1297.950810
11,Baseline,1040,16096674714674.296875,100.000000,2531.112620,1326.554525
11,Baseline,1060,16096674714674.296875,100.000000,2531.112620,1326.554525
11,Baseline,1080,16096674714674.296875,100.000000,2531.112620,1326.554525
11,Baseline,1100,16096674714674.296875,100.000000,2531.112620,1326.554525
11,Baseline,1120,16096674714674.296875,100.000000,2531.112620,1326.554525
11,Baseline,1140,16096674714674.296875,100.000000,2531.112620,1326.554525
11,Baseline,1160,16096674714674.296875,100.000000,2531.112620,1326.554525
11,Baseline,1180,16096674714674.296875,100.000000,2531.112620,1326.554525
11,Baseline,1200,16096674714674.296875,100.000000,2531.112620,1326.554525
11,Baseline,1220,16096674714674.296875,100.000000,2531.112620,1326.554525
11,Baseline,1240,16096674714674.296875,100.000000,2531.112620,1326.554525
11,Baseline,1260,16096674714674.296875,100.000000,2531.112620,1326.554525
11,Baseline,1280,16096674714674.296875,100.000000,2531.112620,1326.554525
11,Baseline,1300,16096674714674.296875,100.000000,2531.112620,1326.554525
11,Baseline,1320,16096674714674.296875,100.000000,2531.112620,1326.554525
11,Baseline,1340,16096674714674.296875,100.000000,2531.112620,1326.554525
11,Baseline,1360,16096674714674.296875,100.000000,2531.112620,1326.554525
11,Baseline,1380,16096674714674.296875,100.000000,2531.112620,1326.554525
11,Baseline,1400,16096674714674.296875,100.000000,2531.112620,1326.554525
11,Baseline,1420,16122721607800.744141,100.000000,2325.004339,3795.668060
11,Baseline,1440,16122756357562.332031,100.000000,2287.470489,3951.198280
11,Baseline,1460,16122756357562.332031,100.000000,2287.470489,3951.198280
11,Baseline,1480,16122756357562.332031,100.000000,2287.470489,3951.198280
11,Baseline,1500,16122756357562.332031,100.000000,2287.470489,3951.198280
11,Baseline,1520,16122756357562.332031,100.000000,2287.470489,3951.198280
11,Baseline,1540,16122756357562.332031,100.000000,2287.470489,3951.198280
11,Baseline,1560,16122756357562.332031,100.000000,2287.470489,3951.198280
11,Baseline,1580,16122756357562.332031,100.000000,2287.470489,3951.198280
11,Baseline,1600,16122756357562.332031,100.000000,2287.470489,3951.198280
11,Baseline,1620,16122756357562.332031,100.000000,2287.470489,3951.198280
11,Baseline,1640,16122756357562.332031,100.000000,2287.470489,3951.198280
11,Baseline,1660,16122756357562.332031,100.000000,2287.470489,3951.198280
11,Baseline,1680,16122756357562.332031,100.000000,2287.470489,3951.198280
11,Baseline,1700,16122756357562.332031,100.000000,2287.470489,3951.198280
11,Baseline,1720,16122806161217.876953,100.000000,2298.531463,3958.079619
11,Baseline,1740,16122806161217.876953,100.000000,2298.531463,3958.079619
11,Baseline,1760,16122806161217.876953,100.000000,2298.531463,3958.079619
11,Baseline,1780,16122806161217.876953,100.000000,2298.531463,3958.079619
11,Baseline,1800,16122806161217.876953,100.000000,2298.531463,3958.079619
11,Baseline,1820,16122806161217.876953,100.000000,2298.531463,3958.079619
11,Baseline,1840,16262310677119.800781,100.000000,2449.400530,18130.301105
11,Baseline,1860,16262310677119.800781,100.000000,3438.175766,29351.665592
11,Baseline,1880,16262310677119.800781,100.000000,3438.175766,29351.665592
11,Baseline,1900,16262310677119.800781,100.000000,3438.175766,29351.665592
11,Baseline,1920,16262310677119.800781,100.000000,3438.175766,29351.665592
11,Baseline,1940,16262347159309.964844,100.000000,3560.950750,29478.197992
11,Baseline,1960,16262347159309.964844,100.000000,3560.950750,29478.197992
11,Baseline,1980,16262347159309.964844,100.000000,3560.950750,29478.197992
11,Baseline,2000,16262347159309.964844,100.000000,3560.950750,29478.197992
11,Proposed,20,17032605040979.351562,86.000000,626115.991011,346986516236.805115
11,Proposed,40,17032605040979.351562,86.000000,626115.991011,346986516236.805115
11,Proposed,60,17032605040979.351562,86.000000,626115.991011,346986516236.805115
11,Proposed,80,17032605040979.351562,86.000000,626115.991011,346986516236.805115
11,Proposed,100,17032605040979.351562,86.000000,626115.991011,346986516236.805115
11,Proposed,120,17032605040979.351562,86.000000,626115.991011,346986516236.805115
11,Proposed,140,17032605040979.351562,86.000000,626115.991011,346986516236.805115
11,Proposed,160,17032605040979.351562,86.000000,626115.991011,346986516236.805115
11,Proposed,180,17032605040979.351562,86.000000,626115.991011,346986516236.805115
11,Proposed,200,17032605040979.351562,86.000000,626115.991011,346986516236.805115
11,Proposed,220,17032605040979.351562,86.000000,626115.991011,346986516236.805115
11,Proposed,240,17032605040979.351562,86.000000,626115.991011,346986516236.805115
11,Proposed,260,17032605040979.351562,86.000000,626115.991011,346986516236.805115
11,Proposed,280,17032605040979.351562,86.000000,626115.991011,346986516236.805115
11,Proposed,300,17032605040979.351562,86.000000,626115.991011,346986516236.805115
11,Proposed,320,17032605040979.351562,86.000000,626115.991011,346986516236.805115
11,Proposed,340,17032605040979.351562,86.000000,626115.991011,346986516236.805115
11,Proposed,360,17032605040979.351562,86.000000,626115.991011,346986516236.805115
11,Proposed,380,17032605040979.351562,86.000000,626115.991011,346986516236.805115
11,Proposed,400,17032605040979.351562,86.000000,626115.991011,346986516236.805115
11,Proposed,420,17032605040979.351562,86.000000,626115.991011,346986516236.805115
11,Proposed,440,17032605040979.351562,86.000000,626115.991011,346986516236.805115
11,Proposed,460,17032605040979.351562,86.000000,626115.991011,346986516236.805115
11,Proposed,480,17032605040979.351562,86.000000,626115.991011,346986516236.805115
11,Proposed,500,17032605040979.351562,86.000000,626115.991011,346986516236.805115
11,Proposed,520,17032605040979.351562,86.000000,626115.991011,346986516236.805115
11,Proposed,540,17032605040979.351562,86.000000,626115.991011,346986516236.805115
11,Proposed,560,17032605040979.351562,86.000000,626115.991011,346986516236.805115
11,Proposed,580,17032605040979.351562,86.000000,626115.991011,346986516236.805115
11,Proposed,600,17032605040979.351562,86.000000,626115.991011,346986516236.805115
11,Proposed,620,17032605040979.351562,86.000000,626115.991011,346986516236.805115
11,Proposed,640,17032605040979.351562,86.000000,626115.991011,346986516236.805115
11,Proposed,660,17032605040979.351562,86.000000,626115.991011,346986516236.805115
11,Proposed,680,17032605040979.351562,86.000000,626115.991011,346986516236.805115
11,Proposed,700,17032605040979.351562,86.000000,626115.991011,346986516236.805115
11,Proposed,720,17032605040979.351562,86.000000,626115.991011,346986516236.805115
11,Proposed,740,17032605040979.351562,86.000000,626115.991011,346986516236.805115
11,Proposed,760,17032605040979.351562,86.000000,626115.991011,346986516236.805115
11,Proposed,780,17032605040979.351562,86.000000,626115.991011,346986516236.805115
11,Proposed,800,17032605040979.351562,86.000000,626115.991011,346986516236.805115
11,Proposed,820,17032605040979.351562,86.000000,626115.991011,346986516236.805115
11,Proposed,840,17032605040979.351562,86.000000,626115.991011,346986516236.805115
11,Proposed,860,17032605040979.351562,86.000000,626115.991011,346986516236.805115
11,Proposed,880,17032605040979.351562,86.000000,626115.991011,346986516236.805115
11,Proposed,900,17032605040979.351562,86.000000,626115.991011,346986516236.805115
11,Proposed,920,17032605040979.351562,86.000000,626115.991011,346986516236.805115
11,Proposed,940,17032605040979.351562,86.000000,626115.991011,346986516236.805115
11,Proposed,960,17032605040979.351562,86.000000,626115.991011,346986516236.805115
11,Proposed,980,17032605040979.351562,86.000000,626115.991011,346986516236.805115
11,Proposed,1000,17032605040979.351562,86.000000,626115.991011,346986516236.805115
12,Baseline,20,15738740559459.210938,100.000000,1722.950439,30683.951080
12,Baseline,40,15797407262464.740234,100.000000,2251.745370,26895.365855
12,Baseline,60,15797407262464.740234,100.000000,2251.745370,26895.365855
12,Baseline,80,15797407262464.740234,100.000000,2251.745370,26895.365855
12,Baseline,100,15797407262464.740234,100.000000,2251.745370,26895.365855
12,Baseline,120,15797407262464.740234,100.000000,2251.745370,26895.365855
12,Baseline,140,15797407262464.740234,100.000000,2251.745370,26895.365855
12,Baseline,160,15797407262464.740234,100.000000,2251.745370,26895.365855
12,Baseline,180,15797407262464.740234,100.000000,2251.745370,26895.365855
12,Baseline,200,15904658690535.304688,100.000000,2924.746288,36121.329275
12,Baseline,220,15904658690535.304688,100.000000,2924.746288,36121.329275
12,Baseline,240,15914837674180.500000,100.000000,4312.658410,49553.153410
12,Baseline,260,15914837674180.500000,100.000000,1990.791448,30892.309700
12,Baseline,280,15914845629747.335938,100.000000,1944.273021,30829.968922
12,Baseline,300,15914845629747.335938,100.000000,1985.682661,30971.671641
12,Baseline,320,15914856398548.857422,100.000000,1985.797184,30995.146702
12,Baseline,340,15961561105828.613281,100.000000,2427.059509,38209.473153
12,Baseline,360,15961784734343.632812,100.000000,3789.140261,49071.377172
12,Baseline,380,15961784734343.632812,100.000000,3789.140261,49071.377172
12,Baseline,400,15961784734343.632812,100.000000,3789.140261,49071.377172
12,Baseline,420,15962244015161.875000,100.000000,4015.038244,49137.218814
12,Baseline,440,15962799486158.128906,100.000000,4080.874823,49105.345483
12,Baseline,460,15962799486158.128906,100.000000,4080.874823,49105.345483
12,Baseline,480,15962799486158.128906,100.000000,4080.874823,49105.345483
12,Baseline,500,15962799486158.128906,100.000000,4080.874823,49105.345483
12,Baseline,520,15970114309310.304688,100.000000,3094.627026,60840.727606
12,Baseline,540,15972942067261.296875,100.000000,4971.230873,60813.555960
12,Baseline,560,15972942067261.296875,100.000000,4971.230873,60813.555960
12,Baseline,580,15972942067261.296875,100.000000,4971.230873,60813.555960
12,Baseline,600,16002084066342.531250,100.000000,3198.715370,10126.114222
12,Baseline,620,16002084066342.531250,100.000000,3198.715370,10126.114222
12,Baseline,640,16002256866695.109375,100.000000,3526.375028,10957.935917
12,Baseline,660,16002256866695.109375,100.000000,3824.079365,11725.731653
12,Baseline,680,16002256866695.109375,100.000000,3824.079365,11725.731653
12,Baseline,700,16002256866695.109375,100.000000,3824.079365,11725.731653
12,Baseline,720,16002258141439.679688,100.000000,3858.079840,12137.195416
12,Baseline,740,16002258141439.679688,100.000000,3858.079840,12137.195416
12,Baseline,760,16002258141439.679688,100.000000,3858.079840,12137.195416
12,Baseline,780,16002615101848.253906,100.000000,3872.268673,11711.426230
12,Baseline,800,16002671452521.107422,100.000000,4045.279313,11712.259871
12,Baseline,820,16002671452521.107422,100.000000,4045.279313,11712.259871
12,Baseline,840,16002671452521.107422,100.000000,4045.279313,11712.259871
12,Baseline,860,16002671452521.107422,100.000000,4045.279313,11712.259871
12,Baseline,880,16002671452521.107422,100.000000,4045.279313,11712.259871
12,Baseline,900,16002671452521.107422,100.000000,4045.279313,11712.259871
12,Baseline,920,16002671452521.107422,100.000000,4045.279313,11712.259871
12,Baseline,940,16002671452521.107422,100.000000,4045.279313,11712.259871
12,Baseline,960,16002671452521.107422,100.000000,4045.279313,11712.259871
12,Baseline,980,16002671452521.107422,100.000000,4045.279313,11712.259871
12,Baseline,1000,16002671452521.107422,100.000000,4045.279313,11712.259871
12,Baseline,1020,16002671452521.107422,100.000000,4045.279313,11712.259871
12,Baseline,1040,16012514261954.152344,100.000000,7807.717804,21996.053830
12,Baseline,1060,16012514261954.152344,100.000000,2488.016350,18337.670620
12,Baseline,1080,16012514261954.152344,100.000000,2488.016350,18337.670620
12,Baseline,1100,16012514261954.152344,100.000000,2488.016350,18337.670620
12,Baseline,1120,16012514261954.152344,100.000000,2488.016350,18337.670620
12,Baseline,1140,16012514261954.152344,100.000000,2488.016350,18337.670620
12,Baseline,1160,16012514261954.152344,100.000000,2488.016350,18337.670620
12,Baseline,1180,16012514261954.152344,100.000000,2488.016350,18337.670620
12,Baseline,1200,16012514261954.152344,100.000000,2488.016350,18337.670620
12,Baseline,1220,16012514261954.152344,100.000000,2488.016350,18337.670620
12,Baseline,1240,16012514261954.152344,100.000000,2488.016350,18337.670620
12,Baseline,1260,16012514261954.152344,100.000000,2488.016350,18337.670620
12,Baseline,1280,16012514261954.152344,100.000000,2488.016350,18337.670620
12,Baseline,1300,16012514261954.152344,100.000000,2488.016350,18337.670620
12,Baseline,1320,16012514261954.152344,100.000000,2488.016350,18337.670620
12,Baseline,1340,16012532103200.613281,100.000000,2725.638034,20130.840600
12,Baseline,1360,16012532103200.613281,100.000000,2725.638034,20130.840600
12,Baseline,1380,16012532103200.613281,100.000000,2725.638034,20130.840600
12,Baseline,1400,16012532103200.613281,100.000000,2725.638034,20130.840600
12,Baseline,1420,16031664897371.841797,100.000000,3573.800516,23201.982338
12,Baseline,1440,16031664897371.841797,100.000000,3573.800516,23201.982338
12,Baseline,1460,16031664897371.841797,100.000000,3573.800516,23201.982338
12,Baseline,1480,16031664897371.841797,100.000000,3573.800516,23201.982338
12,Baseline,1500,16031664897371.841797,100.000000,3573.800516,23201.982338
12,Baseline,1520,16031664897371.841797,100.000000,3573.800516,23201.982338
12,Baseline,1540,16031664897371.841797,100.000000,3573.800516,23201.982338
12,Baseline,1560,16031664897371.841797,100.000000,3573.800516,23201.982338
12,Baseline,1580,16031664897371.841797,100.000000,3573.800516,23201.982338
12,Baseline,1600,16031664897371.841797,100.000000,3573.800516,23201.982338
12,Baseline,1620,16031664897371.841797,100.000000,3573.800516,23201.982338
12,Baseline,1640,16031664897371.841797,100.000000,3573.800516,23201.982338
12,Baseline,1660,16031664897371.841797,100.000000,3573.800516,23201.982338
12,Baseline,1680,16031664897371.841797,100.000000,3573.800516,23201.982338
12,Baseline,1700,16031664897371.841797,100.000000,3573.800516,23201.982338
12,Baseline,1720,16031664897371.841797,100.000000,3573.800516,23201.982338
12,Baseline,1740,16031664897371.841797,100.000000,3573.800516,23201.982338
12,Baseline,1760,16031664897371.841797,100.000000,3573.800516,23201.982338
12,Baseline,1780,16031664897371.841797,100.000000,3573.800516,23201.982338
12,Baseline,1800,16031664897371.841797,100.000000,3573.800516,23201.982338
12,Baseline,1820,16031664897371.841797,100.000000,3573.800516,23201.982338
12,Baseline,1840,16038280678669.736328,100.000000,2326.151820,19764.765970
12,Baseline,1860,16038280678669.736328,100.000000,2326.151820,19764.765970
12,Baseline,1880,16038280678669.736328,100.000000,2326.151820,19764.765970
12,Baseline,1900,16038280678669.736328,100.000000,2326.151820,19764.765970
12,Baseline,1920,16038280678669.736328,100.000000,2326.151820,19764.765970
12,Baseline,1940,16038280678669.736328,100.000000,2326.151820,19764.765970
12,Baseline,1960,16038280678669.736328,100.000000,2326.151820,19764.765970
12,Baseline,1980,16038280678669.736328,100.000000,2326.151820,19764.765970
12,Baseline,2000,16038280678669.736328,100.000000,2326.151820,19764.765970
12,Proposed,20,16948967539840.345703,87.333333,609407.642118,332598704411.528931
12,Proposed,40,16948967539840.345703,87.333333,609407.642118,332598704411.528931
12,Proposed,60,16948967539840.345703,87.333333,609407.642118,332598704411.528931
12,Proposed,80,16948967539840.345703,87.333333,609407.642118,332598704411.528931
12,Proposed,100,16948967539840.345703,87.333333,609407.642118,332598704411.528931
12,Proposed,120,16948967539840.345703,87.333333,609407.642118,332598704411.528931
12,Proposed,140,16948967539840.345703,87.333333,609407.642118,332598704411.528931
12,Proposed,160,16948967539840.345703,87.333333,609407.642118,332598704411.528931
12,Proposed,180,16948967539840.345703,87.333333,609407.642118,332598704411.528931
12,Proposed,200,16948967539840.345703,87.333333,609407.642118,332598704411.528931
12,Proposed,220,16948967539840.345703,87.333333,609407.642118,332598704411.528931
12,Proposed,240,16948967539840.345703,87.333333,609407.642118,332598704411.528931
12,Proposed,260,16948967539840.345703,87.333333,609407.642118,332598704411.528931
12,Proposed,280,16948967539840.345703,87.333333,609407.642118,332598704411.528931
12,Proposed,300,16948967539840.345703,87.333333,609407.642118,332598704411.528931
12,Proposed,320,16948967539840.345703,87.333333,609407.642118,332598704411.528931
12,Proposed,340,16948967539840.345703,87.333333,609407.642118,332598704411.528931
12,Proposed,360,16948967539840.345703,87.333333,609407.642118,332598704411.528931
12,Proposed,380,16948967539840.345703,87.333333,609407.642118,332598704411.528931
12,Proposed,400,16948967539840.345703,87.333333,609407.642118,332598704411.528931
12,Proposed,420,16948967539840.345703,87.333333,609407.642118,332598704411.528931
12,Proposed,440,16948967539840.345703,87.333333,609407.642118,332598704411.528931
12,Proposed,460,16948967539840.345703,87.333333,609407.642118,332598704411.528931
12,Proposed,480,16948967539840.345703,87.333333,609407.642118,332598704411.528931
12,Proposed,500,16948967539840.345703,87.333333,609407.642118,332598704411.528931
12,Proposed,520,16948967539840.345703,87.333333,609407.642118,332598704411.528931
12,Proposed,540,16948967539840.345703,87.333333,609407.642118,332598704411.528931
12,Proposed,560,16948967539840.345703,87.333333,609407.642118,332598704411.528931
12,Proposed,580,16948967539840.345703,87.333333,609407.642118,332598704411.528931
12,Proposed,600,16948967539840.345703,87.333333,609407.642118,332598704411.528931
12,Proposed,620,16948967539840.345703,87.333333,609407.642118,332598704411.528931
12,Proposed,640,16948967539840.345703,87.333333,609407.642118,332598704411.528931
12,Proposed,660,16948967539840.345703,87.333333,609407.642118,332598704411.528931
12,Proposed,680,16948967539840.345703,87.333333,609407.642118,332598704411.528931
12,Proposed,700,16948967539840.345703,87.333333,609407.642118,332598704411.528931
12,Proposed,720,16948967539840.345703,87.333333,609407.642118,332598704411.528931
12,Proposed,740,16948967539840.345703,87.333333,609407.642118,332598704411.528931
12,Proposed,760,16948967539840.345703,87.333333,609407.642118,332598704411.528931
12,Proposed,780,16948967539840.345703,87.333333,609407.642118,332598704411.528931
12,Proposed,800,16948967539840.345703,87.333333,609407.642118,332598704411.528931
12,Proposed,820,16948967539840.345703,87.333333,609407.642118,332598704411.528931
12,Proposed,840,16948967539840.345703,87.333333,609407.642118,332598704411.528931
12,Proposed,860,16948967539840.345703,87.333333,609407.642118,332598704411.528931
12,Proposed,880,16948967539840.345703,87.333333,609407.642118,332598704411.528931
12,Proposed,900,16948967539840.345703,87.333333,609407.642118,332598704411.528931
12,Proposed,920,16948967539840.345703,87.333333,609407.642118,332598704411.528931
12,Proposed,940,16948967539840.345703,87.333333,609407.642118,332598704411.528931
12,Proposed,960,16948967539840.345703,87.333333,609407.642118,332598704411.528931
12,Proposed,980,16948967539840.345703,87.333333,609407.642118,332598704411.528931
12,Proposed,1000,16948967539840.345703,87.333333,609407.642118,332598704411.528931
13,Baseline,20,15490225305771.097656,100.000000,726.979555,2701.175205
13,Baseline,40,15602020217087.988281,100.000000,1634.552415,24764.293074
13,Baseline,60,15602043565845.312500,100.000000,1977.452755,28475.525195
13,Baseline,80,15611802518084.240234,100.000000,236.796920,35455.467829
13,Baseline,100,15893309866594.474609,100.000000,11317.085660,114427.509805
13,Baseline,120,15893309866594.474609,100.000000,3182.419285,38954.024591
13,Baseline,140,15893309866594.474609,100.000000,3182.419285,38954.024591
13,Baseline,160,15959452328500.220703,100.000000,5644.525634,69875.674327
13,Baseline,180,15962023734368.628906,100.000000,3799.753157,17966.384679
13,Baseline,200,15962023734368.628906,100.000000,3799.753157,17966.384679
13,Baseline,220,15962030613141.132812,100.000000,3823.456782,17971.877085
13,Baseline,240,15962030613141.132812,100.000000,3823.456782,17971.877085
13,Baseline,260,15962030613141.132812,100.000000,3823.456782,17971.877085
13,Baseline,280,15962030613141.132812,100.000000,3823.456782,17971.877085
13,Baseline,300,15962030613141.132812,100.000000,3823.456782,17971.877085
13,Baseline,320,15962030613141.132812,100.000000,3823.456782,17971.877085
13,Baseline,340,15962043867701.824219,100.000000,3824.472007,17971.240105
13,Baseline,360,15962043867701.824219,100.000000,3824.472007,17971.240105
13,Baseline,380,15962043867701.824219,100.000000,3824.472007,17971.240105
13,Baseline,400,15983874442042.201172,100.000000,5076.999152,34416.961516
13,Baseline,420,16000221192039.019531,100.000000,3308.075957,35298.627096
13,Baseline,440,16021607473939.060547,100.000000,3086.062470,34155.711020
13,Baseline,460,16021607473939.060547,100.000000,3086.062470,34155.711020
13,Baseline,480,16021607473939.060547,100.000000,3086.062470,34155.711020
13,Baseline,500,16021607473939.060547,100.000000,3086.062470,34155.711020
13,Baseline,520,16022641545246.921875,100.000000,5820.274224,58352.859473
13,Baseline,540,16022641545246.921875,100.000000,4422.315843,49674.200040
13,Baseline,560,16022641545246.921875,100.000000,4422.315843,49674.200040
13,Baseline,580,16022641545246.921875,100.000000,4422.315843,49674.200040
13,Baseline,600,16022641545246.921875,100.000000,4422.315843,49674.200040
13,Baseline,620,16022641545246.921875,100.000000,4422.315843,49674.200040
13,Baseline,640,16022641545246.921875,100.000000,4422.315843,49674.200040
13,Baseline,660,16022641545246.921875,100.000000,4422.315843,49674.200040
13,Baseline,680,16022641545246.921875,100.000000,4422.315843,49674.200040
13,Baseline,700,16022641545246.921875,100.000000,4422.315843,49674.200040
13,Baseline,720,16022641545246.921875,100.000000,4422.315843,49674.200040
13,Baseline,740,16022641545246.921875,100.000000,4422.315843,49674.200040
13,Baseline,760,16106308689900.750000,100.000000,4495.543379,23970.888144
13,Baseline,780,16106468242762.048828,100.000000,4533.779791,23185.590675
13,Baseline,800,16106468242762.048828,100.000000,4533.779791,23185.590675
13,Baseline,820,16106468242762.048828,100.000000,4533.779791,23185.590675
13,Baseline,840,16106468242762.048828,100.000000,4533.779791,23185.590675
13,Baseline,860,16106468242762.048828,100.000000,4533.779791,23185.590675
13,Baseline,880,16106468242762.048828,100.000000,4533.779791,23185.590675
13,Baseline,900,16106468242762.048828,100.000000,4533.779791,23185.590675
13,Baseline,920,16287877935617.388672,100.000000,11683.650072,102245.593376
13,Baseline,940,16287877935617.388672,100.000000,4546.118418,40574.635584
13,Baseline,960,16287877935617.388672,100.000000,4546.118418,40574.635584
13,Baseline,980,16287877935617.388672,100.000000,4546.118418,40574.635584
13,Baseline,1000,16287877935617.388672,100.000000,4546.118418,40574.635584
13,Baseline,1020,16287877935617.388672,100.000000,4546.118418,40574.635584
13,Baseline,1040,16287877935617.388672,100.000000,4546.118418,40574.635584
13,Baseline,1060,16287877935617.388672,100.000000,4546.118418,40574.635584
13,Baseline,1080,16287877935617.388672,100.000000,4546.118418,40574.635584
13,Baseline,1100,16287877935617.388672,100.000000,4546.118418,40574.635584
13,Baseline,1120,16287877935617.388672,100.000000,4546.118418,40574.635584
13,Baseline,1140,16287877935617.388672,100.000000,4546.118418,40574.635584
13,Baseline,1160,16287877935617.388672,100.000000,4546.118418,40574.635584
13,Baseline,1180,16287877935617.388672,100.000000,4546.118418,40574.635584
13,Baseline,1200,16287877935617.388672,100.000000,4546.118418,40574.635584
13,Baseline,1220,16301365660047.212891,100.000000,5700.970754,49364.586214
13,Baseline,1240,16301365660047.212891,100.000000,7882.505106,75921.843985
13,Baseline,1260,16301872771162.947266,100.000000,7894.467006,76267.749131
13,Baseline,1280,16301931191577.148438,100.000000,7898.975927,76410.098826
13,Baseline,1300,16301931191577.148438,100.000000,7898.975927,76410.098826
13,Baseline,1320,16302048515026.324219,100.000000,7892.332449,76403.269391
13,Baseline,1340,16302048515026.324219,100.000000,7895.210918,76648.224811
13,Baseline,1360,16302048515026.324219,100.000000,7895.210918,76648.224811
13,Baseline,1380,16321333426138.408203,100.000000,9289.326833,52136.520030
13,Baseline,1400,16321333426138.408203,100.000000,9289.326833,52136.520030
13,Baseline,1420,16321333426138.408203,100.000000,9289.326833,52136.520030
13,Baseline,1440,16321333426138.408203,100.000000,9289.326833,52136.520030
13,Baseline,1460,16321333426138.408203,100.000000,9289.326833,52136.520030
13,Baseline,1480,16321333426138.408203,100.000000,9289.326833,52136.520030
13,Baseline,1500,16328762793528.187500,100.000000,9242.460213,64965.296911
13,Baseline,1520,16328762793528.187500,100.000000,9242.460213,64965.296911
13,Baseline,1540,16328762793528.187500,100.000000,9242.460213,64965.296911
13,Baseline,1560,16328762793528.187500,100.000000,9242.460213,64965.296911
13,Baseline,1580,16336991864032.773438,100.000000,8499.412988,46549.100179
13,Baseline,1600,16336991864032.773438,100.000000,8499.412988,46549.100179
13,Baseline,1620,16336991864032.773438,100.000000,8499.412988,46549.100179
13,Baseline,1640,16337028339405.535156,100.000000,8500.046578,46312.670119
13,Baseline,1660,16337028339405.535156,100.000000,8500.046578,46312.670119
13,Baseline,1680,16337028339405.535156,100.000000,8500.046578,46312.670119
13,Baseline,1700,16345667511758.523438,100.000000,10628.540654,71295.313003
13,Baseline,1720,16345667511758.523438,100.000000,10628.540654,71295.313003
13,Baseline,1740,16345667511758.523438,100.000000,10628.540654,71295.313003
13,Baseline,1760,16345667511758.523438,100.000000,10628.540654,71295.313003
13,Baseline,1780,16346111624730.066406,100.000000,10605.585392,71387.907118
13,Baseline,1800,16346111624730.066406,100.000000,10605.585392,71387.907118
13,Baseline,1820,16346111624730.066406,100.000000,10605.585392,71387.907118
13,Baseline,1840,16346111624730.066406,100.000000,10605.585392,71387.907118
13,Baseline,1860,16346111624730.066406,100.000000,10605.585392,71387.907118
13,Baseline,1880,16346111624730.066406,100.000000,10605.585392,71387.907118
13,Baseline,1900,16346133524974.804688,100.000000,10654.757505,71693.482747
13,Baseline,1920,16346133524974.804688,100.000000,10654.757505,71693.482747
13,Baseline,1940,16346133524974.804688,100.000000,10654.757505,71693.482747
13,Baseline,1960,16346133524974.804688,100.000000,10654.757505,71693.482747
13,Baseline,1980,16346133524974.804688,100.000000,10654.757505,71693.482747
13,Baseline,2000,16346133524974.804688,100.000000,10654.757505,71693.482747
13,Proposed,20,17016975872300.660156,86.000000,629551.699667,346986521867.184692
13,Proposed,40,17016975872300.660156,86.000000,629551.699667,346986521867.184692
13,Proposed,60,17016975872300.660156,86.000000,629551.699667,346986521867.184692
13,Proposed,80,17016975872300.660156,86.000000,629551.699667,346986521867.184692
13,Proposed,100,17016975872300.660156,86.000000,629551.699667,346986521867.184692
13,Proposed,120,17016975872300.660156,86.000000,629551.699667,346986521867.184692
13,Proposed,140,17016975872300.660156,86.000000,629551.699667,346986521867.184692
13,Proposed,160,17016975872300.660156,86.000000,629551.699667,346986521867.184692
13,Proposed,180,17016975872300.660156,86.000000,629551.699667,346986521867.184692
13,Proposed,200,17016975872300.660156,86.000000,629551.699667,346986521867.184692
13,Proposed,220,17016975872300.660156,86.000000,629551.699667,346986521867.184692
13,Proposed,240,17016975872300.660156,86.000000,629551.699667,346986521867.184692
13,Proposed,260,17016975872300.660156,86.000000,629551.699667,346986521867.184692
13,Proposed,280,17016975872300.660156,86.000000,629551.699667,346986521867.184692
13,Proposed,300,17016975872300.660156,86.000000,629551.699667,346986521867.184692
13,Proposed,320,17016975872300.660156,86.000000,629551.699667,346986521867.184692
13,Proposed,340,17016975872300.660156,86.000000,629551.699667,346986521867.184692
13,Proposed,360,17016975872300.660156,86.000000,629551.699667,346986521867.184692
13,Proposed,380,17016975872300.660156,86.000000,629551.699667,346986521867.184692
13,Proposed,400,17016975872300.660156,86.000000,629551.699667,346986521867.184692
13,Proposed,420,17016975872300.660156,86.000000,629551.699667,346986521867.184692
13,Proposed,440,17016975872300.660156,86.000000,629551.699667,346986521867.184692
13,Proposed,460,17016975872300.660156,86.000000,629551.699667,346986521867.184692
13,Proposed,480,17016975872300.660156,86.000000,629551.699667,346986521867.184692
13,Proposed,500,17016975872300.660156,86.000000,629551.699667,346986521867.184692
13,Proposed,520,17016975872300.660156,86.000000,629551.699667,346986521867.184692
13,Proposed,540,17016975872300.660156,86.000000,629551.699667,346986521867.184692
13,Proposed,560,17016975872300.660156,86.000000,629551.699667,346986521867.184692
13,Proposed,580,17016975872300.660156,86.000000,629551.699667,346986521867.184692
13,Proposed,600,17016975872300.660156,86.000000,629551.699667,346986521867.184692
13,Proposed,620,17016975872300.660156,86.000000,629551.699667,346986521867.184692
13,Proposed,640,17016975872300.660156,86.000000,629551.699667,346986521867.184692
13,Proposed,660,17016975872300.660156,86.000000,629551.699667,346986521867.184692
13,Proposed,680,17016975872300.660156,86.000000,629551.699667,346986521867.184692
13,Proposed,700,17016975872300.660156,86.000000,629551.699667,346986521867.184692
13,Proposed,720,17016975872300.660156,86.000000,629551.699667,346986521867.184692
13,Proposed,740,17016975872300.660156,86.000000,629551.699667,346986521867.184692
13,Proposed,760,17016975872300.660156,86.000000,629551.699667,346986521867.184692
13,Proposed,780,17016975872300.660156,86.000000,629551.699667,346986521867.184692
13,Proposed,800,17016975872300.660156,86.000000,629551.699667,346986521867.184692
13,Proposed,820,17016975872300.660156,86.000000,629551.699667,346986521867.184692
13,Proposed,840,17016975872300.660156,86.000000,629551.699667,346986521867.184692
13,Proposed,860,17016975872300.660156,86.000000,629551.699667,346986521867.184692
13,Proposed,880,17016975872300.660156,86.000000,629551.699667,346986521867.184692
13,Proposed,900,17016975872300.660156,86.000000,629551.699667,346986521867.184692
13,Proposed,920,17016975872300.660156,86.000000,629551.699667,346986521867.184692
13,Proposed,940,17016975872300.660156,86.000000,629551.699667,346986521867.184692
13,Proposed,960,17016975872300.660156,86.000000,629551.699667,346986521867.184692
13,Proposed,980,17016975872300.660156,86.000000,629551.699667,346986521867.184692
13,Proposed,1000,17016975872300.660156,86.000000,629551.699667,346986521867.184692
14,Baseline,20,15731805506325.121094,100.000000,1749.640110,651.469234
14,Baseline,40,15789457388578.025391,100.000000,1186.463553,2117.953065
14,Baseline,60,15977421814160.312500,100.000000,2205.784875,1418.815120
14,Baseline,80,15977421814160.312500,100.000000,2205.784875,1418.815120
14,Baseline,100,15977421814160.312500,100.000000,2205.784875,1418.815120
14,Baseline,120,15977421814160.312500,100.000000,2205.784875,1418.815120
14,Baseline,140,15977421814160.312500,100.000000,2205.784875,1418.815120
14,Baseline,160,15977421814160.312500,100.000000,2205.784875,1418.815120
14,Baseline,180,15977421814160.312500,100.000000,2205.784875,1418.815120
14,Baseline,200,15977421814160.312500,100.000000,2205.784875,1418.815120
14,Baseline,220,15977421814160.312500,100.000000,2205.784875,1418.815120
14,Baseline,240,15977421814160.312500,100.000000,2205.784875,1418.815120
14,Baseline,260,15977421814160.312500,100.000000,2205.784875,1418.815120
14,Baseline,280,15977421814160.312500,100.000000,2205.784875,1418.815120
14,Baseline,300,15977421814160.312500,100.000000,2205.784875,1418.815120
14,Baseline,320,15977421814160.312500,100.000000,2205.784875,1418.815120
14,Baseline,340,15977421814160.312500,100.000000,2205.784875,1418.815120
14,Baseline,360,15980475309048.246094,100.000000,13061.902499,7678.481917
14,Baseline,380,15980475309048.246094,100.000000,3292.791785,1871.328644
14,Baseline,400,15980623890165.925781,100.000000,2606.101122,1863.020203
14,Baseline,420,15980644094416.279297,100.000000,3046.260502,2277.320033
14,Baseline,440,15980644094416.279297,100.000000,3046.260502,2277.320033
14,Baseline,460,15980644094416.279297,100.000000,3046.260502,2277.320033
14,Baseline,480,15980644094416.279297,100.000000,3046.260502,2277.320033
14,Baseline,500,15980644094416.279297,100.000000,3046.260502,2277.320033
14,Baseline,520,15980644094416.279297,100.000000,3046.260502,2277.320033
14,Baseline,540,15980644094416.279297,100.000000,3046.260502,2277.320033
14,Baseline,560,15980644094416.279297,100.000000,3046.260502,2277.320033
14,Baseline,580,15980644094416.279297,100.000000,3046.260502,2277.320033
14,Baseline,600,15980644094416.279297,100.000000,3046.260502,2277.320033
14,Baseline,620,15997224707832.224609,100.000000,1556.763136,3309.916982
14,Baseline,640,15997224707832.224609,100.000000,1556.763136,3309.916982
14,Baseline,660,15997233731390.982422,100.000000,1763.957684,3488.935173
14,Baseline,680,15997233731390.982422,100.000000,1763.957684,3488.935173
14,Baseline,700,15997233731390.982422,100.000000,1763.957684,3488.935173
14,Baseline,720,15997233731390.982422,100.000000,1763.957684,3488.935173
14,Baseline,740,15997233731390.982422,100.000000,1763.957684,3488.935173
14,Baseline,760,15997233731390.982422,100.000000,1763.957684,3488.935173
14,Baseline,780,15997233731390.982422,100.000000,1763.957684,3488.935173
14,Baseline,800,15997233731390.982422,100.000000,1763.957684,3488.935173
14,Baseline,820,15997233731390.982422,100.000000,1763.957684,3488.935173
14,Baseline,840,15997233731390.982422,100.000000,1763.957684,3488.935173
14,Baseline,860,15997233731390.982422,100.000000,1763.957684,3488.935173
14,Baseline,880,15997233731390.982422,100.000000,1763.957684,3488.935173
14,Baseline,900,15997233731390.982422,100.000000,1763.957684,3488.935173
14,Baseline,920,15997233731390.982422,100.000000,1763.957684,3488.935173
14,Baseline,940,15997233731390.982422,100.000000,1763.957684,3488.935173
14,Baseline,960,16002164330499.707031,100.000000,1682.575691,3925.987901
14,Baseline,980,16002164330499.707031,100.000000,1682.575691,3925.987901
14,Baseline,1000,16002299286812.121094,100.000000,1380.049344,4713.706190
14,Baseline,1020,16002299286812.121094,100.000000,1380.049344,4713.706190
14,Baseline,1040,16002299286812.121094,100.000000,1380.049344,4713.706190
14,Baseline,1060,16002299286812.121094,100.000000,1380.049344,4713.706190
14,Baseline,1080,16002299286812.121094,100.000000,1380.049344,4713.706190
14,Baseline,1100,16002299286812.121094,100.000000,1380.049344,4713.706190
14,Baseline,1120,16002316681143.343750,100.000000,1546.642581,5481.048228
14,Baseline,1140,16002316681143.343750,100.000000,1546.642581,5481.048228
14,Baseline,1160,16002316681143.343750,100.000000,1546.642581,5481.048228
14,Baseline,1180,16002316681143.343750,100.000000,1546.642581,5481.048228
14,Baseline,1200,16002316681143.343750,100.000000,1546.642581,5481.048228
14,Baseline,1220,16002316681143.343750,100.000000,1546.642581,5481.048228
14,Baseline,1240,16002316681143.343750,100.000000,1546.642581,5481.048228
14,Baseline,1260,16010590821729.095703,100.000000,654.361366,4399.216827
14,Baseline,1280,16010590821729.095703,100.000000,654.361366,4399.216827
14,Baseline,1300,16010590821729.095703,100.000000,654.361366,4399.216827
14,Baseline,1320,16010701879174.273438,100.000000,654.572325,4542.608250
14,Baseline,1340,16010701879174.273438,100.000000,654.572325,4542.608250
14,Baseline,1360,16010701879174.273438,100.000000,654.572325,4542.608250
14,Baseline,1380,16010701879174.273438,100.000000,654.572325,4542.608250
14,Baseline,1400,16010701879174.273438,100.000000,654.572325,4542.608250
14,Baseline,1420,16010701879174.273438,100.000000,654.572325,4542.608250
14,Baseline,1440,16010701879174.273438,100.000000,654.572325,4542.608250
14,Baseline,1460,16010701879174.273438,100.000000,654.572325,4542.608250
14,Baseline,1480,16010701879174.273438,100.000000,654.572325,4542.608250
14,Baseline,1500,16010701879174.273438,100.000000,654.572325,4542.608250
14,Baseline,1520,16010701879174.273438,100.000000,654.572325,4542.608250
14,Baseline,1540,16010701879174.273438,100.000000,654.572325,4542.608250
14,Baseline,1560,16010701879174.273438,100.000000,654.572325,4542.608250
14,Baseline,1580,16010701879174.273438,100.000000,654.572325,4542.608250
14,Baseline,1600,16010701879174.273438,100.000000,654.572325,4542.608250
14,Baseline,1620,16010701879174.273438,100.000000,654.572325,4542.608250
14,Baseline,1640,16010701879174.273438,100.000000,654.572325,4542.608250
14,Baseline,1660,16010701879174.273438,100.000000,654.572325,4542.608250
14,Baseline,1680,16010701879174.273438,100.000000,654.572325,4542.608250
14,Baseline,1700,16046364217293.757812,100.000000,1277.032380,24005.603009
14,Baseline,1720,16046364217293.757812,100.000000,1277.032380,24005.603009
14,Baseline,1740,16046364217293.757812,100.000000,1277.032380,24005.603009
14,Baseline,1760,16046364217293.757812,100.000000,1277.032380,24005.603009
14,Baseline,1780,16046364217293.757812,100.000000,1277.032380,24005.603009
14,Baseline,1800,16046364217293.757812,100.000000,1277.032380,24005.603009
14,Baseline,1820,16046374648478.320312,100.000000,1331.378856,24059.465315
14,Baseline,1840,16046391345117.291016,100.000000,1354.205673,24088.192539
14,Baseline,1860,16046391345117.291016,100.000000,1354.205673,24088.192539
14,Baseline,1880,16046391345117.291016,100.000000,1354.205673,24088.192539
14,Baseline,1900,16046391345117.291016,100.000000,1354.205673,24088.192539
14,Baseline,1920,16046394035031.771484,100.000000,1357.635294,24080.850484
14,Baseline,1940,16101968310268.500000,100.000000,1217.255030,4000.479685
14,Baseline,1960,16101973908499.257812,100.000000,1318.169693,4580.008015
14,Baseline,1980,16101973908499.257812,100.000000,1318.169693,4580.008015
14,Baseline,2000,16102001207999.863281,100.000000,1332.250083,4458.849382
14,Proposed,20,17062662270366.550781,90.000000,551506.705998,299999570209.935669
14,Proposed,40,17062662270366.550781,90.000000,551506.705998,299999570209.935669
14,Proposed,60,17062662270366.550781,90.000000,551506.705998,299999570209.935669
14,Proposed,80,17062662270366.550781,90.000000,551506.705998,299999570209.935669
14,Proposed,100,17062662270366.550781,90.000000,551506.705998,299999570209.935669
14,Proposed,120,17062662270366.550781,90.000000,551506.705998,299999570209.935669
14,Proposed,140,17062662270366.550781,90.000000,551506.705998,299999570209.935669
14,Proposed,160,17062662270366.550781,90.000000,551506.705998,299999570209.935669
14,Proposed,180,17062662270366.550781,90.000000,551506.705998,299999570209.935669
14,Proposed,200,17062662270366.550781,90.000000,551506.705998,299999570209.935669
14,Proposed,220,17062662270366.550781,90.000000,551506.705998,299999570209.935669
14,Proposed,240,17062662270366.550781,90.000000,551506.705998,299999570209.935669
14,Proposed,260,17062662270366.550781,90.000000,551506.705998,299999570209.935669
14,Proposed,280,17062662270366.550781,90.000000,551506.705998,299999570209.935669
14,Proposed,300,17062662270366.550781,90.000000,551506.705998,299999570209.935669
14,Proposed,320,17062662270366.550781,90.000000,551506.705998,299999570209.935669
14,Proposed,340,17062662270366.550781,90.000000,551506.705998,299999570209.935669
14,Proposed,360,17062662270366.550781,90.000000,551506.705998,299999570209.935669
14,Proposed,380,17062662270366.550781,90.000000,551506.705998,299999570209.935669
14,Proposed,400,17062662270366.550781,90.000000,551506.705998,299999570209.935669
14,Proposed,420,17062662270366.550781,90.000000,551506.705998,299999570209.935669
14,Proposed,440,17062662270366.550781,90.000000,551506.705998,299999570209.935669
14,Proposed,460,17062662270366.550781,90.000000,551506.705998,299999570209.935669
14,Proposed,480,17062662270366.550781,90.000000,551506.705998,299999570209.935669
14,Proposed,500,17062662270366.550781,90.000000,551506.705998,299999570209.935669
14,Proposed,520,17062662270366.550781,90.000000,551506.705998,299999570209.935669
14,Proposed,540,17062662270366.550781,90.000000,551506.705998,299999570209.935669
14,Proposed,560,17062662270366.550781,90.000000,551506.705998,299999570209.935669
14,Proposed,580,17062662270366.550781,90.000000,551506.705998,299999570209.935669
14,Proposed,600,17062662270366.550781,90.000000,551506.705998,299999570209.935669
14,Proposed,620,17062662270366.550781,90.000000,551506.705998,299999570209.935669
14,Proposed,640,17062662270366.550781,90.000000,551506.705998,299999570209.935669
14,Proposed,660,17062662270366.550781,90.000000,551506.705998,299999570209.935669
14,Proposed,680,17062662270366.550781,90.000000,551506.705998,299999570209.935669
14,Proposed,700,17062662270366.550781,90.000000,551506.705998,299999570209.935669
14,Proposed,720,17062662270366.550781,90.000000,551506.705998,299999570209.935669
14,Proposed,740,17062662270366.550781,90.000000,551506.705998,299999570209.935669
14,Proposed,760,17062662270366.550781,90.000000,551506.705998,299999570209.935669
14,Proposed,780,17062662270366.550781,90.000000,551506.705998,299999570209.935669
14,Proposed,800,17062662270366.550781,90.000000,551506.705998,299999570209.935669
14,Proposed,820,17062662270366.550781,90.000000,551506.705998,299999570209.935669
14,Proposed,840,17062662270366.550781,90.000000,551506.705998,299999570209.935669
14,Proposed,860,17062662270366.550781,90.000000,551506.705998,299999570209.935669
14,Proposed,880,17427453686485.443359,100.000000,28261.460107,342828.285048
14,Proposed,900,17601193188733.355469,100.000000,3231.904962,71834.081431
14,Proposed,920,17601193188733.355469,100.000000,4286.329150,82201.233262
14,Proposed,940,17601193188733.355469,100.000000,4286.329150,82201.233262
14,Proposed,960,17601193188733.355469,100.000000,4286.329150,82201.233262
14,Proposed,980,17601280190073.171875,100.000000,4286.331226,82205.228438
14,Proposed,1000,17601758653057.410156,100.000000,4389.383930,82674.479579
15,Baseline,20,15917292600598.632812,100.000000,1808.628306,2168.902205
15,Baseline,40,15941060955967.203125,100.000000,5005.809855,6880.367503
15,Baseline,60,15941060955967.203125,100.000000,5005.809855,6880.367503
15,Baseline,80,15941060955967.203125,100.000000,5005.809855,6880.367503
15,Baseline,100,15945900895929.070312,100.000000,3427.685655,12140.114458
15,Baseline,120,15947898060480.107422,100.000000,9367.298047,41408.780689
15,Baseline,140,15947898060480.107422,100.000000,1539.795777,24727.364824
15,Baseline,160,15947898060480.107422,100.000000,1539.795777,24727.364824
15,Baseline,180,15947898060480.107422,100.000000,1539.795777,24727.364824
15,Baseline,200,15947898060480.107422,100.000000,1539.795777,24727.364824
15,Baseline,220,15947898060480.107422,100.000000,1539.795777,24727.364824
15,Baseline,240,16047704849137.634766,100.000000,2906.874405,31200.072943
15,Baseline,260,16047838985865.490234,100.000000,2940.061634,31382.838590
15,Baseline,280,16047896180398.789062,100.000000,2940.822014,31380.851560
15,Baseline,300,16047896180398.789062,100.000000,2940.822014,31380.851560
15,Baseline,320,16047896180398.789062,100.000000,2940.822014,31380.851560
15,Baseline,340,16067369543567.000000,100.000000,2998.758464,31423.183790
15,Baseline,360,16113138198270.753906,100.000000,11359.625184,127089.893073
15,Baseline,380,16113138198270.753906,100.000000,5405.473444,44396.251266
15,Baseline,400,16113138198270.753906,100.000000,5405.473444,44396.251266
15,Baseline,420,16113138198270.753906,100.000000,5405.473444,44396.251266
15,Baseline,440,16113138198270.753906,100.000000,5405.473444,44396.251266
15,Baseline,460,16113138198270.753906,100.000000,5405.473444,44396.251266
15,Baseline,480,16113138198270.753906,100.000000,5405.473444,44396.251266
15,Baseline,500,16113138198270.753906,100.000000,5405.473444,44396.251266
15,Baseline,520,16114510874293.503906,100.000000,6292.843340,51208.780577
15,Baseline,540,16130267314261.947266,100.000000,12424.954830,136256.481076
15,Baseline,560,16250511256004.396484,100.000000,7652.822523,67052.128252
15,Baseline,580,16250511256004.396484,100.000000,7652.822523,67052.128252
15,Baseline,600,16250511256004.396484,100.000000,7652.822523,67052.128252
15,Baseline,620,16250511256004.396484,100.000000,7652.822523,67052.128252
15,Baseline,640,16255300522063.871094,100.000000,13719.708043,155301.410961
15,Baseline,660,16363048869757.546875,100.000000,9071.485126,70274.631769
15,Baseline,680,16363048869757.546875,100.000000,9071.485126,70274.631769
15,Baseline,700,16363048869757.546875,100.000000,9071.485126,70274.631769
15,Baseline,720,16363048869757.546875,100.000000,9071.485126,70274.631769
15,Baseline,740,16363069815873.710938,100.000000,9085.169271,70268.678783
15,Baseline,760,16363069815873.710938,100.000000,9085.169271,70268.678783
15,Baseline,780,16363069815873.710938,100.000000,9085.169271,70268.678783
15,Baseline,800,16363069815873.710938,100.000000,9085.169271,70268.678783
15,Baseline,820,16363069815873.710938,100.000000,9085.169271,70268.678783
15,Baseline,840,16363069815873.710938,100.000000,9085.169271,70268.678783
15,Baseline,860,16363069815873.710938,100.000000,9085.169271,70268.678783
15,Baseline,880,16363069815873.710938,100.000000,9085.169271,70268.678783
15,Baseline,900,16363090903006.820312,100.000000,9089.777680,70256.580818
15,Baseline,920,16363090903006.820312,100.000000,9089.777680,70256.580818
15,Baseline,940,16363090903006.820312,100.000000,9089.777680,70256.580818
15,Baseline,960,16363090903006.820312,100.000000,9089.777680,70256.580818
15,Baseline,980,16363090903006.820312,100.000000,9089.777680,70256.580818
15,Baseline,1000,16363090903006.820312,100.000000,9089.777680,70256.580818
15,Baseline,1020,16372995293232.027344,100.000000,10967.970208,104880.576570
15,Baseline,1040,16377607561479.144531,100.000000,11135.135099,106340.069489
15,Baseline,1060,16377607561479.144531,100.000000,11135.135099,106340.069489
15,Baseline,1080,16377607561479.144531,100.000000,11135.135099,106340.069489
15,Baseline,1100,16377894241755.541016,100.000000,11134.556053,106464.861218
15,Baseline,1120,16377894241755.541016,100.000000,11134.556053,106464.861218
15,Baseline,1140,16377906376767.703125,100.000000,11132.464045,106623.988128
15,Baseline,1160,16377906376767.703125,100.000000,11132.464045,106623.988128
15,Baseline,1180,16377906376767.703125,100.000000,11132.464045,106623.988128
15,Baseline,1200,16379734751664.714844,100.000000,5240.416319,61517.821056
15,Baseline,1220,16379734751664.714844,100.000000,5240.416319,61517.821056
15,Baseline,1240,16499770986261.671875,100.000000,8773.812733,45099.100935
15,Baseline,1260,16499770986261.671875,100.000000,8773.812733,45099.100935
15,Baseline,1280,16507499419561.611328,100.000000,1951.290899,24007.365024
15,Baseline,1300,16507499419561.611328,100.000000,2652.459068,30185.014534
15,Baseline,1320,16510832439935.570312,100.000000,3355.395986,41988.388112
15,Baseline,1340,16510832439935.570312,100.000000,4015.120287,46207.284987
15,Baseline,1360,16510832439935.570312,100.000000,4015.120287,46207.284987
15,Baseline,1380,16510832439935.570312,100.000000,4015.120287,46207.284987
15,Baseline,1400,16510832439935.570312,100.000000,4015.120287,46207.284987
15,Baseline,1420,16510832439935.570312,100.000000,4015.120287,46207.284987
15,Baseline,1440,16510832439935.570312,100.000000,4015.120287,46207.284987
15,Baseline,1460,16510832439935.570312,100.000000,4015.120287,46207.284987
15,Baseline,1480,16510832439935.570312,100.000000,4015.120287,46207.284987
15,Baseline,1500,16510832439935.570312,100.000000,4015.120287,46207.284987
15,Baseline,1520,16510832439935.570312,100.000000,4015.120287,46207.284987
15,Baseline,1540,16510832439935.570312,100.000000,4015.120287,46207.284987
15,Baseline,1560,16510832439935.570312,100.000000,4015.120287,46207.284987
15,Baseline,1580,16510832439935.570312,100.000000,4015.120287,46207.284987
15,Baseline,1600,16510832439935.570312,100.000000,4015.120287,46207.284987
15,Baseline,1620,16510832439935.570312,100.000000,4015.120287,46207.284987
15,Baseline,1640,16510832439935.570312,100.000000,4015.120287,46207.284987
15,Baseline,1660,16510832439935.570312,100.000000,4015.120287,46207.284987
15,Baseline,1680,16510832439935.570312,100.000000,4015.120287,46207.284987
15,Baseline,1700,16510832439935.570312,100.000000,4015.120287,46207.284987
15,Baseline,1720,16510832439935.570312,100.000000,4015.120287,46207.284987
15,Baseline,1740,16510832439935.570312,100.000000,4015.120287,46207.284987
15,Baseline,1760,16510832439935.570312,100.000000,4015.120287,46207.284987
15,Baseline,1780,16510832439935.570312,100.000000,4015.120287,46207.284987
15,Baseline,1800,16510832439935.570312,100.000000,4015.120287,46207.284987
15,Baseline,1820,16510832439935.570312,100.000000,4015.120287,46207.284987
15,Baseline,1840,16510832439935.570312,100.000000,4015.120287,46207.284987
15,Baseline,1860,16510832439935.570312,100.000000,4015.120287,46207.284987
15,Baseline,1880,16510832439935.570312,100.000000,4015.120287,46207.284987
15,Baseline,1900,16510832439935.570312,100.000000,4015.120287,46207.284987
15,Baseline,1920,16510832439935.570312,100.000000,4015.120287,46207.284987
15,Baseline,1940,16510832439935.570312,100.000000,4015.120287,46207.284987
15,Baseline,1960,16510832439935.570312,100.000000,4015.120287,46207.284987
15,Baseline,1980,16510832439935.570312,100.000000,4015.120287,46207.284987
15,Baseline,2000,16510832439935.570312,100.000000,4015.120287,46207.284987
15,Proposed,20,17023522662504.263672,88.666667,577401.558758,316999358473.477417
15,Proposed,40,17023522662504.263672,88.666667,577401.558758,316999358473.477417
15,Proposed,60,17023522662504.263672,88.666667,577401.558758,316999358473.477417
15,Proposed,80,17023522662504.263672,88.666667,577401.558758,316999358473.477417
15,Proposed,100,17023522662504.263672,88.666667,577401.558758,316999358473.477417
15,Proposed,120,17023522662504.263672,88.666667,577401.558758,316999358473.477417
15,Proposed,140,17023522662504.263672,88.666667,577401.558758,316999358473.477417
15,Proposed,160,17023522662504.263672,88.666667,577401.558758,316999358473.477417
15,Proposed,180,17023522662504.263672,88.666667,577401.558758,316999358473.477417
15,Proposed,200,17023522662504.263672,88.666667,577401.558758,316999358473.477417
15,Proposed,220,17023522662504.263672,88.666667,577401.558758,316999358473.477417
15,Proposed,240,17023522662504.263672,88.666667,577401.558758,316999358473.477417
15,Proposed,260,17023522662504.263672,88.666667,577401.558758,316999358473.477417
15,Proposed,280,17023522662504.263672,88.666667,577401.558758,316999358473.477417
15,Proposed,300,17023522662504.263672,88.666667,577401.558758,316999358473.477417
15,Proposed,320,17023522662504.263672,88.666667,577401.558758,316999358473.477417
15,Proposed,340,17023522662504.263672,88.666667,577401.558758,316999358473.477417
15,Proposed,360,17023522662504.263672,88.666667,577401.558758,316999358473.477417
15,Proposed,380,17023522662504.263672,88.666667,577401.558758,316999358473.477417
15,Proposed,400,17023522662504.263672,88.666667,577401.558758,316999358473.477417
15,Proposed,420,17023522662504.263672,88.666667,577401.558758,316999358473.477417
15,Proposed,440,17023522662504.263672,88.666667,577401.558758,316999358473.477417
15,Proposed,460,17023522662504.263672,88.666667,577401.558758,316999358473.477417
15,Proposed,480,17023522662504.263672,88.666667,577401.558758,316999358473.477417
15,Proposed,500,17023522662504.263672,88.666667,577401.558758,316999358473.477417
15,Proposed,520,17023522662504.263672,88.666667,577401.558758,316999358473.477417
15,Proposed,540,17023522662504.263672,88.666667,577401.558758,316999358473.477417
15,Proposed,560,17023522662504.263672,88.666667,577401.558758,316999358473.477417
15,Proposed,580,17023522662504.263672,88.666667,577401.558758,316999358473.477417
15,Proposed,600,17023522662504.263672,88.666667,577401.558758,316999358473.477417
15,Proposed,620,17023522662504.263672,88.666667,577401.558758,316999358473.477417
15,Proposed,640,17023522662504.263672,88.666667,577401.558758,316999358473.477417
15,Proposed,660,17023522662504.263672,88.666667,577401.558758,316999358473.477417
15,Proposed,680,17023522662504.263672,88.666667,577401.558758,316999358473.477417
15,Proposed,700,17023522662504.263672,88.666667,577401.558758,316999358473.477417
15,Proposed,720,17023522662504.263672,88.666667,577401.558758,316999358473.477417
15,Proposed,740,17023522662504.263672,88.666667,577401.558758,316999358473.477417
15,Proposed,760,17023522662504.263672,88.666667,577401.558758,316999358473.477417
15,Proposed,780,17023522662504.263672,88.666667,577401.558758,316999358473.477417
15,Proposed,800,17023522662504.263672,88.666667,577401.558758,316999358473.477417
15,Proposed,820,17023522662504.263672,88.666667,577401.558758,316999358473.477417
15,Proposed,840,17023522662504.263672,88.666667,577401.558758,316999358473.477417
15,Proposed,860,17023522662504.263672,88.666667,577401.558758,316999358473.477417
15,Proposed,880,17023522662504.263672,88.666667,577401.558758,316999358473.477417
15,Proposed,900,17023522662504.263672,88.666667,577401.558758,316999358473.477417
15,Proposed,920,17023522662504.263672,88.666667,577401.558758,316999358473.477417
15,Proposed,940,17023522662504.263672,88.666667,577401.558758,316999358473.477417
15,Proposed,960,17023522662504.263672,88.666667,577401.558758,316999358473.477417
15,Proposed,980,17023522662504.263672,88.666667,577401.558758,316999358473.477417
15,Proposed,1000,17023522662504.263672,88.666667,577401.558758,316999358473.477417
16,Baseline,20,15644851185564.746094,100.000000,1743.203235,33321.630444
16,Baseline,40,15705114363928.847656,100.000000,1955.658425,16197.390591
16,Baseline,60,15811260467089.871094,100.000000,2859.252385,23355.758023
16,Baseline,80,15811260467089.871094,100.000000,2859.252385,23355.758023
16,Baseline,100,15811260467089.871094,100.000000,2859.252385,23355.758023
16,Baseline,120,15811671754075.589844,100.000000,3299.913924,23975.392198
16,Baseline,140,15811683679559.437500,100.000000,3534.794723,27277.760012
16,Baseline,160,15813395058767.876953,100.000000,2792.849533,16948.164395
16,Baseline,180,15813395058767.876953,100.000000,2792.849533,16948.164395
16,Baseline,200,15813395058767.876953,100.000000,2792.849533,16948.164395
16,Baseline,220,15827916849350.322266,100.000000,3407.416731,21140.309940
16,Baseline,240,15827916849350.322266,100.000000,3407.416731,21140.309940
16,Baseline,260,15861023680394.517578,100.000000,1227.637295,31591.814304
16,Baseline,280,15871579598767.199219,100.000000,2137.764471,36824.600006
16,Baseline,300,15871579598767.199219,100.000000,2137.764471,36824.600006
16,Baseline,320,15875542978506.271484,100.000000,3775.248113,63155.187073
16,Baseline,340,15895169603855.957031,100.000000,5056.284627,86323.619718
16,Baseline,360,15895195181287.560547,100.000000,4073.794442,35787.397840
16,Baseline,380,15895195181287.560547,100.000000,4073.794442,35787.397840
16,Baseline,400,15895195181287.560547,100.000000,4073.794442,35787.397840
16,Baseline,420,15910443596776.664062,100.000000,6823.522502,123450.968988
16,Baseline,440,15910443596776.664062,100.000000,4134.353655,55062.779962
16,Baseline,460,15910443596776.664062,100.000000,4134.353655,55062.779962
16,Baseline,480,15996699311365.730469,100.000000,5146.571696,48743.737548
16,Baseline,500,16001017624636.699219,100.000000,1653.297682,39720.891732
16,Baseline,520,16001075459048.457031,100.000000,1696.101639,40844.967086
16,Baseline,540,16011828988397.210938,100.000000,5926.949180,43475.408018
16,Baseline,560,16011828988397.210938,100.000000,1772.383354,20686.071881
16,Baseline,580,16011828988397.210938,100.000000,1772.383354,20686.071881
16,Baseline,600,16011828988397.210938,100.000000,1772.383354,20686.071881
16,Baseline,620,16012015178734.292969,100.000000,5786.449980,50428.670008
16,Baseline,640,16012015178734.292969,100.000000,3276.242177,30540.175426
16,Baseline,660,16058002849757.853516,100.000000,10254.564227,102410.000545
16,Baseline,680,16069527382420.150391,100.000000,6171.802191,44978.430208
16,Baseline,700,16069527382420.150391,100.000000,4728.302082,73241.836166
16,Baseline,720,16069548489297.117188,100.000000,4728.309820,73222.594033
16,Baseline,740,16197100885029.914062,100.000000,6504.026906,45383.273510
16,Baseline,760,16197100885029.914062,100.000000,6504.026906,45383.273510
16,Baseline,780,16197100885029.914062,100.000000,6504.026906,45383.273510
16,Baseline,800,16198009238594.066406,100.000000,4323.191446,59224.007855
16,Baseline,820,16198168940322.130859,100.000000,4347.451881,59339.188079
16,Baseline,840,16198168940322.130859,100.000000,4347.451881,59339.188079
16,Baseline,860,16245925121256.775391,100.000000,6068.118145,79373.007776
16,Baseline,880,16245988540617.365234,100.000000,6578.369211,57005.351149
16,Baseline,900,16245988540617.365234,100.000000,6578.369211,57005.351149
16,Baseline,920,16245988540617.365234,100.000000,6578.369211,57005.351149
16,Baseline,940,16245988540617.365234,100.000000,6578.369211,57005.351149
16,Baseline,960,16245993893619.324219,100.000000,6577.226693,56996.954554
16,Baseline,980,16245993893619.324219,100.000000,6577.226693,56996.954554
16,Baseline,1000,16245993893619.324219,100.000000,6577.226693,56996.954554
16,Baseline,1020,16245993893619.324219,100.000000,6577.226693,56996.954554
16,Baseline,1040,16245993893619.324219,100.000000,6577.226693,56996.954554
16,Baseline,1060,16254825916265.935547,100.000000,12695.986915,106225.452391
16,Baseline,1080,16254825916265.935547,100.000000,6846.080566,63140.759280
16,Baseline,1100,16254828144247.312500,100.000000,6877.647860,63145.715378
16,Baseline,1120,16255874612063.130859,100.000000,6739.428381,63371.047184
16,Baseline,1140,16255876039089.912109,100.000000,6877.888140,64982.210871
16,Baseline,1160,16255876039089.912109,100.000000,6877.888140,64982.210871
16,Baseline,1180,16258108015211.775391,100.000000,7944.805087,56510.592461
16,Baseline,1200,16258108015211.775391,100.000000,7944.805087,56510.592461
16,Baseline,1220,16258108015211.775391,100.000000,7944.805087,56510.592461
16,Baseline,1240,16258108015211.775391,100.000000,7944.805087,56510.592461
16,Baseline,1260,16258108015211.775391,100.000000,7944.805087,56510.592461
16,Baseline,1280,16258108015211.775391,100.000000,7944.805087,56510.592461
16,Baseline,1300,16258108015211.775391,100.000000,7944.805087,56510.592461
16,Baseline,1320,16258108015211.775391,100.000000,7944.805087,56510.592461
16,Baseline,1340,16258108015211.775391,100.000000,7944.805087,56510.592461
16,Baseline,1360,16258108015211.775391,100.000000,7944.805087,56510.592461
16,Baseline,1380,16258108015211.775391,100.000000,7944.805087,56510.592461
16,Baseline,1400,16258108015211.775391,100.000000,7944.805087,56510.592461
16,Baseline,1420,16258108015211.775391,100.000000,7944.805087,56510.592461
16,Baseline,1440,16258108015211.775391,100.000000,7944.805087,56510.592461
16,Baseline,1460,16258108015211.775391,100.000000,7944.805087,56510.592461
16,Baseline,1480,16258108015211.775391,100.000000,7944.805087,56510.592461
16,Baseline,1500,16258178482977.156250,100.000000,7976.100991,56504.013239
16,Baseline,1520,16258178482977.156250,100.000000,7976.100991,56504.013239
16,Baseline,1540,16258178482977.156250,100.000000,7976.100991,56504.013239
16,Baseline,1560,16258178482977.156250,100.000000,7976.100991,56504.013239
16,Baseline,1580,16258178482977.156250,100.000000,7976.100991,56504.013239
16,Baseline,1600,16258178482977.156250,100.000000,7976.100991,56504.013239
16,Baseline,1620,16258178482977.156250,100.000000,7976.100991,56504.013239
16,Baseline,1640,16258178482977.156250,100.000000,7976.100991,56504.013239
16,Baseline,1660,16258178482977.156250,100.000000,7976.100991,56504.013239
16,Baseline,1680,16258178482977.156250,100.000000,7976.100991,56504.013239
16,Baseline,1700,16258178482977.156250,100.000000,7976.100991,56504.013239
16,Baseline,1720,16258178482977.156250,100.000000,7976.100991,56504.013239
16,Baseline,1740,16258178482977.156250,100.000000,7976.100991,56504.013239
16,Baseline,1760,16258178482977.156250,100.000000,7976.100991,56504.013239
16,Baseline,1780,16258178482977.156250,100.000000,7976.100991,56504.013239
16,Baseline,1800,16258178482977.156250,100.000000,7976.100991,56504.013239
16,Baseline,1820,16258178482977.156250,100.000000,7976.100991,56504.013239
16,Baseline,1840,16258178482977.156250,100.000000,7976.100991,56504.013239
16,Baseline,1860,16258178482977.156250,100.000000,7976.100991,56504.013239
16,Baseline,1880,16258178482977.156250,100.000000,7976.100991,56504.013239
16,Baseline,1900,16258178482977.156250,100.000000,7976.100991,56504.013239
16,Baseline,1920,16258178482977.156250,100.000000,7976.100991,56504.013239
16,Baseline,1940,16258178482977.156250,100.000000,7976.100991,56504.013239
16,Baseline,1960,16258178482977.156250,100.000000,7976.100991,56504.013239
16,Baseline,1980,16258178482977.156250,100.000000,7976.100991,56504.013239
16,Baseline,2000,16258178482977.156250,100.000000,7976.100991,56504.013239
16,Proposed,20,17222678040821.658203,85.333333,639483.077514,353772793132.086365
16,Proposed,40,17222678040821.658203,85.333333,639483.077514,353772793132.086365
16,Proposed,60,17222678040821.658203,85.333333,639483.077514,353772793132.086365
16,Proposed,80,17222678040821.658203,85.333333,639483.077514,353772793132.086365
16,Proposed,100,17222678040821.658203,85.333333,639483.077514,353772793132.086365
16,Proposed,120,17222678040821.658203,85.333333,639483.077514,353772793132.086365
16,Proposed,140,17222678040821.658203,85.333333,639483.077514,353772793132.086365
16,Proposed,160,17222678040821.658203,85.333333,639483.077514,353772793132.086365
16,Proposed,180,17222678040821.658203,85.333333,639483.077514,353772793132.086365
16,Proposed,200,17222678040821.658203,85.333333,639483.077514,353772793132.086365
16,Proposed,220,17222678040821.658203,85.333333,639483.077514,353772793132.086365
16,Proposed,240,17222678040821.658203,85.333333,639483.077514,353772793132.086365
16,Proposed,260,17222678040821.658203,85.333333,639483.077514,353772793132.086365
16,Proposed,280,17222678040821.658203,85.333333,639483.077514,353772793132.086365
16,Proposed,300,17222678040821.658203,85.333333,639483.077514,353772793132.086365
16,Proposed,320,17222678040821.658203,85.333333,639483.077514,353772793132.086365
16,Proposed,340,17222678040821.658203,85.333333,639483.077514,353772793132.086365
16,Proposed,360,17222678040821.658203,85.333333,639483.077514,353772793132.086365
16,Proposed,380,17222678040821.658203,85.333333,639483.077514,353772793132.086365
16,Proposed,400,17222678040821.658203,85.333333,639483.077514,353772793132.086365
16,Proposed,420,17222678040821.658203,85.333333,639483.077514,353772793132.086365
16,Proposed,440,17222678040821.658203,85.333333,639483.077514,353772793132.086365
16,Proposed,460,17222678040821.658203,85.333333,639483.077514,353772793132.086365
16,Proposed,480,17222678040821.658203,85.333333,639483.077514,353772793132.086365
16,Proposed,500,17222678040821.658203,85.333333,639483.077514,353772793132.086365
16,Proposed,520,17222678040821.658203,85.333333,639483.077514,353772793132.086365
16,Proposed,540,17222678040821.658203,85.333333,639483.077514,353772793132.086365
16,Proposed,560,17222678040821.658203,85.333333,639483.077514,353772793132.086365
16,Proposed,580,17222678040821.658203,85.333333,639483.077514,353772793132.086365
16,Proposed,600,17222678040821.658203,85.333333,639483.077514,353772793132.086365
16,Proposed,620,17222678040821.658203,85.333333,639483.077514,353772793132.086365
16,Proposed,640,17222678040821.658203,85.333333,639483.077514,353772793132.086365
16,Proposed,660,17222678040821.658203,85.333333,639483.077514,353772793132.086365
16,Proposed,680,17222678040821.658203,85.333333,639483.077514,353772793132.086365
16,Proposed,700,17222678040821.658203,85.333333,639483.077514,353772793132.086365
16,Proposed,720,17222678040821.658203,85.333333,639483.077514,353772793132.086365
16,Proposed,740,17222678040821.658203,85.333333,639483.077514,353772793132.086365
16,Proposed,760,17222678040821.658203,85.333333,639483.077514,353772793132.086365
16,Proposed,780,17222678040821.658203,85.333333,639483.077514,353772793132.086365
16,Proposed,800,17222678040821.658203,85.333333,639483.077514,353772793132.086365
16,Proposed,820,17222678040821.658203,85.333333,639483.077514,353772793132.086365
16,Proposed,840,17222678040821.658203,85.333333,639483.077514,353772793132.086365
16,Proposed,860,17222678040821.658203,85.333333,639483.077514,353772793132.086365
16,Proposed,880,17222678040821.658203,85.333333,639483.077514,353772793132.086365
16,Proposed,900,17222678040821.658203,85.333333,639483.077514,353772793132.086365
16,Proposed,920,17222678040821.658203,85.333333,639483.077514,353772793132.086365
16,Proposed,940,17222678040821.658203,85.333333,639483.077514,353772793132.086365
16,Proposed,960,17222678040821.658203,85.333333,639483.077514,353772793132.086365
16,Proposed,980,17222678040821.658203,85.333333,639483.077514,353772793132.086365
16,Proposed,1000,17222678040821.658203,85.333333,639483.077514,353772793132.086365
17,Baseline,20,15610921856651.970703,100.000000,1733.666299,22151.063034
17,Baseline,40,15621827819179.738281,100.000000,1937.159936,35143.000640
17,Baseline,60,15867021221917.240234,100.000000,10082.181083,21835.302914
17,Baseline,80,15975521314709.730469,100.000000,4181.926759,45910.764556
17,Baseline,100,15980156400457.167969,100.000000,3245.543965,44704.705041
17,Baseline,120,16274374396997.816406,100.000000,4604.323071,53881.581231
17,Baseline,140,16274642291596.917969,100.000000,4605.067281,53166.562655
17,Baseline,160,16274642291596.917969,100.000000,4605.571553,53167.559619
17,Baseline,180,16274642291596.917969,100.000000,4605.571553,53167.559619
17,Baseline,200,16279450492631.578125,100.000000,4195.221675,37631.561728
17,Baseline,220,16279485280477.039062,100.000000,3845.659013,37675.132888
17,Baseline,240,16279886708630.664062,100.000000,3573.939467,37642.962226
17,Baseline,260,16280371247079.410156,100.000000,3540.439637,37844.304891
17,Baseline,280,16280371247079.410156,100.000000,3540.439637,37844.304891
17,Baseline,300,16280371247079.410156,100.000000,3540.439637,37844.304891
17,Baseline,320,16364836177541.542969,100.000000,4441.809695,64738.168762
17,Baseline,340,16364836177541.542969,100.000000,4441.809695,64738.168762
17,Baseline,360,16364836177541.542969,100.000000,4441.809695,64738.168762
17,Baseline,380,16364836177541.542969,100.000000,4441.809695,64738.168762
17,Baseline,400,16364836177541.542969,100.000000,4441.809695,64738.168762
17,Baseline,420,16364836177541.542969,100.000000,4441.809695,64738.168762
17,Baseline,440,16364836177541.542969,100.000000,4441.809695,64738.168762
17,Baseline,460,16364836177541.542969,100.000000,4441.809695,64738.168762
17,Baseline,480,16372794170822.904297,100.000000,5236.672462,51381.476039
17,Baseline,500,16372935288021.791016,100.000000,5272.021946,51537.814642
17,Baseline,520,16372935288021.791016,100.000000,5306.852901,51692.348094
17,Baseline,540,16618235655394.470703,100.000000,7010.717086,78538.863871
17,Baseline,560,16618235655394.470703,100.000000,7010.717086,78538.863871
17,Baseline,580,16618235655394.470703,100.000000,7010.717086,78538.863871
17,Baseline,600,16618235655394.470703,100.000000,7010.717086,78538.863871
17,Baseline,620,16626585784723.849609,100.000000,8152.949874,90118.600702
17,Baseline,640,16628081608692.332031,100.000000,9162.581491,63308.809323
17,Baseline,660,16628081608692.332031,100.000000,9162.581491,63308.809323
17,Baseline,680,16628092034723.242188,100.000000,9295.542021,63314.859736
17,Baseline,700,16636807754902.667969,100.000000,11403.400403,75123.487361
17,Baseline,720,16636905034456.437500,100.000000,9824.496235,96219.632593
17,Baseline,740,16636905034456.437500,100.000000,9824.496235,96219.632593
17,Baseline,760,16636905034456.437500,100.000000,9824.496235,96219.632593
17,Baseline,780,16636905034456.437500,100.000000,9824.496235,96219.632593
17,Baseline,800,16636942808130.343750,100.000000,9824.333062,96212.066646
17,Baseline,820,16636942808130.343750,100.000000,9824.333062,96212.066646
17,Baseline,840,16636942808130.343750,100.000000,9824.333062,96212.066646
17,Baseline,860,16636942808130.343750,100.000000,9824.333062,96212.066646
17,Baseline,880,16636942808130.343750,100.000000,9824.333062,96212.066646
17,Baseline,900,16636942808130.343750,100.000000,9824.333062,96212.066646
17,Baseline,920,16636942808130.343750,100.000000,9824.333062,96212.066646
17,Baseline,940,16636942808130.343750,100.000000,9824.333062,96212.066646
17,Baseline,960,16637678074295.564453,100.000000,9799.584284,93466.778565
17,Baseline,980,16637678074295.564453,100.000000,9799.584284,93466.778565
17,Baseline,1000,16637678074295.564453,100.000000,9799.584284,93466.778565
17,Baseline,1020,16637678074295.564453,100.000000,9799.584284,93466.778565
17,Baseline,1040,16637678074295.564453,100.000000,9799.584284,93466.778565
17,Baseline,1060,16646995236948.058594,100.000000,9616.224213,94206.146971
17,Baseline,1080,16646995236948.058594,100.000000,9616.224213,94206.146971
17,Baseline,1100,16646995236948.058594,100.000000,9616.224213,94206.146971
17,Baseline,1120,16646997258165.023438,100.000000,9616.106433,94198.573391
17,Baseline,1140,16646997258165.023438,100.000000,9616.106433,94198.573391
17,Baseline,1160,16646997258165.023438,100.000000,9616.106433,94198.573391
17,Baseline,1180,16646997258165.023438,100.000000,9616.106433,94198.573391
17,Baseline,1200,16646997258165.023438,100.000000,9616.106433,94198.573391
17,Baseline,1220,16646997258165.023438,100.000000,9616.106433,94198.573391
17,Baseline,1240,16669985813050.029297,100.000000,15940.663016,154923.187797
17,Baseline,1260,16669985813050.029297,100.000000,9689.900445,95497.359853
17,Baseline,1280,16669985813050.029297,100.000000,9689.900445,95497.359853
17,Baseline,1300,16669985813050.029297,100.000000,9689.900445,95497.359853
17,Baseline,1320,16669985813050.029297,100.000000,9689.900445,95497.359853
17,Baseline,1340,16669985813050.029297,100.000000,9689.900445,95497.359853
17,Baseline,1360,16669985813050.029297,100.000000,9689.900445,95497.359853
17,Baseline,1380,16669985813050.029297,100.000000,9689.900445,95497.359853
17,Baseline,1400,16669985813050.029297,100.000000,9689.900445,95497.359853
17,Baseline,1420,16670828433768.541016,100.000000,11062.417970,99307.688807
17,Baseline,1440,16670876845257.898438,100.000000,11044.669294,99338.858398
17,Baseline,1460,16697550317346.523438,100.000000,12136.926180,104141.029322
17,Baseline,1480,16697550317346.523438,100.000000,12136.926180,104141.029322
17,Baseline,1500,16697550317346.523438,100.000000,12136.926180,104141.029322
17,Baseline,1520,16697550317346.523438,100.000000,12136.926180,104141.029322
17,Baseline,1540,16697550317346.523438,100.000000,12136.926180,104141.029322
17,Baseline,1560,16697550317346.523438,100.000000,12136.926180,104141.029322
17,Baseline,1580,16697550317346.523438,100.000000,12136.926180,104141.029322
17,Baseline,1600,16697550317346.523438,100.000000,12136.926180,104141.029322
17,Baseline,1620,16697550317346.523438,100.000000,12136.926180,104141.029322
17,Baseline,1640,16697550317346.523438,100.000000,12136.926180,104141.029322
17,Baseline,1660,16697550317346.523438,100.000000,12136.926180,104141.029322
17,Baseline,1680,16697550317346.523438,100.000000,12136.926180,104141.029322
17,Baseline,1700,16697550317346.523438,100.000000,12136.926180,104141.029322
17,Baseline,1720,16697550317346.523438,100.000000,12136.926180,104141.029322
17,Baseline,1740,16697550317346.523438,100.000000,12136.926180,104141.029322
17,Baseline,1760,16697550317346.523438,100.000000,12136.926180,104141.029322
17,Baseline,1780,16697550317346.523438,100.000000,12136.926180,104141.029322
17,Baseline,1800,16700572104718.115234,100.000000,21004.697275,182723.866747
17,Baseline,1820,16700572104718.115234,100.000000,12488.603615,108092.472585
17,Baseline,1840,16700572104718.115234,100.000000,12488.603615,108092.472585
17,Baseline,1860,16700572104718.115234,100.000000,12488.603615,108092.472585
17,Baseline,1880,16700572104718.115234,100.000000,12488.603615,108092.472585
17,Baseline,1900,16700572104718.115234,100.000000,12488.603615,108092.472585
17,Baseline,1920,16700572104718.115234,100.000000,12488.603615,108092.472585
17,Baseline,1940,16700572104718.115234,100.000000,12488.603615,108092.472585
17,Baseline,1960,16711030731656.908203,100.000000,11596.150553,95787.611486
17,Baseline,1980,16711030731656.908203,100.000000,11596.150553,95787.611486
17,Baseline,2000,16711030731656.908203,100.000000,11596.150553,95787.611486
17,Proposed,20,16964654783133.171875,90.666667,539744.838131,290898577498.896057
17,Proposed,40,16964654783133.171875,90.666667,539744.838131,290898577498.896057
17,Proposed,60,16964654783133.171875,90.666667,539744.838131,290898577498.896057
17,Proposed,80,16964654783133.171875,90.666667,539744.838131,290898577498.896057
17,Proposed,100,16964654783133.171875,90.666667,539744.838131,290898577498.896057
17,Proposed,120,16964654783133.171875,90.666667,539744.838131,290898577498.896057
17,Proposed,140,16964654783133.171875,90.666667,539744.838131,290898577498.896057
17,Proposed,160,16964654783133.171875,90.666667,539744.838131,290898577498.896057
17,Proposed,180,16964654783133.171875,90.666667,539744.838131,290898577498.896057
17,Proposed,200,16964654783133.171875,90.666667,539744.838131,290898577498.896057
17,Proposed,220,16964654783133.171875,90.666667,539744.838131,290898577498.896057
17,Proposed,240,16964654783133.171875,90.666667,539744.838131,290898577498.896057
17,Proposed,260,16964654783133.171875,90.666667,539744.838131,290898577498.896057
17,Proposed,280,16964654783133.171875,90.666667,539744.838131,290898577498.896057
17,Proposed,300,16964654783133.171875,90.666667,539744.838131,290898577498.896057
17,Proposed,320,16964654783133.171875,90.666667,539744.838131,290898577498.896057
17,Proposed,340,16964654783133.171875,90.666667,539744.838131,290898577498.896057
17,Proposed,360,16964654783133.171875,90.666667,539744.838131,290898577498.896057
17,Proposed,380,16964654783133.171875,90.666667,539744.838131,290898577498.896057
17,Proposed,400,16964654783133.171875,90.666667,539744.838131,290898577498.896057
17,Proposed,420,16964654783133.171875,90.666667,539744.838131,290898577498.896057
17,Proposed,440,16964654783133.171875,90.666667,539744.838131,290898577498.896057
17,Proposed,460,16964654783133.171875,90.666667,539744.838131,290898577498.896057
17,Proposed,480,16964654783133.171875,90.666667,539744.838131,290898577498.896057
17,Proposed,500,16964654783133.171875,90.666667,539744.838131,290898577498.896057
17,Proposed,520,16964654783133.171875,90.666667,539744.838131,290898577498.896057
17,Proposed,540,16964654783133.171875,90.666667,539744.838131,290898577498.896057
17,Proposed,560,16964654783133.171875,90.666667,539744.838131,290898577498.896057
17,Proposed,580,16964654783133.171875,90.666667,539744.838131,290898577498.896057
17,Proposed,600,16964654783133.171875,90.666667,539744.838131,290898577498.896057
17,Proposed,620,16964654783133.171875,90.666667,539744.838131,290898577498.896057
17,Proposed,640,16964654783133.171875,90.666667,539744.838131,290898577498.896057
17,Proposed,660,16964654783133.171875,90.666667,539744.838131,290898577498.896057
17,Proposed,680,16964654783133.171875,90.666667,539744.838131,290898577498.896057
17,Proposed,700,16964654783133.171875,90.666667,539744.838131,290898577498.896057
17,Proposed,720,16964654783133.171875,90.666667,539744.838131,290898577498.896057
17,Proposed,740,16964654783133.171875,90.666667,539744.838131,290898577498.896057
17,Proposed,760,16964654783133.171875,90.666667,539744.838131,290898577498.896057
17,Proposed,780,16964654783133.171875,90.666667,539744.838131,290898577498.896057
17,Proposed,800,16964654783133.171875,90.666667,539744.838131,290898577498.896057
17,Proposed,820,16964654783133.171875,90.666667,539744.838131,290898577498.896057
17,Proposed,840,16964654783133.171875,90.666667,539744.838131,290898577498.896057
17,Proposed,860,16964654783133.171875,90.666667,539744.838131,290898577498.896057
17,Proposed,880,16964654783133.171875,90.666667,539744.838131,290898577498.896057
17,Proposed,900,16964654783133.171875,90.666667,539744.838131,290898577498.896057
17,Proposed,920,16964654783133.171875,90.666667,539744.838131,290898577498.896057
17,Proposed,940,16964654783133.171875,90.666667,539744.838131,290898577498.896057
17,Proposed,960,16964654783133.171875,90.666667,539744.838131,290898577498.896057
17,Proposed,980,16964654783133.171875,90.666667,539744.838131,290898577498.896057
17,Proposed,1000,16964654783133.171875,90.666667,539744.838131,290898577498.896057
18,Baseline,20,15749495565663.574219,100.000000,2405.266421,1041.546211
18,Baseline,40,15775631524056.183594,100.000000,1784.571475,3664.516416
18,Baseline,60,15775631524056.183594,100.000000,1784.571475,3664.516416
18,Baseline,80,15775631524056.183594,100.000000,1784.571475,3664.516416
18,Baseline,100,15775631524056.183594,100.000000,1784.571475,3664.516416
18,Baseline,120,15775944027843.785156,100.000000,1960.148087,4237.205721
18,Baseline,140,15793728608755.666016,100.000000,2920.943054,6237.549100
18,Baseline,160,15816185247314.597656,100.000000,692.734818,6628.316425
18,Baseline,180,15816185247314.597656,100.000000,692.734818,6628.316425
18,Baseline,200,15847169247284.941406,100.000000,2767.278268,11751.255653
18,Baseline,220,15847169247284.941406,100.000000,2767.278268,11751.255653
18,Baseline,240,15847169247284.941406,100.000000,2767.278268,11751.255653
18,Baseline,260,15918297062426.603516,100.000000,4.618837,16919.552212
18,Baseline,280,15918297062426.603516,100.000000,4.618837,16919.552212
18,Baseline,300,15918297062426.603516,100.000000,4.618837,16919.552212
18,Baseline,320,15952244018614.794922,100.000000,150.836152,25136.044108
18,Baseline,340,15973361213117.351562,100.000000,1632.658236,27928.848604
18,Baseline,360,15973361213117.351562,100.000000,1632.658236,27928.848604
18,Baseline,380,15973361213117.351562,100.000000,1632.658236,27928.848604
18,Baseline,400,15973361213117.351562,100.000000,1632.658236,27928.848604
18,Baseline,420,15973361213117.351562,100.000000,1632.658236,27928.848604
18,Baseline,440,16042042274097.185547,100.000000,2994.935716,27680.618553
18,Baseline,460,16042068579302.943359,100.000000,2998.603459,27680.173341
18,Baseline,480,16042068579302.943359,100.000000,2998.603459,27680.173341
18,Baseline,500,16049489687774.177734,100.000000,3254.297618,106746.054509
18,Baseline,520,16065209507941.322266,100.000000,10555.686501,36960.164417
18,Baseline,540,16065209507941.322266,100.000000,3121.128595,18593.702550
18,Baseline,560,16065209507941.322266,100.000000,3121.128595,18593.702550
18,Baseline,580,16065209507941.322266,100.000000,3121.128595,18593.702550
18,Baseline,600,16065209507941.322266,100.000000,3121.128595,18593.702550
18,Baseline,620,16065209507941.322266,100.000000,3121.128595,18593.702550
18,Baseline,640,16065209507941.322266,100.000000,3121.128595,18593.702550
18,Baseline,660,16065209507941.322266,100.000000,3121.128595,18593.702550
18,Baseline,680,16065209507941.322266,100.000000,3121.128595,18593.702550
18,Baseline,700,16065209507941.322266,100.000000,3121.128595,18593.702550
18,Baseline,720,16065209507941.322266,100.000000,3121.128595,18593.702550
18,Baseline,740,16065209507941.322266,100.000000,3121.128595,18593.702550
18,Baseline,760,16065209507941.322266,100.000000,3121.128595,18593.702550
18,Baseline,780,16065209507941.322266,100.000000,3121.128595,18593.702550
18,Baseline,800,16065209507941.322266,100.000000,3121.128595,18593.702550
18,Baseline,820,16065528311563.083984,100.000000,3131.345581,18456.219093
18,Baseline,840,16065528311563.083984,100.000000,3131.345581,18456.219093
18,Baseline,860,16065528311563.083984,100.000000,3131.345581,18456.219093
18,Baseline,880,16065528311563.083984,100.000000,3131.345581,18456.219093
18,Baseline,900,16065528311563.083984,100.000000,3131.345581,18456.219093
18,Baseline,920,16065528311563.083984,100.000000,3131.345581,18456.219093
18,Baseline,940,16065528311563.083984,100.000000,3131.345581,18456.219093
18,Baseline,960,16065528311563.083984,100.000000,3131.345581,18456.219093
18,Baseline,980,16065528311563.083984,100.000000,3131.345581,18456.219093
18,Baseline,1000,16065528311563.083984,100.000000,3131.345581,18456.219093
18,Baseline,1020,16065528311563.083984,100.000000,3131.345581,18456.219093
18,Baseline,1040,16065528311563.083984,100.000000,3131.345581,18456.219093
18,Baseline,1060,16065528311563.083984,100.000000,3131.345581,18456.219093
18,Baseline,1080,16065528311563.083984,100.000000,3131.345581,18456.219093
18,Baseline,1100,16065528311563.083984,100.000000,3131.345581,18456.219093
18,Baseline,1120,16065528311563.083984,100.000000,3131.345581,18456.219093
18,Baseline,1140,16075947986004.156250,100.000000,5655.486193,33848.840845
18,Baseline,1160,16249641290237.179688,100.000000,3253.214113,55958.609769
18,Baseline,1180,16249641290237.179688,100.000000,2806.040229,17408.625596
18,Baseline,1200,16249641290237.179688,100.000000,2806.040229,17408.625596
18,Baseline,1220,16249641290237.179688,100.000000,2806.040229,17408.625596
18,Baseline,1240,16249641290237.179688,100.000000,2806.040229,17408.625596
18,Baseline,1260,16249641290237.179688,100.000000,2806.040229,17408.625596
18,Baseline,1280,16249641290237.179688,100.000000,2806.040229,17408.625596
18,Baseline,1300,16249641290237.179688,100.000000,2806.040229,17408.625596
18,Baseline,1320,16249641290237.179688,100.000000,2806.040229,17408.625596
18,Baseline,1340,16249641290237.179688,100.000000,2806.040229,17408.625596
18,Baseline,1360,16249641290237.179688,100.000000,2806.040229,17408.625596
18,Baseline,1380,16249641290237.179688,100.000000,2806.040229,17408.625596
18,Baseline,1400,16249641290237.179688,100.000000,2806.040229,17408.625596
18,Baseline,1420,16249641290237.179688,100.000000,2806.040229,17408.625596
18,Baseline,1440,16249641290237.179688,100.000000,2806.040229,17408.625596
18,Baseline,1460,16249641290237.179688,100.000000,2806.040229,17408.625596
18,Baseline,1480,16249641290237.179688,100.000000,2806.040229,17408.625596
18,Baseline,1500,16249641290237.179688,100.000000,2806.040229,17408.625596
18,Baseline,1520,16249641290237.179688,100.000000,2806.040229,17408.625596
18,Baseline,1540,16249641290237.179688,100.000000,2806.040229,17408.625596
18,Baseline,1560,16249641290237.179688,100.000000,2806.040229,17408.625596
18,Baseline,1580,16249641290237.179688,100.000000,2806.040229,17408.625596
18,Baseline,1600,16249641290237.179688,100.000000,2806.040229,17408.625596
18,Baseline,1620,16249641290237.179688,100.000000,2806.040229,17408.625596
18,Baseline,1640,16249641290237.179688,100.000000,2806.040229,17408.625596
18,Baseline,1660,16249641290237.179688,100.000000,2806.040229,17408.625596
18,Baseline,1680,16249641290237.179688,100.000000,2806.040229,17408.625596
18,Baseline,1700,16249641290237.179688,100.000000,2806.040229,17408.625596
18,Baseline,1720,16249641290237.179688,100.000000,2806.040229,17408.625596
18,Baseline,1740,16249641290237.179688,100.000000,2806.040229,17408.625596
18,Baseline,1760,16249641290237.179688,100.000000,2806.040229,17408.625596
18,Baseline,1780,16249641290237.179688,100.000000,2806.040229,17408.625596
18,Baseline,1800,16249641290237.179688,100.000000,2806.040229,17408.625596
18,Baseline,1820,16249641290237.179688,100.000000,2806.040229,17408.625596
18,Baseline,1840,16249641290237.179688,100.000000,2806.040229,17408.625596
18,Baseline,1860,16249641290237.179688,100.000000,2806.040229,17408.625596
18,Baseline,1880,16249641290237.179688,100.000000,2806.040229,17408.625596
18,Baseline,1900,16249793005999.265625,100.000000,2780.727575,17163.689577
18,Baseline,1920,16249793005999.265625,100.000000,2908.210851,17319.378705
18,Baseline,1940,16249793005999.265625,100.000000,2908.210851,17319.378705
18,Baseline,1960,16249793005999.265625,100.000000,2908.210851,17319.378705
18,Baseline,1980,16249793005999.265625,100.000000,2908.210851,17319.378705
18,Baseline,2000,16249793005999.265625,100.000000,2908.210851,17319.378705
18,Proposed,20,16997540480133.978516,85.333333,640036.891704,353772791053.458679
18,Proposed,40,16997540480133.978516,85.333333,640036.891704,353772791053.458679
18,Proposed,60,16997540480133.978516,85.333333,640036.891704,353772791053.458679
18,Proposed,80,16997540480133.978516,85.333333,640036.891704,353772791053.458679
18,Proposed,100,16997540480133.978516,85.333333,640036.891704,353772791053.458679
18,Proposed,120,16997540480133.978516,85.333333,640036.891704,353772791053.458679
18,Proposed,140,16997540480133.978516,85.333333,640036.891704,353772791053.458679
18,Proposed,160,16997540480133.978516,85.333333,640036.891704,353772791053.458679
18,Proposed,180,16997540480133.978516,85.333333,640036.891704,353772791053.458679
18,Proposed,200,16997540480133.978516,85.333333,640036.891704,353772791053.458679
18,Proposed,220,16997540480133.978516,85.333333,640036.891704,353772791053.458679
18,Proposed,240,16997540480133.978516,85.333333,640036.891704,353772791053.458679
18,Proposed,260,16997540480133.978516,85.333333,640036.891704,353772791053.458679
18,Proposed,280,16997540480133.978516,85.333333,640036.891704,353772791053.458679
18,Proposed,300,16997540480133.978516,85.333333,640036.891704,353772791053.458679
18,Proposed,320,16997540480133.978516,85.333333,640036.891704,353772791053.458679
18,Proposed,340,16997540480133.978516,85.333333,640036.891704,353772791053.458679
18,Proposed,360,16997540480133.978516,85.333333,640036.891704,353772791053.458679
18,Proposed,380,16997540480133.978516,85.333333,640036.891704,353772791053.458679
18,Proposed,400,16997540480133.978516,85.333333,640036.891704,353772791053.458679
18,Proposed,420,16997540480133.978516,85.333333,640036.891704,353772791053.458679
18,Proposed,440,16997540480133.978516,85.333333,640036.891704,353772791053.458679
18,Proposed,460,16997540480133.978516,85.333333,640036.891704,353772791053.458679
18,Proposed,480,16997540480133.978516,85.333333,640036.891704,353772791053.458679
18,Proposed,500,16997540480133.978516,85.333333,640036.891704,353772791053.458679
18,Proposed,520,16997540480133.978516,85.333333,640036.891704,353772791053.458679
18,Proposed,540,16997540480133.978516,85.333333,640036.891704,353772791053.458679
18,Proposed,560,16997540480133.978516,85.333333,640036.891704,353772791053.458679
18,Proposed,580,16997540480133.978516,85.333333,640036.891704,353772791053.458679
18,Proposed,600,16997540480133.978516,85.333333,640036.891704,353772791053.458679
18,Proposed,620,16997540480133.978516,85.333333,640036.891704,353772791053.458679
18,Proposed,640,17635238424665.085938,91.000000,537438.147181,286181334108.259338
18,Proposed,660,17636265041209.792969,100.000000,5004.484893,63686.502030
18,Proposed,680,17640270703862.257812,100.000000,4239.363172,65467.863520
18,Proposed,700,17640479128211.441406,100.000000,4318.886659,65605.485981
18,Proposed,720,17640479128211.441406,100.000000,4318.886659,65605.485981
18,Proposed,740,17640489566355.152344,100.000000,4395.470768,65756.359189
18,Proposed,760,17640561736151.406250,100.000000,4383.710708,65765.744217
18,Proposed,780,17640561736151.406250,100.000000,4383.710708,65765.744217
18,Proposed,800,17640561736151.406250,100.000000,4383.710708,65765.744217
18,Proposed,820,17640616288052.476562,100.000000,4392.221656,65826.104143
18,Proposed,840,17640616288052.476562,100.000000,4392.221656,65826.104143
18,Proposed,860,17640748115084.910156,100.000000,4291.531460,65826.802796
18,Proposed,880,17640833248016.332031,100.000000,4427.476981,68233.252076
18,Proposed,900,17640833248016.332031,100.000000,4427.476981,68233.252076
18,Proposed,920,17640833248016.332031,100.000000,4427.476981,68233.252076
18,Proposed,940,17641111868881.429688,100.000000,4381.466245,68080.807489
18,Proposed,960,17641111868881.429688,100.000000,4382.796771,68238.750887
18,Proposed,980,17641740682588.570312,100.000000,4337.306679,69301.504073
18,Proposed,1000,17641740682588.570312,100.000000,4337.306679,69301.504073
19,Baseline,20,15541726018758.546875,100.000000,909.502278,2712.654398
19,Baseline,40,15542682717502.595703,100.000000,1113.717711,7801.697050
19,Baseline,60,15542698388642.716797,100.000000,1285.933077,10732.272448
19,Baseline,80,15613057743757.562500,100.000000,1603.421398,9607.543647
19,Baseline,100,15662544858734.957031,100.000000,1768.990758,8681.584637
19,Baseline,120,15663381273722.150391,100.000000,868.981611,10882.688103
19,Baseline,140,15663389876664.492188,100.000000,882.690637,10883.484260
19,Baseline,160,15784496204388.921875,100.000000,7990.482619,7736.528062
19,Baseline,180,15784496204388.921875,100.000000,2008.435551,1852.942231
19,Baseline,200,15947118698919.724609,100.000000,3445.188250,3230.871454
19,Baseline,220,15947118698919.724609,100.000000,3445.188250,3230.871454
19,Baseline,240,15947118698919.724609,100.000000,3445.188250,3230.871454
19,Baseline,260,15947118698919.724609,100.000000,3445.188250,3230.871454
19,Baseline,280,15947118698919.724609,100.000000,3445.188250,3230.871454
19,Baseline,300,15947118698919.724609,100.000000,3445.188250,3230.871454
19,Baseline,320,15947118698919.724609,100.000000,3445.188250,3230.871454
19,Baseline,340,15947118698919.724609,100.000000,3445.188250,3230.871454
19,Baseline,360,15947118698919.724609,100.000000,3445.188250,3230.871454
19,Baseline,380,15947118698919.724609,100.000000,3445.188250,3230.871454
19,Baseline,400,15947118698919.724609,100.000000,3445.188250,3230.871454
19,Baseline,420,15947118698919.724609,100.000000,3445.188250,3230.871454
19,Baseline,440,15947118698919.724609,100.000000,3445.188250,3230.871454
19,Baseline,460,15976128040730.294922,100.000000,11849.837164,15737.460751
19,Baseline,480,15976129599084.722656,100.000000,4779.335541,7950.964092
19,Baseline,500,16044465890306.316406,100.000000,5237.757136,8788.462871
19,Baseline,520,16055504643767.986328,100.000000,6323.322280,28824.899015
19,Baseline,540,16055504643767.986328,100.000000,5180.113068,19210.368296
19,Baseline,560,16055504643767.986328,100.000000,5180.113068,19210.368296
19,Baseline,580,16055504643767.986328,100.000000,5180.113068,19210.368296
19,Baseline,600,16055504643767.986328,100.000000,5180.113068,19210.368296
19,Baseline,620,16055504643767.986328,100.000000,5180.113068,19210.368296
19,Baseline,640,16055504643767.986328,100.000000,5180.113068,19210.368296
19,Baseline,660,16055504643767.986328,100.000000,5180.113068,19210.368296
19,Baseline,680,16055504643767.986328,100.000000,5180.113068,19210.368296
19,Baseline,700,16055504643767.986328,100.000000,5180.113068,19210.368296
19,Baseline,720,16055504643767.986328,100.000000,5180.113068,19210.368296
19,Baseline,740,16055504643767.986328,100.000000,5180.113068,19210.368296
19,Baseline,760,16055504643767.986328,100.000000,5180.113068,19210.368296
19,Baseline,780,16055504643767.986328,100.000000,5180.113068,19210.368296
19,Baseline,800,16242672290611.761719,100.000000,976.325040,29908.218168
19,Baseline,820,16242672290611.761719,100.000000,976.325040,29908.218168
19,Baseline,840,16242672290611.761719,100.000000,976.325040,29908.218168
19,Baseline,860,16242672290611.761719,100.000000,976.325040,29908.218168
19,Baseline,880,16242757975622.279297,100.000000,985.502704,30043.157728
19,Baseline,900,16242757975622.279297,100.000000,992.303506,30090.772588
19,Baseline,920,16242757975622.279297,100.000000,992.303506,30090.772588
19,Baseline,940,16242757975622.279297,100.000000,992.303506,30090.772588
19,Baseline,960,16242757975622.279297,100.000000,992.303506,30090.772588
19,Baseline,980,16242757975622.279297,100.000000,992.303506,30090.772588
19,Baseline,1000,16242757975622.279297,100.000000,992.303506,30090.772588
19,Baseline,1020,16242757975622.279297,100.000000,992.303506,30090.772588
19,Baseline,1040,16242757975622.279297,100.000000,992.303506,30090.772588
19,Baseline,1060,16242757975622.279297,100.000000,992.303506,30090.772588
19,Baseline,1080,16242757975622.279297,100.000000,992.303506,30090.772588
19,Baseline,1100,16242757975622.279297,100.000000,992.303506,30090.772588
19,Baseline,1120,16295458741654.537109,100.000000,1286.870953,66684.966811
19,Baseline,1140,16295458741654.537109,100.000000,1286.870953,66684.966811
19,Baseline,1160,16295458741654.537109,100.000000,1286.870953,66684.966811
19,Baseline,1180,16295458741654.537109,100.000000,1286.870953,66684.966811
19,Baseline,1200,16295458741654.537109,100.000000,1286.870953,66684.966811
19,Baseline,1220,16297367798355.867188,100.000000,2054.386215,43791.637622
19,Baseline,1240,16297367798355.867188,100.000000,2054.386215,43791.637622
19,Baseline,1260,16391366254154.431641,100.000000,4429.800713,76287.091105
19,Baseline,1280,16391366254154.431641,100.000000,3281.437758,73567.578512
19,Baseline,1300,16391463429882.177734,100.000000,3301.675133,72853.278352
19,Baseline,1320,16391463429882.177734,100.000000,3301.675133,72853.278352
19,Baseline,1340,16391463429882.177734,100.000000,3301.675133,72853.278352
19,Baseline,1360,16391463429882.177734,100.000000,3301.675133,72853.278352
19,Baseline,1380,16391463429882.177734,100.000000,3301.675133,72853.278352
19,Baseline,1400,16391463429882.177734,100.000000,3301.675133,72853.278352
19,Baseline,1420,16391463429882.177734,100.000000,3301.675133,72853.278352
19,Baseline,1440,16391463429882.177734,100.000000,3301.675133,72853.278352
19,Baseline,1460,16391463429882.177734,100.000000,3301.675133,72853.278352
19,Baseline,1480,16391463429882.177734,100.000000,3301.675133,72853.278352
19,Baseline,1500,16391463429882.177734,100.000000,3301.675133,72853.278352
19,Baseline,1520,16391463429882.177734,100.000000,3301.675133,72853.278352
19,Baseline,1540,16391463429882.177734,100.000000,3301.675133,72853.278352
19,Baseline,1560,16391463429882.177734,100.000000,3301.675133,72853.278352
19,Baseline,1580,16391463429882.177734,100.000000,3301.675133,72853.278352
19,Baseline,1600,16394276152271.042969,100.000000,3020.482503,48790.807536
19,Baseline,1620,16394276152271.042969,100.000000,3020.482503,48790.807536
19,Baseline,1640,16394276152271.042969,100.000000,3020.482503,48790.807536
19,Baseline,1660,16394276152271.042969,100.000000,3020.482503,48790.807536
19,Baseline,1680,16399062333079.478516,100.000000,922.763445,44450.796228
19,Baseline,1700,16399062333079.478516,100.000000,922.763445,44450.796228
19,Baseline,1720,16399062333079.478516,100.000000,922.763445,44450.796228
19,Baseline,1740,16399062333079.478516,100.000000,922.763445,44450.796228
19,Baseline,1760,16399062333079.478516,100.000000,922.763445,44450.796228
19,Baseline,1780,16399062333079.478516,100.000000,922.763445,44450.796228
19,Baseline,1800,16399062333079.478516,100.000000,922.763445,44450.796228
19,Baseline,1820,16399062333079.478516,100.000000,922.763445,44450.796228
19,Baseline,1840,16399062333079.478516,100.000000,922.763445,44450.796228
19,Baseline,1860,16399062333079.478516,100.000000,922.763445,44450.796228
19,Baseline,1880,16399068530816.082031,100.000000,990.066925,44455.116360
19,Baseline,1900,16399273245679.005859,100.000000,860.408947,44754.007573
19,Baseline,1920,16399273245679.005859,100.000000,860.408947,44754.007573
19,Baseline,1940,16399273245679.005859,100.000000,860.408947,44754.007573
19,Baseline,1960,16399273245679.005859,100.000000,860.408947,44754.007573
19,Baseline,1980,16399273245679.005859,100.000000,860.408947,44754.007573
19,Baseline,2000,16399273245679.005859,100.000000,860.408947,44754.007573
19,Proposed,20,17066573636820.980469,85.333333,637284.621963,353772788502.753540
19,Proposed,40,17066573636820.980469,85.333333,637284.621963,353772788502.753540
19,Proposed,60,17066573636820.980469,85.333333,637284.621963,353772788502.753540
19,Proposed,80,17066573636820.980469,85.333333,637284.621963,353772788502.753540
19,Proposed,100,17066573636820.980469,85.333333,637284.621963,353772788502.753540
19,Proposed,120,17066573636820.980469,85.333333,637284.621963,353772788502.753540
19,Proposed,140,17066573636820.980469,85.333333,637284.621963,353772788502.753540
19,Proposed,160,17066573636820.980469,85.333333,637284.621963,353772788502.753540
19,Proposed,180,17066573636820.980469,85.333333,637284.621963,353772788502.753540
19,Proposed,200,17066573636820.980469,85.333333,637284.621963,353772788502.753540
19,Proposed,220,17066573636820.980469,85.333333,637284.621963,353772788502.753540
19,Proposed,240,17066573636820.980469,85.333333,637284.621963,353772788502.753540
19,Proposed,260,17066573636820.980469,85.333333,637284.621963,353772788502.753540
19,Proposed,280,17066573636820.980469,85.333333,637284.621963,353772788502.753540
19,Proposed,300,17066573636820.980469,85.333333,637284.621963,353772788502.753540
19,Proposed,320,17066573636820.980469,85.333333,637284.621963,353772788502.753540
19,Proposed,340,17066573636820.980469,85.333333,637284.621963,353772788502.753540
19,Proposed,360,17066573636820.980469,85.333333,637284.621963,353772788502.753540
19,Proposed,380,17066573636820.980469,85.333333,637284.621963,353772788502.753540
19,Proposed,400,17066573636820.980469,85.333333,637284.621963,353772788502.753540
19,Proposed,420,17066573636820.980469,85.333333,637284.621963,353772788502.753540
19,Proposed,440,17066573636820.980469,85.333333,637284.621963,353772788502.753540
19,Proposed,460,17066573636820.980469,85.333333,637284.621963,353772788502.753540
19,Proposed,480,17066573636820.980469,85.333333,637284.621963,353772788502.753540
19,Proposed,500,17066573636820.980469,85.333333,637284.621963,353772788502.753540
19,Proposed,520,17066573636820.980469,85.333333,637284.621963,353772788502.753540
19,Proposed,540,17066573636820.980469,85.333333,637284.621963,353772788502.753540
19,Proposed,560,17066573636820.980469,85.333333,637284.621963,353772788502.753540
19,Proposed,580,17066573636820.980469,85.333333,637284.621963,353772788502.753540
19,Proposed,600,17066573636820.980469,85.333333,637284.621963,353772788502.753540
19,Proposed,620,17066573636820.980469,85.333333,637284.621963,353772788502.753540
19,Proposed,640,17066573636820.980469,85.333333,637284.621963,353772788502.753540
19,Proposed,660,17066573636820.980469,85.333333,637284.621963,353772788502.753540
19,Proposed,680,17066573636820.980469,85.333333,637284.621963,353772788502.753540
19,Proposed,700,17066573636820.980469,85.333333,637284.621963,353772788502.753540
19,Proposed,720,17066573636820.980469,85.333333,637284.621963,353772788502.753540
19,Proposed,740,17066573636820.980469,85.333333,637284.621963,353772788502.753540
19,Proposed,760,17066573636820.980469,85.333333,637284.621963,353772788502.753540
19,Proposed,780,17066573636820.980469,85.333333,637284.621963,353772788502.753540
19,Proposed,800,17066573636820.980469,85.333333,637284.621963,353772788502.753540
19,Proposed,820,17066573636820.980469,85.333333,637284.621963,353772788502.753540
19,Proposed,840,17066573636820.980469,85.333333,637284.621963,353772788502.753540
19,Proposed,860,17066573636820.980469,85.333333,637284.621963,353772788502.753540
19,Proposed,880,17066573636820.980469,85.333333,637284.621963,353772788502.753540
19,Proposed,900,17066573636820.980469,85.333333,637284.621963,353772788502.753540
19,Proposed,920,17066573636820.980469,85.333333,637284.621963,353772788502.753540
19,Proposed,940,17066573636820.980469,85.333333,637284.621963,353772788502.753540
19,Proposed,960,17066573636820.980469,85.333333,637284.621963,353772788502.753540
19,Proposed,980,17066573636820.980469,85.333333,637284.621963,353772788502.753540
19,Proposed,1000,17066573636820.980469,85.333333,637284.621963,353772788502.753540
20,Baseline,20,15619315934857.042969,100.000000,6122.040854,37943.846498
20,Baseline,40,15619492694229.001953,100.000000,1770.888566,32262.105810
20,Baseline,60,15625852858209.261719,100.000000,2916.888543,31046.348652
20,Baseline,80,15786450390809.123047,100.000000,9246.894466,72621.206548
20,Baseline,100,15802779753198.457031,100.000000,2861.251303,16264.637334
20,Baseline,120,15802779753198.457031,100.000000,2861.251303,16264.637334
20,Baseline,140,15889505902720.986328,100.000000,8863.121930,11591.691182
20,Baseline,160,15898412208842.107422,100.000000,1092.967701,2775.624286
20,Baseline,180,15898412208842.107422,100.000000,1092.967701,2775.624286
20,Baseline,200,15898412208842.107422,100.000000,1092.967701,2775.624286
20,Baseline,220,15898417224691.082031,100.000000,1160.394754,3250.400756
20,Baseline,240,15914933558298.462891,100.000000,960.883243,3653.239857
20,Baseline,260,16077557143666.736328,100.000000,2209.580821,34906.846331
20,Baseline,280,16079508395790.812500,100.000000,2553.759634,34908.280407
20,Baseline,300,16079508395790.812500,100.000000,3804.274392,51889.169485
20,Baseline,320,16079508395790.812500,100.000000,3804.274392,51889.169485
20,Baseline,340,16209426697018.390625,100.000000,7172.557841,44909.184532
20,Baseline,360,16220537000954.863281,100.000000,4375.426731,57776.310843
20,Baseline,380,16220537000954.863281,100.000000,4375.426731,57776.310843
20,Baseline,400,16220537000954.863281,100.000000,4375.426731,57776.310843
20,Baseline,420,16220548567788.404297,100.000000,4481.278521,58013.363108
20,Baseline,440,16220548567788.404297,100.000000,4481.278521,58013.363108
20,Baseline,460,16220548567788.404297,100.000000,4481.278521,58013.363108
20,Baseline,480,16220982210040.777344,100.000000,4422.171639,58219.768828
20,Baseline,500,16220982210040.777344,100.000000,4422.171639,58219.768828
20,Baseline,520,16220999046119.712891,100.000000,4414.954334,58313.393502
20,Baseline,540,16220999046119.712891,100.000000,4414.954334,58313.393502
20,Baseline,560,16220999046119.712891,100.000000,4414.954334,58313.393502
20,Baseline,580,16220999046119.712891,100.000000,4414.954334,58313.393502
20,Baseline,600,16220999046119.712891,100.000000,4414.954334,58313.393502
20,Baseline,620,16220999046119.712891,100.000000,4414.954334,58313.393502
20,Baseline,640,16220999046119.712891,100.000000,4414.954334,58313.393502
20,Baseline,660,16221015198210.900391,100.000000,4437.112615,58506.575580
20,Baseline,680,16221058981663.091797,100.000000,4435.578722,58854.552396
20,Baseline,700,16221058981663.091797,100.000000,4435.578722,58854.552396
20,Baseline,720,16221149045926.876953,100.000000,4422.420228,59187.802527
20,Baseline,740,16221149045926.876953,100.000000,4422.420228,59187.802527
20,Baseline,760,16221149045926.876953,100.000000,4422.420228,59187.802527
20,Baseline,780,16221149045926.876953,100.000000,4422.420228,59187.802527
20,Baseline,800,16221149045926.876953,100.000000,4422.420228,59187.802527
20,Baseline,820,16221149045926.876953,100.000000,4422.420228,59187.802527
20,Baseline,840,16221156112957.316406,100.000000,4496.761797,59467.382511
20,Baseline,860,16221158971732.806641,100.000000,4560.631591,59678.761106
20,Baseline,880,16221158971732.806641,100.000000,4560.631591,59678.761106
20,Baseline,900,16221177755003.960938,100.000000,4535.559890,59702.163450
20,Baseline,920,16221177755003.960938,100.000000,4535.559890,59702.163450
20,Baseline,940,16221177755003.960938,100.000000,4535.559890,59702.163450
20,Baseline,960,16221177755003.960938,100.000000,4535.559890,59702.163450
20,Baseline,980,16343638433144.818359,100.000000,7177.718428,59681.720257
20,Baseline,1000,16344528324275.808594,100.000000,16291.160172,118523.665630
20,Baseline,1020,16344528324275.808594,100.000000,8156.733422,60320.278467
20,Baseline,1040,16344537179615.572266,100.000000,8204.709265,60319.140961
20,Baseline,1060,16344573210915.527344,100.000000,8142.872456,60332.277262
20,Baseline,1080,16344919827580.183594,100.000000,7984.932167,60398.761139
20,Baseline,1100,16344919827580.183594,100.000000,7984.932167,60398.761139
20,Baseline,1120,16344919827580.183594,100.000000,7984.932167,60398.761139
20,Baseline,1140,16344919827580.183594,100.000000,7984.932167,60398.761139
20,Baseline,1160,16344919827580.183594,100.000000,7984.932167,60398.761139
20,Baseline,1180,16346377379379.318359,100.000000,7823.450334,61807.231508
20,Baseline,1200,16408851519208.269531,100.000000,163.083408,31064.244490
20,Baseline,1220,16408851519208.269531,100.000000,163.083408,31064.244490
20,Baseline,1240,16408851519208.269531,100.000000,163.083408,31064.244490
20,Baseline,1260,16408851519208.269531,100.000000,163.083408,31064.244490
20,Baseline,1280,16408851519208.269531,100.000000,163.083408,31064.244490
20,Baseline,1300,16408851519208.269531,100.000000,163.083408,31064.244490
20,Baseline,1320,16408851519208.269531,100.000000,163.083408,31064.244490
20,Baseline,1340,16408851519208.269531,100.000000,163.083408,31064.244490
20,Baseline,1360,16408851519208.269531,100.000000,163.083408,31064.244490
20,Baseline,1380,16408851519208.269531,100.000000,163.083408,31064.244490
20,Baseline,1400,16408851519208.269531,100.000000,163.083408,31064.244490
20,Baseline,1420,16408851519208.269531,100.000000,163.083408,31064.244490
20,Baseline,1440,16408851519208.269531,100.000000,163.083408,31064.244490
20,Baseline,1460,16408851519208.269531,100.000000,163.083408,31064.244490
20,Baseline,1480,16408851519208.269531,100.000000,163.083408,31064.244490
20,Baseline,1500,16408851519208.269531,100.000000,163.083408,31064.244490
20,Baseline,1520,16408851519208.269531,100.000000,163.083408,31064.244490
20,Baseline,1540,16408851519208.269531,100.000000,163.083408,31064.244490
20,Baseline,1560,16408851519208.269531,100.000000,163.083408,31064.244490
20,Baseline,1580,16408851519208.269531,100.000000,163.083408,31064.244490
20,Baseline,1600,16408851519208.269531,100.000000,163.083408,31064.244490
20,Baseline,1620,16408851519208.269531,100.000000,163.083408,31064.244490
20,Baseline,1640,16408851519208.269531,100.000000,163.083408,31064.244490
20,Baseline,1660,16408851519208.269531,100.000000,163.083408,31064.244490
20,Baseline,1680,16408851519208.269531,100.000000,163.083408,31064.244490
20,Baseline,1700,16408851519208.269531,100.000000,163.083408,31064.244490
20,Baseline,1720,16408851519208.269531,100.000000,163.083408,31064.244490
20,Baseline,1740,16408851519208.269531,100.000000,163.083408,31064.244490
20,Baseline,1760,16408851519208.269531,100.000000,163.083408,31064.244490
20,Baseline,1780,16408851519208.269531,100.000000,163.083408,31064.244490
20,Baseline,1800,16408851519208.269531,100.000000,163.083408,31064.244490
20,Baseline,1820,16408851519208.269531,100.000000,163.083408,31064.244490
20,Baseline,1840,16408851519208.269531,100.000000,163.083408,31064.244490
20,Baseline,1860,16408851519208.269531,100.000000,163.083408,31064.244490
20,Baseline,1880,16408851519208.269531,100.000000,163.083408,31064.244490
20,Baseline,1900,16408851519208.269531,100.000000,163.083408,31064.244490
20,Baseline,1920,16408851519208.269531,100.000000,163.083408,31064.244490
20,Baseline,1940,16408851519208.269531,100.000000,163.083408,31064.244490
20,Baseline,1960,16408851519208.269531,100.000000,163.083408,31064.244490
20,Baseline,1980,16408851519208.269531,100.000000,163.083408,31064.244490
20,Baseline,2000,16408851519208.269531,100.000000,163.083408,31064.244490
20,Proposed,20,17136985852151.648438,87.333333,606173.946711,332598696564.799255
20,Proposed,40,17136985852151.648438,87.333333,606173.946711,332598696564.799255
20,Proposed,60,17136985852151.648438,87.333333,606173.946711,332598696564.799255
20,Proposed,80,17136985852151.648438,87.333333,606173.946711,332598696564.799255
20,Proposed,100,17136985852151.648438,87.333333,606173.946711,332598696564.799255
20,Proposed,120,17136985852151.648438,87.333333,606173.946711,332598696564.799255
20,Proposed,140,17136985852151.648438,87.333333,606173.946711,332598696564.799255
20,Proposed,160,17136985852151.648438,87.333333,606173.946711,332598696564.799255
20,Proposed,180,17136985852151.648438,87.333333,606173.946711,332598696564.799255
20,Proposed,200,17136985852151.648438,87.333333,606173.946711,332598696564.799255
20,Proposed,220,17136985852151.648438,87.333333,606173.946711,332598696564.799255
20,Proposed,240,17136985852151.648438,87.333333,606173.946711,332598696564.799255
20,Proposed,260,17136985852151.648438,87.333333,606173.946711,332598696564.799255
20,Proposed,280,17136985852151.648438,87.333333,606173.946711,332598696564.799255
20,Proposed,300,17136985852151.648438,87.333333,606173.946711,332598696564.799255
20,Proposed,320,17136985852151.648438,87.333333,606173.946711,332598696564.799255
20,Proposed,340,17136985852151.648438,87.333333,606173.946711,332598696564.799255
20,Proposed,360,17136985852151.648438,87.333333,606173.946711,332598696564.799255
20,Proposed,380,17136985852151.648438,87.333333,606173.946711,332598696564.799255
20,Proposed,400,17136985852151.648438,87.333333,606173.946711,332598696564.799255
20,Proposed,420,17136985852151.648438,87.333333,606173.946711,332598696564.799255
20,Proposed,440,17136985852151.648438,87.333333,606173.946711,332598696564.799255
20,Proposed,460,17136985852151.648438,87.333333,606173.946711,332598696564.799255
20,Proposed,480,17136985852151.648438,87.333333,606173.946711,332598696564.799255
20,Proposed,500,17136985852151.648438,87.333333,606173.946711,332598696564.799255
20,Proposed,520,17136985852151.648438,87.333333,606173.946711,332598696564.799255
20,Proposed,540,17136985852151.648438,87.333333,606173.946711,332598696564.799255
20,Proposed,560,17136985852151.648438,87.333333,606173.946711,332598696564.799255
20,Proposed,580,17136985852151.648438,87.333333,606173.946711,332598696564.799255
20,Proposed,600,17136985852151.648438,87.333333,606173.946711,332598696564.799255
20,Proposed,620,17136985852151.648438,87.333333,606173.946711,332598696564.799255
20,Proposed,640,17136985852151.648438,87.333333,606173.946711,332598696564.799255
20,Proposed,660,17136985852151.648438,87.333333,606173.946711,332598696564.799255
20,Proposed,680,17136985852151.648438,87.333333,606173.946711,332598696564.799255
20,Proposed,700,17136985852151.648438,87.333333,606173.946711,332598696564.799255
20,Proposed,720,17136985852151.648438,87.333333,606173.946711,332598696564.799255
20,Proposed,740,17136985852151.648438,87.333333,606173.946711,332598696564.799255
20,Proposed,760,17136985852151.648438,87.333333,606173.946711,332598696564.799255
20,Proposed,780,17136985852151.648438,87.333333,606173.946711,332598696564.799255
20,Proposed,800,17136985852151.648438,87.333333,606173.946711,332598696564.799255
20,Proposed,820,17136985852151.648438,87.333333,606173.946711,332598696564.799255
20,Proposed,840,17136985852151.648438,87.333333,606173.946711,332598696564.799255
20,Proposed,860,17136985852151.648438,87.333333,606173.946711,332598696564.799255
20,Proposed,880,17136985852151.648438,87.333333,606173.946711,332598696564.799255
20,Proposed,900,17136985852151.648438,87.333333,606173.946711,332598696564.799255
20,Proposed,920,17136985852151.648438,87.333333,606173.946711,332598696564.799255
20,Proposed,940,17136985852151.648438,87.333333,606173.946711,332598696564.799255
20,Proposed,960,17136985852151.648438,87.333333,606173.946711,332598696564.799255
20,Proposed,980,17136985852151.648438,87.333333,606173.946711,332598696564.799255
20,Proposed,1000,17136985852151.648438,87.333333,606173.946711,332598696564.799255
