Run_ID,Method,Solution_ID,Net_AEP_GWh,Total_Cost_USD,Wake_Loss_Percentage,Electrical_Loss_Percentage,Num_Strings
1,Baseline,0,425.214631,268711.541940,0.000000,0.298121,11
1,Baseline,1,425.214631,268711.541940,0.000000,0.298121,11
1,Baseline,2,424.807465,298530.366729,0.000000,0.393591,6
1,Baseline,3,424.807465,298530.366729,0.000000,0.393591,6
1,Baseline,4,423.223322,213146.395397,0.000000,0.274174,16
1,Baseline,5,423.223322,213146.395397,0.000000,0.274174,16
1,Baseline,6,423.124805,203879.414213,0.000000,0.262346,16
1,Baseline,7,423.124805,203879.414213,0.000000,0.262346,16
1,Baseline,8,423.223322,213146.395397,0.000000,0.274174,16
1,Baseline,9,423.124805,203879.414213,0.000000,0.262346,16
1,Baseline,10,423.124805,203879.414213,0.000000,0.262346,16
1,Baseline,11,418.080569,203544.524963,0.000000,0.265068,16
1,Baseline,12,418.080569,203544.524963,0.000000,0.265068,16
1,Baseline,13,416.829246,206243.577918,0.000000,0.269377,16
1,Baseline,14,416.829246,206243.577918,0.000000,0.269377,16
1,Baseline,15,405.354121,196216.021952,0.000000,0.263551,16
1,Baseline,16,405.354121,196216.021952,0.000000,0.263551,16
1,Baseline,17,403.726029,194435.874631,0.000000,0.262216,16
1,Baseline,18,403.726029,194435.874631,0.000000,0.262216,16
1,Baseline,19,403.271832,191180.141640,0.000000,0.258127,16
1,Baseline,20,403.271832,191180.141640,0.000000,0.258127,16
1,Baseline,21,403.247157,188104.824411,0.000000,0.254001,16
1,Baseline,22,403.247157,188104.824411,0.000000,0.254001,16
1,Baseline,23,401.583521,182907.293198,0.000000,0.248020,16
1,Baseline,24,401.583521,182907.293198,0.000000,0.248020,16
1,Baseline,25,400.551923,183245.907606,0.000000,0.249117,16
1,Baseline,26,400.551923,183245.907606,0.000000,0.249117,16
1,Baseline,27,396.031191,184142.484197,0.000000,0.253183,16
1,Baseline,28,396.031191,184142.484197,0.000000,0.253183,16
1,Baseline,29,394.023452,178504.545712,0.000000,0.246698,16
1,Baseline,30,394.023452,178504.545712,0.000000,0.246698,16
1,Baseline,31,389.667946,163128.755359,0.000000,0.228011,16
1,Baseline,32,389.762443,210184.572108,0.000000,0.203815,14
1,Baseline,33,384.152518,155833.011331,0.000000,0.220956,16
1,Baseline,34,384.321220,202698.031119,0.000000,0.177138,15
1,Baseline,35,376.083483,203267.199153,0.000000,0.174853,15
1,Baseline,36,376.083483,203267.199153,0.000000,0.174853,15
1,Baseline,37,375.860613,200753.440550,0.000000,0.186397,15
1,Baseline,38,375.711917,155816.304871,0.000000,0.225884,16
1,Baseline,39,375.725474,209022.885802,0.000000,0.187555,15
1,Baseline,40,375.561039,159453.418602,0.000000,0.231238,16
1,Baseline,41,375.319936,193832.396897,0.000000,0.174581,15
1,Baseline,42,375.319936,193832.396897,0.000000,0.174581,15
1,Baseline,43,374.242266,175614.350469,0.000000,0.160756,15
1,Baseline,44,374.191304,171690.787538,0.000000,0.174351,14
1,Baseline,45,370.146237,174984.188497,0.000000,0.173004,14
1,Baseline,46,370.146237,174984.188497,0.000000,0.173004,14
1,Baseline,47,366.125202,176641.098212,0.000000,0.174290,14
1,Baseline,48,366.125202,176641.098212,0.000000,0.174290,14
1,Baseline,49,363.998359,164991.008556,0.000000,0.172619,14
1,Baseline,50,363.998359,164991.008556,0.000000,0.172619,14
1,Baseline,51,361.763814,163321.622531,0.000000,0.150223,14
1,Baseline,52,361.763814,163321.622531,0.000000,0.150223,14
1,Baseline,53,361.123517,159201.342865,0.000000,0.162467,14
1,Baseline,54,361.123517,159201.342865,0.000000,0.162467,14
1,Baseline,55,360.702911,167271.388001,0.000000,0.163450,14
1,Baseline,56,360.634760,156011.678382,0.000000,0.182313,13
1,Baseline,57,358.090266,170123.532132,0.000000,0.168700,14
1,Baseline,58,358.019326,157063.570153,0.000000,0.188477,13
1,Baseline,59,357.401663,153873.183326,0.000000,0.157910,14
1,Baseline,60,357.337998,143299.435267,0.000000,0.175695,13
1,Baseline,61,352.942215,159472.273765,0.000000,0.153016,14
1,Baseline,62,352.942215,159472.273765,0.000000,0.153016,14
1,Baseline,63,346.458430,158082.957642,0.000000,0.158070,14
1,Baseline,64,346.458430,158082.957642,0.000000,0.158070,14
1,Baseline,65,334.111496,134397.848683,0.000000,0.191895,13
1,Baseline,66,334.175584,146157.978756,0.000000,0.172750,14
1,Baseline,67,334.175584,146157.978756,0.000000,0.172750,14
1,Baseline,68,334.175584,146157.978756,0.000000,0.172750,14
1,Baseline,69,334.111496,134397.848683,0.000000,0.191895,13
1,Baseline,70,334.175584,146157.978756,0.000000,0.172750,14
1,Baseline,71,334.175584,146157.978756,0.000000,0.172750,14
1,Baseline,72,334.111496,134397.848683,0.000000,0.191895,13
1,Baseline,73,334.111496,134397.848683,0.000000,0.191895,13
1,Baseline,74,334.175584,146157.978756,0.000000,0.172750,14
1,Baseline,75,334.111496,134397.848683,0.000000,0.191895,13
1,Baseline,76,334.175584,146157.978756,0.000000,0.172750,14
1,Baseline,77,334.111496,134397.848683,0.000000,0.191895,13
1,Baseline,78,334.175584,146157.978756,0.000000,0.172750,14
1,Baseline,79,334.111496,134397.848683,0.000000,0.191895,13
1,Baseline,80,334.111496,134397.848683,0.000000,0.191895,13
1,Baseline,81,334.111496,134397.848683,0.000000,0.191895,13
1,Baseline,82,334.175584,146157.978756,0.000000,0.172750,14
1,Baseline,83,334.112985,117400.983788,0.000000,0.191451,16
1,Baseline,84,334.111496,134397.848683,0.000000,0.191895,13
1,Baseline,85,334.111496,134397.848683,0.000000,0.191895,13
1,Baseline,86,334.111496,134397.848683,0.000000,0.191895,13
1,Baseline,87,334.111496,134397.848683,0.000000,0.191895,13
1,Baseline,88,334.175584,146157.978756,0.000000,0.172750,14
1,Baseline,89,334.111496,134397.848683,0.000000,0.191895,13
1,Baseline,90,334.175584,146157.978756,0.000000,0.172750,14
1,Baseline,91,334.111496,134397.848683,0.000000,0.191895,13
1,Baseline,92,334.175584,146157.978756,0.000000,0.172750,14
1,Baseline,93,334.175584,146157.978756,0.000000,0.172750,14
1,Baseline,94,334.175584,146157.978756,0.000000,0.172750,14
1,Baseline,95,334.175584,146157.978756,0.000000,0.172750,14
1,Baseline,96,334.111496,134397.848683,0.000000,0.191895,13
1,Baseline,97,334.175584,146157.978756,0.000000,0.172750,14
1,Baseline,98,334.111496,134397.848683,0.000000,0.191895,13
1,Baseline,99,334.111496,134397.848683,0.000000,0.191895,13
1,Baseline,100,334.111496,134397.848683,0.000000,0.191895,13
1,Baseline,101,334.175584,146157.978756,0.000000,0.172750,14
1,Baseline,102,334.175584,146157.978756,0.000000,0.172750,14
1,Baseline,103,334.111496,134397.848683,0.000000,0.191895,13
1,Baseline,104,334.111496,134397.848683,0.000000,0.191895,13
1,Baseline,105,334.111496,134397.848683,0.000000,0.191895,13
1,Baseline,106,334.175584,146157.978756,0.000000,0.172750,14
1,Baseline,107,334.175584,146157.978756,0.000000,0.172750,14
1,Baseline,108,334.111496,134397.848683,0.000000,0.191895,13
1,Baseline,109,334.111496,134397.848683,0.000000,0.191895,13
1,Baseline,110,334.111496,134397.848683,0.000000,0.191895,13
1,Baseline,111,334.111496,134397.848683,0.000000,0.191895,13
1,Baseline,112,334.175584,146157.978756,0.000000,0.172750,14
1,Baseline,113,334.111496,134397.848683,0.000000,0.191895,13
1,Baseline,114,334.111496,134397.848683,0.000000,0.191895,13
1,Baseline,115,334.175584,146157.978756,0.000000,0.172750,14
1,Baseline,116,334.175584,146157.978756,0.000000,0.172750,14
1,Baseline,117,334.111496,134397.848683,0.000000,0.191895,13
1,Baseline,118,334.175584,146157.978756,0.000000,0.172750,14
1,Baseline,119,334.086266,129743.168887,0.000000,0.199432,12
1,Baseline,120,334.111496,134397.848683,0.000000,0.191895,13
1,Baseline,121,334.175584,146157.978756,0.000000,0.172750,14
1,Baseline,122,334.111496,134397.848683,0.000000,0.191895,13
1,Baseline,123,334.175584,146157.978756,0.000000,0.172750,14
1,Baseline,124,334.111496,134397.848683,0.000000,0.191895,13
1,Baseline,125,334.111496,134397.848683,0.000000,0.191895,13
1,Baseline,126,334.175584,146157.978756,0.000000,0.172750,14
1,Baseline,127,334.111496,134397.848683,0.000000,0.191895,13
1,Baseline,128,334.111496,134397.848683,0.000000,0.191895,13
1,Baseline,129,334.111496,134397.848683,0.000000,0.191895,13
1,Baseline,130,334.111496,134397.848683,0.000000,0.191895,13
1,Baseline,131,334.111496,134397.848683,0.000000,0.191895,13
1,Baseline,132,334.175584,146157.978756,0.000000,0.172750,14
1,Baseline,133,334.111496,134397.848683,0.000000,0.191895,13
1,Baseline,134,334.175584,146157.978756,0.000000,0.172750,14
1,Baseline,135,334.175584,146157.978756,0.000000,0.172750,14
1,Baseline,136,334.111496,134397.848683,0.000000,0.191895,13
1,Baseline,137,334.111496,134397.848683,0.000000,0.191895,13
1,Baseline,138,334.111496,134397.848683,0.000000,0.191895,13
1,Baseline,139,334.111496,134397.848683,0.000000,0.191895,13
1,Baseline,140,334.175584,146157.978756,0.000000,0.172750,14
1,Baseline,141,334.175584,146157.978756,0.000000,0.172750,14
1,Baseline,142,334.111496,134397.848683,0.000000,0.191895,13
1,Baseline,143,334.111496,134397.848683,0.000000,0.191895,13
1,Baseline,144,334.111496,134397.848683,0.000000,0.191895,13
1,Baseline,145,334.175584,146157.978756,0.000000,0.172750,14
1,Baseline,146,334.233216,150314.282404,0.000000,0.155534,15
1,Baseline,147,334.175584,146157.978756,0.000000,0.172750,14
1,Baseline,148,334.175584,146157.978756,0.000000,0.172750,14
1,Baseline,149,334.111496,134397.848683,0.000000,0.191895,13
1,Baseline,150,334.111496,134397.848683,0.000000,0.191895,13
1,Baseline,151,334.111496,134397.848683,0.000000,0.191895,13
1,Baseline,152,334.111496,134397.848683,0.000000,0.191895,13
1,Baseline,153,334.175584,146157.978756,0.000000,0.172750,14
1,Baseline,154,334.112985,117400.983788,0.000000,0.191451,16
1,Baseline,155,334.111496,134397.848683,0.000000,0.191895,13
1,Baseline,156,334.111496,134397.848683,0.000000,0.191895,13
1,Baseline,157,334.111496,134397.848683,0.000000,0.191895,13
1,Baseline,158,334.111496,134397.848683,0.000000,0.191895,13
1,Baseline,159,334.175584,146157.978756,0.000000,0.172750,14
1,Baseline,160,334.175584,146157.978756,0.000000,0.172750,14
1,Baseline,161,334.175584,146157.978756,0.000000,0.172750,14
1,Baseline,162,334.111496,134397.848683,0.000000,0.191895,13
1,Baseline,163,334.111496,134397.848683,0.000000,0.191895,13
1,Baseline,164,334.175584,146157.978756,0.000000,0.172750,14
1,Baseline,165,334.111496,134397.848683,0.000000,0.191895,13
1,Baseline,166,334.111496,134397.848683,0.000000,0.191895,13
1,Baseline,167,334.175584,146157.978756,0.000000,0.172750,14
1,Baseline,168,334.111496,134397.848683,0.000000,0.191895,13
1,Baseline,169,334.111496,134397.848683,0.000000,0.191895,13
1,Baseline,170,334.111496,134397.848683,0.000000,0.191895,13
1,Baseline,171,334.175584,146157.978756,0.000000,0.172750,14
1,Baseline,172,334.111496,134397.848683,0.000000,0.191895,13
1,Baseline,173,334.175584,146157.978756,0.000000,0.172750,14
1,Baseline,174,334.175584,146157.978756,0.000000,0.172750,14
1,Baseline,175,334.111496,134397.848683,0.000000,0.191895,13
1,Baseline,176,334.175584,146157.978756,0.000000,0.172750,14
1,Baseline,177,334.233216,150314.282404,0.000000,0.155534,15
1,Baseline,178,334.111496,134397.848683,0.000000,0.191895,13
1,Baseline,179,334.111496,134397.848683,0.000000,0.191895,13
1,Baseline,180,334.111496,134397.848683,0.000000,0.191895,13
1,Baseline,181,334.111496,134397.848683,0.000000,0.191895,13
1,Baseline,182,334.175584,146157.978756,0.000000,0.172750,14
1,Baseline,183,334.111496,134397.848683,0.000000,0.191895,13
1,Baseline,184,334.175584,146157.978756,0.000000,0.172750,14
1,Baseline,185,334.111496,134397.848683,0.000000,0.191895,13
1,Baseline,186,334.086266,129743.168887,0.000000,0.199432,12
1,Baseline,187,334.111496,134397.848683,0.000000,0.191895,13
1,Baseline,188,334.111496,134397.848683,0.000000,0.191895,13
1,Baseline,189,334.111496,134397.848683,0.000000,0.191895,13
1,Baseline,190,334.175584,146157.978756,0.000000,0.172750,14
1,Baseline,191,334.233216,150314.282404,0.000000,0.155534,15
1,Baseline,192,334.175584,146157.978756,0.000000,0.172750,14
1,Baseline,193,334.111496,134397.848683,0.000000,0.191895,13
1,Baseline,194,334.111496,134397.848683,0.000000,0.191895,13
1,Baseline,195,334.111496,134397.848683,0.000000,0.191895,13
1,Baseline,196,334.175584,146157.978756,0.000000,0.172750,14
1,Baseline,197,334.111496,134397.848683,0.000000,0.191895,13
1,Baseline,198,334.111496,134397.848683,0.000000,0.191895,13
1,Baseline,199,334.111496,134397.848683,0.000000,0.191895,13
1,Baseline,200,334.111496,134397.848683,0.000000,0.191895,13
1,Baseline,201,334.111496,134397.848683,0.000000,0.191895,13
1,Baseline,202,334.175584,146157.978756,0.000000,0.172750,14
1,Baseline,203,334.111496,134397.848683,0.000000,0.191895,13
1,Baseline,204,334.175584,146157.978756,0.000000,0.172750,14
1,Baseline,205,334.112985,117400.983788,0.000000,0.191451,16
1,Baseline,206,334.111496,134397.848683,0.000000,0.191895,13
1,Baseline,207,334.175584,146157.978756,0.000000,0.172750,14
1,Baseline,208,334.175584,146157.978756,0.000000,0.172750,14
1,Baseline,209,334.175584,146157.978756,0.000000,0.172750,14
1,Baseline,210,334.175584,146157.978756,0.000000,0.172750,14
1,Baseline,211,334.111496,134397.848683,0.000000,0.191895,13
1,Baseline,212,334.175584,146157.978756,0.000000,0.172750,14
1,Baseline,213,334.175584,146157.978756,0.000000,0.172750,14
1,Baseline,214,334.111496,134397.848683,0.000000,0.191895,13
1,Baseline,215,334.175584,146157.978756,0.000000,0.172750,14
1,Baseline,216,334.111496,134397.848683,0.000000,0.191895,13
1,Baseline,217,334.175584,146157.978756,0.000000,0.172750,14
1,Baseline,218,334.175584,146157.978756,0.000000,0.172750,14
1,Baseline,219,334.175584,146157.978756,0.000000,0.172750,14
1,Baseline,220,334.111496,134397.848683,0.000000,0.191895,13
1,Baseline,221,334.111496,134397.848683,0.000000,0.191895,13
1,Baseline,222,334.175584,146157.978756,0.000000,0.172750,14
1,Baseline,223,334.233216,150314.282404,0.000000,0.155534,15
1,Baseline,224,334.111496,134397.848683,0.000000,0.191895,13
1,Baseline,225,334.175584,146157.978756,0.000000,0.172750,14
1,Baseline,226,334.175584,146157.978756,0.000000,0.172750,14
1,Baseline,227,334.111496,134397.848683,0.000000,0.191895,13
1,Baseline,228,334.111496,134397.848683,0.000000,0.191895,13
1,Baseline,229,334.111496,134397.848683,0.000000,0.191895,13
1,Baseline,230,334.111496,134397.848683,0.000000,0.191895,13
1,Baseline,231,334.111496,134397.848683,0.000000,0.191895,13
1,Baseline,232,334.111496,134397.848683,0.000000,0.191895,13
1,Baseline,233,334.111496,134397.848683,0.000000,0.191895,13
1,Baseline,234,334.111496,134397.848683,0.000000,0.191895,13
1,Baseline,235,334.111496,134397.848683,0.000000,0.191895,13
1,Baseline,236,334.111496,134397.848683,0.000000,0.191895,13
1,Baseline,237,334.111496,134397.848683,0.000000,0.191895,13
1,Baseline,238,334.175584,146157.978756,0.000000,0.172750,14
1,Baseline,239,334.112985,117400.983788,0.000000,0.191451,16
1,Baseline,240,334.111496,134397.848683,0.000000,0.191895,13
1,Baseline,241,334.111496,134397.848683,0.000000,0.191895,13
1,Baseline,242,334.111496,134397.848683,0.000000,0.191895,13
1,Baseline,243,334.111496,134397.848683,0.000000,0.191895,13
1,Baseline,244,334.175584,146157.978756,0.000000,0.172750,14
1,Baseline,245,334.175584,146157.978756,0.000000,0.172750,14
1,Baseline,246,334.175584,146157.978756,0.000000,0.172750,14
1,Baseline,247,334.111496,134397.848683,0.000000,0.191895,13
1,Baseline,248,334.111496,134397.848683,0.000000,0.191895,13
1,Baseline,249,334.111496,134397.848683,0.000000,0.191895,13
1,Baseline,250,334.175584,146157.978756,0.000000,0.172750,14
1,Baseline,251,334.175584,146157.978756,0.000000,0.172750,14
1,Baseline,252,334.175584,146157.978756,0.000000,0.172750,14
1,Baseline,253,334.175584,146157.978756,0.000000,0.172750,14
1,Baseline,254,334.175584,146157.978756,0.000000,0.172750,14
1,Baseline,255,334.111496,134397.848683,0.000000,0.191895,13
1,Baseline,256,334.111496,134397.848683,0.000000,0.191895,13
1,Baseline,257,334.111496,134397.848683,0.000000,0.191895,13
1,Baseline,258,334.111496,134397.848683,0.000000,0.191895,13
1,Baseline,259,334.175584,146157.978756,0.000000,0.172750,14
1,Baseline,260,334.111496,134397.848683,0.000000,0.191895,13
1,Baseline,261,334.111496,134397.848683,0.000000,0.191895,13
1,Baseline,262,334.175584,146157.978756,0.000000,0.172750,14
1,Baseline,263,334.111496,134397.848683,0.000000,0.191895,13
1,Baseline,264,334.175584,146157.978756,0.000000,0.172750,14
1,Baseline,265,334.111496,134397.848683,0.000000,0.191895,13
1,Baseline,266,334.111496,134397.848683,0.000000,0.191895,13
1,Baseline,267,334.233216,150314.282404,0.000000,0.155534,15
1,Baseline,268,334.233216,150314.282404,0.000000,0.155534,15
1,Baseline,269,334.233216,150314.282404,0.000000,0.155534,15
1,Baseline,270,334.175584,146157.978756,0.000000,0.172750,14
1,Baseline,271,334.111496,134397.848683,0.000000,0.191895,13
1,Baseline,272,334.111496,134397.848683,0.000000,0.191895,13
1,Baseline,273,334.111496,134397.848683,0.000000,0.191895,13
1,Baseline,274,334.175584,146157.978756,0.000000,0.172750,14
1,Baseline,275,334.175584,146157.978756,0.000000,0.172750,14
1,Baseline,276,334.175584,146157.978756,0.000000,0.172750,14
1,Baseline,277,334.111496,134397.848683,0.000000,0.191895,13
1,Baseline,278,334.111496,134397.848683,0.000000,0.191895,13
1,Baseline,279,334.111496,134397.848683,0.000000,0.191895,13
1,Baseline,280,334.111496,134397.848683,0.000000,0.191895,13
1,Baseline,281,334.111496,134397.848683,0.000000,0.191895,13
1,Proposed,0,462.635174,532977.941805,0.000000,0.624969,16
1,Proposed,1,462.635174,532977.941805,0.000000,0.624969,16
1,Proposed,2,462.635174,532977.941805,0.000000,0.624969,16
1,Proposed,3,462.635174,532977.941805,0.000000,0.624969,16
1,Proposed,4,462.635174,532977.941805,0.000000,0.624969,16
1,Proposed,5,462.635174,532977.941805,0.000000,0.624969,16
1,Proposed,6,462.635174,532977.941805,0.000000,0.624969,16
1,Proposed,7,462.635174,532977.941805,0.000000,0.624969,16
1,Proposed,8,462.635174,532977.941805,0.000000,0.624969,16
1,Proposed,9,462.635174,532977.941805,0.000000,0.624969,16
1,Proposed,10,462.635174,532977.941805,0.000000,0.624969,16
1,Proposed,11,462.635174,532977.941805,0.000000,0.624969,16
1,Proposed,12,462.635174,532977.941805,0.000000,0.624969,16
1,Proposed,13,462.635174,532977.941805,0.000000,0.624969,16
1,Proposed,14,462.635174,532977.941805,0.000000,0.624969,16
1,Proposed,15,462.635174,532977.941805,0.000000,0.624969,16
1,Proposed,16,462.635174,532977.941805,0.000000,0.624969,16
1,Proposed,17,462.635174,532977.941805,0.000000,0.624969,16
1,Proposed,18,462.635174,532977.941805,0.000000,0.624969,16
1,Proposed,19,462.635174,532977.941805,0.000000,0.624969,16
1,Proposed,20,462.635174,532977.941805,0.000000,0.624969,16
1,Proposed,21,462.635174,532977.941805,0.000000,0.624969,16
1,Proposed,22,462.635174,532977.941805,0.000000,0.624969,16
1,Proposed,23,462.635174,532977.941805,0.000000,0.624969,16
1,Proposed,24,462.635174,532977.941805,0.000000,0.624969,16
1,Proposed,25,462.635174,532977.941805,0.000000,0.624969,16
1,Proposed,26,462.635174,532977.941805,0.000000,0.624969,16
1,Proposed,27,462.635174,532977.941805,0.000000,0.624969,16
1,Proposed,28,462.635174,532977.941805,0.000000,0.624969,16
1,Proposed,29,462.635174,532977.941805,0.000000,0.624969,16
1,Proposed,30,462.635174,532977.941805,0.000000,0.624969,16
1,Proposed,31,462.635174,532977.941805,0.000000,0.624969,16
1,Proposed,32,462.635174,532977.941805,0.000000,0.624969,16
1,Proposed,33,462.635174,532977.941805,0.000000,0.624969,16
1,Proposed,34,462.635174,532977.941805,0.000000,0.624969,16
1,Proposed,35,462.635174,532977.941805,0.000000,0.624969,16
1,Proposed,36,462.635174,532977.941805,0.000000,0.624969,16
1,Proposed,37,462.635174,532977.941805,0.000000,0.624969,16
1,Proposed,38,462.635174,532977.941805,0.000000,0.624969,16
1,Proposed,39,462.635174,532977.941805,0.000000,0.624969,16
1,Proposed,40,462.635174,532977.941805,0.000000,0.624969,16
1,Proposed,41,462.635174,532977.941805,0.000000,0.624969,16
1,Proposed,42,462.635174,532977.941805,0.000000,0.624969,16
1,Proposed,43,462.635174,532977.941805,0.000000,0.624969,16
1,Proposed,44,462.635174,532977.941805,0.000000,0.624969,16
1,Proposed,45,462.635174,532977.941805,0.000000,0.624969,16
1,Proposed,46,462.635174,532977.941805,0.000000,0.624969,16
1,Proposed,47,462.635174,532977.941805,0.000000,0.624969,16
1,Proposed,48,462.635174,532977.941805,0.000000,0.624969,16
1,Proposed,49,462.635174,532977.941805,0.000000,0.624969,16
1,Proposed,50,462.635174,532977.941805,0.000000,0.624969,16
1,Proposed,51,462.635174,532977.941805,0.000000,0.624969,16
1,Proposed,52,462.635174,532977.941805,0.000000,0.624969,16
1,Proposed,53,462.635174,532977.941805,0.000000,0.624969,16
1,Proposed,54,462.635174,532977.941805,0.000000,0.624969,16
1,Proposed,55,462.635174,532977.941805,0.000000,0.624969,16
1,Proposed,56,462.635174,532977.941805,0.000000,0.624969,16
1,Proposed,57,462.635174,532977.941805,0.000000,0.624969,16
1,Proposed,58,462.635174,532977.941805,0.000000,0.624969,16
1,Proposed,59,462.635174,532977.941805,0.000000,0.624969,16
1,Proposed,60,462.635174,532977.941805,0.000000,0.624969,16
1,Proposed,61,462.635174,532977.941805,0.000000,0.624969,16
1,Proposed,62,462.635174,532977.941805,0.000000,0.624969,16
1,Proposed,63,462.635174,532977.941805,0.000000,0.624969,16
1,Proposed,64,462.635174,532977.941805,0.000000,0.624969,16
1,Proposed,65,462.635174,532977.941805,0.000000,0.624969,16
1,Proposed,66,462.635174,532977.941805,0.000000,0.624969,16
1,Proposed,67,462.635174,532977.941805,0.000000,0.624969,16
1,Proposed,68,462.635174,532977.941805,0.000000,0.624969,16
1,Proposed,69,462.635174,532977.941805,0.000000,0.624969,16
1,Proposed,70,462.635174,532977.941805,0.000000,0.624969,16
1,Proposed,71,462.635174,532977.941805,0.000000,0.624969,16
1,Proposed,72,462.635174,532977.941805,0.000000,0.624969,16
1,Proposed,73,462.635174,532977.941805,0.000000,0.624969,16
1,Proposed,74,462.635174,532977.941805,0.000000,0.624969,16
1,Proposed,75,462.635174,532977.941805,0.000000,0.624969,16
1,Proposed,76,462.635174,532977.941805,0.000000,0.624969,16
1,Proposed,77,462.635174,532977.941805,0.000000,0.624969,16
1,Proposed,78,462.635174,532977.941805,0.000000,0.624969,16
1,Proposed,79,462.635174,532977.941805,0.000000,0.624969,16
1,Proposed,80,462.635174,532977.941805,0.000000,0.624969,16
1,Proposed,81,462.635174,532977.941805,0.000000,0.624969,16
1,Proposed,82,462.635174,532977.941805,0.000000,0.624969,16
1,Proposed,83,462.635174,532977.941805,0.000000,0.624969,16
1,Proposed,84,462.635174,532977.941805,0.000000,0.624969,16
1,Proposed,85,462.635174,532977.941805,0.000000,0.624969,16
1,Proposed,86,462.635174,532977.941805,0.000000,0.624969,16
1,Proposed,87,462.635174,532977.941805,0.000000,0.624969,16
1,Proposed,88,462.635174,532977.941805,0.000000,0.624969,16
1,Proposed,89,462.635174,532977.941805,0.000000,0.624969,16
1,Proposed,90,462.635174,532977.941805,0.000000,0.624969,16
1,Proposed,91,462.635174,532977.941805,0.000000,0.624969,16
1,Proposed,92,462.635174,532977.941805,0.000000,0.624969,16
1,Proposed,93,462.635174,532977.941805,0.000000,0.624969,16
1,Proposed,94,462.635174,532977.941805,0.000000,0.624969,16
1,Proposed,95,462.635174,532977.941805,0.000000,0.624969,16
1,Proposed,96,462.635174,532977.941805,0.000000,0.624969,16
1,Proposed,97,462.635174,532977.941805,0.000000,0.624969,16
1,Proposed,98,462.635174,532977.941805,0.000000,0.624969,16
1,Proposed,99,462.635174,532977.941805,0.000000,0.624969,16
1,Proposed,100,462.635174,532977.941805,0.000000,0.624969,16
1,Proposed,101,462.635174,532977.941805,0.000000,0.624969,16
1,Proposed,102,462.635174,532977.941805,0.000000,0.624969,16
1,Proposed,103,462.635174,532977.941805,0.000000,0.624969,16
1,Proposed,104,462.635174,532977.941805,0.000000,0.624969,16
1,Proposed,105,462.635174,532977.941805,0.000000,0.624969,16
1,Proposed,106,462.635174,532977.941805,0.000000,0.624969,16
1,Proposed,107,462.635174,532977.941805,0.000000,0.624969,16
1,Proposed,108,462.635174,532977.941805,0.000000,0.624969,16
1,Proposed,109,462.635174,532977.941805,0.000000,0.624969,16
1,Proposed,110,462.635174,532977.941805,0.000000,0.624969,16
1,Proposed,111,462.635174,532977.941805,0.000000,0.624969,16
1,Proposed,112,462.635174,532977.941805,0.000000,0.624969,16
1,Proposed,113,462.635174,532977.941805,0.000000,0.624969,16
1,Proposed,114,462.635174,532977.941805,0.000000,0.624969,16
1,Proposed,115,462.635174,532977.941805,0.000000,0.624969,16
1,Proposed,116,462.635174,532977.941805,0.000000,0.624969,16
1,Proposed,117,462.635174,532977.941805,0.000000,0.624969,16
1,Proposed,118,462.635174,532977.941805,0.000000,0.624969,16
1,Proposed,119,462.635174,532977.941805,0.000000,0.624969,16
1,Proposed,120,462.635174,532977.941805,0.000000,0.624969,16
1,Proposed,121,462.635174,532977.941805,0.000000,0.624969,16
1,Proposed,122,462.635174,532977.941805,0.000000,0.624969,16
1,Proposed,123,462.635174,532977.941805,0.000000,0.624969,16
1,Proposed,124,462.635174,532977.941805,0.000000,0.624969,16
1,Proposed,125,462.635174,532977.941805,0.000000,0.624969,16
1,Proposed,126,462.635174,532977.941805,0.000000,0.624969,16
1,Proposed,127,462.635174,532977.941805,0.000000,0.624969,16
1,Proposed,128,462.635174,532977.941805,0.000000,0.624969,16
1,Proposed,129,462.635174,532977.941805,0.000000,0.624969,16
1,Proposed,130,462.635174,532977.941805,0.000000,0.624969,16
1,Proposed,131,462.635174,532977.941805,0.000000,0.624969,16
1,Proposed,132,462.635174,532977.941805,0.000000,0.624969,16
1,Proposed,133,462.635174,532977.941805,0.000000,0.624969,16
1,Proposed,134,462.635174,532977.941805,0.000000,0.624969,16
1,Proposed,135,462.635174,532977.941805,0.000000,0.624969,16
1,Proposed,136,462.635174,532977.941805,0.000000,0.624969,16
1,Proposed,137,462.635174,532977.941805,0.000000,0.624969,16
1,Proposed,138,462.635174,532977.941805,0.000000,0.624969,16
1,Proposed,139,462.635174,532977.941805,0.000000,0.624969,16
1,Proposed,140,462.635174,532977.941805,0.000000,0.624969,16
1,Proposed,141,462.635174,532977.941805,0.000000,0.624969,16
1,Proposed,142,462.635174,532977.941805,0.000000,0.624969,16
1,Proposed,143,462.635174,532977.941805,0.000000,0.624969,16
1,Proposed,144,462.635174,532977.941805,0.000000,0.624969,16
1,Proposed,145,462.635174,532977.941805,0.000000,0.624969,16
1,Proposed,146,462.635174,532977.941805,0.000000,0.624969,16
1,Proposed,147,462.635174,532977.941805,0.000000,0.624969,16
1,Proposed,148,462.635174,532977.941805,0.000000,0.624969,16
1,Proposed,149,462.635174,532977.941805,0.000000,0.624969,16
1,Proposed,150,462.635174,532977.941805,0.000000,0.624969,16
1,Proposed,151,462.635174,532977.941805,0.000000,0.624969,16
1,Proposed,152,462.635174,532977.941805,0.000000,0.624969,16
1,Proposed,153,462.635174,532977.941805,0.000000,0.624969,16
1,Proposed,154,462.635174,532977.941805,0.000000,0.624969,16
1,Proposed,155,462.635174,532977.941805,0.000000,0.624969,16
1,Proposed,156,462.635174,532977.941805,0.000000,0.624969,16
1,Proposed,157,462.635174,532977.941805,0.000000,0.624969,16
1,Proposed,158,462.635174,532977.941805,0.000000,0.624969,16
1,Proposed,159,462.635174,532977.941805,0.000000,0.624969,16
1,Proposed,160,462.635174,532977.941805,0.000000,0.624969,16
1,Proposed,161,462.635174,532977.941805,0.000000,0.624969,16
1,Proposed,162,462.635174,532977.941805,0.000000,0.624969,16
1,Proposed,163,462.635174,532977.941805,0.000000,0.624969,16
1,Proposed,164,462.635174,532977.941805,0.000000,0.624969,16
1,Proposed,165,462.635174,532977.941805,0.000000,0.624969,16
1,Proposed,166,462.635174,532977.941805,0.000000,0.624969,16
1,Proposed,167,462.635174,532977.941805,0.000000,0.624969,16
1,Proposed,168,462.635174,532977.941805,0.000000,0.624969,16
1,Proposed,169,462.635174,532977.941805,0.000000,0.624969,16
1,Proposed,170,462.635174,532977.941805,0.000000,0.624969,16
1,Proposed,171,462.635174,532977.941805,0.000000,0.624969,16
1,Proposed,172,462.635174,532977.941805,0.000000,0.624969,16
1,Proposed,173,462.635174,532977.941805,0.000000,0.624969,16
1,Proposed,174,462.635174,532977.941805,0.000000,0.624969,16
1,Proposed,175,462.635174,532977.941805,0.000000,0.624969,16
1,Proposed,176,462.635174,532977.941805,0.000000,0.624969,16
1,Proposed,177,462.635174,532977.941805,0.000000,0.624969,16
1,Proposed,178,462.635174,532977.941805,0.000000,0.624969,16
1,Proposed,179,462.635174,532977.941805,0.000000,0.624969,16
1,Proposed,180,462.635174,532977.941805,0.000000,0.624969,16
1,Proposed,181,462.635174,532977.941805,0.000000,0.624969,16
1,Proposed,182,462.635174,532977.941805,0.000000,0.624969,16
1,Proposed,183,462.635174,532977.941805,0.000000,0.624969,16
1,Proposed,184,462.635174,532977.941805,0.000000,0.624969,16
1,Proposed,185,462.635174,532977.941805,0.000000,0.624969,16
1,Proposed,186,462.635174,532977.941805,0.000000,0.624969,16
1,Proposed,187,462.635174,532977.941805,0.000000,0.624969,16
1,Proposed,188,462.635174,532977.941805,0.000000,0.624969,16
1,Proposed,189,462.635174,532977.941805,0.000000,0.624969,16
1,Proposed,190,462.635174,532977.941805,0.000000,0.624969,16
1,Proposed,191,462.635174,532977.941805,0.000000,0.624969,16
1,Proposed,192,462.635174,532977.941805,0.000000,0.624969,16
1,Proposed,193,462.635174,532977.941805,0.000000,0.624969,16
1,Proposed,194,462.635174,532977.941805,0.000000,0.624969,16
1,Proposed,195,462.635174,532977.941805,0.000000,0.624969,16
1,Proposed,196,462.635174,532977.941805,0.000000,0.624969,16
1,Proposed,197,462.635174,532977.941805,0.000000,0.624969,16
1,Proposed,198,462.635174,532977.941805,0.000000,0.624969,16
1,Proposed,199,462.635174,532977.941805,0.000000,0.624969,16
1,Proposed,200,462.635174,532977.941805,0.000000,0.624969,16
1,Proposed,201,462.635174,532977.941805,0.000000,0.624969,16
1,Proposed,202,462.635174,532977.941805,0.000000,0.624969,16
1,Proposed,203,462.635174,532977.941805,0.000000,0.624969,16
1,Proposed,204,462.635174,532977.941805,0.000000,0.624969,16
1,Proposed,205,462.635174,532977.941805,0.000000,0.624969,16
1,Proposed,206,462.635174,532977.941805,0.000000,0.624969,16
1,Proposed,207,462.635174,532977.941805,0.000000,0.624969,16
1,Proposed,208,462.635174,532977.941805,0.000000,0.624969,16
1,Proposed,209,462.635174,532977.941805,0.000000,0.624969,16
1,Proposed,210,462.635174,532977.941805,0.000000,0.624969,16
1,Proposed,211,462.635174,532977.941805,0.000000,0.624969,16
1,Proposed,212,462.635174,532977.941805,0.000000,0.624969,16
1,Proposed,213,462.635174,532977.941805,0.000000,0.624969,16
1,Proposed,214,462.635174,532977.941805,0.000000,0.624969,16
1,Proposed,215,462.635174,532977.941805,0.000000,0.624969,16
1,Proposed,216,462.635174,532977.941805,0.000000,0.624969,16
1,Proposed,217,462.635174,532977.941805,0.000000,0.624969,16
1,Proposed,218,462.635174,532977.941805,0.000000,0.624969,16
1,Proposed,219,462.635174,532977.941805,0.000000,0.624969,16
1,Proposed,220,462.635174,532977.941805,0.000000,0.624969,16
1,Proposed,221,462.635174,532977.941805,0.000000,0.624969,16
1,Proposed,222,462.635174,532977.941805,0.000000,0.624969,16
1,Proposed,223,462.635174,532977.941805,0.000000,0.624969,16
1,Proposed,224,462.635174,532977.941805,0.000000,0.624969,16
1,Proposed,225,462.635174,532977.941805,0.000000,0.624969,16
1,Proposed,226,462.635174,532977.941805,0.000000,0.624969,16
1,Proposed,227,462.635174,532977.941805,0.000000,0.624969,16
1,Proposed,228,462.635174,532977.941805,0.000000,0.624969,16
1,Proposed,229,462.635174,532977.941805,0.000000,0.624969,16
1,Proposed,230,462.635174,532977.941805,0.000000,0.624969,16
1,Proposed,231,462.635174,532977.941805,0.000000,0.624969,16
1,Proposed,232,462.635174,532977.941805,0.000000,0.624969,16
1,Proposed,233,462.635174,532977.941805,0.000000,0.624969,16
1,Proposed,234,462.635174,532977.941805,0.000000,0.624969,16
1,Proposed,235,462.635174,532977.941805,0.000000,0.624969,16
1,Proposed,236,462.395082,532255.737365,0.000000,0.624449,16
1,Proposed,237,462.395082,532255.737365,0.000000,0.624449,16
1,Proposed,238,462.175198,519833.367604,0.000000,0.610253,16
1,Proposed,239,462.175198,519833.367604,0.000000,0.610253,16
1,Proposed,240,462.301446,524404.497837,0.000000,0.615419,16
1,Proposed,241,462.129361,524931.501042,0.000000,0.616261,16
1,Proposed,242,462.129361,524931.501042,0.000000,0.616261,16
1,Proposed,243,462.119485,525791.340128,0.000000,0.617278,16
1,Proposed,244,462.119485,525791.340128,0.000000,0.617278,16
1,Proposed,245,462.078231,519890.781564,0.000000,0.610447,16
1,Proposed,246,462.078231,519890.781564,0.000000,0.610447,16
1,Proposed,247,461.814532,526120.735326,0.000000,0.618067,16
1,Proposed,248,461.814532,526120.735326,0.000000,0.618067,16
1,Proposed,249,460.744903,519419.729909,0.000000,0.611651,16
1,Proposed,250,460.744903,519419.729909,0.000000,0.611651,16
1,Proposed,251,460.597949,516690.800479,0.000000,0.608650,16
1,Proposed,252,460.597949,516690.800479,0.000000,0.608650,16
1,Proposed,253,460.373367,508711.734538,0.000000,0.599598,16
1,Proposed,254,460.373367,508711.734538,0.000000,0.599598,16
1,Proposed,255,459.916015,510937.972232,0.000000,0.602802,16
1,Proposed,256,459.916015,510937.972232,0.000000,0.602802,16
1,Proposed,257,459.446157,483377.424725,0.000000,0.571051,16
1,Proposed,258,459.446157,483377.424725,0.000000,0.571051,16
1,Proposed,259,459.201553,484310.043123,0.000000,0.572450,16
1,Proposed,260,459.201553,484310.043123,0.000000,0.572450,16
1,Proposed,261,459.060264,480974.927066,0.000000,0.568704,16
1,Proposed,262,459.060264,480974.927066,0.000000,0.568704,16
1,Proposed,263,457.982346,485185.137957,0.000000,0.574996,16
1,Proposed,264,457.982346,485185.137957,0.000000,0.574996,16
1,Proposed,265,456.607503,487909.336653,0.000000,0.579937,16
1,Proposed,266,456.607503,487909.336653,0.000000,0.579937,16
1,Proposed,267,456.442939,484215.525689,0.000000,0.575778,16
1,Proposed,268,456.442939,484215.525689,0.000000,0.575778,16
1,Proposed,269,456.363612,481735.605999,0.000000,0.572945,16
1,Proposed,270,456.363612,481735.605999,0.000000,0.572945,16
1,Proposed,271,454.865584,473083.517203,0.000000,0.564555,16
1,Proposed,272,454.865584,473083.517203,0.000000,0.564555,16
1,Proposed,273,453.137603,478178.331727,0.000000,0.572764,16
1,Proposed,274,453.137603,478178.331727,0.000000,0.572764,16
1,Proposed,275,453.096540,477753.021652,0.000000,0.572309,16
1,Proposed,276,453.096540,477753.021652,0.000000,0.572309,16
1,Proposed,277,452.844906,474568.704457,0.000000,0.568830,16
1,Proposed,278,452.844906,474568.704457,0.000000,0.568830,16
1,Proposed,279,452.423410,473297.282957,0.000000,0.567840,16
1,Proposed,280,452.423410,473297.282957,0.000000,0.567840,16
1,Proposed,281,451.769037,451928.102362,0.000000,0.543123,16
1,Proposed,282,451.769037,451928.102362,0.000000,0.543123,16
1,Proposed,283,445.514745,452233.599767,0.000000,0.551076,16
1,Proposed,284,445.514745,452233.599767,0.000000,0.551076,16
1,Proposed,285,445.351234,443326.040226,0.000000,0.540477,16
1,Proposed,286,445.351234,443326.040226,0.000000,0.540477,16
1,Proposed,287,445.234802,441100.259247,0.000000,0.537918,16
1,Proposed,288,445.234802,441100.259247,0.000000,0.537918,16
1,Proposed,289,444.036179,436338.044966,0.000000,0.533570,16
1,Proposed,290,444.036179,436338.044966,0.000000,0.533570,16
1,Proposed,291,438.998092,449984.721620,0.000000,0.556445,16
1,Proposed,292,438.998092,449984.721620,0.000000,0.556445,16
1,Proposed,293,438.426194,445795.606877,0.000000,0.552009,16
1,Proposed,294,438.426194,445795.606877,0.000000,0.552009,16
2,Baseline,0,424.594798,220298.910589,0.000000,0.282436,16
2,Baseline,1,424.561779,213836.725525,0.000000,0.274195,16
2,Baseline,2,424.561779,213836.725525,0.000000,0.274195,16
2,Baseline,3,424.561779,213836.725525,0.000000,0.274195,16
2,Baseline,4,424.561779,213836.725525,0.000000,0.274195,16
2,Baseline,5,422.321290,210132.383524,0.000000,0.270883,16
2,Baseline,6,422.321290,210132.383524,0.000000,0.270883,16
2,Baseline,7,412.317060,217524.684760,0.000000,0.287170,16
2,Baseline,8,412.317060,217524.684760,0.000000,0.287170,16
2,Baseline,9,412.080490,215733.565893,0.000000,0.284975,16
2,Baseline,10,412.080490,215733.565893,0.000000,0.284975,16
2,Baseline,11,411.604751,202881.439197,0.000000,0.268352,16
2,Baseline,12,411.604751,202881.439197,0.000000,0.268352,16
2,Baseline,13,399.363920,241894.888174,0.000000,0.183142,15
2,Baseline,14,399.363920,241894.888174,0.000000,0.183142,15
2,Baseline,15,393.307316,230759.234698,0.000000,0.167543,15
2,Baseline,16,393.307316,230759.234698,0.000000,0.167543,15
2,Baseline,17,391.362294,237374.416919,0.000000,0.179384,15
2,Baseline,18,391.362294,237374.416919,0.000000,0.179384,15
2,Baseline,19,387.985438,226991.771215,0.000000,0.187233,15
2,Baseline,20,387.985438,226991.771215,0.000000,0.187233,15
2,Baseline,21,387.419746,228659.766069,0.000000,0.174063,15
2,Baseline,22,387.419746,228659.766069,0.000000,0.174063,15
2,Baseline,23,387.139874,227794.723604,0.000000,0.186739,15
2,Baseline,24,387.139874,227794.723604,0.000000,0.186739,15
2,Baseline,25,384.474853,201553.824912,0.000000,0.171060,15
2,Baseline,26,384.474853,201553.824912,0.000000,0.171060,15
2,Baseline,27,381.763629,157390.377904,0.000000,0.224552,16
2,Baseline,28,381.763629,157390.377904,0.000000,0.224552,16
2,Baseline,29,379.074270,163753.241084,0.000000,0.235263,16
2,Baseline,30,379.233767,220929.312452,0.000000,0.193286,15
2,Baseline,31,378.755562,144621.996788,0.000000,0.208009,16
2,Baseline,32,378.951641,195375.882778,0.000000,0.156347,15
2,Baseline,33,378.571323,147448.545123,0.000000,0.212168,16
2,Baseline,34,378.571323,147448.545123,0.000000,0.212168,16
2,Baseline,35,376.003881,143360.174550,0.000000,0.207703,16
2,Baseline,36,376.003881,143360.174550,0.000000,0.207703,16
2,Baseline,37,374.775488,141518.946705,0.000000,0.205712,16
2,Baseline,38,374.775488,141518.946705,0.000000,0.205712,16
2,Baseline,39,374.279639,141024.679966,0.000000,0.205266,16
2,Baseline,40,371.819376,137264.547729,0.000000,0.201123,16
2,Baseline,41,371.819376,137264.547729,0.000000,0.201123,16
2,Baseline,42,367.549065,126115.565098,0.000000,0.186961,16
2,Baseline,43,367.633206,162901.002850,0.000000,0.164111,14
2,Baseline,44,366.010912,134508.502698,0.000000,0.200215,16
2,Baseline,45,366.010912,134508.502698,0.000000,0.200215,16
2,Baseline,46,366.010912,134508.502698,0.000000,0.200215,16
2,Baseline,47,366.010912,134508.502698,0.000000,0.200215,16
2,Baseline,48,359.886612,128827.918641,0.000000,0.195033,16
2,Baseline,49,359.886612,128827.918641,0.000000,0.195033,16
2,Baseline,50,354.911988,128397.979135,0.000000,0.197102,16
2,Baseline,51,354.911988,128397.979135,0.000000,0.197102,16
2,Baseline,52,353.709974,133176.813331,0.000000,0.205116,16
2,Baseline,53,353.709974,133176.813331,0.000000,0.205116,16
2,Baseline,54,351.835512,127626.198282,0.000000,0.197629,16
2,Baseline,55,351.835512,127626.198282,0.000000,0.197629,16
2,Baseline,56,351.835512,127626.198282,0.000000,0.197629,16
2,Baseline,57,351.835512,127626.198282,0.000000,0.197629,16
2,Baseline,58,351.835512,127626.198282,0.000000,0.197629,16
2,Baseline,59,351.835512,127626.198282,0.000000,0.197629,16
2,Baseline,60,351.835512,127626.198282,0.000000,0.197629,16
2,Baseline,61,351.835512,127626.198282,0.000000,0.197629,16
2,Baseline,62,351.835512,127626.198282,0.000000,0.197629,16
2,Baseline,63,351.835512,127626.198282,0.000000,0.197629,16
2,Baseline,64,351.835512,127626.198282,0.000000,0.197629,16
2,Baseline,65,351.835512,127626.198282,0.000000,0.197629,16
2,Baseline,66,351.835512,127626.198282,0.000000,0.197629,16
2,Baseline,67,351.835512,127626.198282,0.000000,0.197629,16
2,Baseline,68,351.835512,127626.198282,0.000000,0.197629,16
2,Baseline,69,351.835512,127626.198282,0.000000,0.197629,16
2,Baseline,70,351.835512,127626.198282,0.000000,0.197629,16
2,Baseline,71,351.835512,127626.198282,0.000000,0.197629,16
2,Baseline,72,351.835512,127626.198282,0.000000,0.197629,16
2,Baseline,73,351.835512,127626.198282,0.000000,0.197629,16
2,Baseline,74,351.835512,127626.198282,0.000000,0.197629,16
2,Baseline,75,351.835512,127626.198282,0.000000,0.197629,16
2,Baseline,76,351.835512,127626.198282,0.000000,0.197629,16
2,Baseline,77,351.835512,127626.198282,0.000000,0.197629,16
2,Baseline,78,351.835512,127626.198282,0.000000,0.197629,16
2,Baseline,79,351.835512,127626.198282,0.000000,0.197629,16
2,Baseline,80,351.835512,127626.198282,0.000000,0.197629,16
2,Baseline,81,351.835512,127626.198282,0.000000,0.197629,16
2,Baseline,82,351.835512,127626.198282,0.000000,0.197629,16
2,Baseline,83,351.835512,127626.198282,0.000000,0.197629,16
2,Baseline,84,351.835512,127626.198282,0.000000,0.197629,16
2,Baseline,85,351.835512,127626.198282,0.000000,0.197629,16
2,Baseline,86,351.835512,127626.198282,0.000000,0.197629,16
2,Baseline,87,351.835512,127626.198282,0.000000,0.197629,16
2,Baseline,88,351.835512,127626.198282,0.000000,0.197629,16
2,Baseline,89,351.835512,127626.198282,0.000000,0.197629,16
2,Baseline,90,351.835512,127626.198282,0.000000,0.197629,16
2,Baseline,91,351.835512,127626.198282,0.000000,0.197629,16
2,Baseline,92,351.835512,127626.198282,0.000000,0.197629,16
2,Baseline,93,351.835512,127626.198282,0.000000,0.197629,16
2,Baseline,94,351.835512,127626.198282,0.000000,0.197629,16
2,Baseline,95,351.835512,127626.198282,0.000000,0.197629,16
2,Baseline,96,351.835512,127626.198282,0.000000,0.197629,16
2,Baseline,97,351.835512,127626.198282,0.000000,0.197629,16
2,Baseline,98,351.835512,127626.198282,0.000000,0.197629,16
2,Baseline,99,351.835512,127626.198282,0.000000,0.197629,16
2,Baseline,100,351.835512,127626.198282,0.000000,0.197629,16
2,Baseline,101,351.835512,127626.198282,0.000000,0.197629,16
2,Baseline,102,351.835512,127626.198282,0.000000,0.197629,16
2,Baseline,103,351.835512,127626.198282,0.000000,0.197629,16
2,Baseline,104,351.835512,127626.198282,0.000000,0.197629,16
2,Baseline,105,351.835512,127626.198282,0.000000,0.197629,16
2,Baseline,106,351.835512,127626.198282,0.000000,0.197629,16
2,Baseline,107,351.835512,127626.198282,0.000000,0.197629,16
2,Baseline,108,351.835512,127626.198282,0.000000,0.197629,16
2,Baseline,109,351.835512,127626.198282,0.000000,0.197629,16
2,Baseline,110,351.835512,127626.198282,0.000000,0.197629,16
2,Baseline,111,351.835512,127626.198282,0.000000,0.197629,16
2,Baseline,112,351.835512,127626.198282,0.000000,0.197629,16
2,Baseline,113,351.835512,127626.198282,0.000000,0.197629,16
2,Baseline,114,351.835512,127626.198282,0.000000,0.197629,16
2,Baseline,115,351.835512,127626.198282,0.000000,0.197629,16
2,Baseline,116,351.835512,127626.198282,0.000000,0.197629,16
2,Baseline,117,351.835512,127626.198282,0.000000,0.197629,16
2,Baseline,118,351.835512,127626.198282,0.000000,0.197629,16
2,Baseline,119,351.835512,127626.198282,0.000000,0.197629,16
2,Baseline,120,351.835512,127626.198282,0.000000,0.197629,16
2,Baseline,121,351.835512,127626.198282,0.000000,0.197629,16
2,Baseline,122,351.835512,127626.198282,0.000000,0.197629,16
2,Baseline,123,351.835512,127626.198282,0.000000,0.197629,16
2,Baseline,124,351.835512,127626.198282,0.000000,0.197629,16
2,Baseline,125,351.835512,127626.198282,0.000000,0.197629,16
2,Baseline,126,351.835512,127626.198282,0.000000,0.197629,16
2,Baseline,127,351.835512,127626.198282,0.000000,0.197629,16
2,Baseline,128,351.835512,127626.198282,0.000000,0.197629,16
2,Baseline,129,351.835512,127626.198282,0.000000,0.197629,16
2,Baseline,130,351.835512,127626.198282,0.000000,0.197629,16
2,Baseline,131,351.835512,127626.198282,0.000000,0.197629,16
2,Baseline,132,351.835512,127626.198282,0.000000,0.197629,16
2,Baseline,133,351.835512,127626.198282,0.000000,0.197629,16
2,Baseline,134,351.835512,127626.198282,0.000000,0.197629,16
2,Baseline,135,351.835512,127626.198282,0.000000,0.197629,16
2,Baseline,136,351.835512,127626.198282,0.000000,0.197629,16
2,Baseline,137,351.835512,127626.198282,0.000000,0.197629,16
2,Baseline,138,351.835512,127626.198282,0.000000,0.197629,16
2,Baseline,139,351.835512,127626.198282,0.000000,0.197629,16
2,Baseline,140,351.835512,127626.198282,0.000000,0.197629,16
2,Baseline,141,351.835512,127626.198282,0.000000,0.197629,16
2,Baseline,142,351.835512,127626.198282,0.000000,0.197629,16
2,Baseline,143,351.835512,127626.198282,0.000000,0.197629,16
2,Baseline,144,351.835512,127626.198282,0.000000,0.197629,16
2,Baseline,145,351.835512,127626.198282,0.000000,0.197629,16
2,Baseline,146,351.835512,127626.198282,0.000000,0.197629,16
2,Baseline,147,351.835512,127626.198282,0.000000,0.197629,16
2,Baseline,148,351.835512,127626.198282,0.000000,0.197629,16
2,Baseline,149,351.835512,127626.198282,0.000000,0.197629,16
2,Baseline,150,351.835512,127626.198282,0.000000,0.197629,16
2,Baseline,151,351.835512,127626.198282,0.000000,0.197629,16
2,Baseline,152,351.835512,127626.198282,0.000000,0.197629,16
2,Baseline,153,351.835512,127626.198282,0.000000,0.197629,16
2,Baseline,154,351.835512,127626.198282,0.000000,0.197629,16
2,Baseline,155,351.835512,127626.198282,0.000000,0.197629,16
2,Baseline,156,351.835512,127626.198282,0.000000,0.197629,16
2,Baseline,157,351.835512,127626.198282,0.000000,0.197629,16
2,Baseline,158,351.835512,127626.198282,0.000000,0.197629,16
2,Baseline,159,351.835512,127626.198282,0.000000,0.197629,16
2,Baseline,160,351.835512,127626.198282,0.000000,0.197629,16
2,Baseline,161,351.835512,127626.198282,0.000000,0.197629,16
2,Baseline,162,351.835512,127626.198282,0.000000,0.197629,16
2,Baseline,163,351.835512,127626.198282,0.000000,0.197629,16
2,Baseline,164,351.835512,127626.198282,0.000000,0.197629,16
2,Baseline,165,351.835512,127626.198282,0.000000,0.197629,16
2,Baseline,166,351.835512,127626.198282,0.000000,0.197629,16
2,Baseline,167,351.835512,127626.198282,0.000000,0.197629,16
2,Baseline,168,351.835512,127626.198282,0.000000,0.197629,16
2,Baseline,169,351.835512,127626.198282,0.000000,0.197629,16
2,Baseline,170,351.835512,127626.198282,0.000000,0.197629,16
2,Baseline,171,351.835512,127626.198282,0.000000,0.197629,16
2,Baseline,172,351.835512,127626.198282,0.000000,0.197629,16
2,Baseline,173,351.835512,127626.198282,0.000000,0.197629,16
2,Baseline,174,351.835512,127626.198282,0.000000,0.197629,16
2,Baseline,175,351.835512,127626.198282,0.000000,0.197629,16
2,Baseline,176,351.835512,127626.198282,0.000000,0.197629,16
2,Baseline,177,351.835512,127626.198282,0.000000,0.197629,16
2,Baseline,178,351.835512,127626.198282,0.000000,0.197629,16
2,Baseline,179,351.835512,127626.198282,0.000000,0.197629,16
2,Baseline,180,351.835512,127626.198282,0.000000,0.197629,16
2,Baseline,181,351.835512,127626.198282,0.000000,0.197629,16
2,Baseline,182,351.835512,127626.198282,0.000000,0.197629,16
2,Baseline,183,351.835512,127626.198282,0.000000,0.197629,16
2,Baseline,184,351.835512,127626.198282,0.000000,0.197629,16
2,Baseline,185,351.835512,127626.198282,0.000000,0.197629,16
2,Baseline,186,351.835512,127626.198282,0.000000,0.197629,16
2,Baseline,187,351.835512,127626.198282,0.000000,0.197629,16
2,Baseline,188,351.835512,127626.198282,0.000000,0.197629,16
2,Baseline,189,351.835512,127626.198282,0.000000,0.197629,16
2,Baseline,190,351.835512,127626.198282,0.000000,0.197629,16
2,Baseline,191,351.835512,127626.198282,0.000000,0.197629,16
2,Baseline,192,351.835512,127626.198282,0.000000,0.197629,16
2,Baseline,193,351.835512,127626.198282,0.000000,0.197629,16
2,Baseline,194,351.835512,127626.198282,0.000000,0.197629,16
2,Baseline,195,351.835512,127626.198282,0.000000,0.197629,16
2,Baseline,196,351.835512,127626.198282,0.000000,0.197629,16
2,Baseline,197,351.835512,127626.198282,0.000000,0.197629,16
2,Baseline,198,351.835512,127626.198282,0.000000,0.197629,16
2,Baseline,199,351.835512,127626.198282,0.000000,0.197629,16
2,Baseline,200,351.835512,127626.198282,0.000000,0.197629,16
2,Baseline,201,351.835512,127626.198282,0.000000,0.197629,16
2,Baseline,202,351.835512,127626.198282,0.000000,0.197629,16
2,Baseline,203,351.835512,127626.198282,0.000000,0.197629,16
2,Baseline,204,351.835512,127626.198282,0.000000,0.197629,16
2,Baseline,205,351.835512,127626.198282,0.000000,0.197629,16
2,Baseline,206,351.835512,127626.198282,0.000000,0.197629,16
2,Baseline,207,351.835512,127626.198282,0.000000,0.197629,16
2,Baseline,208,351.835512,127626.198282,0.000000,0.197629,16
2,Baseline,209,351.835512,127626.198282,0.000000,0.197629,16
2,Baseline,210,351.835512,127626.198282,0.000000,0.197629,16
2,Baseline,211,351.835512,127626.198282,0.000000,0.197629,16
2,Baseline,212,351.835512,127626.198282,0.000000,0.197629,16
2,Baseline,213,351.835512,127626.198282,0.000000,0.197629,16
2,Baseline,214,351.835512,127626.198282,0.000000,0.197629,16
2,Baseline,215,351.835512,127626.198282,0.000000,0.197629,16
2,Baseline,216,351.835512,127626.198282,0.000000,0.197629,16
2,Baseline,217,351.835512,127626.198282,0.000000,0.197629,16
2,Baseline,218,351.835512,127626.198282,0.000000,0.197629,16
2,Baseline,219,351.835512,127626.198282,0.000000,0.197629,16
2,Baseline,220,351.835512,127626.198282,0.000000,0.197629,16
2,Baseline,221,351.835512,127626.198282,0.000000,0.197629,16
2,Baseline,222,351.835512,127626.198282,0.000000,0.197629,16
2,Baseline,223,351.835512,127626.198282,0.000000,0.197629,16
2,Baseline,224,351.835512,127626.198282,0.000000,0.197629,16
2,Baseline,225,351.835512,127626.198282,0.000000,0.197629,16
2,Baseline,226,351.835512,127626.198282,0.000000,0.197629,16
2,Baseline,227,351.835512,127626.198282,0.000000,0.197629,16
2,Baseline,228,351.835512,127626.198282,0.000000,0.197629,16
2,Baseline,229,351.835512,127626.198282,0.000000,0.197629,16
2,Baseline,230,351.835512,127626.198282,0.000000,0.197629,16
2,Baseline,231,351.835512,127626.198282,0.000000,0.197629,16
2,Baseline,232,351.835512,127626.198282,0.000000,0.197629,16
2,Baseline,233,351.835512,127626.198282,0.000000,0.197629,16
2,Baseline,234,351.835512,127626.198282,0.000000,0.197629,16
2,Baseline,235,351.835512,127626.198282,0.000000,0.197629,16
2,Baseline,236,351.835512,127626.198282,0.000000,0.197629,16
2,Baseline,237,351.835512,127626.198282,0.000000,0.197629,16
2,Baseline,238,351.835512,127626.198282,0.000000,0.197629,16
2,Baseline,239,351.835512,127626.198282,0.000000,0.197629,16
2,Baseline,240,351.835512,127626.198282,0.000000,0.197629,16
2,Baseline,241,351.835512,127626.198282,0.000000,0.197629,16
2,Baseline,242,351.835512,127626.198282,0.000000,0.197629,16
2,Baseline,243,351.835512,127626.198282,0.000000,0.197629,16
2,Baseline,244,351.835512,127626.198282,0.000000,0.197629,16
2,Baseline,245,351.835512,127626.198282,0.000000,0.197629,16
2,Baseline,246,351.835512,127626.198282,0.000000,0.197629,16
2,Baseline,247,351.835512,127626.198282,0.000000,0.197629,16
2,Baseline,248,351.835512,127626.198282,0.000000,0.197629,16
2,Baseline,249,351.835512,127626.198282,0.000000,0.197629,16
2,Baseline,250,351.835512,127626.198282,0.000000,0.197629,16
2,Baseline,251,351.835512,127626.198282,0.000000,0.197629,16
2,Baseline,252,351.835512,127626.198282,0.000000,0.197629,16
2,Baseline,253,351.835512,127626.198282,0.000000,0.197629,16
2,Baseline,254,351.835512,127626.198282,0.000000,0.197629,16
2,Baseline,255,351.835512,127626.198282,0.000000,0.197629,16
2,Baseline,256,351.835512,127626.198282,0.000000,0.197629,16
2,Baseline,257,351.835512,127626.198282,0.000000,0.197629,16
2,Baseline,258,351.835512,127626.198282,0.000000,0.197629,16
2,Baseline,259,351.835512,127626.198282,0.000000,0.197629,16
2,Baseline,260,351.835512,127626.198282,0.000000,0.197629,16
2,Baseline,261,351.835512,127626.198282,0.000000,0.197629,16
2,Baseline,262,351.835512,127626.198282,0.000000,0.197629,16
2,Baseline,263,351.835512,127626.198282,0.000000,0.197629,16
2,Baseline,264,351.835512,127626.198282,0.000000,0.197629,16
2,Baseline,265,351.835512,127626.198282,0.000000,0.197629,16
2,Baseline,266,351.835512,127626.198282,0.000000,0.197629,16
2,Baseline,267,351.835512,127626.198282,0.000000,0.197629,16
2,Baseline,268,351.835512,127626.198282,0.000000,0.197629,16
2,Baseline,269,351.835512,127626.198282,0.000000,0.197629,16
2,Baseline,270,351.835512,127626.198282,0.000000,0.197629,16
2,Baseline,271,351.835512,127626.198282,0.000000,0.197629,16
2,Baseline,272,351.835512,127626.198282,0.000000,0.197629,16
2,Baseline,273,351.835512,127626.198282,0.000000,0.197629,16
2,Baseline,274,351.835512,127626.198282,0.000000,0.197629,16
2,Baseline,275,351.835512,127626.198282,0.000000,0.197629,16
2,Baseline,276,351.835512,127626.198282,0.000000,0.197629,16
2,Baseline,277,351.835512,127626.198282,0.000000,0.197629,16
2,Baseline,278,351.835512,127626.198282,0.000000,0.197629,16
2,Baseline,279,351.835512,127626.198282,0.000000,0.197629,16
2,Baseline,280,351.835512,127626.198282,0.000000,0.197629,16
2,Baseline,281,351.835512,127626.198282,0.000000,0.197629,16
2,Baseline,282,351.835512,127626.198282,0.000000,0.197629,16
2,Baseline,283,351.835512,127626.198282,0.000000,0.197629,16
2,Baseline,284,351.835512,127626.198282,0.000000,0.197629,16
2,Proposed,0,462.028613,570677.767768,0.000000,0.669752,16
2,Proposed,1,462.028613,570677.767768,0.000000,0.669752,16
2,Proposed,2,462.028613,570677.767768,0.000000,0.669752,16
2,Proposed,3,462.028613,570677.767768,0.000000,0.669752,16
2,Proposed,4,462.028613,570677.767768,0.000000,0.669752,16
2,Proposed,5,462.028613,570677.767768,0.000000,0.669752,16
2,Proposed,6,462.028613,570677.767768,0.000000,0.669752,16
2,Proposed,7,462.028613,570677.767768,0.000000,0.669752,16
2,Proposed,8,462.028613,570677.767768,0.000000,0.669752,16
2,Proposed,9,462.028613,570677.767768,0.000000,0.669752,16
2,Proposed,10,462.028613,570677.767768,0.000000,0.669752,16
2,Proposed,11,462.028613,570677.767768,0.000000,0.669752,16
2,Proposed,12,462.028613,570677.767768,0.000000,0.669752,16
2,Proposed,13,462.028613,570677.767768,0.000000,0.669752,16
2,Proposed,14,462.028613,570677.767768,0.000000,0.669752,16
2,Proposed,15,462.028613,570677.767768,0.000000,0.669752,16
2,Proposed,16,462.028613,570677.767768,0.000000,0.669752,16
2,Proposed,17,462.028613,570677.767768,0.000000,0.669752,16
2,Proposed,18,462.028613,570677.767768,0.000000,0.669752,16
2,Proposed,19,462.028613,570677.767768,0.000000,0.669752,16
2,Proposed,20,462.028613,570677.767768,0.000000,0.669752,16
2,Proposed,21,462.028613,570677.767768,0.000000,0.669752,16
2,Proposed,22,462.028613,570677.767768,0.000000,0.669752,16
2,Proposed,23,462.028613,570677.767768,0.000000,0.669752,16
2,Proposed,24,462.028613,570677.767768,0.000000,0.669752,16
2,Proposed,25,462.028613,570677.767768,0.000000,0.669752,16
2,Proposed,26,462.028613,570677.767768,0.000000,0.669752,16
2,Proposed,27,462.028613,570677.767768,0.000000,0.669752,16
2,Proposed,28,462.028613,570677.767768,0.000000,0.669752,16
2,Proposed,29,462.028613,570677.767768,0.000000,0.669752,16
2,Proposed,30,462.028613,570677.767768,0.000000,0.669752,16
2,Proposed,31,462.028613,570677.767768,0.000000,0.669752,16
2,Proposed,32,462.028613,570677.767768,0.000000,0.669752,16
2,Proposed,33,462.028613,570677.767768,0.000000,0.669752,16
2,Proposed,34,462.028613,570677.767768,0.000000,0.669752,16
2,Proposed,35,462.028613,570677.767768,0.000000,0.669752,16
2,Proposed,36,462.028613,570677.767768,0.000000,0.669752,16
2,Proposed,37,462.028613,570677.767768,0.000000,0.669752,16
2,Proposed,38,462.028613,570677.767768,0.000000,0.669752,16
2,Proposed,39,462.028613,570677.767768,0.000000,0.669752,16
2,Proposed,40,462.028613,570677.767768,0.000000,0.669752,16
2,Proposed,41,462.028613,570677.767768,0.000000,0.669752,16
2,Proposed,42,462.028613,570677.767768,0.000000,0.669752,16
2,Proposed,43,462.028613,570677.767768,0.000000,0.669752,16
2,Proposed,44,462.028613,570677.767768,0.000000,0.669752,16
2,Proposed,45,462.028613,570677.767768,0.000000,0.669752,16
2,Proposed,46,462.028613,570677.767768,0.000000,0.669752,16
2,Proposed,47,462.028613,570677.767768,0.000000,0.669752,16
2,Proposed,48,462.028613,570677.767768,0.000000,0.669752,16
2,Proposed,49,462.028613,570677.767768,0.000000,0.669752,16
2,Proposed,50,462.028613,570677.767768,0.000000,0.669752,16
2,Proposed,51,462.028613,570677.767768,0.000000,0.669752,16
2,Proposed,52,462.028613,570677.767768,0.000000,0.669752,16
2,Proposed,53,462.028613,570677.767768,0.000000,0.669752,16
2,Proposed,54,462.028613,570677.767768,0.000000,0.669752,16
2,Proposed,55,462.028613,570677.767768,0.000000,0.669752,16
2,Proposed,56,462.028613,570677.767768,0.000000,0.669752,16
2,Proposed,57,462.028613,570677.767768,0.000000,0.669752,16
2,Proposed,58,462.028613,570677.767768,0.000000,0.669752,16
2,Proposed,59,462.028613,570677.767768,0.000000,0.669752,16
2,Proposed,60,462.028613,570677.767768,0.000000,0.669752,16
2,Proposed,61,462.028613,570677.767768,0.000000,0.669752,16
2,Proposed,62,462.028613,570677.767768,0.000000,0.669752,16
2,Proposed,63,462.028613,570677.767768,0.000000,0.669752,16
2,Proposed,64,462.028613,570677.767768,0.000000,0.669752,16
2,Proposed,65,462.028613,570677.767768,0.000000,0.669752,16
2,Proposed,66,462.028613,570677.767768,0.000000,0.669752,16
2,Proposed,67,462.028613,570677.767768,0.000000,0.669752,16
2,Proposed,68,462.028613,570677.767768,0.000000,0.669752,16
2,Proposed,69,462.028613,570677.767768,0.000000,0.669752,16
2,Proposed,70,462.028613,570677.767768,0.000000,0.669752,16
2,Proposed,71,462.028613,570677.767768,0.000000,0.669752,16
2,Proposed,72,462.028613,570677.767768,0.000000,0.669752,16
2,Proposed,73,462.028613,570677.767768,0.000000,0.669752,16
2,Proposed,74,462.028613,570677.767768,0.000000,0.669752,16
2,Proposed,75,462.028613,570677.767768,0.000000,0.669752,16
2,Proposed,76,462.028613,570677.767768,0.000000,0.669752,16
2,Proposed,77,462.028613,570677.767768,0.000000,0.669752,16
2,Proposed,78,462.028613,570677.767768,0.000000,0.669752,16
2,Proposed,79,462.028613,570677.767768,0.000000,0.669752,16
2,Proposed,80,462.028613,570677.767768,0.000000,0.669752,16
2,Proposed,81,462.028613,570677.767768,0.000000,0.669752,16
2,Proposed,82,462.028613,570677.767768,0.000000,0.669752,16
2,Proposed,83,462.028613,570677.767768,0.000000,0.669752,16
2,Proposed,84,462.028613,570677.767768,0.000000,0.669752,16
2,Proposed,85,462.028613,570677.767768,0.000000,0.669752,16
2,Proposed,86,462.028613,570677.767768,0.000000,0.669752,16
2,Proposed,87,462.028613,570677.767768,0.000000,0.669752,16
2,Proposed,88,462.028613,570677.767768,0.000000,0.669752,16
2,Proposed,89,462.028613,570677.767768,0.000000,0.669752,16
2,Proposed,90,462.028613,570677.767768,0.000000,0.669752,16
2,Proposed,91,462.028613,570677.767768,0.000000,0.669752,16
2,Proposed,92,462.028613,570677.767768,0.000000,0.669752,16
2,Proposed,93,462.028613,570677.767768,0.000000,0.669752,16
2,Proposed,94,462.028613,570677.767768,0.000000,0.669752,16
2,Proposed,95,462.028613,570677.767768,0.000000,0.669752,16
2,Proposed,96,462.028613,570677.767768,0.000000,0.669752,16
2,Proposed,97,462.028613,570677.767768,0.000000,0.669752,16
2,Proposed,98,462.028613,570677.767768,0.000000,0.669752,16
2,Proposed,99,462.028613,570677.767768,0.000000,0.669752,16
2,Proposed,100,462.028613,570677.767768,0.000000,0.669752,16
2,Proposed,101,462.028613,570677.767768,0.000000,0.669752,16
2,Proposed,102,462.028613,570677.767768,0.000000,0.669752,16
2,Proposed,103,462.028613,570677.767768,0.000000,0.669752,16
2,Proposed,104,462.028613,570677.767768,0.000000,0.669752,16
2,Proposed,105,462.028613,570677.767768,0.000000,0.669752,16
2,Proposed,106,462.028613,570677.767768,0.000000,0.669752,16
2,Proposed,107,462.028613,570677.767768,0.000000,0.669752,16
2,Proposed,108,462.028613,570677.767768,0.000000,0.669752,16
2,Proposed,109,462.028613,570677.767768,0.000000,0.669752,16
2,Proposed,110,462.028613,570677.767768,0.000000,0.669752,16
2,Proposed,111,462.028613,570677.767768,0.000000,0.669752,16
2,Proposed,112,462.028613,570677.767768,0.000000,0.669752,16
2,Proposed,113,462.028613,570677.767768,0.000000,0.669752,16
2,Proposed,114,462.028613,570677.767768,0.000000,0.669752,16
2,Proposed,115,462.028613,570677.767768,0.000000,0.669752,16
2,Proposed,116,462.028613,570677.767768,0.000000,0.669752,16
2,Proposed,117,462.028613,570677.767768,0.000000,0.669752,16
2,Proposed,118,462.028613,570677.767768,0.000000,0.669752,16
2,Proposed,119,462.028613,570677.767768,0.000000,0.669752,16
2,Proposed,120,462.028613,570677.767768,0.000000,0.669752,16
2,Proposed,121,462.028613,570677.767768,0.000000,0.669752,16
2,Proposed,122,462.028613,570677.767768,0.000000,0.669752,16
2,Proposed,123,462.028613,570677.767768,0.000000,0.669752,16
2,Proposed,124,462.028613,570677.767768,0.000000,0.669752,16
2,Proposed,125,462.028613,570677.767768,0.000000,0.669752,16
2,Proposed,126,462.028613,570677.767768,0.000000,0.669752,16
2,Proposed,127,462.028613,570677.767768,0.000000,0.669752,16
2,Proposed,128,462.028613,570677.767768,0.000000,0.669752,16
2,Proposed,129,462.028613,570677.767768,0.000000,0.669752,16
2,Proposed,130,462.028613,570677.767768,0.000000,0.669752,16
2,Proposed,131,462.028613,570677.767768,0.000000,0.669752,16
2,Proposed,132,462.028613,570677.767768,0.000000,0.669752,16
2,Proposed,133,462.028613,570677.767768,0.000000,0.669752,16
2,Proposed,134,462.028613,570677.767768,0.000000,0.669752,16
2,Proposed,135,462.028613,570677.767768,0.000000,0.669752,16
2,Proposed,136,462.028613,570677.767768,0.000000,0.669752,16
2,Proposed,137,462.028613,570677.767768,0.000000,0.669752,16
2,Proposed,138,462.028613,570677.767768,0.000000,0.669752,16
2,Proposed,139,462.028613,570677.767768,0.000000,0.669752,16
2,Proposed,140,462.028613,570677.767768,0.000000,0.669752,16
2,Proposed,141,462.028613,570677.767768,0.000000,0.669752,16
2,Proposed,142,462.028613,570677.767768,0.000000,0.669752,16
2,Proposed,143,462.028613,570677.767768,0.000000,0.669752,16
2,Proposed,144,462.028613,570677.767768,0.000000,0.669752,16
2,Proposed,145,462.028613,570677.767768,0.000000,0.669752,16
2,Proposed,146,462.028613,570677.767768,0.000000,0.669752,16
2,Proposed,147,462.028613,570677.767768,0.000000,0.669752,16
2,Proposed,148,462.028613,570677.767768,0.000000,0.669752,16
2,Proposed,149,462.028613,570677.767768,0.000000,0.669752,16
2,Proposed,150,462.028613,570677.767768,0.000000,0.669752,16
2,Proposed,151,462.028613,570677.767768,0.000000,0.669752,16
2,Proposed,152,462.028613,570677.767768,0.000000,0.669752,16
2,Proposed,153,462.028613,570677.767768,0.000000,0.669752,16
2,Proposed,154,462.028613,570677.767768,0.000000,0.669752,16
2,Proposed,155,462.028613,570677.767768,0.000000,0.669752,16
2,Proposed,156,462.028613,570677.767768,0.000000,0.669752,16
2,Proposed,157,462.028613,570677.767768,0.000000,0.669752,16
2,Proposed,158,462.028613,570677.767768,0.000000,0.669752,16
2,Proposed,159,462.028613,570677.767768,0.000000,0.669752,16
2,Proposed,160,462.028613,570677.767768,0.000000,0.669752,16
2,Proposed,161,462.028613,570677.767768,0.000000,0.669752,16
2,Proposed,162,462.028613,570677.767768,0.000000,0.669752,16
2,Proposed,163,462.028613,570677.767768,0.000000,0.669752,16
2,Proposed,164,462.028613,570677.767768,0.000000,0.669752,16
2,Proposed,165,462.028613,570677.767768,0.000000,0.669752,16
2,Proposed,166,462.028613,570677.767768,0.000000,0.669752,16
2,Proposed,167,462.028613,570677.767768,0.000000,0.669752,16
2,Proposed,168,462.028613,570677.767768,0.000000,0.669752,16
2,Proposed,169,462.028613,570677.767768,0.000000,0.669752,16
2,Proposed,170,462.028613,570677.767768,0.000000,0.669752,16
2,Proposed,171,462.028613,570677.767768,0.000000,0.669752,16
2,Proposed,172,462.028613,570677.767768,0.000000,0.669752,16
2,Proposed,173,462.028613,570677.767768,0.000000,0.669752,16
2,Proposed,174,462.028613,570677.767768,0.000000,0.669752,16
2,Proposed,175,462.028613,570677.767768,0.000000,0.669752,16
2,Proposed,176,462.028613,570677.767768,0.000000,0.669752,16
2,Proposed,177,462.028613,570677.767768,0.000000,0.669752,16
2,Proposed,178,462.028613,570677.767768,0.000000,0.669752,16
2,Proposed,179,462.028613,570677.767768,0.000000,0.669752,16
2,Proposed,180,462.028613,570677.767768,0.000000,0.669752,16
2,Proposed,181,462.028613,570677.767768,0.000000,0.669752,16
2,Proposed,182,462.028613,570677.767768,0.000000,0.669752,16
2,Proposed,183,462.028613,570677.767768,0.000000,0.669752,16
2,Proposed,184,462.028613,570677.767768,0.000000,0.669752,16
2,Proposed,185,462.028613,570677.767768,0.000000,0.669752,16
2,Proposed,186,462.028613,570677.767768,0.000000,0.669752,16
2,Proposed,187,462.028613,570677.767768,0.000000,0.669752,16
2,Proposed,188,462.028613,570677.767768,0.000000,0.669752,16
2,Proposed,189,462.028613,570677.767768,0.000000,0.669752,16
2,Proposed,190,462.028613,570677.767768,0.000000,0.669752,16
2,Proposed,191,462.028613,570677.767768,0.000000,0.669752,16
2,Proposed,192,462.028613,570677.767768,0.000000,0.669752,16
2,Proposed,193,462.028613,570677.767768,0.000000,0.669752,16
2,Proposed,194,462.028613,570677.767768,0.000000,0.669752,16
2,Proposed,195,462.028613,570677.767768,0.000000,0.669752,16
2,Proposed,196,462.028613,570677.767768,0.000000,0.669752,16
2,Proposed,197,462.028613,570677.767768,0.000000,0.669752,16
2,Proposed,198,462.028613,570677.767768,0.000000,0.669752,16
2,Proposed,199,462.028613,570677.767768,0.000000,0.669752,16
2,Proposed,200,462.028613,570677.767768,0.000000,0.669752,16
2,Proposed,201,462.028613,570677.767768,0.000000,0.669752,16
2,Proposed,202,462.028613,570677.767768,0.000000,0.669752,16
2,Proposed,203,462.028613,570677.767768,0.000000,0.669752,16
2,Proposed,204,462.028613,570677.767768,0.000000,0.669752,16
2,Proposed,205,462.028613,570677.767768,0.000000,0.669752,16
2,Proposed,206,462.028613,570677.767768,0.000000,0.669752,16
2,Proposed,207,462.028613,570677.767768,0.000000,0.669752,16
2,Proposed,208,462.028613,570677.767768,0.000000,0.669752,16
2,Proposed,209,462.028613,570677.767768,0.000000,0.669752,16
2,Proposed,210,462.028613,570677.767768,0.000000,0.669752,16
2,Proposed,211,462.028613,570677.767768,0.000000,0.669752,16
2,Proposed,212,462.028613,570677.767768,0.000000,0.669752,16
2,Proposed,213,462.028613,570677.767768,0.000000,0.669752,16
2,Proposed,214,462.028613,570677.767768,0.000000,0.669752,16
2,Proposed,215,462.028613,570677.767768,0.000000,0.669752,16
2,Proposed,216,462.028613,570677.767768,0.000000,0.669752,16
2,Proposed,217,462.028613,570677.767768,0.000000,0.669752,16
2,Proposed,218,462.028613,570677.767768,0.000000,0.669752,16
2,Proposed,219,462.028613,570677.767768,0.000000,0.669752,16
2,Proposed,220,462.028613,570677.767768,0.000000,0.669752,16
2,Proposed,221,462.028613,570677.767768,0.000000,0.669752,16
2,Proposed,222,462.028613,570677.767768,0.000000,0.669752,16
2,Proposed,223,462.028613,570677.767768,0.000000,0.669752,16
2,Proposed,224,462.028613,570677.767768,0.000000,0.669752,16
2,Proposed,225,462.028613,570677.767768,0.000000,0.669752,16
2,Proposed,226,462.028613,570677.767768,0.000000,0.669752,16
2,Proposed,227,462.028613,570677.767768,0.000000,0.669752,16
2,Proposed,228,462.028613,570677.767768,0.000000,0.669752,16
2,Proposed,229,462.028613,570677.767768,0.000000,0.669752,16
2,Proposed,230,462.028613,570677.767768,0.000000,0.669752,16
2,Proposed,231,462.028613,570677.767768,0.000000,0.669752,16
2,Proposed,232,462.028613,570677.767768,0.000000,0.669752,16
2,Proposed,233,462.028613,570677.767768,0.000000,0.669752,16
2,Proposed,234,462.028613,570677.767768,0.000000,0.669752,16
2,Proposed,235,462.028613,570677.767768,0.000000,0.669752,16
2,Proposed,236,462.028613,570677.767768,0.000000,0.669752,16
2,Proposed,237,462.028613,570677.767768,0.000000,0.669752,16
2,Proposed,238,462.028613,570677.767768,0.000000,0.669752,16
2,Proposed,239,462.028613,570677.767768,0.000000,0.669752,16
2,Proposed,240,462.028613,570677.767768,0.000000,0.669752,16
2,Proposed,241,462.028613,570677.767768,0.000000,0.669752,16
2,Proposed,242,462.028613,570677.767768,0.000000,0.669752,16
2,Proposed,243,462.028613,570677.767768,0.000000,0.669752,16
2,Proposed,244,462.028613,570677.767768,0.000000,0.669752,16
2,Proposed,245,462.028613,570677.767768,0.000000,0.669752,16
2,Proposed,246,462.028613,570677.767768,0.000000,0.669752,16
2,Proposed,247,462.028613,570677.767768,0.000000,0.669752,16
2,Proposed,248,462.028613,570677.767768,0.000000,0.669752,16
2,Proposed,249,462.028613,570677.767768,0.000000,0.669752,16
2,Proposed,250,462.028613,570677.767768,0.000000,0.669752,16
2,Proposed,251,462.028613,570677.767768,0.000000,0.669752,16
2,Proposed,252,462.028613,570677.767768,0.000000,0.669752,16
2,Proposed,253,462.028613,570677.767768,0.000000,0.669752,16
2,Proposed,254,462.028613,570677.767768,0.000000,0.669752,16
2,Proposed,255,462.028613,570677.767768,0.000000,0.669752,16
2,Proposed,256,462.028613,570677.767768,0.000000,0.669752,16
2,Proposed,257,462.028613,570677.767768,0.000000,0.669752,16
2,Proposed,258,462.028613,570677.767768,0.000000,0.669752,16
2,Proposed,259,462.028613,570677.767768,0.000000,0.669752,16
2,Proposed,260,462.028613,570677.767768,0.000000,0.669752,16
2,Proposed,261,462.028613,570677.767768,0.000000,0.669752,16
2,Proposed,262,462.028613,570677.767768,0.000000,0.669752,16
2,Proposed,263,462.028613,570677.767768,0.000000,0.669752,16
2,Proposed,264,462.028613,570677.767768,0.000000,0.669752,16
2,Proposed,265,462.028613,570677.767768,0.000000,0.669752,16
2,Proposed,266,462.028613,570677.767768,0.000000,0.669752,16
2,Proposed,267,462.028613,570677.767768,0.000000,0.669752,16
2,Proposed,268,462.028613,570677.767768,0.000000,0.669752,16
2,Proposed,269,462.028613,570677.767768,0.000000,0.669752,16
2,Proposed,270,462.028613,570677.767768,0.000000,0.669752,16
2,Proposed,271,462.028613,570677.767768,0.000000,0.669752,16
2,Proposed,272,462.028613,570677.767768,0.000000,0.669752,16
2,Proposed,273,462.028613,570677.767768,0.000000,0.669752,16
2,Proposed,274,462.028613,570677.767768,0.000000,0.669752,16
2,Proposed,275,462.028613,570677.767768,0.000000,0.669752,16
2,Proposed,276,462.028613,570677.767768,0.000000,0.669752,16
2,Proposed,277,461.296680,577523.524209,0.000000,0.678800,16
2,Proposed,278,461.296680,577523.524209,0.000000,0.678800,16
2,Proposed,279,461.385095,570909.276732,0.000000,0.670950,16
2,Proposed,280,461.385095,570909.276732,0.000000,0.670950,16
2,Proposed,281,461.083074,568668.400325,0.000000,0.668769,16
2,Proposed,282,461.083074,568668.400325,0.000000,0.668769,16
2,Proposed,283,460.224684,566358.279455,0.000000,0.667305,16
2,Proposed,284,460.224684,566358.279455,0.000000,0.667305,16
2,Proposed,285,459.358580,569480.050285,0.000000,0.672215,16
2,Proposed,286,459.358580,569480.050285,0.000000,0.672215,16
2,Proposed,287,459.412509,558500.926819,0.000000,0.659263,16
2,Proposed,288,459.412509,558500.926819,0.000000,0.659263,16
2,Proposed,289,458.225377,582522.291988,0.000000,0.689192,16
2,Proposed,290,458.225377,582522.291988,0.000000,0.689192,16
2,Proposed,291,456.223894,558601.179265,0.000000,0.663959,16
2,Proposed,292,456.223894,558601.179265,0.000000,0.663959,16
3,Baseline,0,420.562647,293397.368026,0.000000,0.287406,12
3,Baseline,1,420.380912,265563.706551,0.000000,0.330494,11
3,Baseline,2,420.802080,331550.425353,0.000000,0.230638,15
3,Baseline,3,420.802080,331550.425353,0.000000,0.230638,15
3,Baseline,4,418.469418,311701.469706,0.000000,0.222095,15
3,Baseline,5,418.469418,311701.469706,0.000000,0.222095,15
3,Baseline,6,417.009611,308511.977537,0.000000,0.220646,15
3,Baseline,7,416.849060,281738.757512,0.000000,0.259062,13
3,Baseline,8,416.469019,294797.112327,0.000000,0.252588,14
3,Baseline,9,416.435112,288531.764911,0.000000,0.260709,13
3,Baseline,10,415.608370,269022.442665,0.000000,0.258963,13
3,Baseline,11,415.769886,296045.671928,0.000000,0.220202,15
3,Baseline,12,412.079891,284768.204677,0.000000,0.215417,15
3,Baseline,13,412.029061,275894.821245,0.000000,0.227726,14
3,Baseline,14,411.341147,281651.938860,0.000000,0.248470,14
3,Baseline,15,411.341147,281651.938860,0.000000,0.248470,14
3,Baseline,16,410.015643,286647.606950,0.000000,0.228301,14
3,Baseline,17,410.015643,286647.606950,0.000000,0.228301,14
3,Baseline,18,408.482375,266026.900357,0.000000,0.239898,14
3,Baseline,19,408.482375,266026.900357,0.000000,0.239898,14
3,Baseline,20,406.507851,276798.312419,0.000000,0.218843,14
3,Baseline,21,406.507851,276798.312419,0.000000,0.218843,14
3,Baseline,22,402.983875,176221.890672,0.000000,0.238148,16
3,Baseline,23,402.983875,176221.890672,0.000000,0.238148,16
3,Baseline,24,393.698211,175322.021438,0.000000,0.242510,16
3,Baseline,25,393.698211,175322.021438,0.000000,0.242510,16
3,Baseline,26,389.754747,163705.997493,0.000000,0.228765,16
3,Baseline,27,389.081785,168903.744946,0.000000,0.236418,16
3,Baseline,28,389.081785,168903.744946,0.000000,0.236418,16
3,Baseline,29,385.960628,167845.263591,0.000000,0.236836,16
3,Baseline,30,385.960628,167845.263591,0.000000,0.236836,16
3,Baseline,31,385.592744,165124.921853,0.000000,0.233228,16
3,Baseline,32,385.592744,165124.921853,0.000000,0.233228,16
3,Baseline,33,376.963598,161197.425899,0.000000,0.232893,16
3,Baseline,34,376.963598,161197.425899,0.000000,0.232893,16
3,Baseline,35,368.327628,187380.217864,0.000000,0.155265,15
3,Baseline,36,368.327628,187380.217864,0.000000,0.155265,15
3,Baseline,37,365.492779,174486.094987,0.000000,0.144747,15
3,Baseline,38,365.316273,129385.964042,0.000000,0.192970,16
3,Baseline,39,361.393603,176939.788420,0.000000,0.140464,15
3,Baseline,40,361.393603,176939.788420,0.000000,0.140464,15
3,Baseline,41,360.989942,156920.525926,0.000000,0.145346,15
3,Baseline,42,360.942518,153676.166640,0.000000,0.158464,14
3,Baseline,43,356.017534,166102.492091,0.000000,0.150482,15
3,Baseline,44,356.017534,166102.492091,0.000000,0.150482,15
3,Baseline,45,354.524875,171381.695513,0.000000,0.157044,14
3,Baseline,46,354.388628,127109.007072,0.000000,0.195415,16
3,Baseline,47,353.425604,118418.157403,0.000000,0.182573,16
3,Baseline,48,353.425604,118418.157403,0.000000,0.182573,16
3,Baseline,49,348.955047,119730.307672,0.000000,0.186953,16
3,Baseline,50,344.184200,116785.927855,0.000000,0.184887,16
3,Baseline,51,344.184200,116785.927855,0.000000,0.184887,16
3,Baseline,52,330.440147,107001.465464,0.000000,0.176458,16
3,Baseline,53,330.440147,107001.465464,0.000000,0.176458,16
3,Baseline,54,325.450134,139908.925090,0.000000,0.140353,15
3,Baseline,55,325.324098,106880.798423,0.000000,0.179026,16
3,Baseline,56,320.071654,108320.147916,0.000000,0.184404,16
3,Baseline,57,320.071654,108320.147916,0.000000,0.184404,16
3,Baseline,58,320.071654,108320.147916,0.000000,0.184404,16
3,Baseline,59,320.071654,108320.147916,0.000000,0.184404,16
3,Baseline,60,320.071654,108320.147916,0.000000,0.184404,16
3,Baseline,61,320.071654,108320.147916,0.000000,0.184404,16
3,Baseline,62,320.071654,108320.147916,0.000000,0.184404,16
3,Baseline,63,320.071654,108320.147916,0.000000,0.184404,16
3,Baseline,64,320.071654,108320.147916,0.000000,0.184404,16
3,Baseline,65,320.071654,108320.147916,0.000000,0.184404,16
3,Baseline,66,320.071654,108320.147916,0.000000,0.184404,16
3,Baseline,67,320.071654,108320.147916,0.000000,0.184404,16
3,Baseline,68,320.071654,108320.147916,0.000000,0.184404,16
3,Baseline,69,320.071654,108320.147916,0.000000,0.184404,16
3,Baseline,70,320.071654,108320.147916,0.000000,0.184404,16
3,Baseline,71,320.071654,108320.147916,0.000000,0.184404,16
3,Baseline,72,320.071654,108320.147916,0.000000,0.184404,16
3,Baseline,73,320.156544,136001.139155,0.000000,0.157931,14
3,Baseline,74,320.156544,136001.139155,0.000000,0.157931,14
3,Baseline,75,320.141045,133301.961536,0.000000,0.162764,13
3,Baseline,76,320.071654,108320.147916,0.000000,0.184404,16
3,Baseline,77,320.071654,108320.147916,0.000000,0.184404,16
3,Baseline,78,320.071654,108320.147916,0.000000,0.184404,16
3,Baseline,79,320.071654,108320.147916,0.000000,0.184404,16
3,Baseline,80,320.071654,108320.147916,0.000000,0.184404,16
3,Baseline,81,320.045598,120183.677517,0.000000,0.192530,12
3,Baseline,82,320.156544,136001.139155,0.000000,0.157931,14
3,Baseline,83,320.156544,136001.139155,0.000000,0.157931,14
3,Baseline,84,320.071654,108320.147916,0.000000,0.184404,16
3,Baseline,85,320.071654,108320.147916,0.000000,0.184404,16
3,Baseline,86,320.156544,136001.139155,0.000000,0.157931,14
3,Baseline,87,320.156544,136001.139155,0.000000,0.157931,14
3,Baseline,88,320.071654,108320.147916,0.000000,0.184404,16
3,Baseline,89,320.071654,108320.147916,0.000000,0.184404,16
3,Baseline,90,320.071654,108320.147916,0.000000,0.184404,16
3,Baseline,91,320.071654,108320.147916,0.000000,0.184404,16
3,Baseline,92,320.198095,141562.258230,0.000000,0.144973,15
3,Baseline,93,320.071654,108320.147916,0.000000,0.184404,16
3,Baseline,94,320.071654,108320.147916,0.000000,0.184404,16
3,Baseline,95,320.071654,108320.147916,0.000000,0.184404,16
3,Baseline,96,320.071654,108320.147916,0.000000,0.184404,16
3,Baseline,97,320.198095,141562.258230,0.000000,0.144973,15
3,Baseline,98,320.156544,136001.139155,0.000000,0.157931,14
3,Baseline,99,320.156544,136001.139155,0.000000,0.157931,14
3,Baseline,100,320.071654,108320.147916,0.000000,0.184404,16
3,Baseline,101,320.071654,108320.147916,0.000000,0.184404,16
3,Baseline,102,320.071654,108320.147916,0.000000,0.184404,16
3,Baseline,103,320.071654,108320.147916,0.000000,0.184404,16
3,Baseline,104,320.071654,108320.147916,0.000000,0.184404,16
3,Baseline,105,320.071654,108320.147916,0.000000,0.184404,16
3,Baseline,106,320.071654,108320.147916,0.000000,0.184404,16
3,Baseline,107,320.071654,108320.147916,0.000000,0.184404,16
3,Baseline,108,320.071654,108320.147916,0.000000,0.184404,16
3,Baseline,109,320.071654,108320.147916,0.000000,0.184404,16
3,Baseline,110,320.141045,133301.961536,0.000000,0.162764,13
3,Baseline,111,320.156544,136001.139155,0.000000,0.157931,14
3,Baseline,112,320.071654,108320.147916,0.000000,0.184404,16
3,Baseline,113,320.198095,141562.258230,0.000000,0.144973,15
3,Baseline,114,320.156544,136001.139155,0.000000,0.157931,14
3,Baseline,115,320.071654,108320.147916,0.000000,0.184404,16
3,Baseline,116,320.071654,108320.147916,0.000000,0.184404,16
3,Baseline,117,320.071654,108320.147916,0.000000,0.184404,16
3,Baseline,118,320.071654,108320.147916,0.000000,0.184404,16
3,Baseline,119,320.071654,108320.147916,0.000000,0.184404,16
3,Baseline,120,320.071654,108320.147916,0.000000,0.184404,16
3,Baseline,121,320.071654,108320.147916,0.000000,0.184404,16
3,Baseline,122,320.198095,141562.258230,0.000000,0.144973,15
3,Baseline,123,320.141045,133301.961536,0.000000,0.162764,13
3,Baseline,124,320.071654,108320.147916,0.000000,0.184404,16
3,Baseline,125,320.156544,136001.139155,0.000000,0.157931,14
3,Baseline,126,320.156544,136001.139155,0.000000,0.157931,14
3,Baseline,127,320.071654,108320.147916,0.000000,0.184404,16
3,Baseline,128,320.071654,108320.147916,0.000000,0.184404,16
3,Baseline,129,320.198095,141562.258230,0.000000,0.144973,15
3,Baseline,130,320.071654,108320.147916,0.000000,0.184404,16
3,Baseline,131,320.071654,108320.147916,0.000000,0.184404,16
3,Baseline,132,320.198095,141562.258230,0.000000,0.144973,15
3,Baseline,133,320.198095,141562.258230,0.000000,0.144973,15
3,Baseline,134,320.071654,108320.147916,0.000000,0.184404,16
3,Baseline,135,320.071654,108320.147916,0.000000,0.184404,16
3,Baseline,136,320.071654,108320.147916,0.000000,0.184404,16
3,Baseline,137,320.071654,108320.147916,0.000000,0.184404,16
3,Baseline,138,320.071654,108320.147916,0.000000,0.184404,16
3,Baseline,139,320.071654,108320.147916,0.000000,0.184404,16
3,Baseline,140,320.071654,108320.147916,0.000000,0.184404,16
3,Baseline,141,320.071654,108320.147916,0.000000,0.184404,16
3,Baseline,142,320.156544,136001.139155,0.000000,0.157931,14
3,Baseline,143,320.071654,108320.147916,0.000000,0.184404,16
3,Baseline,144,320.071654,108320.147916,0.000000,0.184404,16
3,Baseline,145,320.071654,108320.147916,0.000000,0.184404,16
3,Baseline,146,320.156544,136001.139155,0.000000,0.157931,14
3,Baseline,147,320.071654,108320.147916,0.000000,0.184404,16
3,Baseline,148,320.141045,133301.961536,0.000000,0.162764,13
3,Baseline,149,320.071654,108320.147916,0.000000,0.184404,16
3,Baseline,150,320.141045,133301.961536,0.000000,0.162764,13
3,Baseline,151,320.141045,133301.961536,0.000000,0.162764,13
3,Baseline,152,320.071654,108320.147916,0.000000,0.184404,16
3,Baseline,153,320.071654,108320.147916,0.000000,0.184404,16
3,Baseline,154,320.071654,108320.147916,0.000000,0.184404,16
3,Baseline,155,320.071654,108320.147916,0.000000,0.184404,16
3,Baseline,156,320.198095,141562.258230,0.000000,0.144973,15
3,Baseline,157,320.071654,108320.147916,0.000000,0.184404,16
3,Baseline,158,320.141045,133301.961536,0.000000,0.162764,13
3,Baseline,159,320.071654,108320.147916,0.000000,0.184404,16
3,Baseline,160,320.156544,136001.139155,0.000000,0.157931,14
3,Baseline,161,320.071654,108320.147916,0.000000,0.184404,16
3,Baseline,162,320.071654,108320.147916,0.000000,0.184404,16
3,Baseline,163,320.071654,108320.147916,0.000000,0.184404,16
3,Baseline,164,320.071654,108320.147916,0.000000,0.184404,16
3,Baseline,165,320.071654,108320.147916,0.000000,0.184404,16
3,Baseline,166,320.071654,108320.147916,0.000000,0.184404,16
3,Baseline,167,320.156544,136001.139155,0.000000,0.157931,14
3,Baseline,168,320.156544,136001.139155,0.000000,0.157931,14
3,Baseline,169,320.156544,136001.139155,0.000000,0.157931,14
3,Baseline,170,320.198095,141562.258230,0.000000,0.144973,15
3,Baseline,171,320.071654,108320.147916,0.000000,0.184404,16
3,Baseline,172,320.071654,108320.147916,0.000000,0.184404,16
3,Baseline,173,320.198095,141562.258230,0.000000,0.144973,15
3,Baseline,174,320.198095,141562.258230,0.000000,0.144973,15
3,Baseline,175,320.156544,136001.139155,0.000000,0.157931,14
3,Baseline,176,320.071654,108320.147916,0.000000,0.184404,16
3,Baseline,177,320.071654,108320.147916,0.000000,0.184404,16
3,Baseline,178,320.071654,108320.147916,0.000000,0.184404,16
3,Baseline,179,320.071654,108320.147916,0.000000,0.184404,16
3,Baseline,180,320.071654,108320.147916,0.000000,0.184404,16
3,Baseline,181,320.071654,108320.147916,0.000000,0.184404,16
3,Baseline,182,320.071654,108320.147916,0.000000,0.184404,16
3,Baseline,183,320.071654,108320.147916,0.000000,0.184404,16
3,Baseline,184,320.071654,108320.147916,0.000000,0.184404,16
3,Baseline,185,320.071654,108320.147916,0.000000,0.184404,16
3,Baseline,186,320.198095,141562.258230,0.000000,0.144973,15
3,Baseline,187,320.071654,108320.147916,0.000000,0.184404,16
3,Baseline,188,320.071654,108320.147916,0.000000,0.184404,16
3,Baseline,189,320.198095,141562.258230,0.000000,0.144973,15
3,Baseline,190,320.141045,133301.961536,0.000000,0.162764,13
3,Baseline,191,320.071654,108320.147916,0.000000,0.184404,16
3,Baseline,192,320.071654,108320.147916,0.000000,0.184404,16
3,Baseline,193,320.198095,141562.258230,0.000000,0.144973,15
3,Baseline,194,320.071654,108320.147916,0.000000,0.184404,16
3,Baseline,195,320.198095,141562.258230,0.000000,0.144973,15
3,Baseline,196,320.071654,108320.147916,0.000000,0.184404,16
3,Baseline,197,320.071654,108320.147916,0.000000,0.184404,16
3,Baseline,198,320.071654,108320.147916,0.000000,0.184404,16
3,Baseline,199,320.071654,108320.147916,0.000000,0.184404,16
3,Baseline,200,320.071654,108320.147916,0.000000,0.184404,16
3,Baseline,201,320.071654,108320.147916,0.000000,0.184404,16
3,Baseline,202,320.156544,136001.139155,0.000000,0.157931,14
3,Baseline,203,320.071654,108320.147916,0.000000,0.184404,16
3,Baseline,204,320.071654,108320.147916,0.000000,0.184404,16
3,Baseline,205,320.071654,108320.147916,0.000000,0.184404,16
3,Baseline,206,320.071654,108320.147916,0.000000,0.184404,16
3,Baseline,207,320.071654,108320.147916,0.000000,0.184404,16
3,Baseline,208,320.071654,108320.147916,0.000000,0.184404,16
3,Baseline,209,320.198095,141562.258230,0.000000,0.144973,15
3,Baseline,210,320.071654,108320.147916,0.000000,0.184404,16
3,Baseline,211,320.198095,141562.258230,0.000000,0.144973,15
3,Baseline,212,320.071654,108320.147916,0.000000,0.184404,16
3,Baseline,213,320.156544,136001.139155,0.000000,0.157931,14
3,Baseline,214,320.071654,108320.147916,0.000000,0.184404,16
3,Baseline,215,320.071654,108320.147916,0.000000,0.184404,16
3,Baseline,216,320.071654,108320.147916,0.000000,0.184404,16
3,Baseline,217,320.198095,141562.258230,0.000000,0.144973,15
3,Baseline,218,320.071654,108320.147916,0.000000,0.184404,16
3,Baseline,219,320.071654,108320.147916,0.000000,0.184404,16
3,Baseline,220,320.071654,108320.147916,0.000000,0.184404,16
3,Baseline,221,320.071654,108320.147916,0.000000,0.184404,16
3,Baseline,222,320.071654,108320.147916,0.000000,0.184404,16
3,Baseline,223,320.156544,136001.139155,0.000000,0.157931,14
3,Baseline,224,320.198095,141562.258230,0.000000,0.144973,15
3,Baseline,225,320.071654,108320.147916,0.000000,0.184404,16
3,Baseline,226,320.071654,108320.147916,0.000000,0.184404,16
3,Baseline,227,320.071654,108320.147916,0.000000,0.184404,16
3,Baseline,228,320.071654,108320.147916,0.000000,0.184404,16
3,Baseline,229,320.071654,108320.147916,0.000000,0.184404,16
3,Baseline,230,320.198095,141562.258230,0.000000,0.144973,15
3,Baseline,231,320.198095,141562.258230,0.000000,0.144973,15
3,Baseline,232,320.071654,108320.147916,0.000000,0.184404,16
3,Baseline,233,320.071654,108320.147916,0.000000,0.184404,16
3,Baseline,234,320.198095,141562.258230,0.000000,0.144973,15
3,Baseline,235,320.071654,108320.147916,0.000000,0.184404,16
3,Baseline,236,320.071654,108320.147916,0.000000,0.184404,16
3,Baseline,237,320.071654,108320.147916,0.000000,0.184404,16
3,Baseline,238,320.071654,108320.147916,0.000000,0.184404,16
3,Baseline,239,320.071654,108320.147916,0.000000,0.184404,16
3,Baseline,240,320.071654,108320.147916,0.000000,0.184404,16
3,Baseline,241,320.071654,108320.147916,0.000000,0.184404,16
3,Baseline,242,320.071654,108320.147916,0.000000,0.184404,16
3,Baseline,243,320.071654,108320.147916,0.000000,0.184404,16
3,Baseline,244,320.071654,108320.147916,0.000000,0.184404,16
3,Baseline,245,320.141045,133301.961536,0.000000,0.162764,13
3,Baseline,246,320.071654,108320.147916,0.000000,0.184404,16
3,Baseline,247,320.071654,108320.147916,0.000000,0.184404,16
3,Baseline,248,320.071654,108320.147916,0.000000,0.184404,16
3,Baseline,249,320.156544,136001.139155,0.000000,0.157931,14
3,Baseline,250,320.156544,136001.139155,0.000000,0.157931,14
3,Baseline,251,320.071654,108320.147916,0.000000,0.184404,16
3,Baseline,252,320.071654,108320.147916,0.000000,0.184404,16
3,Baseline,253,320.071654,108320.147916,0.000000,0.184404,16
3,Baseline,254,320.198095,141562.258230,0.000000,0.144973,15
3,Baseline,255,320.071654,108320.147916,0.000000,0.184404,16
3,Baseline,256,320.071654,108320.147916,0.000000,0.184404,16
3,Baseline,257,320.071654,108320.147916,0.000000,0.184404,16
3,Baseline,258,320.071654,108320.147916,0.000000,0.184404,16
3,Baseline,259,320.071654,108320.147916,0.000000,0.184404,16
3,Baseline,260,320.071654,108320.147916,0.000000,0.184404,16
3,Baseline,261,320.071654,108320.147916,0.000000,0.184404,16
3,Baseline,262,320.071654,108320.147916,0.000000,0.184404,16
3,Baseline,263,320.071654,108320.147916,0.000000,0.184404,16
3,Baseline,264,320.198095,141562.258230,0.000000,0.144973,15
3,Baseline,265,320.071654,108320.147916,0.000000,0.184404,16
3,Baseline,266,320.071654,108320.147916,0.000000,0.184404,16
3,Baseline,267,320.071654,108320.147916,0.000000,0.184404,16
3,Baseline,268,320.198095,141562.258230,0.000000,0.144973,15
3,Baseline,269,320.071654,108320.147916,0.000000,0.184404,16
3,Baseline,270,320.071654,108320.147916,0.000000,0.184404,16
3,Baseline,271,320.071654,108320.147916,0.000000,0.184404,16
3,Baseline,272,320.071654,108320.147916,0.000000,0.184404,16
3,Baseline,273,320.141045,133301.961536,0.000000,0.162764,13
3,Baseline,274,320.071654,108320.147916,0.000000,0.184404,16
3,Baseline,275,320.071654,108320.147916,0.000000,0.184404,16
3,Baseline,276,320.071654,108320.147916,0.000000,0.184404,16
3,Baseline,277,320.071654,108320.147916,0.000000,0.184404,16
3,Baseline,278,320.071654,108320.147916,0.000000,0.184404,16
3,Baseline,279,320.071654,108320.147916,0.000000,0.184404,16
3,Baseline,280,320.071654,108320.147916,0.000000,0.184404,16
3,Baseline,281,320.071654,108320.147916,0.000000,0.184404,16
3,Baseline,282,320.071654,108320.147916,0.000000,0.184404,16
3,Baseline,283,320.071654,108320.147916,0.000000,0.184404,16
3,Baseline,284,320.198095,141562.258230,0.000000,0.144973,15
3,Baseline,285,320.071654,108320.147916,0.000000,0.184404,16
3,Baseline,286,320.071654,108320.147916,0.000000,0.184404,16
3,Baseline,287,320.071654,108320.147916,0.000000,0.184404,16
3,Baseline,288,320.071654,108320.147916,0.000000,0.184404,16
3,Baseline,289,320.071654,108320.147916,0.000000,0.184404,16
3,Baseline,290,320.071654,108320.147916,0.000000,0.184404,16
3,Baseline,291,320.071654,108320.147916,0.000000,0.184404,16
3,Baseline,292,320.071654,108320.147916,0.000000,0.184404,16
3,Baseline,293,320.198095,141562.258230,0.000000,0.144973,15
3,Baseline,294,320.071654,108320.147916,0.000000,0.184404,16
3,Baseline,295,320.071654,108320.147916,0.000000,0.184404,16
3,Baseline,296,320.071654,108320.147916,0.000000,0.184404,16
3,Baseline,297,320.071654,108320.147916,0.000000,0.184404,16
3,Proposed,0,463.489787,536918.093960,0.000000,0.628406,16
3,Proposed,1,463.489797,536921.427654,0.000000,0.628410,16
3,Proposed,2,462.119705,536982.551007,0.000000,0.630333,16
3,Proposed,3,462.038109,536070.750717,0.000000,0.629380,16
3,Proposed,4,461.959603,532872.829032,0.000000,0.625754,16
3,Proposed,5,460.339340,534296.572588,0.000000,0.629610,16
4,Baseline,0,427.787994,256533.022937,0.000000,0.326292,16
4,Baseline,1,427.787994,256533.022937,0.000000,0.326292,16
4,Baseline,2,427.787994,256533.022937,0.000000,0.326292,16
4,Baseline,3,427.787994,256533.022937,0.000000,0.326292,16
4,Baseline,4,421.864173,219205.329251,0.000000,0.282852,16
4,Baseline,5,421.864173,219205.329251,0.000000,0.282852,16
4,Baseline,6,410.024052,184405.553649,0.000000,0.244912,16
4,Baseline,7,410.024052,184405.553649,0.000000,0.244912,16
4,Baseline,8,404.201621,178695.926690,0.000000,0.240758,16
4,Baseline,9,403.053892,188176.098196,0.000000,0.254218,16
4,Baseline,10,403.053892,188176.098196,0.000000,0.254218,16
4,Baseline,11,402.682830,202744.619115,0.000000,0.225572,13
4,Baseline,12,402.682830,202744.619115,0.000000,0.225572,13
4,Baseline,13,398.186478,216258.112312,0.000000,0.203562,14
4,Baseline,14,398.134920,207254.890172,0.000000,0.216484,13
4,Baseline,15,394.772476,184615.624638,0.000000,0.254639,16
4,Baseline,16,394.772476,184615.624638,0.000000,0.254639,16
4,Baseline,17,394.671580,203375.688660,0.000000,0.228781,13
4,Baseline,18,394.761119,219311.424401,0.000000,0.206146,14
4,Baseline,19,393.421845,219064.626901,0.000000,0.209570,14
4,Baseline,20,393.421845,219064.626901,0.000000,0.209570,14
4,Baseline,21,384.385628,210496.630892,0.000000,0.195614,14
4,Baseline,22,384.385628,210496.630892,0.000000,0.195614,14
4,Baseline,23,380.394123,199321.659194,0.000000,0.211863,13
4,Baseline,24,380.394123,199321.659194,0.000000,0.211863,13
4,Baseline,25,380.276998,200729.979305,0.000000,0.207210,13
4,Baseline,26,380.276998,200729.979305,0.000000,0.207210,13
4,Baseline,27,380.123145,200359.037647,0.000000,0.203890,13
4,Baseline,28,380.123145,200359.037647,0.000000,0.203890,13
4,Baseline,29,379.524578,180884.148434,0.000000,0.213317,13
4,Baseline,30,379.524578,180884.148434,0.000000,0.213317,13
4,Baseline,31,378.105439,175220.283232,0.000000,0.202153,13
4,Baseline,32,378.150861,183242.136675,0.000000,0.190165,14
4,Baseline,33,368.563791,180669.654115,0.000000,0.219366,13
4,Baseline,34,368.563791,180669.654115,0.000000,0.219366,13
4,Baseline,35,366.750265,173747.648324,0.000000,0.210049,13
4,Baseline,36,366.750265,173747.648324,0.000000,0.210049,13
4,Baseline,37,366.698506,182234.674643,0.000000,0.224381,13
4,Baseline,38,366.698506,182234.674643,0.000000,0.224381,13
4,Baseline,39,365.544944,180890.284524,0.000000,0.177910,13
4,Baseline,40,365.544944,180890.284524,0.000000,0.177910,13
4,Baseline,41,362.772978,174094.539061,0.000000,0.167950,14
4,Baseline,42,362.725898,165584.510221,0.000000,0.180906,13
4,Baseline,43,360.340182,166423.617155,0.000000,0.177735,14
4,Baseline,44,360.340182,166423.617155,0.000000,0.177735,14
4,Baseline,45,358.546137,168758.001434,0.000000,0.174862,14
4,Baseline,46,358.546137,168758.001434,0.000000,0.174862,14
4,Baseline,47,357.566567,160498.233735,0.000000,0.166762,14
4,Baseline,48,357.566567,160498.233735,0.000000,0.166762,14
4,Baseline,49,354.817049,162208.751414,0.000000,0.167633,14
4,Baseline,50,354.817049,162208.751414,0.000000,0.167633,14
4,Baseline,51,354.758643,152564.467128,0.000000,0.139121,14
4,Baseline,52,354.758643,152564.467128,0.000000,0.139121,14
4,Baseline,53,348.532568,153345.099042,0.000000,0.148163,14
4,Baseline,54,348.532568,153345.099042,0.000000,0.148163,14
4,Baseline,55,341.026200,157681.746811,0.000000,0.167184,14
4,Baseline,56,341.026200,157681.746811,0.000000,0.167184,14
4,Baseline,57,337.732803,149401.709575,0.000000,0.167769,14
4,Baseline,58,337.732803,149401.709575,0.000000,0.167769,14
4,Baseline,59,333.158272,142020.579380,0.000000,0.162197,14
4,Baseline,60,333.158272,142020.579380,0.000000,0.162197,14
4,Baseline,61,326.738381,138497.628354,0.000000,0.159093,14
4,Baseline,62,326.738381,138497.628354,0.000000,0.159093,14
4,Baseline,63,326.738381,138497.628354,0.000000,0.159093,14
4,Baseline,64,326.738381,138497.628354,0.000000,0.159093,14
4,Baseline,65,326.738381,138497.628354,0.000000,0.159093,14
4,Baseline,66,326.738381,138497.628354,0.000000,0.159093,14
4,Baseline,67,326.738381,138497.628354,0.000000,0.159093,14
4,Baseline,68,326.738381,138497.628354,0.000000,0.159093,14
4,Baseline,69,326.738381,138497.628354,0.000000,0.159093,14
4,Baseline,70,326.718635,135494.042293,0.000000,0.165127,13
4,Baseline,71,326.718635,135494.042293,0.000000,0.165127,13
4,Baseline,72,326.738381,138497.628354,0.000000,0.159093,14
4,Baseline,73,326.718635,135494.042293,0.000000,0.165127,13
4,Baseline,74,326.800369,141129.061491,0.000000,0.140152,15
4,Baseline,75,326.738381,138497.628354,0.000000,0.159093,14
4,Baseline,76,326.738381,138497.628354,0.000000,0.159093,14
4,Baseline,77,326.800369,141129.061491,0.000000,0.140152,15
4,Baseline,78,326.718635,135494.042293,0.000000,0.165127,13
4,Baseline,79,326.800369,141129.061491,0.000000,0.140152,15
4,Baseline,80,326.738381,138497.628354,0.000000,0.159093,14
4,Baseline,81,326.738381,138497.628354,0.000000,0.159093,14
4,Baseline,82,326.738381,138497.628354,0.000000,0.159093,14
4,Baseline,83,326.738381,138497.628354,0.000000,0.159093,14
4,Baseline,84,326.738381,138497.628354,0.000000,0.159093,14
4,Baseline,85,326.800369,141129.061491,0.000000,0.140152,15
4,Baseline,86,326.738381,138497.628354,0.000000,0.159093,14
4,Baseline,87,326.738381,138497.628354,0.000000,0.159093,14
4,Baseline,88,326.738381,138497.628354,0.000000,0.159093,14
4,Baseline,89,326.738381,138497.628354,0.000000,0.159093,14
4,Baseline,90,326.738381,138497.628354,0.000000,0.159093,14
4,Baseline,91,326.800369,141129.061491,0.000000,0.140152,15
4,Baseline,92,326.738381,138497.628354,0.000000,0.159093,14
4,Baseline,93,326.738381,138497.628354,0.000000,0.159093,14
4,Baseline,94,326.738381,138497.628354,0.000000,0.159093,14
4,Baseline,95,326.738381,138497.628354,0.000000,0.159093,14
4,Baseline,96,326.738381,138497.628354,0.000000,0.159093,14
4,Baseline,97,326.800369,141129.061491,0.000000,0.140152,15
4,Baseline,98,326.800369,141129.061491,0.000000,0.140152,15
4,Baseline,99,326.738381,138497.628354,0.000000,0.159093,14
4,Baseline,100,326.738381,138497.628354,0.000000,0.159093,14
4,Baseline,101,326.718635,135494.042293,0.000000,0.165127,13
4,Baseline,102,326.738381,138497.628354,0.000000,0.159093,14
4,Baseline,103,326.738381,138497.628354,0.000000,0.159093,14
4,Baseline,104,326.738381,138497.628354,0.000000,0.159093,14
4,Baseline,105,326.738381,138497.628354,0.000000,0.159093,14
4,Baseline,106,326.738381,138497.628354,0.000000,0.159093,14
4,Baseline,107,326.738381,138497.628354,0.000000,0.159093,14
4,Baseline,108,326.738381,138497.628354,0.000000,0.159093,14
4,Baseline,109,326.738381,138497.628354,0.000000,0.159093,14
4,Baseline,110,326.738381,138497.628354,0.000000,0.159093,14
4,Baseline,111,326.800369,141129.061491,0.000000,0.140152,15
4,Baseline,112,326.718635,135494.042293,0.000000,0.165127,13
4,Baseline,113,326.718635,135494.042293,0.000000,0.165127,13
4,Baseline,114,326.718635,135494.042293,0.000000,0.165127,13
4,Baseline,115,326.738381,138497.628354,0.000000,0.159093,14
4,Baseline,116,326.738381,138497.628354,0.000000,0.159093,14
4,Baseline,117,326.738381,138497.628354,0.000000,0.159093,14
4,Baseline,118,326.738381,138497.628354,0.000000,0.159093,14
4,Baseline,119,326.738381,138497.628354,0.000000,0.159093,14
4,Baseline,120,326.738381,138497.628354,0.000000,0.159093,14
4,Baseline,121,326.738381,138497.628354,0.000000,0.159093,14
4,Baseline,122,326.738381,138497.628354,0.000000,0.159093,14
4,Baseline,123,326.738381,138497.628354,0.000000,0.159093,14
4,Baseline,124,326.718635,135494.042293,0.000000,0.165127,13
4,Baseline,125,326.738381,138497.628354,0.000000,0.159093,14
4,Baseline,126,326.738381,138497.628354,0.000000,0.159093,14
4,Baseline,127,326.738381,138497.628354,0.000000,0.159093,14
4,Baseline,128,326.738381,138497.628354,0.000000,0.159093,14
4,Baseline,129,326.800369,141129.061491,0.000000,0.140152,15
4,Baseline,130,326.675453,106902.157666,0.000000,0.178322,16
4,Baseline,131,326.738381,138497.628354,0.000000,0.159093,14
4,Baseline,132,326.800369,141129.061491,0.000000,0.140152,15
4,Baseline,133,326.738381,138497.628354,0.000000,0.159093,14
4,Baseline,134,326.738381,138497.628354,0.000000,0.159093,14
4,Baseline,135,326.738381,138497.628354,0.000000,0.159093,14
4,Baseline,136,326.738381,138497.628354,0.000000,0.159093,14
4,Baseline,137,326.738381,138497.628354,0.000000,0.159093,14
4,Baseline,138,326.738381,138497.628354,0.000000,0.159093,14
4,Baseline,139,326.738381,138497.628354,0.000000,0.159093,14
4,Baseline,140,326.738381,138497.628354,0.000000,0.159093,14
4,Baseline,141,326.738381,138497.628354,0.000000,0.159093,14
4,Baseline,142,326.718635,135494.042293,0.000000,0.165127,13
4,Baseline,143,326.738381,138497.628354,0.000000,0.159093,14
4,Baseline,144,326.738381,138497.628354,0.000000,0.159093,14
4,Baseline,145,326.738381,138497.628354,0.000000,0.159093,14
4,Baseline,146,326.718635,135494.042293,0.000000,0.165127,13
4,Baseline,147,326.738381,138497.628354,0.000000,0.159093,14
4,Baseline,148,326.738381,138497.628354,0.000000,0.159093,14
4,Baseline,149,326.738381,138497.628354,0.000000,0.159093,14
4,Baseline,150,326.738381,138497.628354,0.000000,0.159093,14
4,Baseline,151,326.738381,138497.628354,0.000000,0.159093,14
4,Baseline,152,326.738381,138497.628354,0.000000,0.159093,14
4,Baseline,153,326.738381,138497.628354,0.000000,0.159093,14
4,Baseline,154,326.738381,138497.628354,0.000000,0.159093,14
4,Baseline,155,326.738381,138497.628354,0.000000,0.159093,14
4,Baseline,156,326.738381,138497.628354,0.000000,0.159093,14
4,Baseline,157,326.800369,141129.061491,0.000000,0.140152,15
4,Baseline,158,326.738381,138497.628354,0.000000,0.159093,14
4,Baseline,159,326.738381,138497.628354,0.000000,0.159093,14
4,Baseline,160,326.738381,138497.628354,0.000000,0.159093,14
4,Baseline,161,326.738381,138497.628354,0.000000,0.159093,14
4,Baseline,162,326.800369,141129.061491,0.000000,0.140152,15
4,Baseline,163,326.738381,138497.628354,0.000000,0.159093,14
4,Baseline,164,326.718635,135494.042293,0.000000,0.165127,13
4,Baseline,165,326.738381,138497.628354,0.000000,0.159093,14
4,Baseline,166,326.738381,138497.628354,0.000000,0.159093,14
4,Baseline,167,326.738381,138497.628354,0.000000,0.159093,14
4,Baseline,168,326.800369,141129.061491,0.000000,0.140152,15
4,Baseline,169,326.800369,141129.061491,0.000000,0.140152,15
4,Baseline,170,326.800369,141129.061491,0.000000,0.140152,15
4,Baseline,171,326.800369,141129.061491,0.000000,0.140152,15
4,Baseline,172,326.800369,141129.061491,0.000000,0.140152,15
4,Baseline,173,326.738381,138497.628354,0.000000,0.159093,14
4,Baseline,174,326.800369,141129.061491,0.000000,0.140152,15
4,Baseline,175,326.800369,141129.061491,0.000000,0.140152,15
4,Baseline,176,326.738381,138497.628354,0.000000,0.159093,14
4,Baseline,177,326.738381,138497.628354,0.000000,0.159093,14
4,Baseline,178,326.738381,138497.628354,0.000000,0.159093,14
4,Baseline,179,326.738381,138497.628354,0.000000,0.159093,14
4,Baseline,180,326.738381,138497.628354,0.000000,0.159093,14
4,Baseline,181,326.738381,138497.628354,0.000000,0.159093,14
4,Baseline,182,326.738381,138497.628354,0.000000,0.159093,14
4,Baseline,183,326.718635,135494.042293,0.000000,0.165127,13
4,Baseline,184,326.738381,138497.628354,0.000000,0.159093,14
4,Baseline,185,326.800369,141129.061491,0.000000,0.140152,15
4,Baseline,186,326.800369,141129.061491,0.000000,0.140152,15
4,Baseline,187,326.738381,138497.628354,0.000000,0.159093,14
4,Baseline,188,326.800369,141129.061491,0.000000,0.140152,15
4,Baseline,189,326.800369,141129.061491,0.000000,0.140152,15
4,Baseline,190,326.800369,141129.061491,0.000000,0.140152,15
4,Baseline,191,326.738381,138497.628354,0.000000,0.159093,14
4,Baseline,192,326.738381,138497.628354,0.000000,0.159093,14
4,Baseline,193,326.738381,138497.628354,0.000000,0.159093,14
4,Baseline,194,326.738381,138497.628354,0.000000,0.159093,14
4,Baseline,195,326.738381,138497.628354,0.000000,0.159093,14
4,Baseline,196,326.738381,138497.628354,0.000000,0.159093,14
4,Baseline,197,326.738381,138497.628354,0.000000,0.159093,14
4,Baseline,198,326.738381,138497.628354,0.000000,0.159093,14
4,Baseline,199,326.738381,138497.628354,0.000000,0.159093,14
4,Baseline,200,326.738381,138497.628354,0.000000,0.159093,14
4,Baseline,201,326.718635,135494.042293,0.000000,0.165127,13
4,Baseline,202,326.738381,138497.628354,0.000000,0.159093,14
4,Baseline,203,326.738381,138497.628354,0.000000,0.159093,14
4,Baseline,204,326.738381,138497.628354,0.000000,0.159093,14
4,Baseline,205,326.738381,138497.628354,0.000000,0.159093,14
4,Baseline,206,326.800369,141129.061491,0.000000,0.140152,15
4,Baseline,207,326.738381,138497.628354,0.000000,0.159093,14
4,Baseline,208,326.800369,141129.061491,0.000000,0.140152,15
4,Baseline,209,326.738381,138497.628354,0.000000,0.159093,14
4,Baseline,210,326.738381,138497.628354,0.000000,0.159093,14
4,Baseline,211,326.738381,138497.628354,0.000000,0.159093,14
4,Baseline,212,326.738381,138497.628354,0.000000,0.159093,14
4,Baseline,213,326.675453,106902.157666,0.000000,0.178322,16
4,Baseline,214,326.738381,138497.628354,0.000000,0.159093,14
4,Baseline,215,326.738381,138497.628354,0.000000,0.159093,14
4,Baseline,216,326.738381,138497.628354,0.000000,0.159093,14
4,Baseline,217,326.738381,138497.628354,0.000000,0.159093,14
4,Baseline,218,326.738381,138497.628354,0.000000,0.159093,14
4,Baseline,219,326.738381,138497.628354,0.000000,0.159093,14
4,Baseline,220,326.738381,138497.628354,0.000000,0.159093,14
4,Baseline,221,326.738381,138497.628354,0.000000,0.159093,14
4,Baseline,222,326.738381,138497.628354,0.000000,0.159093,14
4,Baseline,223,326.738381,138497.628354,0.000000,0.159093,14
4,Baseline,224,326.738381,138497.628354,0.000000,0.159093,14
4,Baseline,225,326.738381,138497.628354,0.000000,0.159093,14
4,Baseline,226,326.738381,138497.628354,0.000000,0.159093,14
4,Baseline,227,326.738381,138497.628354,0.000000,0.159093,14
4,Baseline,228,326.800369,141129.061491,0.000000,0.140152,15
4,Baseline,229,326.800369,141129.061491,0.000000,0.140152,15
4,Baseline,230,326.738381,138497.628354,0.000000,0.159093,14
4,Baseline,231,326.738381,138497.628354,0.000000,0.159093,14
4,Baseline,232,326.800369,141129.061491,0.000000,0.140152,15
4,Baseline,233,326.738381,138497.628354,0.000000,0.159093,14
4,Baseline,234,326.738381,138497.628354,0.000000,0.159093,14
4,Baseline,235,326.738381,138497.628354,0.000000,0.159093,14
4,Baseline,236,326.738381,138497.628354,0.000000,0.159093,14
4,Baseline,237,326.718635,135494.042293,0.000000,0.165127,13
4,Baseline,238,326.718635,135494.042293,0.000000,0.165127,13
4,Baseline,239,326.800369,141129.061491,0.000000,0.140152,15
4,Baseline,240,326.738381,138497.628354,0.000000,0.159093,14
4,Baseline,241,326.738381,138497.628354,0.000000,0.159093,14
4,Baseline,242,326.738381,138497.628354,0.000000,0.159093,14
4,Baseline,243,326.738381,138497.628354,0.000000,0.159093,14
4,Baseline,244,326.738381,138497.628354,0.000000,0.159093,14
4,Baseline,245,326.800369,141129.061491,0.000000,0.140152,15
4,Baseline,246,326.718635,135494.042293,0.000000,0.165127,13
4,Baseline,247,326.738381,138497.628354,0.000000,0.159093,14
4,Baseline,248,326.800369,141129.061491,0.000000,0.140152,15
4,Baseline,249,326.738381,138497.628354,0.000000,0.159093,14
4,Baseline,250,326.738381,138497.628354,0.000000,0.159093,14
4,Baseline,251,326.738381,138497.628354,0.000000,0.159093,14
4,Baseline,252,326.738381,138497.628354,0.000000,0.159093,14
4,Baseline,253,326.738381,138497.628354,0.000000,0.159093,14
4,Baseline,254,326.718635,135494.042293,0.000000,0.165127,13
4,Baseline,255,326.738381,138497.628354,0.000000,0.159093,14
4,Baseline,256,326.738381,138497.628354,0.000000,0.159093,14
4,Baseline,257,326.738381,138497.628354,0.000000,0.159093,14
4,Baseline,258,326.718635,135494.042293,0.000000,0.165127,13
4,Baseline,259,326.800369,141129.061491,0.000000,0.140152,15
4,Baseline,260,326.738381,138497.628354,0.000000,0.159093,14
4,Baseline,261,326.738381,138497.628354,0.000000,0.159093,14
4,Baseline,262,326.800369,141129.061491,0.000000,0.140152,15
4,Baseline,263,326.738381,138497.628354,0.000000,0.159093,14
4,Baseline,264,326.800369,141129.061491,0.000000,0.140152,15
4,Baseline,265,326.718635,135494.042293,0.000000,0.165127,13
4,Baseline,266,326.738381,138497.628354,0.000000,0.159093,14
4,Baseline,267,326.738381,138497.628354,0.000000,0.159093,14
4,Baseline,268,326.738381,138497.628354,0.000000,0.159093,14
4,Baseline,269,326.738381,138497.628354,0.000000,0.159093,14
4,Baseline,270,326.738381,138497.628354,0.000000,0.159093,14
4,Baseline,271,326.738381,138497.628354,0.000000,0.159093,14
4,Baseline,272,326.738381,138497.628354,0.000000,0.159093,14
4,Baseline,273,326.718635,135494.042293,0.000000,0.165127,13
4,Baseline,274,326.738381,138497.628354,0.000000,0.159093,14
4,Baseline,275,326.738381,138497.628354,0.000000,0.159093,14
4,Baseline,276,326.738381,138497.628354,0.000000,0.159093,14
4,Baseline,277,326.738381,138497.628354,0.000000,0.159093,14
4,Baseline,278,326.800369,141129.061491,0.000000,0.140152,15
4,Baseline,279,326.738381,138497.628354,0.000000,0.159093,14
4,Baseline,280,326.738381,138497.628354,0.000000,0.159093,14
4,Baseline,281,326.738381,138497.628354,0.000000,0.159093,14
4,Baseline,282,326.738381,138497.628354,0.000000,0.159093,14
4,Baseline,283,326.738381,138497.628354,0.000000,0.159093,14
4,Baseline,284,326.738381,138497.628354,0.000000,0.159093,14
4,Baseline,285,326.738381,138497.628354,0.000000,0.159093,14
4,Baseline,286,326.800369,141129.061491,0.000000,0.140152,15
4,Baseline,287,326.800369,141129.061491,0.000000,0.140152,15
4,Baseline,288,326.738381,138497.628354,0.000000,0.159093,14
4,Baseline,289,326.800369,141129.061491,0.000000,0.140152,15
4,Baseline,290,326.738381,138497.628354,0.000000,0.159093,14
4,Baseline,291,326.738381,138497.628354,0.000000,0.159093,14
4,Baseline,292,326.738381,138497.628354,0.000000,0.159093,14
4,Baseline,293,326.738381,138497.628354,0.000000,0.159093,14
4,Baseline,294,326.738381,138497.628354,0.000000,0.159093,14
4,Proposed,0,464.258809,563497.786153,0.000000,0.658225,16
4,Proposed,1,464.258809,563497.786153,0.000000,0.658225,16
4,Proposed,2,464.258809,563497.786153,0.000000,0.658225,16
4,Proposed,3,464.258809,563497.786153,0.000000,0.658225,16
4,Proposed,4,464.258809,563497.786153,0.000000,0.658225,16
4,Proposed,5,464.258809,563497.786153,0.000000,0.658225,16
4,Proposed,6,464.258809,563497.786153,0.000000,0.658225,16
4,Proposed,7,464.258809,563497.786153,0.000000,0.658225,16
4,Proposed,8,464.258809,563497.786153,0.000000,0.658225,16
4,Proposed,9,464.258809,563497.786153,0.000000,0.658225,16
4,Proposed,10,464.258809,563497.786153,0.000000,0.658225,16
4,Proposed,11,464.258809,563497.786153,0.000000,0.658225,16
4,Proposed,12,464.258809,563497.786153,0.000000,0.658225,16
4,Proposed,13,464.258809,563497.786153,0.000000,0.658225,16
4,Proposed,14,464.258809,563497.786153,0.000000,0.658225,16
4,Proposed,15,464.258809,563497.786153,0.000000,0.658225,16
4,Proposed,16,464.258809,563497.786153,0.000000,0.658225,16
4,Proposed,17,464.258809,563497.786153,0.000000,0.658225,16
4,Proposed,18,464.258809,563497.786153,0.000000,0.658225,16
4,Proposed,19,464.258809,563497.786153,0.000000,0.658225,16
4,Proposed,20,464.258809,563497.786153,0.000000,0.658225,16
4,Proposed,21,464.258809,563497.786153,0.000000,0.658225,16
4,Proposed,22,464.258809,563497.786153,0.000000,0.658225,16
4,Proposed,23,464.258809,563497.786153,0.000000,0.658225,16
4,Proposed,24,464.258809,563497.786153,0.000000,0.658225,16
4,Proposed,25,464.258809,563497.786153,0.000000,0.658225,16
4,Proposed,26,464.258809,563497.786153,0.000000,0.658225,16
4,Proposed,27,464.258809,563497.786153,0.000000,0.658225,16
4,Proposed,28,464.258809,563497.786153,0.000000,0.658225,16
4,Proposed,29,464.258809,563497.786153,0.000000,0.658225,16
4,Proposed,30,464.258809,563497.786153,0.000000,0.658225,16
4,Proposed,31,464.258809,563497.786153,0.000000,0.658225,16
4,Proposed,32,464.258809,563497.786153,0.000000,0.658225,16
4,Proposed,33,464.258809,563497.786153,0.000000,0.658225,16
4,Proposed,34,464.258809,563497.786153,0.000000,0.658225,16
4,Proposed,35,464.258809,563497.786153,0.000000,0.658225,16
4,Proposed,36,464.258809,563497.786153,0.000000,0.658225,16
4,Proposed,37,464.258809,563497.786153,0.000000,0.658225,16
4,Proposed,38,464.258809,563497.786153,0.000000,0.658225,16
4,Proposed,39,464.258809,563497.786153,0.000000,0.658225,16
4,Proposed,40,464.258809,563497.786153,0.000000,0.658225,16
4,Proposed,41,464.258809,563497.786153,0.000000,0.658225,16
4,Proposed,42,464.258809,563497.786153,0.000000,0.658225,16
4,Proposed,43,464.258809,563497.786153,0.000000,0.658225,16
4,Proposed,44,464.258809,563497.786153,0.000000,0.658225,16
4,Proposed,45,464.258809,563497.786153,0.000000,0.658225,16
4,Proposed,46,464.258809,563497.786153,0.000000,0.658225,16
4,Proposed,47,464.258809,563497.786153,0.000000,0.658225,16
4,Proposed,48,464.258809,563497.786153,0.000000,0.658225,16
4,Proposed,49,464.258809,563497.786153,0.000000,0.658225,16
4,Proposed,50,464.258809,563497.786153,0.000000,0.658225,16
4,Proposed,51,464.258809,563497.786153,0.000000,0.658225,16
4,Proposed,52,464.258809,563497.786153,0.000000,0.658225,16
4,Proposed,53,464.258809,563497.786153,0.000000,0.658225,16
4,Proposed,54,464.258809,563497.786153,0.000000,0.658225,16
4,Proposed,55,464.258809,563497.786153,0.000000,0.658225,16
4,Proposed,56,464.258809,563497.786153,0.000000,0.658225,16
4,Proposed,57,464.258809,563497.786153,0.000000,0.658225,16
4,Proposed,58,464.258809,563497.786153,0.000000,0.658225,16
4,Proposed,59,464.258809,563497.786153,0.000000,0.658225,16
4,Proposed,60,464.258809,563497.786153,0.000000,0.658225,16
4,Proposed,61,464.258809,563497.786153,0.000000,0.658225,16
4,Proposed,62,464.258809,563497.786153,0.000000,0.658225,16
4,Proposed,63,464.258809,563497.786153,0.000000,0.658225,16
4,Proposed,64,464.258809,563497.786153,0.000000,0.658225,16
4,Proposed,65,464.258809,563497.786153,0.000000,0.658225,16
4,Proposed,66,464.258809,563497.786153,0.000000,0.658225,16
4,Proposed,67,464.258809,563497.786153,0.000000,0.658225,16
4,Proposed,68,464.258809,563497.786153,0.000000,0.658225,16
4,Proposed,69,464.258809,563497.786153,0.000000,0.658225,16
4,Proposed,70,464.258809,563497.786153,0.000000,0.658225,16
4,Proposed,71,464.258809,563497.786153,0.000000,0.658225,16
4,Proposed,72,464.258809,563497.786153,0.000000,0.658225,16
4,Proposed,73,464.258809,563497.786153,0.000000,0.658225,16
4,Proposed,74,464.258809,563497.786153,0.000000,0.658225,16
4,Proposed,75,464.258809,563497.786153,0.000000,0.658225,16
4,Proposed,76,464.258809,563497.786153,0.000000,0.658225,16
4,Proposed,77,464.258809,563497.786153,0.000000,0.658225,16
4,Proposed,78,464.258809,563497.786153,0.000000,0.658225,16
4,Proposed,79,464.258809,563497.786153,0.000000,0.658225,16
4,Proposed,80,464.258809,563497.786153,0.000000,0.658225,16
4,Proposed,81,464.258809,563497.786153,0.000000,0.658225,16
4,Proposed,82,464.258809,563497.786153,0.000000,0.658225,16
4,Proposed,83,464.258809,563497.786153,0.000000,0.658225,16
4,Proposed,84,464.258809,563497.786153,0.000000,0.658225,16
4,Proposed,85,464.258809,563497.786153,0.000000,0.658225,16
4,Proposed,86,464.258809,563497.786153,0.000000,0.658225,16
4,Proposed,87,464.258809,563497.786153,0.000000,0.658225,16
4,Proposed,88,464.258809,563497.786153,0.000000,0.658225,16
4,Proposed,89,464.258809,563497.786153,0.000000,0.658225,16
4,Proposed,90,464.258809,563497.786153,0.000000,0.658225,16
4,Proposed,91,464.258809,563497.786153,0.000000,0.658225,16
4,Proposed,92,464.258809,563497.786153,0.000000,0.658225,16
4,Proposed,93,464.258809,563497.786153,0.000000,0.658225,16
4,Proposed,94,464.258809,563497.786153,0.000000,0.658225,16
4,Proposed,95,464.258809,563497.786153,0.000000,0.658225,16
4,Proposed,96,464.258809,563497.786153,0.000000,0.658225,16
4,Proposed,97,464.258809,563497.786153,0.000000,0.658225,16
4,Proposed,98,464.258809,563497.786153,0.000000,0.658225,16
4,Proposed,99,464.258809,563497.786153,0.000000,0.658225,16
4,Proposed,100,464.258809,563497.786153,0.000000,0.658225,16
4,Proposed,101,464.258809,563497.786153,0.000000,0.658225,16
4,Proposed,102,464.258809,563497.786153,0.000000,0.658225,16
4,Proposed,103,464.258809,563497.786153,0.000000,0.658225,16
4,Proposed,104,464.258809,563497.786153,0.000000,0.658225,16
4,Proposed,105,464.258809,563497.786153,0.000000,0.658225,16
4,Proposed,106,464.258809,563497.786153,0.000000,0.658225,16
4,Proposed,107,464.258809,563497.786153,0.000000,0.658225,16
4,Proposed,108,464.258809,563497.786153,0.000000,0.658225,16
4,Proposed,109,464.258809,563497.786153,0.000000,0.658225,16
4,Proposed,110,464.258809,563497.786153,0.000000,0.658225,16
4,Proposed,111,464.258809,563497.786153,0.000000,0.658225,16
4,Proposed,112,464.258809,563497.786153,0.000000,0.658225,16
4,Proposed,113,464.258809,563497.786153,0.000000,0.658225,16
4,Proposed,114,464.258809,563497.786153,0.000000,0.658225,16
4,Proposed,115,464.258809,563497.786153,0.000000,0.658225,16
4,Proposed,116,464.258809,563497.786153,0.000000,0.658225,16
4,Proposed,117,464.258809,563497.786153,0.000000,0.658225,16
4,Proposed,118,464.258809,563497.786153,0.000000,0.658225,16
4,Proposed,119,464.258809,563497.786153,0.000000,0.658225,16
4,Proposed,120,464.258809,563497.786153,0.000000,0.658225,16
4,Proposed,121,464.258809,563497.786153,0.000000,0.658225,16
4,Proposed,122,464.258809,563497.786153,0.000000,0.658225,16
4,Proposed,123,464.258809,563497.786153,0.000000,0.658225,16
4,Proposed,124,464.258809,563497.786153,0.000000,0.658225,16
4,Proposed,125,464.258809,563497.786153,0.000000,0.658225,16
4,Proposed,126,464.258809,563497.786153,0.000000,0.658225,16
4,Proposed,127,464.258809,563497.786153,0.000000,0.658225,16
4,Proposed,128,464.258809,563497.786153,0.000000,0.658225,16
4,Proposed,129,464.258809,563497.786153,0.000000,0.658225,16
4,Proposed,130,464.258809,563497.786153,0.000000,0.658225,16
4,Proposed,131,464.258809,563497.786153,0.000000,0.658225,16
4,Proposed,132,464.258809,563497.786153,0.000000,0.658225,16
4,Proposed,133,464.258809,563497.786153,0.000000,0.658225,16
4,Proposed,134,464.258809,563497.786153,0.000000,0.658225,16
4,Proposed,135,464.258809,563497.786153,0.000000,0.658225,16
4,Proposed,136,464.258809,563497.786153,0.000000,0.658225,16
4,Proposed,137,464.258809,563497.786153,0.000000,0.658225,16
4,Proposed,138,464.258809,563497.786153,0.000000,0.658225,16
4,Proposed,139,464.258809,563497.786153,0.000000,0.658225,16
4,Proposed,140,464.258809,563497.786153,0.000000,0.658225,16
4,Proposed,141,464.258809,563497.786153,0.000000,0.658225,16
4,Proposed,142,464.258809,563497.786153,0.000000,0.658225,16
4,Proposed,143,464.258809,563497.786153,0.000000,0.658225,16
4,Proposed,144,464.258809,563497.786153,0.000000,0.658225,16
4,Proposed,145,464.258809,563497.786153,0.000000,0.658225,16
4,Proposed,146,464.258809,563497.786153,0.000000,0.658225,16
4,Proposed,147,464.258809,563497.786153,0.000000,0.658225,16
4,Proposed,148,464.258809,563497.786153,0.000000,0.658225,16
4,Proposed,149,464.258809,563497.786153,0.000000,0.658225,16
4,Proposed,150,464.258809,563497.786153,0.000000,0.658225,16
4,Proposed,151,464.258809,563497.786153,0.000000,0.658225,16
4,Proposed,152,464.258809,563497.786153,0.000000,0.658225,16
4,Proposed,153,464.258809,563497.786153,0.000000,0.658225,16
4,Proposed,154,464.258809,563497.786153,0.000000,0.658225,16
4,Proposed,155,464.258809,563497.786153,0.000000,0.658225,16
4,Proposed,156,464.258809,563497.786153,0.000000,0.658225,16
4,Proposed,157,464.258809,563497.786153,0.000000,0.658225,16
4,Proposed,158,464.258809,563497.786153,0.000000,0.658225,16
4,Proposed,159,464.258809,563497.786153,0.000000,0.658225,16
4,Proposed,160,464.258809,563497.786153,0.000000,0.658225,16
4,Proposed,161,464.258809,563497.786153,0.000000,0.658225,16
4,Proposed,162,464.258809,563497.786153,0.000000,0.658225,16
4,Proposed,163,464.258809,563497.786153,0.000000,0.658225,16
4,Proposed,164,464.258809,563497.786153,0.000000,0.658225,16
4,Proposed,165,464.258809,563497.786153,0.000000,0.658225,16
4,Proposed,166,464.258809,563497.786153,0.000000,0.658225,16
4,Proposed,167,464.258809,563497.786153,0.000000,0.658225,16
4,Proposed,168,464.258809,563497.786153,0.000000,0.658225,16
4,Proposed,169,464.258809,563497.786153,0.000000,0.658225,16
4,Proposed,170,464.258809,563497.786153,0.000000,0.658225,16
4,Proposed,171,464.258809,563497.786153,0.000000,0.658225,16
4,Proposed,172,464.258809,563497.786153,0.000000,0.658225,16
4,Proposed,173,464.258809,563497.786153,0.000000,0.658225,16
4,Proposed,174,464.258809,563497.786153,0.000000,0.658225,16
4,Proposed,175,464.258809,563497.786153,0.000000,0.658225,16
4,Proposed,176,464.258809,563497.786153,0.000000,0.658225,16
4,Proposed,177,464.258809,563497.786153,0.000000,0.658225,16
4,Proposed,178,464.258809,563497.786153,0.000000,0.658225,16
4,Proposed,179,464.258809,563497.786153,0.000000,0.658225,16
4,Proposed,180,464.258809,563497.786153,0.000000,0.658225,16
4,Proposed,181,464.258809,563497.786153,0.000000,0.658225,16
4,Proposed,182,464.258809,563497.786153,0.000000,0.658225,16
4,Proposed,183,464.258809,563497.786153,0.000000,0.658225,16
4,Proposed,184,464.258809,563497.786153,0.000000,0.658225,16
4,Proposed,185,464.258809,563497.786153,0.000000,0.658225,16
4,Proposed,186,464.258809,563497.786153,0.000000,0.658225,16
4,Proposed,187,464.258809,563497.786153,0.000000,0.658225,16
4,Proposed,188,464.258809,563497.786153,0.000000,0.658225,16
4,Proposed,189,464.258809,563497.786153,0.000000,0.658225,16
4,Proposed,190,464.258809,563497.786153,0.000000,0.658225,16
4,Proposed,191,464.258809,563497.786153,0.000000,0.658225,16
4,Proposed,192,464.258809,563497.786153,0.000000,0.658225,16
4,Proposed,193,464.258809,563497.786153,0.000000,0.658225,16
4,Proposed,194,464.258809,563497.786153,0.000000,0.658225,16
4,Proposed,195,464.258809,563497.786153,0.000000,0.658225,16
4,Proposed,196,464.258809,563497.786153,0.000000,0.658225,16
4,Proposed,197,464.258809,563497.786153,0.000000,0.658225,16
4,Proposed,198,464.258809,563497.786153,0.000000,0.658225,16
4,Proposed,199,464.258809,563497.786153,0.000000,0.658225,16
4,Proposed,200,464.258809,563497.786153,0.000000,0.658225,16
4,Proposed,201,464.258809,563497.786153,0.000000,0.658225,16
4,Proposed,202,464.258809,563497.786153,0.000000,0.658225,16
4,Proposed,203,464.258809,563497.786153,0.000000,0.658225,16
4,Proposed,204,464.258809,563497.786153,0.000000,0.658225,16
4,Proposed,205,464.258809,563497.786153,0.000000,0.658225,16
4,Proposed,206,464.258809,563497.786153,0.000000,0.658225,16
4,Proposed,207,464.258809,563497.786153,0.000000,0.658225,16
4,Proposed,208,464.258809,563497.786153,0.000000,0.658225,16
4,Proposed,209,464.258809,563497.786153,0.000000,0.658225,16
4,Proposed,210,464.258809,563497.786153,0.000000,0.658225,16
4,Proposed,211,464.258809,563497.786153,0.000000,0.658225,16
4,Proposed,212,464.258809,563497.786153,0.000000,0.658225,16
4,Proposed,213,464.258809,563497.786153,0.000000,0.658225,16
4,Proposed,214,464.258809,563497.786153,0.000000,0.658225,16
4,Proposed,215,464.258809,563497.786153,0.000000,0.658225,16
4,Proposed,216,464.258809,563497.786153,0.000000,0.658225,16
4,Proposed,217,464.258809,563497.786153,0.000000,0.658225,16
4,Proposed,218,464.258809,563497.786153,0.000000,0.658225,16
4,Proposed,219,464.258809,563497.786153,0.000000,0.658225,16
4,Proposed,220,464.258809,563497.786153,0.000000,0.658225,16
4,Proposed,221,464.258809,563497.786153,0.000000,0.658225,16
4,Proposed,222,464.258809,563497.786153,0.000000,0.658225,16
4,Proposed,223,464.258809,563497.786153,0.000000,0.658225,16
4,Proposed,224,464.258809,563497.786153,0.000000,0.658225,16
4,Proposed,225,464.258809,563497.786153,0.000000,0.658225,16
4,Proposed,226,464.258809,563497.786153,0.000000,0.658225,16
4,Proposed,227,464.258809,563497.786153,0.000000,0.658225,16
4,Proposed,228,464.258809,563497.786153,0.000000,0.658225,16
4,Proposed,229,464.258809,563497.786153,0.000000,0.658225,16
4,Proposed,230,464.258809,563497.786153,0.000000,0.658225,16
4,Proposed,231,464.258809,563497.786153,0.000000,0.658225,16
4,Proposed,232,464.258809,563497.786153,0.000000,0.658225,16
4,Proposed,233,464.258809,563497.786153,0.000000,0.658225,16
4,Proposed,234,464.258809,563497.786153,0.000000,0.658225,16
4,Proposed,235,464.258809,563497.786153,0.000000,0.658225,16
4,Proposed,236,464.258809,563497.786153,0.000000,0.658225,16
4,Proposed,237,464.258809,563497.786153,0.000000,0.658225,16
4,Proposed,238,464.258809,563497.786153,0.000000,0.658225,16
4,Proposed,239,464.258809,563497.786153,0.000000,0.658225,16
4,Proposed,240,464.258809,563497.786153,0.000000,0.658225,16
4,Proposed,241,464.258809,563497.786153,0.000000,0.658225,16
4,Proposed,242,464.258809,563497.786153,0.000000,0.658225,16
4,Proposed,243,464.258809,563497.786153,0.000000,0.658225,16
4,Proposed,244,464.258809,563497.786153,0.000000,0.658225,16
4,Proposed,245,464.258809,563497.786153,0.000000,0.658225,16
4,Proposed,246,464.258809,563497.786153,0.000000,0.658225,16
4,Proposed,247,464.258809,563497.786153,0.000000,0.658225,16
4,Proposed,248,464.258809,563497.786153,0.000000,0.658225,16
4,Proposed,249,464.258809,563497.786153,0.000000,0.658225,16
4,Proposed,250,464.258809,563497.786153,0.000000,0.658225,16
4,Proposed,251,464.258809,563497.786153,0.000000,0.658225,16
4,Proposed,252,464.258809,563497.786153,0.000000,0.658225,16
4,Proposed,253,464.258277,563553.987445,0.000000,0.658291,16
4,Proposed,254,464.258277,563553.987445,0.000000,0.658291,16
4,Proposed,255,463.296640,570961.791942,0.000000,0.668262,16
4,Proposed,256,463.296640,570961.791942,0.000000,0.668262,16
4,Proposed,257,462.648985,566164.046645,0.000000,0.663605,16
4,Proposed,258,462.648985,566164.046645,0.000000,0.663605,16
4,Proposed,259,462.504979,568657.738835,0.000000,0.666714,16
4,Proposed,260,462.504979,568657.738835,0.000000,0.666714,16
4,Proposed,261,462.129508,559911.161848,0.000000,0.657057,16
4,Proposed,262,462.129508,559911.161848,0.000000,0.657057,16
4,Proposed,263,459.929950,562390.507099,0.000000,0.663082,16
4,Proposed,264,459.929950,562390.507099,0.000000,0.663082,16
4,Proposed,265,458.902806,563012.650830,0.000000,0.665287,16
4,Proposed,266,458.902806,563012.650830,0.000000,0.665287,16
4,Proposed,267,458.754901,537218.287188,0.000000,0.635204,16
4,Proposed,268,458.754901,537218.287188,0.000000,0.635204,16
4,Proposed,269,458.421739,529810.180337,0.000000,0.626952,16
4,Proposed,270,458.421739,529810.180337,0.000000,0.626952,16
4,Proposed,271,457.689309,528685.774960,0.000000,0.626625,16
4,Proposed,272,457.689309,528685.774960,0.000000,0.626625,16
4,Proposed,273,457.623192,526037.130391,0.000000,0.623594,16
4,Proposed,274,457.623192,526037.130391,0.000000,0.623594,16
4,Proposed,275,457.647139,510265.733754,0.000000,0.604980,16
4,Proposed,276,457.647139,510265.733754,0.000000,0.604980,16
4,Proposed,277,455.689808,509819.091214,0.000000,0.607034,16
4,Proposed,278,455.689808,509819.091214,0.000000,0.607034,16
4,Proposed,279,455.626334,498999.141489,0.000000,0.594310,16
4,Proposed,280,455.626334,498999.141489,0.000000,0.594310,16
4,Proposed,281,454.062687,490341.553299,0.000000,0.586058,16
4,Proposed,282,454.062687,490341.553299,0.000000,0.586058,16
4,Proposed,283,453.886311,485413.322506,0.000000,0.580426,16
4,Proposed,284,453.886311,485413.322506,0.000000,0.580426,16
4,Proposed,285,452.152636,484897.625857,0.000000,0.582023,16
4,Proposed,286,452.152636,484897.625857,0.000000,0.582023,16
4,Proposed,287,451.629873,484007.880895,0.000000,0.581630,16
4,Proposed,288,451.629873,484007.880895,0.000000,0.581630,16
4,Proposed,289,451.244618,481983.618809,0.000000,0.579703,16
4,Proposed,290,451.244618,481983.618809,0.000000,0.579703,16
4,Proposed,291,451.266833,482428.711265,0.000000,0.580207,16
4,Proposed,292,451.266833,482428.711265,0.000000,0.580207,16
4,Proposed,293,451.004461,473360.986803,0.000000,0.569693,16
4,Proposed,294,451.004461,473360.986803,0.000000,0.569693,16
4,Proposed,295,449.796510,468594.454639,0.000000,0.565495,16
4,Proposed,296,449.796510,468594.454639,0.000000,0.565495,16
4,Proposed,297,448.741833,464621.627010,0.000000,0.562038,16
4,Proposed,298,448.741833,464621.627010,0.000000,0.562038,16
5,Baseline,0,428.911179,223276.200366,0.000000,0.283370,16
5,Baseline,1,428.911179,223276.200366,0.000000,0.283370,16
5,Baseline,2,428.823459,228177.101403,0.000000,0.289631,16
5,Baseline,3,428.823459,228177.101403,0.000000,0.289631,16
5,Baseline,4,428.458605,222358.093676,0.000000,0.282505,16
5,Baseline,5,428.458605,222358.093676,0.000000,0.282505,16
5,Baseline,6,428.458605,222358.093676,0.000000,0.282505,16
5,Baseline,7,428.458605,222358.093676,0.000000,0.282505,16
5,Baseline,8,424.326035,221035.599436,0.000000,0.283557,16
5,Baseline,9,424.326035,221035.599436,0.000000,0.283557,16
5,Baseline,10,422.163408,218019.281230,0.000000,0.281127,16
5,Baseline,11,422.163408,218019.281230,0.000000,0.281127,16
5,Baseline,12,418.641813,212953.591277,0.000000,0.276916,16
5,Baseline,13,418.641813,212953.591277,0.000000,0.276916,16
5,Baseline,14,412.232020,239475.312644,0.000000,0.208400,14
5,Baseline,15,412.374293,245796.141716,0.000000,0.173959,15
5,Baseline,16,403.974471,242677.901112,0.000000,0.174279,15
5,Baseline,17,403.887559,235543.700392,0.000000,0.195756,14
5,Baseline,18,398.669576,231098.866605,0.000000,0.217169,14
5,Baseline,19,398.669576,231098.866605,0.000000,0.217169,14
5,Baseline,20,398.016311,219006.926292,0.000000,0.172927,15
5,Baseline,21,398.016311,219006.926292,0.000000,0.172927,15
5,Baseline,22,394.513656,219787.255903,0.000000,0.167619,15
5,Baseline,23,394.513656,219787.255903,0.000000,0.167619,15
5,Baseline,24,393.814831,217991.513314,0.000000,0.168951,15
5,Baseline,25,393.704173,213198.017323,0.000000,0.197002,14
5,Baseline,26,393.271361,159103.550166,0.000000,0.220364,16
5,Baseline,27,393.374358,207660.531694,0.000000,0.194231,14
5,Baseline,28,389.929249,208564.765289,0.000000,0.195629,14
5,Baseline,29,389.929249,208564.765289,0.000000,0.195629,14
5,Baseline,30,388.271764,210969.900662,0.000000,0.201425,14
5,Baseline,31,387.190739,209568.573047,0.000000,0.196769,14
5,Baseline,32,387.190739,209568.573047,0.000000,0.196769,14
5,Baseline,33,386.684210,203549.854207,0.000000,0.192521,14
5,Baseline,34,386.781343,208450.185782,0.000000,0.167450,15
5,Baseline,35,384.718121,209435.333744,0.000000,0.200560,14
5,Baseline,36,384.837210,212106.310364,0.000000,0.169667,15
5,Baseline,37,381.829554,208354.082529,0.000000,0.204341,14
5,Baseline,38,381.960696,210899.167154,0.000000,0.170065,15
5,Baseline,39,381.848052,206231.200727,0.000000,0.185684,14
5,Baseline,40,381.910965,209953.910921,0.000000,0.169238,15
5,Baseline,41,378.327444,208376.014734,0.000000,0.174393,15
5,Baseline,42,378.327444,208376.014734,0.000000,0.174393,15
5,Baseline,43,377.017531,207865.944679,0.000000,0.169007,15
5,Baseline,44,377.017531,207865.944679,0.000000,0.169007,15
5,Baseline,45,376.886482,211633.719793,0.000000,0.172338,15
5,Baseline,46,376.886482,211633.719793,0.000000,0.172338,15
5,Baseline,47,374.258478,201711.537079,0.000000,0.181881,15
5,Baseline,48,374.198245,197010.605499,0.000000,0.197946,14
5,Baseline,49,372.416997,185793.927484,0.000000,0.164316,14
5,Baseline,50,372.448329,189869.719457,0.000000,0.155917,15
5,Baseline,51,370.591912,186087.323734,0.000000,0.196138,14
5,Baseline,52,370.591912,186087.323734,0.000000,0.196138,14
5,Baseline,53,369.693402,198899.525999,0.000000,0.181387,15
5,Baseline,54,369.637634,193695.952707,0.000000,0.196445,14
5,Baseline,55,362.484019,167685.967423,0.000000,0.148636,14
5,Baseline,56,362.484019,167685.967423,0.000000,0.148636,14
5,Baseline,57,362.050192,173091.644542,0.000000,0.185500,13
5,Baseline,58,362.159660,183997.800314,0.000000,0.155320,15
5,Baseline,59,359.220056,135621.426646,0.000000,0.205676,16
5,Baseline,60,359.220056,135621.426646,0.000000,0.205676,16
5,Baseline,61,349.937433,177203.778899,0.000000,0.151826,15
5,Baseline,62,349.937433,177203.778899,0.000000,0.151826,15
5,Baseline,63,349.067149,162417.832310,0.000000,0.139559,15
5,Baseline,64,349.067149,162417.832310,0.000000,0.139559,15
5,Baseline,65,346.750239,169118.925601,0.000000,0.153061,15
5,Baseline,66,346.750239,169118.925601,0.000000,0.153061,15
5,Baseline,67,345.376590,169161.451382,0.000000,0.141719,15
5,Baseline,68,345.376590,169161.451382,0.000000,0.141719,15
5,Baseline,69,340.105561,147922.008389,0.000000,0.133452,15
5,Baseline,70,340.091222,147054.398333,0.000000,0.137663,14
5,Baseline,71,328.447701,145540.408800,0.000000,0.129815,15
5,Baseline,72,328.447701,145540.408800,0.000000,0.129815,15
5,Baseline,73,325.455011,143875.584759,0.000000,0.125493,15
5,Baseline,74,325.455011,143875.584759,0.000000,0.125493,15
5,Baseline,75,322.055797,141449.589666,0.000000,0.123558,15
5,Baseline,76,322.055797,141449.589666,0.000000,0.123558,15
5,Baseline,77,307.366490,141048.988134,0.000000,0.147348,15
5,Baseline,78,307.366490,141048.988134,0.000000,0.147348,15
5,Baseline,79,307.366490,141048.988134,0.000000,0.147348,15
5,Baseline,80,307.338176,140868.157497,0.000000,0.156546,14
5,Baseline,81,307.366490,141048.988134,0.000000,0.147348,15
5,Baseline,82,307.338176,140868.157497,0.000000,0.156546,14
5,Baseline,83,307.338176,140868.157497,0.000000,0.156546,14
5,Baseline,84,307.366490,141048.988134,0.000000,0.147348,15
5,Baseline,85,307.247957,104799.944786,0.000000,0.185855,16
5,Baseline,86,307.247957,104799.944786,0.000000,0.185855,16
5,Baseline,87,307.366490,141048.988134,0.000000,0.147348,15
5,Baseline,88,307.366490,141048.988134,0.000000,0.147348,15
5,Baseline,89,307.247957,104799.944786,0.000000,0.185855,16
5,Baseline,90,307.366490,141048.988134,0.000000,0.147348,15
5,Baseline,91,307.366490,141048.988134,0.000000,0.147348,15
5,Baseline,92,307.366490,141048.988134,0.000000,0.147348,15
5,Baseline,93,307.247957,104799.944786,0.000000,0.185855,16
5,Baseline,94,307.247957,104799.944786,0.000000,0.185855,16
5,Baseline,95,307.366490,141048.988134,0.000000,0.147348,15
5,Baseline,96,307.247957,104799.944786,0.000000,0.185855,16
5,Baseline,97,307.338176,140868.157497,0.000000,0.156546,14
5,Baseline,98,307.366490,141048.988134,0.000000,0.147348,15
5,Baseline,99,307.247957,104799.944786,0.000000,0.185855,16
5,Baseline,100,307.366490,141048.988134,0.000000,0.147348,15
5,Baseline,101,307.366490,141048.988134,0.000000,0.147348,15
5,Baseline,102,307.247957,104799.944786,0.000000,0.185855,16
5,Baseline,103,307.247957,104799.944786,0.000000,0.185855,16
5,Baseline,104,307.247957,104799.944786,0.000000,0.185855,16
5,Baseline,105,307.338176,140868.157497,0.000000,0.156546,14
5,Baseline,106,307.366490,141048.988134,0.000000,0.147348,15
5,Baseline,107,307.366490,141048.988134,0.000000,0.147348,15
5,Baseline,108,307.366490,141048.988134,0.000000,0.147348,15
5,Baseline,109,307.366490,141048.988134,0.000000,0.147348,15
5,Baseline,110,307.247957,104799.944786,0.000000,0.185855,16
5,Baseline,111,307.366490,141048.988134,0.000000,0.147348,15
5,Baseline,112,307.366490,141048.988134,0.000000,0.147348,15
5,Baseline,113,307.247957,104799.944786,0.000000,0.185855,16
5,Baseline,114,307.247957,104799.944786,0.000000,0.185855,16
5,Baseline,115,307.247957,104799.944786,0.000000,0.185855,16
5,Baseline,116,307.338176,140868.157497,0.000000,0.156546,14
5,Baseline,117,307.366490,141048.988134,0.000000,0.147348,15
5,Baseline,118,307.366490,141048.988134,0.000000,0.147348,15
5,Baseline,119,307.366490,141048.988134,0.000000,0.147348,15
5,Baseline,120,307.247957,104799.944786,0.000000,0.185855,16
5,Baseline,121,307.366490,141048.988134,0.000000,0.147348,15
5,Baseline,122,307.366490,141048.988134,0.000000,0.147348,15
5,Baseline,123,307.338176,140868.157497,0.000000,0.156546,14
5,Baseline,124,307.366490,141048.988134,0.000000,0.147348,15
5,Baseline,125,307.366490,141048.988134,0.000000,0.147348,15
5,Baseline,126,307.366490,141048.988134,0.000000,0.147348,15
5,Baseline,127,307.366490,141048.988134,0.000000,0.147348,15
5,Baseline,128,307.338176,140868.157497,0.000000,0.156546,14
5,Baseline,129,307.247957,104799.944786,0.000000,0.185855,16
5,Baseline,130,307.247957,104799.944786,0.000000,0.185855,16
5,Baseline,131,307.366490,141048.988134,0.000000,0.147348,15
5,Baseline,132,307.247957,104799.944786,0.000000,0.185855,16
5,Baseline,133,307.366490,141048.988134,0.000000,0.147348,15
5,Baseline,134,307.366490,141048.988134,0.000000,0.147348,15
5,Baseline,135,307.338176,140868.157497,0.000000,0.156546,14
5,Baseline,136,307.338176,140868.157497,0.000000,0.156546,14
5,Baseline,137,307.338176,140868.157497,0.000000,0.156546,14
5,Baseline,138,307.247957,104799.944786,0.000000,0.185855,16
5,Baseline,139,307.338176,140868.157497,0.000000,0.156546,14
5,Baseline,140,307.366490,141048.988134,0.000000,0.147348,15
5,Baseline,141,307.366490,141048.988134,0.000000,0.147348,15
5,Baseline,142,307.247957,104799.944786,0.000000,0.185855,16
5,Baseline,143,307.366490,141048.988134,0.000000,0.147348,15
5,Baseline,144,307.366490,141048.988134,0.000000,0.147348,15
5,Baseline,145,307.366490,141048.988134,0.000000,0.147348,15
5,Baseline,146,307.338176,140868.157497,0.000000,0.156546,14
5,Baseline,147,307.366490,141048.988134,0.000000,0.147348,15
5,Baseline,148,307.247957,104799.944786,0.000000,0.185855,16
5,Baseline,149,307.366490,141048.988134,0.000000,0.147348,15
5,Baseline,150,307.366490,141048.988134,0.000000,0.147348,15
5,Baseline,151,307.247957,104799.944786,0.000000,0.185855,16
5,Baseline,152,307.338176,140868.157497,0.000000,0.156546,14
5,Baseline,153,307.277881,129861.799089,0.000000,0.176134,13
5,Baseline,154,307.247957,104799.944786,0.000000,0.185855,16
5,Baseline,155,307.247957,104799.944786,0.000000,0.185855,16
5,Baseline,156,307.338176,140868.157497,0.000000,0.156546,14
5,Baseline,157,307.366490,141048.988134,0.000000,0.147348,15
5,Baseline,158,307.366490,141048.988134,0.000000,0.147348,15
5,Baseline,159,307.247957,104799.944786,0.000000,0.185855,16
5,Baseline,160,307.366490,141048.988134,0.000000,0.147348,15
5,Baseline,161,307.366490,141048.988134,0.000000,0.147348,15
5,Baseline,162,307.366490,141048.988134,0.000000,0.147348,15
5,Baseline,163,307.247957,104799.944786,0.000000,0.185855,16
5,Baseline,164,307.338176,140868.157497,0.000000,0.156546,14
5,Baseline,165,307.247957,104799.944786,0.000000,0.185855,16
5,Baseline,166,307.366490,141048.988134,0.000000,0.147348,15
5,Baseline,167,307.366490,141048.988134,0.000000,0.147348,15
5,Baseline,168,307.247957,104799.944786,0.000000,0.185855,16
5,Baseline,169,307.247957,104799.944786,0.000000,0.185855,16
5,Baseline,170,307.366490,141048.988134,0.000000,0.147348,15
5,Baseline,171,307.366490,141048.988134,0.000000,0.147348,15
5,Baseline,172,307.338176,140868.157497,0.000000,0.156546,14
5,Baseline,173,307.247957,104799.944786,0.000000,0.185855,16
5,Baseline,174,307.247957,104799.944786,0.000000,0.185855,16
5,Baseline,175,307.247957,104799.944786,0.000000,0.185855,16
5,Baseline,176,307.247957,104799.944786,0.000000,0.185855,16
5,Baseline,177,307.247957,104799.944786,0.000000,0.185855,16
5,Baseline,178,307.366490,141048.988134,0.000000,0.147348,15
5,Baseline,179,307.338176,140868.157497,0.000000,0.156546,14
5,Baseline,180,307.338176,140868.157497,0.000000,0.156546,14
5,Baseline,181,307.366490,141048.988134,0.000000,0.147348,15
5,Baseline,182,307.247957,104799.944786,0.000000,0.185855,16
5,Baseline,183,307.338176,140868.157497,0.000000,0.156546,14
5,Baseline,184,307.366490,141048.988134,0.000000,0.147348,15
5,Baseline,185,307.366490,141048.988134,0.000000,0.147348,15
5,Baseline,186,307.247957,104799.944786,0.000000,0.185855,16
5,Baseline,187,307.366490,141048.988134,0.000000,0.147348,15
5,Baseline,188,307.366490,141048.988134,0.000000,0.147348,15
5,Baseline,189,307.366490,141048.988134,0.000000,0.147348,15
5,Baseline,190,307.366490,141048.988134,0.000000,0.147348,15
5,Baseline,191,307.247957,104799.944786,0.000000,0.185855,16
5,Baseline,192,307.366490,141048.988134,0.000000,0.147348,15
5,Baseline,193,307.366490,141048.988134,0.000000,0.147348,15
5,Baseline,194,307.247957,104799.944786,0.000000,0.185855,16
5,Baseline,195,307.366490,141048.988134,0.000000,0.147348,15
5,Baseline,196,307.366490,141048.988134,0.000000,0.147348,15
5,Baseline,197,307.338176,140868.157497,0.000000,0.156546,14
5,Baseline,198,307.247957,104799.944786,0.000000,0.185855,16
5,Baseline,199,307.366490,141048.988134,0.000000,0.147348,15
5,Baseline,200,307.366490,141048.988134,0.000000,0.147348,15
5,Baseline,201,307.366490,141048.988134,0.000000,0.147348,15
5,Baseline,202,307.366490,141048.988134,0.000000,0.147348,15
5,Baseline,203,307.247957,104799.944786,0.000000,0.185855,16
5,Baseline,204,307.366490,141048.988134,0.000000,0.147348,15
5,Baseline,205,307.366490,141048.988134,0.000000,0.147348,15
5,Baseline,206,307.366490,141048.988134,0.000000,0.147348,15
5,Baseline,207,307.366490,141048.988134,0.000000,0.147348,15
5,Baseline,208,307.247957,104799.944786,0.000000,0.185855,16
5,Baseline,209,307.366490,141048.988134,0.000000,0.147348,15
5,Baseline,210,307.247957,104799.944786,0.000000,0.185855,16
5,Baseline,211,307.247957,104799.944786,0.000000,0.185855,16
5,Baseline,212,307.366490,141048.988134,0.000000,0.147348,15
5,Baseline,213,307.366490,141048.988134,0.000000,0.147348,15
5,Baseline,214,307.366490,141048.988134,0.000000,0.147348,15
5,Baseline,215,307.338176,140868.157497,0.000000,0.156546,14
5,Baseline,216,307.247957,104799.944786,0.000000,0.185855,16
5,Baseline,217,307.338176,140868.157497,0.000000,0.156546,14
5,Baseline,218,307.247957,104799.944786,0.000000,0.185855,16
5,Baseline,219,307.247957,104799.944786,0.000000,0.185855,16
5,Baseline,220,307.366490,141048.988134,0.000000,0.147348,15
5,Baseline,221,307.338176,140868.157497,0.000000,0.156546,14
5,Baseline,222,307.338176,140868.157497,0.000000,0.156546,14
5,Baseline,223,307.366490,141048.988134,0.000000,0.147348,15
5,Baseline,224,307.366490,141048.988134,0.000000,0.147348,15
5,Baseline,225,307.366490,141048.988134,0.000000,0.147348,15
5,Baseline,226,307.338176,140868.157497,0.000000,0.156546,14
5,Baseline,227,307.247957,104799.944786,0.000000,0.185855,16
5,Baseline,228,307.366490,141048.988134,0.000000,0.147348,15
5,Baseline,229,307.366490,141048.988134,0.000000,0.147348,15
5,Baseline,230,307.247957,104799.944786,0.000000,0.185855,16
5,Baseline,231,307.366490,141048.988134,0.000000,0.147348,15
5,Baseline,232,307.366490,141048.988134,0.000000,0.147348,15
5,Baseline,233,307.366490,141048.988134,0.000000,0.147348,15
5,Baseline,234,307.366490,141048.988134,0.000000,0.147348,15
5,Baseline,235,307.366490,141048.988134,0.000000,0.147348,15
5,Baseline,236,307.338176,140868.157497,0.000000,0.156546,14
5,Baseline,237,307.247957,104799.944786,0.000000,0.185855,16
5,Baseline,238,307.247957,104799.944786,0.000000,0.185855,16
5,Baseline,239,307.366490,141048.988134,0.000000,0.147348,15
5,Baseline,240,307.366490,141048.988134,0.000000,0.147348,15
5,Baseline,241,307.366490,141048.988134,0.000000,0.147348,15
5,Baseline,242,307.247957,104799.944786,0.000000,0.185855,16
5,Baseline,243,307.338176,140868.157497,0.000000,0.156546,14
5,Baseline,244,307.366490,141048.988134,0.000000,0.147348,15
5,Baseline,245,307.247957,104799.944786,0.000000,0.185855,16
5,Baseline,246,307.338176,140868.157497,0.000000,0.156546,14
5,Baseline,247,307.366490,141048.988134,0.000000,0.147348,15
5,Baseline,248,307.366490,141048.988134,0.000000,0.147348,15
5,Baseline,249,307.366490,141048.988134,0.000000,0.147348,15
5,Baseline,250,307.366490,141048.988134,0.000000,0.147348,15
5,Baseline,251,307.366490,141048.988134,0.000000,0.147348,15
5,Baseline,252,307.366490,141048.988134,0.000000,0.147348,15
5,Baseline,253,307.247957,104799.944786,0.000000,0.185855,16
5,Baseline,254,307.366490,141048.988134,0.000000,0.147348,15
5,Baseline,255,307.366490,141048.988134,0.000000,0.147348,15
5,Baseline,256,307.247957,104799.944786,0.000000,0.185855,16
5,Baseline,257,307.247957,104799.944786,0.000000,0.185855,16
5,Baseline,258,307.366490,141048.988134,0.000000,0.147348,15
5,Baseline,259,307.366490,141048.988134,0.000000,0.147348,15
5,Baseline,260,307.366490,141048.988134,0.000000,0.147348,15
5,Baseline,261,307.247957,104799.944786,0.000000,0.185855,16
5,Baseline,262,307.247957,104799.944786,0.000000,0.185855,16
5,Baseline,263,307.366490,141048.988134,0.000000,0.147348,15
5,Baseline,264,307.366490,141048.988134,0.000000,0.147348,15
5,Baseline,265,307.338176,140868.157497,0.000000,0.156546,14
5,Baseline,266,307.366490,141048.988134,0.000000,0.147348,15
5,Baseline,267,307.366490,141048.988134,0.000000,0.147348,15
5,Baseline,268,307.338176,140868.157497,0.000000,0.156546,14
5,Baseline,269,307.338176,140868.157497,0.000000,0.156546,14
5,Baseline,270,307.338176,140868.157497,0.000000,0.156546,14
5,Baseline,271,307.366490,141048.988134,0.000000,0.147348,15
5,Baseline,272,307.247957,104799.944786,0.000000,0.185855,16
5,Baseline,273,307.366490,141048.988134,0.000000,0.147348,15
5,Baseline,274,307.366490,141048.988134,0.000000,0.147348,15
5,Baseline,275,307.366490,141048.988134,0.000000,0.147348,15
5,Baseline,276,307.247957,104799.944786,0.000000,0.185855,16
5,Baseline,277,307.247957,104799.944786,0.000000,0.185855,16
5,Baseline,278,307.366490,141048.988134,0.000000,0.147348,15
5,Baseline,279,307.366490,141048.988134,0.000000,0.147348,15
5,Baseline,280,307.366490,141048.988134,0.000000,0.147348,15
5,Baseline,281,307.247957,104799.944786,0.000000,0.185855,16
5,Proposed,0,463.983746,576584.932745,0.000000,0.795820,9
5,Proposed,1,464.301015,604964.425228,0.000000,0.727985,10
5,Proposed,2,464.301015,604964.425228,0.000000,0.727985,10
5,Proposed,3,463.983746,576584.932745,0.000000,0.795820,9
5,Proposed,4,464.733327,654936.260781,0.000000,0.635553,12
5,Proposed,5,463.983746,576584.932745,0.000000,0.795820,9
5,Proposed,6,464.301015,604964.425228,0.000000,0.727985,10
5,Proposed,7,464.674533,644546.390906,0.000000,0.648124,11
5,Proposed,8,463.983746,576584.932745,0.000000,0.795820,9
5,Proposed,9,463.983746,576584.932745,0.000000,0.795820,9
5,Proposed,10,463.735634,539738.721542,0.000000,0.848869,8
5,Proposed,11,463.983746,576584.932745,0.000000,0.795820,9
5,Proposed,12,463.983746,576584.932745,0.000000,0.795820,9
5,Proposed,13,464.301015,604964.425228,0.000000,0.727985,10
5,Proposed,14,464.301015,604964.425228,0.000000,0.727985,10
5,Proposed,15,464.674533,644546.390906,0.000000,0.648124,11
5,Proposed,16,463.983746,576584.932745,0.000000,0.795820,9
5,Proposed,17,464.733327,654936.260781,0.000000,0.635553,12
5,Proposed,18,464.301015,604964.425228,0.000000,0.727985,10
5,Proposed,19,464.674533,644546.390906,0.000000,0.648124,11
5,Proposed,20,463.983746,576584.932745,0.000000,0.795820,9
5,Proposed,21,464.674533,644546.390906,0.000000,0.648124,11
5,Proposed,22,463.983746,576584.932745,0.000000,0.795820,9
5,Proposed,23,463.983746,576584.932745,0.000000,0.795820,9
5,Proposed,24,463.983746,576584.932745,0.000000,0.795820,9
5,Proposed,25,463.983746,576584.932745,0.000000,0.795820,9
5,Proposed,26,463.983746,576584.932745,0.000000,0.795820,9
5,Proposed,27,463.983746,576584.932745,0.000000,0.795820,9
5,Proposed,28,464.301015,604964.425228,0.000000,0.727985,10
5,Proposed,29,463.983746,576584.932745,0.000000,0.795820,9
5,Proposed,30,464.301015,604964.425228,0.000000,0.727985,10
5,Proposed,31,463.983746,576584.932745,0.000000,0.795820,9
5,Proposed,32,464.301015,604964.425228,0.000000,0.727985,10
5,Proposed,33,464.674533,644546.390906,0.000000,0.648124,11
5,Proposed,34,463.735634,539738.721542,0.000000,0.848869,8
5,Proposed,35,464.674533,644546.390906,0.000000,0.648124,11
5,Proposed,36,464.674533,644546.390906,0.000000,0.648124,11
5,Proposed,37,464.674533,644546.390906,0.000000,0.648124,11
5,Proposed,38,464.301015,604964.425228,0.000000,0.727985,10
5,Proposed,39,464.674533,644546.390906,0.000000,0.648124,11
5,Proposed,40,464.674533,644546.390906,0.000000,0.648124,11
5,Proposed,41,464.301015,604964.425228,0.000000,0.727985,10
5,Proposed,42,464.674533,644546.390906,0.000000,0.648124,11
5,Proposed,43,463.983746,576584.932745,0.000000,0.795820,9
5,Proposed,44,463.983746,576584.932745,0.000000,0.795820,9
5,Proposed,45,464.733327,654936.260781,0.000000,0.635553,12
5,Proposed,46,463.983746,576584.932745,0.000000,0.795820,9
5,Proposed,47,464.674533,644546.390906,0.000000,0.648124,11
5,Proposed,48,464.301015,604964.425228,0.000000,0.727985,10
5,Proposed,49,463.983746,576584.932745,0.000000,0.795820,9
5,Proposed,50,464.674533,644546.390906,0.000000,0.648124,11
5,Proposed,51,464.733327,654936.260781,0.000000,0.635553,12
5,Proposed,52,463.983746,576584.932745,0.000000,0.795820,9
5,Proposed,53,463.735634,539738.721542,0.000000,0.848869,8
5,Proposed,54,464.301015,604964.425228,0.000000,0.727985,10
5,Proposed,55,464.674533,644546.390906,0.000000,0.648124,11
5,Proposed,56,464.733327,654936.260781,0.000000,0.635553,12
5,Proposed,57,464.301015,604964.425228,0.000000,0.727985,10
5,Proposed,58,463.983746,576584.932745,0.000000,0.795820,9
5,Proposed,59,464.301015,604964.425228,0.000000,0.727985,10
5,Proposed,60,463.735634,539738.721542,0.000000,0.848869,8
5,Proposed,61,464.301015,604964.425228,0.000000,0.727985,10
5,Proposed,62,464.674533,644546.390906,0.000000,0.648124,11
5,Proposed,63,464.301015,604964.425228,0.000000,0.727985,10
5,Proposed,64,464.301015,604964.425228,0.000000,0.727985,10
5,Proposed,65,463.983746,576584.932745,0.000000,0.795820,9
5,Proposed,66,464.301015,604964.425228,0.000000,0.727985,10
5,Proposed,67,464.733327,654936.260781,0.000000,0.635553,12
5,Proposed,68,464.674533,644546.390906,0.000000,0.648124,11
5,Proposed,69,464.674533,644546.390906,0.000000,0.648124,11
5,Proposed,70,463.983746,576584.932745,0.000000,0.795820,9
5,Proposed,71,464.674533,644546.390906,0.000000,0.648124,11
5,Proposed,72,464.733327,654936.260781,0.000000,0.635553,12
5,Proposed,73,463.983746,576584.932745,0.000000,0.795820,9
5,Proposed,74,463.983746,576584.932745,0.000000,0.795820,9
5,Proposed,75,463.983746,576584.932745,0.000000,0.795820,9
5,Proposed,76,464.301015,604964.425228,0.000000,0.727985,10
5,Proposed,77,464.079837,715103.588845,0.000000,0.775275,7
5,Proposed,78,464.674533,644546.390906,0.000000,0.648124,11
5,Proposed,79,464.733327,654936.260781,0.000000,0.635553,12
5,Proposed,80,463.983746,576584.932745,0.000000,0.795820,9
5,Proposed,81,463.983746,576584.932745,0.000000,0.795820,9
5,Proposed,82,464.301015,604964.425228,0.000000,0.727985,10
5,Proposed,83,464.301015,604964.425228,0.000000,0.727985,10
5,Proposed,84,463.983746,576584.932745,0.000000,0.795820,9
5,Proposed,85,464.301015,604964.425228,0.000000,0.727985,10
5,Proposed,86,464.301015,604964.425228,0.000000,0.727985,10
5,Proposed,87,464.301015,604964.425228,0.000000,0.727985,10
5,Proposed,88,464.301015,604964.425228,0.000000,0.727985,10
5,Proposed,89,464.301015,604964.425228,0.000000,0.727985,10
5,Proposed,90,464.301015,604964.425228,0.000000,0.727985,10
5,Proposed,91,464.674533,644546.390906,0.000000,0.648124,11
5,Proposed,92,464.674533,644546.390906,0.000000,0.648124,11
5,Proposed,93,464.301015,604964.425228,0.000000,0.727985,10
5,Proposed,94,464.301015,604964.425228,0.000000,0.727985,10
5,Proposed,95,464.733327,654936.260781,0.000000,0.635553,12
5,Proposed,96,463.983746,576584.932745,0.000000,0.795820,9
5,Proposed,97,464.674533,644546.390906,0.000000,0.648124,11
5,Proposed,98,463.983746,576584.932745,0.000000,0.795820,9
5,Proposed,99,464.733327,654936.260781,0.000000,0.635553,12
5,Proposed,100,464.674533,644546.390906,0.000000,0.648124,11
5,Proposed,101,464.301015,604964.425228,0.000000,0.727985,10
5,Proposed,102,463.983746,576584.932745,0.000000,0.795820,9
5,Proposed,103,463.983746,576584.932745,0.000000,0.795820,9
5,Proposed,104,463.983746,576584.932745,0.000000,0.795820,9
5,Proposed,105,464.674533,644546.390906,0.000000,0.648124,11
5,Proposed,106,464.674533,644546.390906,0.000000,0.648124,11
5,Proposed,107,464.301015,604964.425228,0.000000,0.727985,10
5,Proposed,108,463.983746,576584.932745,0.000000,0.795820,9
5,Proposed,109,463.983746,576584.932745,0.000000,0.795820,9
5,Proposed,110,463.983746,576584.932745,0.000000,0.795820,9
5,Proposed,111,463.735634,539738.721542,0.000000,0.848869,8
5,Proposed,112,464.733327,654936.260781,0.000000,0.635553,12
5,Proposed,113,464.301015,604964.425228,0.000000,0.727985,10
5,Proposed,114,463.983746,576584.932745,0.000000,0.795820,9
5,Proposed,115,464.674533,644546.390906,0.000000,0.648124,11
5,Proposed,116,464.301015,604964.425228,0.000000,0.727985,10
5,Proposed,117,463.735634,539738.721542,0.000000,0.848869,8
5,Proposed,118,464.301015,604964.425228,0.000000,0.727985,10
5,Proposed,119,464.674533,644546.390906,0.000000,0.648124,11
5,Proposed,120,464.301015,604964.425228,0.000000,0.727985,10
5,Proposed,121,464.301015,604964.425228,0.000000,0.727985,10
5,Proposed,122,464.674533,644546.390906,0.000000,0.648124,11
5,Proposed,123,464.674533,644546.390906,0.000000,0.648124,11
5,Proposed,124,464.301015,604964.425228,0.000000,0.727985,10
5,Proposed,125,464.674533,644546.390906,0.000000,0.648124,11
5,Proposed,126,463.983746,576584.932745,0.000000,0.795820,9
5,Proposed,127,464.733327,654936.260781,0.000000,0.635553,12
5,Proposed,128,463.983746,576584.932745,0.000000,0.795820,9
5,Proposed,129,463.983746,576584.932745,0.000000,0.795820,9
5,Proposed,130,463.735634,539738.721542,0.000000,0.848869,8
5,Proposed,131,464.301015,604964.425228,0.000000,0.727985,10
5,Proposed,132,463.735634,539738.721542,0.000000,0.848869,8
5,Proposed,133,464.301015,604964.425228,0.000000,0.727985,10
5,Proposed,134,464.674533,644546.390906,0.000000,0.648124,11
5,Proposed,135,464.733327,654936.260781,0.000000,0.635553,12
5,Proposed,136,463.983746,576584.932745,0.000000,0.795820,9
5,Proposed,137,463.983746,576584.932745,0.000000,0.795820,9
5,Proposed,138,463.983746,576584.932745,0.000000,0.795820,9
5,Proposed,139,464.301015,604964.425228,0.000000,0.727985,10
5,Proposed,140,463.983746,576584.932745,0.000000,0.795820,9
5,Proposed,141,464.674533,644546.390906,0.000000,0.648124,11
5,Proposed,142,463.983746,576584.932745,0.000000,0.795820,9
5,Proposed,143,464.301015,604964.425228,0.000000,0.727985,10
5,Proposed,144,463.983746,576584.932745,0.000000,0.795820,9
5,Proposed,145,464.674533,644546.390906,0.000000,0.648124,11
5,Proposed,146,464.301015,604964.425228,0.000000,0.727985,10
5,Proposed,147,464.301015,604964.425228,0.000000,0.727985,10
5,Proposed,148,463.735634,539738.721542,0.000000,0.848869,8
5,Proposed,149,464.733327,654936.260781,0.000000,0.635553,12
5,Proposed,150,464.301015,604964.425228,0.000000,0.727985,10
5,Proposed,151,464.301015,604964.425228,0.000000,0.727985,10
5,Proposed,152,464.301015,604964.425228,0.000000,0.727985,10
5,Proposed,153,464.733327,654936.260781,0.000000,0.635553,12
5,Proposed,154,463.735634,539738.721542,0.000000,0.848869,8
5,Proposed,155,464.301015,604964.425228,0.000000,0.727985,10
5,Proposed,156,464.674533,644546.390906,0.000000,0.648124,11
5,Proposed,157,464.301015,604964.425228,0.000000,0.727985,10
5,Proposed,158,463.983746,576584.932745,0.000000,0.795820,9
5,Proposed,159,463.983746,576584.932745,0.000000,0.795820,9
5,Proposed,160,464.733327,654936.260781,0.000000,0.635553,12
5,Proposed,161,464.674533,644546.390906,0.000000,0.648124,11
5,Proposed,162,464.674533,644546.390906,0.000000,0.648124,11
5,Proposed,163,464.301015,604964.425228,0.000000,0.727985,10
5,Proposed,164,463.983746,576584.932745,0.000000,0.795820,9
5,Proposed,165,464.301015,604964.425228,0.000000,0.727985,10
5,Proposed,166,463.983746,576584.932745,0.000000,0.795820,9
5,Proposed,167,464.674533,644546.390906,0.000000,0.648124,11
5,Proposed,168,464.674533,644546.390906,0.000000,0.648124,11
5,Proposed,169,464.301015,604964.425228,0.000000,0.727985,10
5,Proposed,170,464.301015,604964.425228,0.000000,0.727985,10
5,Proposed,171,463.735634,539738.721542,0.000000,0.848869,8
5,Proposed,172,464.733327,654936.260781,0.000000,0.635553,12
5,Proposed,173,464.674533,644546.390906,0.000000,0.648124,11
5,Proposed,174,463.983746,576584.932745,0.000000,0.795820,9
5,Proposed,175,463.983746,576584.932745,0.000000,0.795820,9
5,Proposed,176,464.301015,604964.425228,0.000000,0.727985,10
5,Proposed,177,463.983746,576584.932745,0.000000,0.795820,9
5,Proposed,178,464.733327,654936.260781,0.000000,0.635553,12
5,Proposed,179,464.301015,604964.425228,0.000000,0.727985,10
5,Proposed,180,464.674533,644546.390906,0.000000,0.648124,11
5,Proposed,181,464.674533,644546.390906,0.000000,0.648124,11
5,Proposed,182,464.301015,604964.425228,0.000000,0.727985,10
5,Proposed,183,464.674533,644546.390906,0.000000,0.648124,11
5,Proposed,184,464.674533,644546.390906,0.000000,0.648124,11
5,Proposed,185,464.674533,644546.390906,0.000000,0.648124,11
5,Proposed,186,464.674533,644546.390906,0.000000,0.648124,11
5,Proposed,187,464.301015,604964.425228,0.000000,0.727985,10
5,Proposed,188,464.674533,644546.390906,0.000000,0.648124,11
5,Proposed,189,464.674533,644546.390906,0.000000,0.648124,11
5,Proposed,190,464.674533,644546.390906,0.000000,0.648124,11
5,Proposed,191,464.674533,644546.390906,0.000000,0.648124,11
5,Proposed,192,463.983746,576584.932745,0.000000,0.795820,9
5,Proposed,193,463.983746,576584.932745,0.000000,0.795820,9
5,Proposed,194,463.983746,576584.932745,0.000000,0.795820,9
5,Proposed,195,463.983746,576584.932745,0.000000,0.795820,9
5,Proposed,196,464.301015,604964.425228,0.000000,0.727985,10
5,Proposed,197,464.674533,644546.390906,0.000000,0.648124,11
5,Proposed,198,464.733327,654936.260781,0.000000,0.635553,12
5,Proposed,199,464.301015,604964.425228,0.000000,0.727985,10
5,Proposed,200,463.735634,539738.721542,0.000000,0.848869,8
5,Proposed,201,463.983746,576584.932745,0.000000,0.795820,9
5,Proposed,202,463.983746,576584.932745,0.000000,0.795820,9
5,Proposed,203,464.733327,654936.260781,0.000000,0.635553,12
5,Proposed,204,463.983746,576584.932745,0.000000,0.795820,9
5,Proposed,205,464.301015,604964.425228,0.000000,0.727985,10
5,Proposed,206,464.301015,604964.425228,0.000000,0.727985,10
5,Proposed,207,463.983746,576584.932745,0.000000,0.795820,9
5,Proposed,208,463.983746,576584.932745,0.000000,0.795820,9
5,Proposed,209,464.301015,604964.425228,0.000000,0.727985,10
5,Proposed,210,464.674533,644546.390906,0.000000,0.648124,11
5,Proposed,211,464.674533,644546.390906,0.000000,0.648124,11
5,Proposed,212,464.079837,715103.588845,0.000000,0.775275,7
5,Proposed,213,464.301015,604964.425228,0.000000,0.727985,10
5,Proposed,214,464.301015,604964.425228,0.000000,0.727985,10
5,Proposed,215,464.301015,604964.425228,0.000000,0.727985,10
5,Proposed,216,464.301015,604964.425228,0.000000,0.727985,10
5,Proposed,217,464.674533,644546.390906,0.000000,0.648124,11
5,Proposed,218,464.674533,644546.390906,0.000000,0.648124,11
5,Proposed,219,464.674533,644546.390906,0.000000,0.648124,11
5,Proposed,220,464.301015,604964.425228,0.000000,0.727985,10
5,Proposed,221,464.301015,604964.425228,0.000000,0.727985,10
5,Proposed,222,464.301015,604964.425228,0.000000,0.727985,10
5,Proposed,223,463.983746,576584.932745,0.000000,0.795820,9
5,Proposed,224,464.674533,644546.390906,0.000000,0.648124,11
5,Proposed,225,464.301015,604964.425228,0.000000,0.727985,10
5,Proposed,226,463.983746,576584.932745,0.000000,0.795820,9
5,Proposed,227,464.301015,604964.425228,0.000000,0.727985,10
5,Proposed,228,463.735634,539738.721542,0.000000,0.848869,8
5,Proposed,229,463.983746,576584.932745,0.000000,0.795820,9
5,Proposed,230,464.674533,644546.390906,0.000000,0.648124,11
5,Proposed,231,464.674533,644546.390906,0.000000,0.648124,11
5,Proposed,232,464.301015,604964.425228,0.000000,0.727985,10
5,Proposed,233,464.301015,604964.425228,0.000000,0.727985,10
5,Proposed,234,463.983746,576584.932745,0.000000,0.795820,9
5,Proposed,235,464.674533,644546.390906,0.000000,0.648124,11
5,Proposed,236,463.983746,576584.932745,0.000000,0.795820,9
5,Proposed,237,464.301015,604964.425228,0.000000,0.727985,10
5,Proposed,238,463.983746,576584.932745,0.000000,0.795820,9
5,Proposed,239,464.301015,604964.425228,0.000000,0.727985,10
5,Proposed,240,464.674533,644546.390906,0.000000,0.648124,11
5,Proposed,241,464.301015,604964.425228,0.000000,0.727985,10
5,Proposed,242,463.983746,576584.932745,0.000000,0.795820,9
5,Proposed,243,463.983746,576584.932745,0.000000,0.795820,9
5,Proposed,244,464.674533,644546.390906,0.000000,0.648124,11
5,Proposed,245,464.674533,644546.390906,0.000000,0.648124,11
5,Proposed,246,464.301015,604964.425228,0.000000,0.727985,10
5,Proposed,247,463.780825,646012.943459,0.000000,0.668690,11
5,Proposed,248,463.364994,605765.984301,0.000000,0.757752,10
5,Proposed,249,463.355627,665814.717922,0.000000,0.581730,13
5,Proposed,250,463.355627,665814.717922,0.000000,0.581730,13
5,Proposed,251,462.565592,660260.868595,0.000000,0.600099,13
5,Proposed,252,462.870808,703951.911589,0.000000,0.534512,14
5,Proposed,253,462.116014,721402.236986,0.000000,0.531370,14
5,Proposed,254,461.820954,674453.345538,0.000000,0.594881,13
5,Proposed,255,464.757384,540113.183761,0.000000,0.630409,16
5,Proposed,256,464.757313,540127.966812,0.000000,0.630426,16
5,Proposed,257,464.151763,538429.125447,0.000000,0.629271,16
5,Proposed,258,464.046117,537959.154230,0.000000,0.628867,16
5,Proposed,259,462.770671,536320.063363,0.000000,0.628680,16
5,Proposed,260,463.822110,540830.470065,0.000000,0.632506,16
5,Proposed,261,463.735893,537325.848045,0.000000,0.628549,16
5,Proposed,262,462.344129,535011.685898,0.000000,0.627731,16
6,Baseline,0,433.834863,277834.336499,0.000000,0.325517,11
6,Baseline,1,434.126574,314084.766304,0.000000,0.258496,14
6,Baseline,2,433.907614,246212.581062,0.000000,0.308802,16
6,Baseline,3,432.489857,265898.539990,0.000000,0.334499,16
6,Baseline,4,432.489857,265898.539990,0.000000,0.334499,16
6,Baseline,5,432.329724,260918.680518,0.000000,0.328377,16
6,Baseline,6,432.329724,260918.680518,0.000000,0.328377,16
6,Baseline,7,432.329724,260918.680518,0.000000,0.328377,16
6,Baseline,8,432.662420,350655.122796,0.000000,0.251675,15
6,Baseline,9,427.392057,253334.450524,0.000000,0.322534,16
6,Baseline,10,427.392057,253334.450524,0.000000,0.322534,16
6,Baseline,11,427.304454,232140.332973,0.000000,0.295691,16
6,Baseline,12,427.304454,232140.332973,0.000000,0.295691,16
6,Baseline,13,426.065511,242917.620783,0.000000,0.310273,16
6,Baseline,14,426.065511,242917.620783,0.000000,0.310273,16
6,Baseline,15,424.369064,243814.384334,0.000000,0.312656,16
6,Baseline,16,424.651749,321818.589362,0.000000,0.246251,15
6,Baseline,17,420.925846,316502.091321,0.000000,0.244150,15
6,Baseline,18,420.649159,239402.655403,0.000000,0.309722,16
6,Baseline,19,420.337216,316343.959911,0.000000,0.245639,15
6,Baseline,20,420.064043,239647.138606,0.000000,0.310468,16
6,Baseline,21,417.100491,314767.579273,0.000000,0.233523,15
6,Baseline,22,416.815553,231040.797240,0.000000,0.301678,16
6,Baseline,23,415.720317,311448.536333,0.000000,0.247659,15
6,Baseline,24,415.720317,311448.536333,0.000000,0.247659,15
6,Baseline,25,414.958526,307545.990882,0.000000,0.226989,15
6,Baseline,26,414.958526,307545.990882,0.000000,0.226989,15
6,Baseline,27,414.780516,310845.525722,0.000000,0.233356,15
6,Baseline,28,414.780516,310845.525722,0.000000,0.233356,15
6,Baseline,29,414.190302,227332.239786,0.000000,0.298726,16
6,Baseline,30,414.466932,306401.546706,0.000000,0.232137,15
6,Baseline,31,410.311074,194592.955442,0.000000,0.258227,16
6,Baseline,32,410.311074,194592.955442,0.000000,0.258227,16
6,Baseline,33,406.824847,239801.426054,0.000000,0.197044,15
6,Baseline,34,406.824847,239801.426054,0.000000,0.197044,15
6,Baseline,35,401.839305,235567.260175,0.000000,0.197969,15
6,Baseline,36,401.645803,181462.340102,0.000000,0.246028,16
6,Baseline,37,401.557428,235969.097778,0.000000,0.193574,15
6,Baseline,38,401.557428,235969.097778,0.000000,0.193574,15
6,Baseline,39,400.267587,241359.599998,0.000000,0.238480,14
6,Baseline,40,400.267587,241359.599998,0.000000,0.238480,14
6,Baseline,41,396.286842,233174.656704,0.000000,0.238363,14
6,Baseline,42,396.286842,233174.656704,0.000000,0.238363,14
6,Baseline,43,395.443341,217939.390004,0.000000,0.211188,14
6,Baseline,44,395.521381,226648.345633,0.000000,0.191494,15
6,Baseline,45,387.150982,227849.047028,0.000000,0.191091,15
6,Baseline,46,387.150982,227849.047028,0.000000,0.191091,15
6,Baseline,47,385.951307,230393.622196,0.000000,0.198053,15
6,Baseline,48,385.951307,230393.622196,0.000000,0.198053,15
6,Baseline,49,384.980217,200860.922321,0.000000,0.164202,15
6,Baseline,50,384.980217,200860.922321,0.000000,0.164202,15
6,Baseline,51,383.285663,194634.469939,0.000000,0.166705,14
6,Baseline,52,383.319908,199530.767275,0.000000,0.157785,15
6,Baseline,53,382.377070,211332.145124,0.000000,0.175645,15
6,Baseline,54,382.344411,208398.346789,0.000000,0.184171,14
6,Baseline,55,379.761455,208998.499134,0.000000,0.173831,15
6,Baseline,56,379.575511,155200.927801,0.000000,0.222709,16
6,Baseline,57,379.647118,215659.578808,0.000000,0.188499,14
6,Baseline,58,379.682454,217231.821744,0.000000,0.179209,15
6,Baseline,59,375.877151,156895.512699,0.000000,0.227346,16
6,Baseline,60,375.877151,156895.512699,0.000000,0.227346,16
6,Baseline,61,375.185147,153496.467723,0.000000,0.222841,16
6,Baseline,62,375.185147,153496.467723,0.000000,0.222841,16
6,Baseline,63,367.283282,164464.226474,0.000000,0.188271,13
6,Baseline,64,367.283282,164464.226474,0.000000,0.188271,13
6,Baseline,65,360.284860,173059.047531,0.000000,0.169205,14
6,Baseline,66,360.284860,173059.047531,0.000000,0.169205,14
6,Baseline,67,358.294065,175913.479775,0.000000,0.187720,14
6,Baseline,68,358.294065,175913.479775,0.000000,0.187720,14
6,Baseline,69,357.489326,122911.940645,0.000000,0.187339,16
6,Baseline,70,357.489326,122911.940645,0.000000,0.187339,16
6,Baseline,71,353.113630,114992.915207,0.000000,0.177458,16
6,Baseline,72,353.113630,114992.915207,0.000000,0.177458,16
6,Baseline,73,345.963219,115636.253084,0.000000,0.182131,16
6,Baseline,74,345.963219,115636.253084,0.000000,0.182131,16
6,Baseline,75,345.963219,115636.253084,0.000000,0.182131,16
6,Baseline,76,345.963219,115636.253084,0.000000,0.182131,16
6,Baseline,77,345.963219,115636.253084,0.000000,0.182131,16
6,Baseline,78,345.963219,115636.253084,0.000000,0.182131,16
6,Baseline,79,345.963219,115636.253084,0.000000,0.182131,16
6,Baseline,80,345.963219,115636.253084,0.000000,0.182131,16
6,Baseline,81,345.963219,115636.253084,0.000000,0.182131,16
6,Baseline,82,345.963219,115636.253084,0.000000,0.182131,16
6,Baseline,83,345.963219,115636.253084,0.000000,0.182131,16
6,Baseline,84,345.963219,115636.253084,0.000000,0.182131,16
6,Baseline,85,345.963219,115636.253084,0.000000,0.182131,16
6,Baseline,86,345.963219,115636.253084,0.000000,0.182131,16
6,Baseline,87,345.963219,115636.253084,0.000000,0.182131,16
6,Baseline,88,345.963219,115636.253084,0.000000,0.182131,16
6,Baseline,89,345.963219,115636.253084,0.000000,0.182131,16
6,Baseline,90,345.963219,115636.253084,0.000000,0.182131,16
6,Baseline,91,345.963219,115636.253084,0.000000,0.182131,16
6,Baseline,92,345.963219,115636.253084,0.000000,0.182131,16
6,Baseline,93,345.963219,115636.253084,0.000000,0.182131,16
6,Baseline,94,345.963219,115636.253084,0.000000,0.182131,16
6,Baseline,95,345.963219,115636.253084,0.000000,0.182131,16
6,Baseline,96,345.963219,115636.253084,0.000000,0.182131,16
6,Baseline,97,345.963219,115636.253084,0.000000,0.182131,16
6,Baseline,98,345.963219,115636.253084,0.000000,0.182131,16
6,Baseline,99,345.963219,115636.253084,0.000000,0.182131,16
6,Baseline,100,345.963219,115636.253084,0.000000,0.182131,16
6,Baseline,101,345.963219,115636.253084,0.000000,0.182131,16
6,Baseline,102,345.963219,115636.253084,0.000000,0.182131,16
6,Baseline,103,345.963219,115636.253084,0.000000,0.182131,16
6,Baseline,104,345.963219,115636.253084,0.000000,0.182131,16
6,Baseline,105,345.963219,115636.253084,0.000000,0.182131,16
6,Baseline,106,345.963219,115636.253084,0.000000,0.182131,16
6,Baseline,107,345.963219,115636.253084,0.000000,0.182131,16
6,Baseline,108,345.963219,115636.253084,0.000000,0.182131,16
6,Baseline,109,345.963219,115636.253084,0.000000,0.182131,16
6,Baseline,110,345.963219,115636.253084,0.000000,0.182131,16
6,Baseline,111,345.963219,115636.253084,0.000000,0.182131,16
6,Baseline,112,345.963219,115636.253084,0.000000,0.182131,16
6,Baseline,113,345.963219,115636.253084,0.000000,0.182131,16
6,Baseline,114,345.963219,115636.253084,0.000000,0.182131,16
6,Baseline,115,345.963219,115636.253084,0.000000,0.182131,16
6,Baseline,116,345.963219,115636.253084,0.000000,0.182131,16
6,Baseline,117,345.963219,115636.253084,0.000000,0.182131,16
6,Baseline,118,345.963219,115636.253084,0.000000,0.182131,16
6,Baseline,119,345.963219,115636.253084,0.000000,0.182131,16
6,Baseline,120,345.963219,115636.253084,0.000000,0.182131,16
6,Baseline,121,345.963219,115636.253084,0.000000,0.182131,16
6,Baseline,122,345.963219,115636.253084,0.000000,0.182131,16
6,Baseline,123,345.963219,115636.253084,0.000000,0.182131,16
6,Baseline,124,345.963219,115636.253084,0.000000,0.182131,16
6,Baseline,125,345.963219,115636.253084,0.000000,0.182131,16
6,Baseline,126,345.963219,115636.253084,0.000000,0.182131,16
6,Baseline,127,345.963219,115636.253084,0.000000,0.182131,16
6,Baseline,128,345.963219,115636.253084,0.000000,0.182131,16
6,Baseline,129,345.963219,115636.253084,0.000000,0.182131,16
6,Baseline,130,345.963219,115636.253084,0.000000,0.182131,16
6,Baseline,131,345.963219,115636.253084,0.000000,0.182131,16
6,Baseline,132,345.963219,115636.253084,0.000000,0.182131,16
6,Baseline,133,345.963219,115636.253084,0.000000,0.182131,16
6,Baseline,134,345.963219,115636.253084,0.000000,0.182131,16
6,Baseline,135,345.963219,115636.253084,0.000000,0.182131,16
6,Baseline,136,345.963219,115636.253084,0.000000,0.182131,16
6,Baseline,137,345.963219,115636.253084,0.000000,0.182131,16
6,Baseline,138,345.963219,115636.253084,0.000000,0.182131,16
6,Baseline,139,345.963219,115636.253084,0.000000,0.182131,16
6,Baseline,140,345.963219,115636.253084,0.000000,0.182131,16
6,Baseline,141,345.963219,115636.253084,0.000000,0.182131,16
6,Baseline,142,345.963219,115636.253084,0.000000,0.182131,16
6,Baseline,143,345.963219,115636.253084,0.000000,0.182131,16
6,Baseline,144,345.963219,115636.253084,0.000000,0.182131,16
6,Baseline,145,345.963219,115636.253084,0.000000,0.182131,16
6,Baseline,146,345.963219,115636.253084,0.000000,0.182131,16
6,Baseline,147,345.963219,115636.253084,0.000000,0.182131,16
6,Baseline,148,345.963219,115636.253084,0.000000,0.182131,16
6,Baseline,149,345.963219,115636.253084,0.000000,0.182131,16
6,Baseline,150,345.963219,115636.253084,0.000000,0.182131,16
6,Baseline,151,345.963219,115636.253084,0.000000,0.182131,16
6,Baseline,152,345.963219,115636.253084,0.000000,0.182131,16
6,Baseline,153,345.963219,115636.253084,0.000000,0.182131,16
6,Baseline,154,345.963219,115636.253084,0.000000,0.182131,16
6,Baseline,155,345.963219,115636.253084,0.000000,0.182131,16
6,Baseline,156,345.963219,115636.253084,0.000000,0.182131,16
6,Baseline,157,345.963219,115636.253084,0.000000,0.182131,16
6,Baseline,158,345.963219,115636.253084,0.000000,0.182131,16
6,Baseline,159,345.963219,115636.253084,0.000000,0.182131,16
6,Baseline,160,345.963219,115636.253084,0.000000,0.182131,16
6,Baseline,161,345.963219,115636.253084,0.000000,0.182131,16
6,Baseline,162,345.963219,115636.253084,0.000000,0.182131,16
6,Baseline,163,345.963219,115636.253084,0.000000,0.182131,16
6,Baseline,164,345.963219,115636.253084,0.000000,0.182131,16
6,Baseline,165,345.963219,115636.253084,0.000000,0.182131,16
6,Baseline,166,345.963219,115636.253084,0.000000,0.182131,16
6,Baseline,167,345.963219,115636.253084,0.000000,0.182131,16
6,Baseline,168,345.963219,115636.253084,0.000000,0.182131,16
6,Baseline,169,345.963219,115636.253084,0.000000,0.182131,16
6,Baseline,170,345.963219,115636.253084,0.000000,0.182131,16
6,Baseline,171,345.963219,115636.253084,0.000000,0.182131,16
6,Baseline,172,345.963219,115636.253084,0.000000,0.182131,16
6,Baseline,173,345.963219,115636.253084,0.000000,0.182131,16
6,Baseline,174,345.963219,115636.253084,0.000000,0.182131,16
6,Baseline,175,345.963219,115636.253084,0.000000,0.182131,16
6,Baseline,176,345.963219,115636.253084,0.000000,0.182131,16
6,Baseline,177,345.963219,115636.253084,0.000000,0.182131,16
6,Baseline,178,345.963219,115636.253084,0.000000,0.182131,16
6,Baseline,179,345.963219,115636.253084,0.000000,0.182131,16
6,Baseline,180,345.963219,115636.253084,0.000000,0.182131,16
6,Baseline,181,345.963219,115636.253084,0.000000,0.182131,16
6,Baseline,182,345.963219,115636.253084,0.000000,0.182131,16
6,Baseline,183,345.963219,115636.253084,0.000000,0.182131,16
6,Baseline,184,345.963219,115636.253084,0.000000,0.182131,16
6,Baseline,185,345.963219,115636.253084,0.000000,0.182131,16
6,Baseline,186,345.963219,115636.253084,0.000000,0.182131,16
6,Baseline,187,345.963219,115636.253084,0.000000,0.182131,16
6,Baseline,188,345.963219,115636.253084,0.000000,0.182131,16
6,Baseline,189,345.963219,115636.253084,0.000000,0.182131,16
6,Baseline,190,345.963219,115636.253084,0.000000,0.182131,16
6,Baseline,191,345.963219,115636.253084,0.000000,0.182131,16
6,Baseline,192,345.963219,115636.253084,0.000000,0.182131,16
6,Baseline,193,345.963219,115636.253084,0.000000,0.182131,16
6,Baseline,194,345.963219,115636.253084,0.000000,0.182131,16
6,Baseline,195,345.963219,115636.253084,0.000000,0.182131,16
6,Baseline,196,345.963219,115636.253084,0.000000,0.182131,16
6,Baseline,197,345.963219,115636.253084,0.000000,0.182131,16
6,Baseline,198,345.963219,115636.253084,0.000000,0.182131,16
6,Baseline,199,345.963219,115636.253084,0.000000,0.182131,16
6,Baseline,200,345.963219,115636.253084,0.000000,0.182131,16
6,Baseline,201,345.963219,115636.253084,0.000000,0.182131,16
6,Baseline,202,345.963219,115636.253084,0.000000,0.182131,16
6,Baseline,203,345.963219,115636.253084,0.000000,0.182131,16
6,Baseline,204,345.963219,115636.253084,0.000000,0.182131,16
6,Baseline,205,345.963219,115636.253084,0.000000,0.182131,16
6,Baseline,206,345.963219,115636.253084,0.000000,0.182131,16
6,Baseline,207,345.963219,115636.253084,0.000000,0.182131,16
6,Baseline,208,345.963219,115636.253084,0.000000,0.182131,16
6,Baseline,209,345.963219,115636.253084,0.000000,0.182131,16
6,Baseline,210,345.963219,115636.253084,0.000000,0.182131,16
6,Baseline,211,345.963219,115636.253084,0.000000,0.182131,16
6,Baseline,212,345.963219,115636.253084,0.000000,0.182131,16
6,Baseline,213,345.963219,115636.253084,0.000000,0.182131,16
6,Baseline,214,345.963219,115636.253084,0.000000,0.182131,16
6,Baseline,215,345.963219,115636.253084,0.000000,0.182131,16
6,Baseline,216,345.963219,115636.253084,0.000000,0.182131,16
6,Baseline,217,345.963219,115636.253084,0.000000,0.182131,16
6,Baseline,218,345.963219,115636.253084,0.000000,0.182131,16
6,Baseline,219,345.963219,115636.253084,0.000000,0.182131,16
6,Baseline,220,345.963219,115636.253084,0.000000,0.182131,16
6,Baseline,221,345.963219,115636.253084,0.000000,0.182131,16
6,Baseline,222,345.963219,115636.253084,0.000000,0.182131,16
6,Baseline,223,345.963219,115636.253084,0.000000,0.182131,16
6,Baseline,224,345.963219,115636.253084,0.000000,0.182131,16
6,Baseline,225,345.963219,115636.253084,0.000000,0.182131,16
6,Baseline,226,345.963219,115636.253084,0.000000,0.182131,16
6,Baseline,227,345.963219,115636.253084,0.000000,0.182131,16
6,Baseline,228,345.963219,115636.253084,0.000000,0.182131,16
6,Baseline,229,345.963219,115636.253084,0.000000,0.182131,16
6,Baseline,230,345.963219,115636.253084,0.000000,0.182131,16
6,Baseline,231,345.963219,115636.253084,0.000000,0.182131,16
6,Baseline,232,345.963219,115636.253084,0.000000,0.182131,16
6,Baseline,233,345.963219,115636.253084,0.000000,0.182131,16
6,Baseline,234,345.963219,115636.253084,0.000000,0.182131,16
6,Baseline,235,345.963219,115636.253084,0.000000,0.182131,16
6,Baseline,236,345.963219,115636.253084,0.000000,0.182131,16
6,Baseline,237,345.963219,115636.253084,0.000000,0.182131,16
6,Baseline,238,345.963219,115636.253084,0.000000,0.182131,16
6,Baseline,239,345.963219,115636.253084,0.000000,0.182131,16
6,Baseline,240,345.963219,115636.253084,0.000000,0.182131,16
6,Baseline,241,345.963219,115636.253084,0.000000,0.182131,16
6,Baseline,242,345.963219,115636.253084,0.000000,0.182131,16
6,Baseline,243,345.963219,115636.253084,0.000000,0.182131,16
6,Baseline,244,345.963219,115636.253084,0.000000,0.182131,16
6,Baseline,245,345.963219,115636.253084,0.000000,0.182131,16
6,Baseline,246,345.963219,115636.253084,0.000000,0.182131,16
6,Baseline,247,345.963219,115636.253084,0.000000,0.182131,16
6,Baseline,248,345.963219,115636.253084,0.000000,0.182131,16
6,Baseline,249,345.963219,115636.253084,0.000000,0.182131,16
6,Baseline,250,345.963219,115636.253084,0.000000,0.182131,16
6,Baseline,251,345.963219,115636.253084,0.000000,0.182131,16
6,Baseline,252,345.963219,115636.253084,0.000000,0.182131,16
6,Baseline,253,345.963219,115636.253084,0.000000,0.182131,16
6,Baseline,254,345.963219,115636.253084,0.000000,0.182131,16
6,Baseline,255,345.963219,115636.253084,0.000000,0.182131,16
6,Baseline,256,345.963219,115636.253084,0.000000,0.182131,16
6,Baseline,257,345.963219,115636.253084,0.000000,0.182131,16
6,Baseline,258,345.963219,115636.253084,0.000000,0.182131,16
6,Baseline,259,345.963219,115636.253084,0.000000,0.182131,16
6,Baseline,260,345.963219,115636.253084,0.000000,0.182131,16
6,Baseline,261,345.963219,115636.253084,0.000000,0.182131,16
6,Baseline,262,345.963219,115636.253084,0.000000,0.182131,16
6,Baseline,263,345.963219,115636.253084,0.000000,0.182131,16
6,Baseline,264,345.963219,115636.253084,0.000000,0.182131,16
6,Baseline,265,345.963219,115636.253084,0.000000,0.182131,16
6,Baseline,266,345.963219,115636.253084,0.000000,0.182131,16
6,Baseline,267,345.963219,115636.253084,0.000000,0.182131,16
6,Baseline,268,345.963219,115636.253084,0.000000,0.182131,16
6,Baseline,269,345.963219,115636.253084,0.000000,0.182131,16
6,Baseline,270,345.963219,115636.253084,0.000000,0.182131,16
6,Baseline,271,345.963219,115636.253084,0.000000,0.182131,16
6,Baseline,272,345.963219,115636.253084,0.000000,0.182131,16
6,Baseline,273,345.963219,115636.253084,0.000000,0.182131,16
6,Baseline,274,345.963219,115636.253084,0.000000,0.182131,16
6,Baseline,275,345.963219,115636.253084,0.000000,0.182131,16
6,Baseline,276,345.963219,115636.253084,0.000000,0.182131,16
6,Baseline,277,345.963219,115636.253084,0.000000,0.182131,16
6,Baseline,278,345.963219,115636.253084,0.000000,0.182131,16
6,Baseline,279,345.963219,115636.253084,0.000000,0.182131,16
6,Baseline,280,345.963219,115636.253084,0.000000,0.182131,16
6,Baseline,281,345.963219,115636.253084,0.000000,0.182131,16
6,Baseline,282,345.963219,115636.253084,0.000000,0.182131,16
6,Baseline,283,345.963219,115636.253084,0.000000,0.182131,16
6,Baseline,284,345.963219,115636.253084,0.000000,0.182131,16
6,Baseline,285,345.963219,115636.253084,0.000000,0.182131,16
6,Baseline,286,345.963219,115636.253084,0.000000,0.182131,16
6,Proposed,0,461.547352,523682.706201,0.000000,0.615575,16
6,Proposed,1,461.405988,528747.097633,0.000000,0.621680,16
6,Proposed,2,461.405988,528747.097633,0.000000,0.621680,16
6,Proposed,3,461.405988,528747.097633,0.000000,0.621680,16
6,Proposed,4,461.405988,528747.097633,0.000000,0.621680,16
6,Proposed,5,461.405988,528747.097633,0.000000,0.621680,16
6,Proposed,6,461.405988,528747.097633,0.000000,0.621680,16
6,Proposed,7,461.405988,528747.097633,0.000000,0.621680,16
6,Proposed,8,461.405988,528747.097633,0.000000,0.621680,16
6,Proposed,9,461.405988,528747.097633,0.000000,0.621680,16
6,Proposed,10,461.405988,528747.097633,0.000000,0.621680,16
6,Proposed,11,461.405988,528747.097633,0.000000,0.621680,16
6,Proposed,12,461.405988,528747.097633,0.000000,0.621680,16
6,Proposed,13,461.405988,528747.097633,0.000000,0.621680,16
6,Proposed,14,461.405988,528747.097633,0.000000,0.621680,16
6,Proposed,15,461.405988,528747.097633,0.000000,0.621680,16
6,Proposed,16,461.405988,528747.097633,0.000000,0.621680,16
6,Proposed,17,461.405988,528747.097633,0.000000,0.621680,16
6,Proposed,18,461.405988,528747.097633,0.000000,0.621680,16
6,Proposed,19,461.405988,528747.097633,0.000000,0.621680,16
6,Proposed,20,461.405988,528747.097633,0.000000,0.621680,16
6,Proposed,21,461.405988,528747.097633,0.000000,0.621680,16
6,Proposed,22,461.405988,528747.097633,0.000000,0.621680,16
6,Proposed,23,461.405988,528747.097633,0.000000,0.621680,16
6,Proposed,24,461.405988,528747.097633,0.000000,0.621680,16
6,Proposed,25,461.405988,528747.097633,0.000000,0.621680,16
6,Proposed,26,461.405988,528747.097633,0.000000,0.621680,16
6,Proposed,27,461.405988,528747.097633,0.000000,0.621680,16
6,Proposed,28,461.405988,528747.097633,0.000000,0.621680,16
6,Proposed,29,461.405988,528747.097633,0.000000,0.621680,16
6,Proposed,30,461.405988,528747.097633,0.000000,0.621680,16
6,Proposed,31,461.405988,528747.097633,0.000000,0.621680,16
6,Proposed,32,461.405988,528747.097633,0.000000,0.621680,16
6,Proposed,33,461.405988,528747.097633,0.000000,0.621680,16
6,Proposed,34,461.405988,528747.097633,0.000000,0.621680,16
6,Proposed,35,461.405988,528747.097633,0.000000,0.621680,16
6,Proposed,36,461.405988,528747.097633,0.000000,0.621680,16
6,Proposed,37,461.405988,528747.097633,0.000000,0.621680,16
6,Proposed,38,461.405988,528747.097633,0.000000,0.621680,16
6,Proposed,39,461.405988,528747.097633,0.000000,0.621680,16
6,Proposed,40,461.405988,528747.097633,0.000000,0.621680,16
6,Proposed,41,461.405988,528747.097633,0.000000,0.621680,16
6,Proposed,42,461.405988,528747.097633,0.000000,0.621680,16
6,Proposed,43,461.405988,528747.097633,0.000000,0.621680,16
6,Proposed,44,461.405988,528747.097633,0.000000,0.621680,16
6,Proposed,45,461.405988,528747.097633,0.000000,0.621680,16
6,Proposed,46,461.405988,528747.097633,0.000000,0.621680,16
6,Proposed,47,461.405988,528747.097633,0.000000,0.621680,16
6,Proposed,48,461.405988,528747.097633,0.000000,0.621680,16
6,Proposed,49,461.405988,528747.097633,0.000000,0.621680,16
6,Proposed,50,461.405988,528747.097633,0.000000,0.621680,16
6,Proposed,51,461.405988,528747.097633,0.000000,0.621680,16
6,Proposed,52,461.405988,528747.097633,0.000000,0.621680,16
6,Proposed,53,461.405988,528747.097633,0.000000,0.621680,16
6,Proposed,54,461.405988,528747.097633,0.000000,0.621680,16
6,Proposed,55,461.405988,528747.097633,0.000000,0.621680,16
6,Proposed,56,461.405988,528747.097633,0.000000,0.621680,16
6,Proposed,57,461.405988,528747.097633,0.000000,0.621680,16
6,Proposed,58,461.405988,528747.097633,0.000000,0.621680,16
6,Proposed,59,461.405988,528747.097633,0.000000,0.621680,16
6,Proposed,60,461.405988,528747.097633,0.000000,0.621680,16
6,Proposed,61,461.405988,528747.097633,0.000000,0.621680,16
6,Proposed,62,461.405988,528747.097633,0.000000,0.621680,16
6,Proposed,63,461.405988,528747.097633,0.000000,0.621680,16
6,Proposed,64,461.405988,528747.097633,0.000000,0.621680,16
6,Proposed,65,461.405988,528747.097633,0.000000,0.621680,16
6,Proposed,66,461.405988,528747.097633,0.000000,0.621680,16
6,Proposed,67,461.405988,528747.097633,0.000000,0.621680,16
6,Proposed,68,461.405988,528747.097633,0.000000,0.621680,16
6,Proposed,69,461.405988,528747.097633,0.000000,0.621680,16
6,Proposed,70,461.405988,528747.097633,0.000000,0.621680,16
6,Proposed,71,461.405988,528747.097633,0.000000,0.621680,16
6,Proposed,72,461.405988,528747.097633,0.000000,0.621680,16
6,Proposed,73,461.405988,528747.097633,0.000000,0.621680,16
6,Proposed,74,461.405988,528747.097633,0.000000,0.621680,16
6,Proposed,75,461.405988,528747.097633,0.000000,0.621680,16
6,Proposed,76,461.405988,528747.097633,0.000000,0.621680,16
6,Proposed,77,461.405988,528747.097633,0.000000,0.621680,16
6,Proposed,78,461.405988,528747.097633,0.000000,0.621680,16
6,Proposed,79,461.405988,528747.097633,0.000000,0.621680,16
6,Proposed,80,461.405988,528747.097633,0.000000,0.621680,16
6,Proposed,81,461.405988,528747.097633,0.000000,0.621680,16
6,Proposed,82,461.405988,528747.097633,0.000000,0.621680,16
6,Proposed,83,461.405988,528747.097633,0.000000,0.621680,16
6,Proposed,84,461.405988,528747.097633,0.000000,0.621680,16
6,Proposed,85,461.405988,528747.097633,0.000000,0.621680,16
6,Proposed,86,461.405988,528747.097633,0.000000,0.621680,16
6,Proposed,87,461.405988,528747.097633,0.000000,0.621680,16
6,Proposed,88,461.405988,528747.097633,0.000000,0.621680,16
6,Proposed,89,461.405988,528747.097633,0.000000,0.621680,16
6,Proposed,90,461.405988,528747.097633,0.000000,0.621680,16
6,Proposed,91,461.405988,528747.097633,0.000000,0.621680,16
6,Proposed,92,461.405988,528747.097633,0.000000,0.621680,16
6,Proposed,93,461.405988,528747.097633,0.000000,0.621680,16
6,Proposed,94,461.405988,528747.097633,0.000000,0.621680,16
6,Proposed,95,461.405988,528747.097633,0.000000,0.621680,16
6,Proposed,96,461.405988,528747.097633,0.000000,0.621680,16
6,Proposed,97,461.405988,528747.097633,0.000000,0.621680,16
6,Proposed,98,461.405988,528747.097633,0.000000,0.621680,16
6,Proposed,99,461.405988,528747.097633,0.000000,0.621680,16
6,Proposed,100,461.405988,528747.097633,0.000000,0.621680,16
6,Proposed,101,461.405988,528747.097633,0.000000,0.621680,16
6,Proposed,102,461.405988,528747.097633,0.000000,0.621680,16
6,Proposed,103,461.405988,528747.097633,0.000000,0.621680,16
6,Proposed,104,461.405988,528747.097633,0.000000,0.621680,16
6,Proposed,105,461.405988,528747.097633,0.000000,0.621680,16
6,Proposed,106,461.405988,528747.097633,0.000000,0.621680,16
6,Proposed,107,461.405988,528747.097633,0.000000,0.621680,16
6,Proposed,108,461.405988,528747.097633,0.000000,0.621680,16
6,Proposed,109,461.405988,528747.097633,0.000000,0.621680,16
6,Proposed,110,461.405988,528747.097633,0.000000,0.621680,16
6,Proposed,111,461.405988,528747.097633,0.000000,0.621680,16
6,Proposed,112,461.405988,528747.097633,0.000000,0.621680,16
6,Proposed,113,461.405988,528747.097633,0.000000,0.621680,16
6,Proposed,114,461.405988,528747.097633,0.000000,0.621680,16
6,Proposed,115,461.405988,528747.097633,0.000000,0.621680,16
6,Proposed,116,461.405988,528747.097633,0.000000,0.621680,16
6,Proposed,117,461.405988,528747.097633,0.000000,0.621680,16
6,Proposed,118,461.405988,528747.097633,0.000000,0.621680,16
6,Proposed,119,461.405988,528747.097633,0.000000,0.621680,16
6,Proposed,120,461.405988,528747.097633,0.000000,0.621680,16
6,Proposed,121,461.405988,528747.097633,0.000000,0.621680,16
6,Proposed,122,461.405988,528747.097633,0.000000,0.621680,16
6,Proposed,123,461.405988,528747.097633,0.000000,0.621680,16
6,Proposed,124,461.405988,528747.097633,0.000000,0.621680,16
6,Proposed,125,461.405988,528747.097633,0.000000,0.621680,16
6,Proposed,126,461.405988,528747.097633,0.000000,0.621680,16
6,Proposed,127,461.405988,528747.097633,0.000000,0.621680,16
6,Proposed,128,461.405988,528747.097633,0.000000,0.621680,16
6,Proposed,129,461.405988,528747.097633,0.000000,0.621680,16
6,Proposed,130,461.405988,528747.097633,0.000000,0.621680,16
6,Proposed,131,461.405988,528747.097633,0.000000,0.621680,16
6,Proposed,132,461.405988,528747.097633,0.000000,0.621680,16
6,Proposed,133,461.405988,528747.097633,0.000000,0.621680,16
6,Proposed,134,461.405988,528747.097633,0.000000,0.621680,16
6,Proposed,135,461.405988,528747.097633,0.000000,0.621680,16
6,Proposed,136,461.405988,528747.097633,0.000000,0.621680,16
6,Proposed,137,461.405988,528747.097633,0.000000,0.621680,16
6,Proposed,138,461.405988,528747.097633,0.000000,0.621680,16
6,Proposed,139,461.405988,528747.097633,0.000000,0.621680,16
6,Proposed,140,461.405988,528747.097633,0.000000,0.621680,16
6,Proposed,141,461.405988,528747.097633,0.000000,0.621680,16
6,Proposed,142,461.405988,528747.097633,0.000000,0.621680,16
6,Proposed,143,461.405988,528747.097633,0.000000,0.621680,16
6,Proposed,144,461.405988,528747.097633,0.000000,0.621680,16
6,Proposed,145,461.405988,528747.097633,0.000000,0.621680,16
6,Proposed,146,461.405988,528747.097633,0.000000,0.621680,16
6,Proposed,147,461.405988,528747.097633,0.000000,0.621680,16
6,Proposed,148,461.405988,528747.097633,0.000000,0.621680,16
6,Proposed,149,461.405988,528747.097633,0.000000,0.621680,16
6,Proposed,150,461.405988,528747.097633,0.000000,0.621680,16
6,Proposed,151,461.405988,528747.097633,0.000000,0.621680,16
6,Proposed,152,461.405988,528747.097633,0.000000,0.621680,16
6,Proposed,153,461.405988,528747.097633,0.000000,0.621680,16
6,Proposed,154,461.405988,528747.097633,0.000000,0.621680,16
6,Proposed,155,461.405988,528747.097633,0.000000,0.621680,16
6,Proposed,156,461.405988,528747.097633,0.000000,0.621680,16
6,Proposed,157,461.405988,528747.097633,0.000000,0.621680,16
6,Proposed,158,461.405988,528747.097633,0.000000,0.621680,16
6,Proposed,159,461.405988,528747.097633,0.000000,0.621680,16
6,Proposed,160,461.405988,528747.097633,0.000000,0.621680,16
6,Proposed,161,461.405988,528747.097633,0.000000,0.621680,16
6,Proposed,162,461.405988,528747.097633,0.000000,0.621680,16
6,Proposed,163,461.405988,528747.097633,0.000000,0.621680,16
6,Proposed,164,461.405988,528747.097633,0.000000,0.621680,16
6,Proposed,165,461.405988,528747.097633,0.000000,0.621680,16
6,Proposed,166,461.405988,528747.097633,0.000000,0.621680,16
6,Proposed,167,461.405988,528747.097633,0.000000,0.621680,16
6,Proposed,168,461.405988,528747.097633,0.000000,0.621680,16
6,Proposed,169,461.405988,528747.097633,0.000000,0.621680,16
6,Proposed,170,461.405988,528747.097633,0.000000,0.621680,16
6,Proposed,171,461.405988,528747.097633,0.000000,0.621680,16
6,Proposed,172,461.405988,528747.097633,0.000000,0.621680,16
6,Proposed,173,461.405988,528747.097633,0.000000,0.621680,16
6,Proposed,174,461.405988,528747.097633,0.000000,0.621680,16
6,Proposed,175,461.405988,528747.097633,0.000000,0.621680,16
6,Proposed,176,461.405988,528747.097633,0.000000,0.621680,16
6,Proposed,177,461.405988,528747.097633,0.000000,0.621680,16
6,Proposed,178,461.405988,528747.097633,0.000000,0.621680,16
6,Proposed,179,461.405988,528747.097633,0.000000,0.621680,16
6,Proposed,180,461.405988,528747.097633,0.000000,0.621680,16
6,Proposed,181,461.405988,528747.097633,0.000000,0.621680,16
6,Proposed,182,461.405988,528747.097633,0.000000,0.621680,16
6,Proposed,183,461.405988,528747.097633,0.000000,0.621680,16
6,Proposed,184,461.405988,528747.097633,0.000000,0.621680,16
6,Proposed,185,461.405988,528747.097633,0.000000,0.621680,16
6,Proposed,186,461.405988,528747.097633,0.000000,0.621680,16
6,Proposed,187,461.405988,528747.097633,0.000000,0.621680,16
6,Proposed,188,461.405988,528747.097633,0.000000,0.621680,16
6,Proposed,189,461.405988,528747.097633,0.000000,0.621680,16
6,Proposed,190,461.405988,528747.097633,0.000000,0.621680,16
6,Proposed,191,461.405988,528747.097633,0.000000,0.621680,16
6,Proposed,192,461.405988,528747.097633,0.000000,0.621680,16
6,Proposed,193,461.405988,528747.097633,0.000000,0.621680,16
6,Proposed,194,461.405988,528747.097633,0.000000,0.621680,16
6,Proposed,195,461.405988,528747.097633,0.000000,0.621680,16
6,Proposed,196,461.405988,528747.097633,0.000000,0.621680,16
6,Proposed,197,461.405988,528747.097633,0.000000,0.621680,16
6,Proposed,198,461.405988,528747.097633,0.000000,0.621680,16
6,Proposed,199,461.405988,528747.097633,0.000000,0.621680,16
6,Proposed,200,461.405988,528747.097633,0.000000,0.621680,16
6,Proposed,201,461.405988,528747.097633,0.000000,0.621680,16
6,Proposed,202,461.405988,528747.097633,0.000000,0.621680,16
6,Proposed,203,461.405988,528747.097633,0.000000,0.621680,16
6,Proposed,204,461.405988,528747.097633,0.000000,0.621680,16
6,Proposed,205,461.405988,528747.097633,0.000000,0.621680,16
6,Proposed,206,461.405988,528747.097633,0.000000,0.621680,16
6,Proposed,207,461.405988,528747.097633,0.000000,0.621680,16
6,Proposed,208,461.405988,528747.097633,0.000000,0.621680,16
6,Proposed,209,461.405988,528747.097633,0.000000,0.621680,16
6,Proposed,210,461.405988,528747.097633,0.000000,0.621680,16
6,Proposed,211,461.405988,528747.097633,0.000000,0.621680,16
6,Proposed,212,461.405988,528747.097633,0.000000,0.621680,16
6,Proposed,213,461.405988,528747.097633,0.000000,0.621680,16
6,Proposed,214,461.405988,528747.097633,0.000000,0.621680,16
6,Proposed,215,461.405988,528747.097633,0.000000,0.621680,16
6,Proposed,216,461.405988,528747.097633,0.000000,0.621680,16
6,Proposed,217,461.405988,528747.097633,0.000000,0.621680,16
6,Proposed,218,461.405988,528747.097633,0.000000,0.621680,16
6,Proposed,219,461.405988,528747.097633,0.000000,0.621680,16
6,Proposed,220,461.405988,528747.097633,0.000000,0.621680,16
6,Proposed,221,461.405988,528747.097633,0.000000,0.621680,16
6,Proposed,222,461.405988,528747.097633,0.000000,0.621680,16
6,Proposed,223,461.405988,528747.097633,0.000000,0.621680,16
6,Proposed,224,461.405988,528747.097633,0.000000,0.621680,16
6,Proposed,225,461.405988,528747.097633,0.000000,0.621680,16
6,Proposed,226,461.405988,528747.097633,0.000000,0.621680,16
6,Proposed,227,461.405988,528747.097633,0.000000,0.621680,16
6,Proposed,228,461.405988,528747.097633,0.000000,0.621680,16
6,Proposed,229,461.405988,528747.097633,0.000000,0.621680,16
6,Proposed,230,461.405988,528747.097633,0.000000,0.621680,16
6,Proposed,231,461.405988,528747.097633,0.000000,0.621680,16
6,Proposed,232,461.405988,528747.097633,0.000000,0.621680,16
6,Proposed,233,461.405988,528747.097633,0.000000,0.621680,16
6,Proposed,234,461.405988,528747.097633,0.000000,0.621680,16
6,Proposed,235,461.405988,528747.097633,0.000000,0.621680,16
6,Proposed,236,461.405988,528747.097633,0.000000,0.621680,16
6,Proposed,237,461.405988,528747.097633,0.000000,0.621680,16
6,Proposed,238,461.405988,528747.097633,0.000000,0.621680,16
6,Proposed,239,461.405988,528747.097633,0.000000,0.621680,16
6,Proposed,240,461.405988,528747.097633,0.000000,0.621680,16
6,Proposed,241,461.405988,528747.097633,0.000000,0.621680,16
6,Proposed,242,461.405988,528747.097633,0.000000,0.621680,16
6,Proposed,243,461.405988,528747.097633,0.000000,0.621680,16
6,Proposed,244,461.405988,528747.097633,0.000000,0.621680,16
6,Proposed,245,461.405988,528747.097633,0.000000,0.621680,16
6,Proposed,246,461.405988,528747.097633,0.000000,0.621680,16
6,Proposed,247,461.405988,528747.097633,0.000000,0.621680,16
6,Proposed,248,461.405988,528747.097633,0.000000,0.621680,16
6,Proposed,249,461.405988,528747.097633,0.000000,0.621680,16
6,Proposed,250,461.405988,528747.097633,0.000000,0.621680,16
6,Proposed,251,461.405988,528747.097633,0.000000,0.621680,16
6,Proposed,252,461.405988,528747.097633,0.000000,0.621680,16
6,Proposed,253,461.031898,515283.090534,0.000000,0.606434,16
6,Proposed,254,461.031898,515283.090534,0.000000,0.606434,16
6,Proposed,255,461.405988,528747.097633,0.000000,0.621680,16
6,Proposed,256,461.405988,528747.097633,0.000000,0.621680,16
6,Proposed,257,461.405988,528747.097633,0.000000,0.621680,16
6,Proposed,258,461.405988,528747.097633,0.000000,0.621680,16
6,Proposed,259,461.405988,528747.097633,0.000000,0.621680,16
6,Proposed,260,461.405988,528747.097633,0.000000,0.621680,16
6,Proposed,261,461.405988,528747.097633,0.000000,0.621680,16
6,Proposed,262,461.405988,528747.097633,0.000000,0.621680,16
6,Proposed,263,461.405988,528747.097633,0.000000,0.621680,16
6,Proposed,264,461.405988,528747.097633,0.000000,0.621680,16
6,Proposed,265,461.031898,515283.090534,0.000000,0.606434,16
6,Proposed,266,461.031898,515283.090534,0.000000,0.606434,16
6,Proposed,267,461.031898,515283.090534,0.000000,0.606434,16
6,Proposed,268,455.452878,523798.386550,0.000000,0.623897,16
6,Proposed,269,455.452878,523798.386550,0.000000,0.623897,16
6,Proposed,270,455.452878,523798.386550,0.000000,0.623897,16
6,Proposed,271,455.452878,523798.386550,0.000000,0.623897,16
6,Proposed,272,454.391009,524663.433050,0.000000,0.626373,16
6,Proposed,273,453.824759,513260.858581,0.000000,0.613603,16
6,Proposed,274,453.824759,513260.858581,0.000000,0.613603,16
6,Proposed,275,451.084565,508315.629576,0.000000,0.611396,16
6,Proposed,276,451.084565,508315.629576,0.000000,0.611396,16
7,Baseline,0,431.075530,274549.197175,0.000000,0.307745,12
7,Baseline,1,431.033821,267446.502346,0.000000,0.317391,11
7,Baseline,2,430.832801,292971.561300,0.000000,0.223512,14
7,Baseline,3,430.832801,292971.561300,0.000000,0.223512,14
7,Baseline,4,430.154505,283135.269457,0.000000,0.243925,14
7,Baseline,5,430.009878,219171.444209,0.000000,0.277466,16
7,Baseline,6,428.898253,221815.342558,0.000000,0.281529,16
7,Baseline,7,428.898253,221815.342558,0.000000,0.281529,16
7,Baseline,8,423.738929,222144.089657,0.000000,0.285368,16
7,Baseline,9,423.738929,222144.089657,0.000000,0.285368,16
7,Baseline,10,423.619796,211567.243683,0.000000,0.271894,16
7,Baseline,11,423.740965,261911.173058,0.000000,0.243369,14
7,Baseline,12,423.586843,227752.079839,0.000000,0.292656,16
7,Baseline,13,423.586843,227752.079839,0.000000,0.292656,16
7,Baseline,14,421.165390,275597.168909,0.000000,0.204874,14
7,Baseline,15,421.165390,275597.168909,0.000000,0.204874,14
7,Baseline,16,420.715615,284637.347458,0.000000,0.196275,15
7,Baseline,17,420.624100,271717.536804,0.000000,0.217985,14
7,Baseline,18,418.910405,270436.089523,0.000000,0.207864,14
7,Baseline,19,418.910405,270436.089523,0.000000,0.207864,14
7,Baseline,20,416.660330,273574.740659,0.000000,0.214826,14
7,Baseline,21,416.660330,273574.740659,0.000000,0.214826,14
7,Baseline,22,414.982099,267587.228534,0.000000,0.221546,14
7,Baseline,23,415.035688,270636.891088,0.000000,0.208661,15
7,Baseline,24,411.023255,259861.940752,0.000000,0.198261,15
7,Baseline,25,411.023255,259861.940752,0.000000,0.198261,15
7,Baseline,26,409.254803,207442.835952,0.000000,0.275940,16
7,Baseline,27,409.254803,207442.835952,0.000000,0.275940,16
7,Baseline,28,404.961393,252068.060771,0.000000,0.219262,13
7,Baseline,29,404.961393,252068.060771,0.000000,0.219262,13
7,Baseline,30,403.632819,245196.028491,0.000000,0.210419,13
7,Baseline,31,403.704213,254433.982879,0.000000,0.192768,14
7,Baseline,32,401.498414,223664.930324,0.000000,0.215322,13
7,Baseline,33,401.388526,178837.683845,0.000000,0.242633,16
7,Baseline,34,393.060346,171694.737764,0.000000,0.237889,16
7,Baseline,35,393.060346,171694.737764,0.000000,0.237889,16
7,Baseline,36,391.140035,166118.471431,0.000000,0.231308,16
7,Baseline,37,391.140035,166118.471431,0.000000,0.231308,16
7,Baseline,38,388.767044,167617.925943,0.000000,0.234812,16
7,Baseline,39,388.767044,167617.925943,0.000000,0.234812,16
7,Baseline,40,386.472335,208037.304913,0.000000,0.180315,15
7,Baseline,41,386.472335,208037.304913,0.000000,0.180315,15
7,Baseline,42,385.995195,203894.687993,0.000000,0.184215,15
7,Baseline,43,385.995195,203894.687993,0.000000,0.184215,15
7,Baseline,44,385.123675,152944.553608,0.000000,0.216324,16
7,Baseline,45,385.123675,152944.553608,0.000000,0.216324,16
7,Baseline,46,382.375595,150335.085305,0.000000,0.214166,16
7,Baseline,47,382.375595,150335.085305,0.000000,0.214166,16
7,Baseline,48,378.953095,155396.827780,0.000000,0.223355,16
7,Baseline,49,378.953095,155396.827780,0.000000,0.223355,16
7,Baseline,50,377.506418,152013.663974,0.000000,0.219339,16
7,Baseline,51,377.506418,152013.663974,0.000000,0.219339,16
7,Baseline,52,376.069502,144128.904926,0.000000,0.208779,16
7,Baseline,53,376.225573,186126.801141,0.000000,0.167365,15
7,Baseline,54,371.899804,184573.015601,0.000000,0.174023,15
7,Baseline,55,371.899804,184573.015601,0.000000,0.174023,15
7,Baseline,56,371.834291,182379.774149,0.000000,0.153508,15
7,Baseline,57,371.834291,182379.774149,0.000000,0.153508,15
7,Baseline,58,370.467459,186644.111667,0.000000,0.163566,15
7,Baseline,59,370.467459,186644.111667,0.000000,0.163566,15
7,Baseline,60,368.526884,180348.537497,0.000000,0.165753,15
7,Baseline,61,368.382672,138500.692978,0.000000,0.204820,16
7,Baseline,62,365.283659,139190.588560,0.000000,0.207581,16
7,Baseline,63,365.429543,180166.744265,0.000000,0.167727,15
7,Baseline,64,360.287302,169187.357005,0.000000,0.162524,15
7,Baseline,65,360.287302,169187.357005,0.000000,0.162524,15
7,Baseline,66,359.850427,182475.199566,0.000000,0.155866,15
7,Baseline,67,359.783436,178119.542335,0.000000,0.174454,14
7,Baseline,68,358.099418,163958.175124,0.000000,0.167578,14
7,Baseline,69,358.099418,163958.175124,0.000000,0.167578,14
7,Baseline,70,357.600559,160538.932169,0.000000,0.176891,14
7,Baseline,71,357.659863,166981.567385,0.000000,0.160336,15
7,Baseline,72,353.850477,143144.689466,0.000000,0.177503,13
7,Baseline,73,353.813795,121981.621240,0.000000,0.187851,16
7,Baseline,74,351.260651,131248.136091,0.000000,0.203558,16
7,Baseline,75,351.260651,131248.136091,0.000000,0.203558,16
7,Baseline,76,350.312513,127280.741490,0.000000,0.197951,16
7,Baseline,77,350.476746,169231.655874,0.000000,0.151162,15
7,Baseline,78,345.643126,116579.755401,0.000000,0.183784,16
7,Baseline,79,345.643126,116579.755401,0.000000,0.183784,16
7,Baseline,80,344.206765,125416.181225,0.000000,0.198510,16
7,Baseline,81,344.206765,125416.181225,0.000000,0.198510,16
7,Baseline,82,340.761914,113884.550150,0.000000,0.182110,16
7,Baseline,83,340.825212,139362.029648,0.000000,0.163568,14
7,Baseline,84,338.699092,154418.477358,0.000000,0.178827,14
7,Baseline,85,338.812409,157957.944901,0.000000,0.145431,15
7,Baseline,86,337.648784,152574.490960,0.000000,0.170682,14
7,Baseline,87,337.648784,152574.490960,0.000000,0.170682,14
7,Baseline,88,337.173757,150786.801329,0.000000,0.155111,14
7,Baseline,89,337.173757,150786.801329,0.000000,0.155111,14
7,Baseline,90,335.579488,137050.381978,0.000000,0.162866,14
7,Baseline,91,335.579488,137050.381978,0.000000,0.162866,14
7,Baseline,92,333.596239,127165.393426,0.000000,0.152546,14
7,Baseline,93,333.573834,123364.341776,0.000000,0.159252,13
7,Baseline,94,331.836865,129102.670394,0.000000,0.157596,14
7,Baseline,95,331.836865,129102.670394,0.000000,0.157596,14
7,Baseline,96,331.836865,129102.670394,0.000000,0.157596,14
7,Baseline,97,331.836865,129102.670394,0.000000,0.157596,14
7,Baseline,98,331.836865,129102.670394,0.000000,0.157596,14
7,Baseline,99,331.836865,129102.670394,0.000000,0.157596,14
7,Baseline,100,331.836865,129102.670394,0.000000,0.157596,14
7,Baseline,101,331.836865,129102.670394,0.000000,0.157596,14
7,Baseline,102,331.836865,129102.670394,0.000000,0.157596,14
7,Baseline,103,331.836865,129102.670394,0.000000,0.157596,14
7,Baseline,104,331.836865,129102.670394,0.000000,0.157596,14
7,Baseline,105,331.836865,129102.670394,0.000000,0.157596,14
7,Baseline,106,331.836865,129102.670394,0.000000,0.157596,14
7,Baseline,107,331.836865,129102.670394,0.000000,0.157596,14
7,Baseline,108,331.836865,129102.670394,0.000000,0.157596,14
7,Baseline,109,331.884175,131912.282726,0.000000,0.143362,15
7,Baseline,110,331.836865,129102.670394,0.000000,0.157596,14
7,Baseline,111,331.836865,129102.670394,0.000000,0.157596,14
7,Baseline,112,331.820752,126142.821641,0.000000,0.162444,13
7,Baseline,113,331.799748,102749.406212,0.000000,0.168764,16
7,Baseline,114,331.836865,129102.670394,0.000000,0.157596,14
7,Baseline,115,331.884175,131912.282726,0.000000,0.143362,15
7,Baseline,116,331.836865,129102.670394,0.000000,0.157596,14
7,Baseline,117,331.836865,129102.670394,0.000000,0.157596,14
7,Baseline,118,331.836865,129102.670394,0.000000,0.157596,14
7,Baseline,119,331.836865,129102.670394,0.000000,0.157596,14
7,Baseline,120,331.836865,129102.670394,0.000000,0.157596,14
7,Baseline,121,331.836865,129102.670394,0.000000,0.157596,14
7,Baseline,122,331.836865,129102.670394,0.000000,0.157596,14
7,Baseline,123,331.836865,129102.670394,0.000000,0.157596,14
7,Baseline,124,331.884175,131912.282726,0.000000,0.143362,15
7,Baseline,125,331.884175,131912.282726,0.000000,0.143362,15
7,Baseline,126,331.884175,131912.282726,0.000000,0.143362,15
7,Baseline,127,331.836865,129102.670394,0.000000,0.157596,14
7,Baseline,128,331.836865,129102.670394,0.000000,0.157596,14
7,Baseline,129,331.884175,131912.282726,0.000000,0.143362,15
7,Baseline,130,331.836865,129102.670394,0.000000,0.157596,14
7,Baseline,131,331.836865,129102.670394,0.000000,0.157596,14
7,Baseline,132,331.836865,129102.670394,0.000000,0.157596,14
7,Baseline,133,331.836865,129102.670394,0.000000,0.157596,14
7,Baseline,134,331.884175,131912.282726,0.000000,0.143362,15
7,Baseline,135,331.836865,129102.670394,0.000000,0.157596,14
7,Baseline,136,331.836865,129102.670394,0.000000,0.157596,14
7,Baseline,137,331.799748,102749.406212,0.000000,0.168764,16
7,Baseline,138,331.820752,126142.821641,0.000000,0.162444,13
7,Baseline,139,331.836865,129102.670394,0.000000,0.157596,14
7,Baseline,140,331.836865,129102.670394,0.000000,0.157596,14
7,Baseline,141,331.836865,129102.670394,0.000000,0.157596,14
7,Baseline,142,331.884175,131912.282726,0.000000,0.143362,15
7,Baseline,143,331.836865,129102.670394,0.000000,0.157596,14
7,Baseline,144,331.884175,131912.282726,0.000000,0.143362,15
7,Baseline,145,331.820752,126142.821641,0.000000,0.162444,13
7,Baseline,146,331.836865,129102.670394,0.000000,0.157596,14
7,Baseline,147,331.836865,129102.670394,0.000000,0.157596,14
7,Baseline,148,331.836865,129102.670394,0.000000,0.157596,14
7,Baseline,149,331.836865,129102.670394,0.000000,0.157596,14
7,Baseline,150,331.836865,129102.670394,0.000000,0.157596,14
7,Baseline,151,331.836865,129102.670394,0.000000,0.157596,14
7,Baseline,152,331.836865,129102.670394,0.000000,0.157596,14
7,Baseline,153,331.836865,129102.670394,0.000000,0.157596,14
7,Baseline,154,331.836865,129102.670394,0.000000,0.157596,14
7,Baseline,155,331.884175,131912.282726,0.000000,0.143362,15
7,Baseline,156,331.836865,129102.670394,0.000000,0.157596,14
7,Baseline,157,331.836865,129102.670394,0.000000,0.157596,14
7,Baseline,158,331.836865,129102.670394,0.000000,0.157596,14
7,Baseline,159,331.884175,131912.282726,0.000000,0.143362,15
7,Baseline,160,331.836865,129102.670394,0.000000,0.157596,14
7,Baseline,161,331.836865,129102.670394,0.000000,0.157596,14
7,Baseline,162,331.836865,129102.670394,0.000000,0.157596,14
7,Baseline,163,331.884175,131912.282726,0.000000,0.143362,15
7,Baseline,164,331.820752,126142.821641,0.000000,0.162444,13
7,Baseline,165,331.836865,129102.670394,0.000000,0.157596,14
7,Baseline,166,331.836865,129102.670394,0.000000,0.157596,14
7,Baseline,167,331.836865,129102.670394,0.000000,0.157596,14
7,Baseline,168,331.836865,129102.670394,0.000000,0.157596,14
7,Baseline,169,331.836865,129102.670394,0.000000,0.157596,14
7,Baseline,170,331.836865,129102.670394,0.000000,0.157596,14
7,Baseline,171,331.836865,129102.670394,0.000000,0.157596,14
7,Baseline,172,331.836865,129102.670394,0.000000,0.157596,14
7,Baseline,173,331.836865,129102.670394,0.000000,0.157596,14
7,Baseline,174,331.836865,129102.670394,0.000000,0.157596,14
7,Baseline,175,331.884175,131912.282726,0.000000,0.143362,15
7,Baseline,176,331.836865,129102.670394,0.000000,0.157596,14
7,Baseline,177,331.836865,129102.670394,0.000000,0.157596,14
7,Baseline,178,331.836865,129102.670394,0.000000,0.157596,14
7,Baseline,179,331.836865,129102.670394,0.000000,0.157596,14
7,Baseline,180,331.884175,131912.282726,0.000000,0.143362,15
7,Baseline,181,331.836865,129102.670394,0.000000,0.157596,14
7,Baseline,182,331.836865,129102.670394,0.000000,0.157596,14
7,Baseline,183,331.836865,129102.670394,0.000000,0.157596,14
7,Baseline,184,331.836865,129102.670394,0.000000,0.157596,14
7,Baseline,185,331.799748,102749.406212,0.000000,0.168764,16
7,Baseline,186,331.836865,129102.670394,0.000000,0.157596,14
7,Baseline,187,331.836865,129102.670394,0.000000,0.157596,14
7,Baseline,188,331.884175,131912.282726,0.000000,0.143362,15
7,Baseline,189,331.836865,129102.670394,0.000000,0.157596,14
7,Baseline,190,331.836865,129102.670394,0.000000,0.157596,14
7,Baseline,191,331.836865,129102.670394,0.000000,0.157596,14
7,Baseline,192,331.836865,129102.670394,0.000000,0.157596,14
7,Baseline,193,331.836865,129102.670394,0.000000,0.157596,14
7,Baseline,194,331.836865,129102.670394,0.000000,0.157596,14
7,Baseline,195,331.884175,131912.282726,0.000000,0.143362,15
7,Baseline,196,331.836865,129102.670394,0.000000,0.157596,14
7,Baseline,197,331.836865,129102.670394,0.000000,0.157596,14
7,Baseline,198,331.884175,131912.282726,0.000000,0.143362,15
7,Baseline,199,331.836865,129102.670394,0.000000,0.157596,14
7,Baseline,200,331.836865,129102.670394,0.000000,0.157596,14
7,Baseline,201,331.836865,129102.670394,0.000000,0.157596,14
7,Baseline,202,331.820752,126142.821641,0.000000,0.162444,13
7,Baseline,203,331.884175,131912.282726,0.000000,0.143362,15
7,Baseline,204,331.836865,129102.670394,0.000000,0.157596,14
7,Baseline,205,331.836865,129102.670394,0.000000,0.157596,14
7,Baseline,206,331.836865,129102.670394,0.000000,0.157596,14
7,Baseline,207,331.836865,129102.670394,0.000000,0.157596,14
7,Baseline,208,331.884175,131912.282726,0.000000,0.143362,15
7,Baseline,209,331.836865,129102.670394,0.000000,0.157596,14
7,Baseline,210,331.836865,129102.670394,0.000000,0.157596,14
7,Baseline,211,331.836865,129102.670394,0.000000,0.157596,14
7,Baseline,212,331.799748,102749.406212,0.000000,0.168764,16
7,Baseline,213,331.884175,131912.282726,0.000000,0.143362,15
7,Baseline,214,331.836865,129102.670394,0.000000,0.157596,14
7,Baseline,215,331.799748,102749.406212,0.000000,0.168764,16
7,Baseline,216,331.820752,126142.821641,0.000000,0.162444,13
7,Baseline,217,331.836865,129102.670394,0.000000,0.157596,14
7,Baseline,218,331.836865,129102.670394,0.000000,0.157596,14
7,Baseline,219,331.836865,129102.670394,0.000000,0.157596,14
7,Baseline,220,331.836865,129102.670394,0.000000,0.157596,14
7,Baseline,221,331.836865,129102.670394,0.000000,0.157596,14
7,Baseline,222,331.836865,129102.670394,0.000000,0.157596,14
7,Baseline,223,331.836865,129102.670394,0.000000,0.157596,14
7,Baseline,224,331.836865,129102.670394,0.000000,0.157596,14
7,Baseline,225,331.836865,129102.670394,0.000000,0.157596,14
7,Baseline,226,331.836865,129102.670394,0.000000,0.157596,14
7,Baseline,227,331.884175,131912.282726,0.000000,0.143362,15
7,Baseline,228,331.836865,129102.670394,0.000000,0.157596,14
7,Baseline,229,331.836865,129102.670394,0.000000,0.157596,14
7,Baseline,230,331.836865,129102.670394,0.000000,0.157596,14
7,Baseline,231,331.836865,129102.670394,0.000000,0.157596,14
7,Baseline,232,331.884175,131912.282726,0.000000,0.143362,15
7,Baseline,233,331.820752,126142.821641,0.000000,0.162444,13
7,Baseline,234,331.836865,129102.670394,0.000000,0.157596,14
7,Baseline,235,331.836865,129102.670394,0.000000,0.157596,14
7,Baseline,236,331.836865,129102.670394,0.000000,0.157596,14
7,Baseline,237,331.836865,129102.670394,0.000000,0.157596,14
7,Baseline,238,331.836865,129102.670394,0.000000,0.157596,14
7,Baseline,239,331.836865,129102.670394,0.000000,0.157596,14
7,Baseline,240,331.836865,129102.670394,0.000000,0.157596,14
7,Baseline,241,331.836865,129102.670394,0.000000,0.157596,14
7,Baseline,242,331.836865,129102.670394,0.000000,0.157596,14
7,Baseline,243,331.884175,131912.282726,0.000000,0.143362,15
7,Baseline,244,331.836865,129102.670394,0.000000,0.157596,14
7,Baseline,245,331.836865,129102.670394,0.000000,0.157596,14
7,Baseline,246,331.836865,129102.670394,0.000000,0.157596,14
7,Baseline,247,331.836865,129102.670394,0.000000,0.157596,14
7,Baseline,248,331.836865,129102.670394,0.000000,0.157596,14
7,Baseline,249,331.836865,129102.670394,0.000000,0.157596,14
7,Baseline,250,331.836865,129102.670394,0.000000,0.157596,14
7,Baseline,251,331.836865,129102.670394,0.000000,0.157596,14
7,Baseline,252,331.836865,129102.670394,0.000000,0.157596,14
7,Baseline,253,331.799748,102749.406212,0.000000,0.168764,16
7,Baseline,254,331.836865,129102.670394,0.000000,0.157596,14
7,Baseline,255,331.836865,129102.670394,0.000000,0.157596,14
7,Baseline,256,331.836865,129102.670394,0.000000,0.157596,14
7,Baseline,257,331.836865,129102.670394,0.000000,0.157596,14
7,Baseline,258,331.836865,129102.670394,0.000000,0.157596,14
7,Baseline,259,331.836865,129102.670394,0.000000,0.157596,14
7,Baseline,260,331.836865,129102.670394,0.000000,0.157596,14
7,Baseline,261,331.836865,129102.670394,0.000000,0.157596,14
7,Baseline,262,331.836865,129102.670394,0.000000,0.157596,14
7,Baseline,263,331.836865,129102.670394,0.000000,0.157596,14
7,Baseline,264,331.836865,129102.670394,0.000000,0.157596,14
7,Baseline,265,331.836865,129102.670394,0.000000,0.157596,14
7,Baseline,266,331.836865,129102.670394,0.000000,0.157596,14
7,Baseline,267,331.836865,129102.670394,0.000000,0.157596,14
7,Baseline,268,331.836865,129102.670394,0.000000,0.157596,14
7,Baseline,269,331.836865,129102.670394,0.000000,0.157596,14
7,Baseline,270,331.836865,129102.670394,0.000000,0.157596,14
7,Baseline,271,331.836865,129102.670394,0.000000,0.157596,14
7,Baseline,272,331.836865,129102.670394,0.000000,0.157596,14
7,Baseline,273,331.836865,129102.670394,0.000000,0.157596,14
7,Baseline,274,331.820752,126142.821641,0.000000,0.162444,13
7,Baseline,275,331.820752,126142.821641,0.000000,0.162444,13
7,Baseline,276,331.884175,131912.282726,0.000000,0.143362,15
7,Baseline,277,331.884175,131912.282726,0.000000,0.143362,15
7,Baseline,278,331.836865,129102.670394,0.000000,0.157596,14
7,Baseline,279,331.836865,129102.670394,0.000000,0.157596,14
7,Baseline,280,331.836865,129102.670394,0.000000,0.157596,14
7,Baseline,281,331.836865,129102.670394,0.000000,0.157596,14
7,Baseline,282,331.836865,129102.670394,0.000000,0.157596,14
7,Baseline,283,331.836865,129102.670394,0.000000,0.157596,14
7,Baseline,284,331.836865,129102.670394,0.000000,0.157596,14
7,Baseline,285,331.836865,129102.670394,0.000000,0.157596,14
7,Baseline,286,331.836865,129102.670394,0.000000,0.157596,14
7,Baseline,287,331.836865,129102.670394,0.000000,0.157596,14
7,Baseline,288,331.836865,129102.670394,0.000000,0.157596,14
7,Baseline,289,331.884175,131912.282726,0.000000,0.143362,15
7,Baseline,290,331.836865,129102.670394,0.000000,0.157596,14
7,Baseline,291,331.836865,129102.670394,0.000000,0.157596,14
7,Baseline,292,331.836865,129102.670394,0.000000,0.157596,14
7,Baseline,293,331.836865,129102.670394,0.000000,0.157596,14
7,Baseline,294,331.836865,129102.670394,0.000000,0.157596,14
7,Proposed,0,463.031993,570819.325396,0.000000,0.668475,16
7,Proposed,1,463.031993,570819.325396,0.000000,0.668475,16
7,Proposed,2,463.031993,570819.325396,0.000000,0.668475,16
7,Proposed,3,463.031993,570819.325396,0.000000,0.668475,16
7,Proposed,4,463.031993,570819.325396,0.000000,0.668475,16
7,Proposed,5,463.031993,570819.325396,0.000000,0.668475,16
7,Proposed,6,463.031993,570819.325396,0.000000,0.668475,16
7,Proposed,7,463.031993,570819.325396,0.000000,0.668475,16
7,Proposed,8,463.031993,570819.325396,0.000000,0.668475,16
7,Proposed,9,463.031993,570819.325396,0.000000,0.668475,16
7,Proposed,10,463.031993,570819.325396,0.000000,0.668475,16
7,Proposed,11,463.031993,570819.325396,0.000000,0.668475,16
7,Proposed,12,463.031993,570819.325396,0.000000,0.668475,16
7,Proposed,13,463.031993,570819.325396,0.000000,0.668475,16
7,Proposed,14,463.031993,570819.325396,0.000000,0.668475,16
7,Proposed,15,463.031993,570819.325396,0.000000,0.668475,16
7,Proposed,16,463.798598,764484.275090,0.000000,0.504020,15
7,Proposed,17,463.031993,570819.325396,0.000000,0.668475,16
7,Proposed,18,463.798598,764484.275090,0.000000,0.504020,15
7,Proposed,19,463.031993,570819.325396,0.000000,0.668475,16
7,Proposed,20,463.031993,570819.325396,0.000000,0.668475,16
7,Proposed,21,463.031993,570819.325396,0.000000,0.668475,16
7,Proposed,22,463.031993,570819.325396,0.000000,0.668475,16
7,Proposed,23,463.031993,570819.325396,0.000000,0.668475,16
7,Proposed,24,463.031993,570819.325396,0.000000,0.668475,16
7,Proposed,25,463.031993,570819.325396,0.000000,0.668475,16
7,Proposed,26,463.031993,570819.325396,0.000000,0.668475,16
7,Proposed,27,463.031993,570819.325396,0.000000,0.668475,16
7,Proposed,28,463.031993,570819.325396,0.000000,0.668475,16
7,Proposed,29,463.031993,570819.325396,0.000000,0.668475,16
7,Proposed,30,463.031993,570819.325396,0.000000,0.668475,16
7,Proposed,31,463.031993,570819.325396,0.000000,0.668475,16
7,Proposed,32,463.031993,570819.325396,0.000000,0.668475,16
7,Proposed,33,463.031993,570819.325396,0.000000,0.668475,16
7,Proposed,34,463.031993,570819.325396,0.000000,0.668475,16
7,Proposed,35,463.031993,570819.325396,0.000000,0.668475,16
7,Proposed,36,463.031993,570819.325396,0.000000,0.668475,16
7,Proposed,37,463.031993,570819.325396,0.000000,0.668475,16
7,Proposed,38,463.279434,699295.162514,0.000000,0.615393,13
7,Proposed,39,463.031993,570819.325396,0.000000,0.668475,16
7,Proposed,40,463.798598,764484.275090,0.000000,0.504020,15
7,Proposed,41,463.031993,570819.325396,0.000000,0.668475,16
7,Proposed,42,463.031993,570819.325396,0.000000,0.668475,16
7,Proposed,43,463.031993,570819.325396,0.000000,0.668475,16
7,Proposed,44,463.031993,570819.325396,0.000000,0.668475,16
7,Proposed,45,463.031993,570819.325396,0.000000,0.668475,16
7,Proposed,46,463.031993,570819.325396,0.000000,0.668475,16
7,Proposed,47,462.759327,569182.355679,0.000000,0.666961,16
7,Proposed,48,462.759327,569182.355679,0.000000,0.666961,16
7,Proposed,49,462.667453,571063.235782,0.000000,0.669282,16
7,Proposed,50,462.667453,571063.235782,0.000000,0.669282,16
7,Proposed,51,462.715398,566246.045476,0.000000,0.663606,16
7,Proposed,52,462.715398,566246.045476,0.000000,0.663606,16
7,Proposed,53,462.633781,566123.393257,0.000000,0.663579,16
7,Proposed,54,462.633781,566123.393257,0.000000,0.663579,16
7,Proposed,55,462.376222,575334.676562,0.000000,0.674676,16
7,Proposed,56,462.376222,575334.676562,0.000000,0.674676,16
7,Proposed,57,460.138664,562278.989806,0.000000,0.662653,16
7,Proposed,58,460.138664,562278.989806,0.000000,0.662653,16
7,Proposed,59,459.785659,562424.074095,0.000000,0.663328,16
7,Proposed,60,459.785659,562424.074095,0.000000,0.663328,16
7,Proposed,61,459.774840,556923.695017,0.000000,0.656899,16
7,Proposed,62,459.774840,556923.695017,0.000000,0.656899,16
7,Proposed,63,459.356507,558045.816162,0.000000,0.658810,16
7,Proposed,64,459.356507,558045.816162,0.000000,0.658810,16
7,Proposed,65,459.295561,548711.908237,0.000000,0.647947,16
7,Proposed,66,459.295561,548711.908237,0.000000,0.647947,16
7,Proposed,67,458.300781,538186.350787,0.000000,0.636968,16
7,Proposed,68,458.300781,538186.350787,0.000000,0.636968,16
7,Proposed,69,457.974226,542598.577413,0.000000,0.642611,16
7,Proposed,70,457.974226,542598.577413,0.000000,0.642611,16
7,Proposed,71,457.866350,533090.849035,0.000000,0.631570,16
7,Proposed,72,457.866350,533090.849035,0.000000,0.631570,16
7,Proposed,73,457.824943,529024.401733,0.000000,0.626839,16
7,Proposed,74,457.824943,529024.401733,0.000000,0.626839,16
7,Proposed,75,456.721968,526015.478406,0.000000,0.624792,16
7,Proposed,76,456.721968,526015.478406,0.000000,0.624792,16
7,Proposed,77,455.807779,500626.315898,0.000000,0.596000,16
7,Proposed,78,455.807779,500626.315898,0.000000,0.596000,16
7,Proposed,79,455.102819,496562.125200,0.000000,0.592101,16
7,Proposed,80,455.102819,496562.125200,0.000000,0.592101,16
7,Proposed,81,453.510370,493871.523738,0.000000,0.590967,16
7,Proposed,82,453.510370,493871.523738,0.000000,0.590967,16
7,Proposed,83,453.403687,485827.462748,0.000000,0.581533,16
7,Proposed,84,453.403687,485827.462748,0.000000,0.581533,16
7,Proposed,85,451.790869,482599.653073,0.000000,0.579742,16
7,Proposed,86,451.790869,482599.653073,0.000000,0.579742,16
7,Proposed,87,451.287717,478756.495486,0.000000,0.575790,16
7,Proposed,88,451.287717,478756.495486,0.000000,0.575790,16
8,Baseline,0,432.096527,275799.060031,0.000000,0.345864,10
8,Baseline,1,432.027612,268729.349511,0.000000,0.361758,9
8,Baseline,2,432.304499,310041.943061,0.000000,0.297899,12
8,Baseline,3,432.304499,310041.943061,0.000000,0.297899,12
8,Baseline,4,432.304499,310041.943061,0.000000,0.297899,12
8,Baseline,5,432.304499,310041.943061,0.000000,0.297899,12
8,Baseline,6,432.096527,275799.060031,0.000000,0.345864,10
8,Baseline,7,432.096527,275799.060031,0.000000,0.345864,10
8,Baseline,8,432.096527,275799.060031,0.000000,0.345864,10
8,Baseline,9,432.304499,310041.943061,0.000000,0.297899,12
8,Baseline,10,432.096527,275799.060031,0.000000,0.345864,10
8,Baseline,11,432.096527,275799.060031,0.000000,0.345864,10
8,Baseline,12,432.096527,275799.060031,0.000000,0.345864,10
8,Baseline,13,432.175460,289948.170769,0.000000,0.327660,11
8,Baseline,14,432.175460,289948.170769,0.000000,0.327660,11
8,Baseline,15,432.175460,289948.170769,0.000000,0.327660,11
8,Baseline,16,432.027612,268729.349511,0.000000,0.361758,9
8,Baseline,17,432.304499,310041.943061,0.000000,0.297899,12
8,Baseline,18,432.027612,268729.349511,0.000000,0.361758,9
8,Baseline,19,432.175460,289948.170769,0.000000,0.327660,11
8,Baseline,20,432.304499,310041.943061,0.000000,0.297899,12
8,Baseline,21,432.304499,310041.943061,0.000000,0.297899,12
8,Baseline,22,432.304499,310041.943061,0.000000,0.297899,12
8,Baseline,23,432.304499,310041.943061,0.000000,0.297899,12
8,Baseline,24,432.304499,310041.943061,0.000000,0.297899,12
8,Baseline,25,432.304499,310041.943061,0.000000,0.297899,12
8,Baseline,26,432.304499,310041.943061,0.000000,0.297899,12
8,Baseline,27,432.175460,289948.170769,0.000000,0.327660,11
8,Baseline,28,432.027612,268729.349511,0.000000,0.361758,9
8,Baseline,29,432.175460,289948.170769,0.000000,0.327660,11
8,Baseline,30,432.096527,275799.060031,0.000000,0.345864,10
8,Baseline,31,432.096527,275799.060031,0.000000,0.345864,10
8,Baseline,32,432.175460,289948.170769,0.000000,0.327660,11
8,Baseline,33,432.175460,289948.170769,0.000000,0.327660,11
8,Baseline,34,432.096527,275799.060031,0.000000,0.345864,10
8,Baseline,35,432.027612,268729.349511,0.000000,0.361758,9
8,Baseline,36,432.096527,275799.060031,0.000000,0.345864,10
8,Baseline,37,432.027612,268729.349511,0.000000,0.361758,9
8,Baseline,38,432.304499,310041.943061,0.000000,0.297899,12
8,Baseline,39,432.175460,289948.170769,0.000000,0.327660,11
8,Baseline,40,432.175460,289948.170769,0.000000,0.327660,11
8,Baseline,41,432.096527,275799.060031,0.000000,0.345864,10
8,Baseline,42,432.175460,289948.170769,0.000000,0.327660,11
8,Baseline,43,432.175460,289948.170769,0.000000,0.327660,11
8,Baseline,44,432.175460,289948.170769,0.000000,0.327660,11
8,Baseline,45,432.175460,289948.170769,0.000000,0.327660,11
8,Baseline,46,432.096527,275799.060031,0.000000,0.345864,10
8,Baseline,47,432.027612,268729.349511,0.000000,0.361758,9
8,Baseline,48,432.175460,289948.170769,0.000000,0.327660,11
8,Baseline,49,432.096527,275799.060031,0.000000,0.345864,10
8,Baseline,50,432.175460,289948.170769,0.000000,0.327660,11
8,Baseline,51,432.175460,289948.170769,0.000000,0.327660,11
8,Baseline,52,432.175460,289948.170769,0.000000,0.327660,11
8,Baseline,53,432.304499,310041.943061,0.000000,0.297899,12
8,Baseline,54,432.175460,289948.170769,0.000000,0.327660,11
8,Baseline,55,432.027612,268729.349511,0.000000,0.361758,9
8,Baseline,56,432.304499,310041.943061,0.000000,0.297899,12
8,Baseline,57,432.304499,310041.943061,0.000000,0.297899,12
8,Baseline,58,432.175460,289948.170769,0.000000,0.327660,11
8,Baseline,59,432.027612,268729.349511,0.000000,0.361758,9
8,Baseline,60,432.175460,289948.170769,0.000000,0.327660,11
8,Baseline,61,432.175460,289948.170769,0.000000,0.327660,11
8,Baseline,62,432.096527,275799.060031,0.000000,0.345864,10
8,Baseline,63,432.175460,289948.170769,0.000000,0.327660,11
8,Baseline,64,432.175460,289948.170769,0.000000,0.327660,11
8,Baseline,65,432.175460,289948.170769,0.000000,0.327660,11
8,Baseline,66,432.096527,275799.060031,0.000000,0.345864,10
8,Baseline,67,432.304499,310041.943061,0.000000,0.297899,12
8,Baseline,68,432.304499,310041.943061,0.000000,0.297899,12
8,Baseline,69,432.096527,275799.060031,0.000000,0.345864,10
8,Baseline,70,432.027612,268729.349511,0.000000,0.361758,9
8,Baseline,71,432.304499,310041.943061,0.000000,0.297899,12
8,Baseline,72,432.096527,275799.060031,0.000000,0.345864,10
8,Baseline,73,432.175460,289948.170769,0.000000,0.327660,11
8,Baseline,74,432.304499,310041.943061,0.000000,0.297899,12
8,Baseline,75,432.096527,275799.060031,0.000000,0.345864,10
8,Baseline,76,432.096527,275799.060031,0.000000,0.345864,10
8,Baseline,77,432.096527,275799.060031,0.000000,0.345864,10
8,Baseline,78,432.175460,289948.170769,0.000000,0.327660,11
8,Baseline,79,432.175460,289948.170769,0.000000,0.327660,11
8,Baseline,80,432.175460,289948.170769,0.000000,0.327660,11
8,Baseline,81,432.096527,275799.060031,0.000000,0.345864,10
8,Baseline,82,432.175460,289948.170769,0.000000,0.327660,11
8,Baseline,83,432.175460,289948.170769,0.000000,0.327660,11
8,Baseline,84,432.304499,310041.943061,0.000000,0.297899,12
8,Baseline,85,432.175460,289948.170769,0.000000,0.327660,11
8,Baseline,86,432.096527,275799.060031,0.000000,0.345864,10
8,Baseline,87,432.175460,289948.170769,0.000000,0.327660,11
8,Baseline,88,432.175460,289948.170769,0.000000,0.327660,11
8,Baseline,89,432.027612,268729.349511,0.000000,0.361758,9
8,Baseline,90,432.175460,289948.170769,0.000000,0.327660,11
8,Baseline,91,432.175460,289948.170769,0.000000,0.327660,11
8,Baseline,92,432.175460,289948.170769,0.000000,0.327660,11
8,Baseline,93,432.175460,289948.170769,0.000000,0.327660,11
8,Baseline,94,432.304499,310041.943061,0.000000,0.297899,12
8,Baseline,95,432.027612,268729.349511,0.000000,0.361758,9
8,Baseline,96,432.096527,275799.060031,0.000000,0.345864,10
8,Baseline,97,432.175460,289948.170769,0.000000,0.327660,11
8,Baseline,98,432.175460,289948.170769,0.000000,0.327660,11
8,Baseline,99,432.096527,275799.060031,0.000000,0.345864,10
8,Baseline,100,432.304499,310041.943061,0.000000,0.297899,12
8,Baseline,101,432.027612,268729.349511,0.000000,0.361758,9
8,Baseline,102,432.175460,289948.170769,0.000000,0.327660,11
8,Baseline,103,432.027612,268729.349511,0.000000,0.361758,9
8,Baseline,104,432.027612,268729.349511,0.000000,0.361758,9
8,Baseline,105,432.304499,310041.943061,0.000000,0.297899,12
8,Baseline,106,432.175460,289948.170769,0.000000,0.327660,11
8,Baseline,107,432.027612,268729.349511,0.000000,0.361758,9
8,Baseline,108,432.304499,310041.943061,0.000000,0.297899,12
8,Baseline,109,432.175460,289948.170769,0.000000,0.327660,11
8,Baseline,110,432.096527,275799.060031,0.000000,0.345864,10
8,Baseline,111,432.096527,275799.060031,0.000000,0.345864,10
8,Baseline,112,432.096527,275799.060031,0.000000,0.345864,10
8,Baseline,113,432.175460,289948.170769,0.000000,0.327660,11
8,Baseline,114,432.096527,275799.060031,0.000000,0.345864,10
8,Baseline,115,432.096527,275799.060031,0.000000,0.345864,10
8,Baseline,116,432.175460,289948.170769,0.000000,0.327660,11
8,Baseline,117,432.175460,289948.170769,0.000000,0.327660,11
8,Baseline,118,432.304499,310041.943061,0.000000,0.297899,12
8,Baseline,119,432.096527,275799.060031,0.000000,0.345864,10
8,Baseline,120,432.096527,275799.060031,0.000000,0.345864,10
8,Baseline,121,432.175460,289948.170769,0.000000,0.327660,11
8,Baseline,122,432.027612,268729.349511,0.000000,0.361758,9
8,Baseline,123,432.175460,289948.170769,0.000000,0.327660,11
8,Baseline,124,432.175460,289948.170769,0.000000,0.327660,11
8,Baseline,125,432.096527,275799.060031,0.000000,0.345864,10
8,Baseline,126,432.175460,289948.170769,0.000000,0.327660,11
8,Baseline,127,432.175460,289948.170769,0.000000,0.327660,11
8,Baseline,128,432.175460,289948.170769,0.000000,0.327660,11
8,Baseline,129,432.175460,289948.170769,0.000000,0.327660,11
8,Baseline,130,432.175460,289948.170769,0.000000,0.327660,11
8,Baseline,131,432.304499,310041.943061,0.000000,0.297899,12
8,Baseline,132,432.175460,289948.170769,0.000000,0.327660,11
8,Baseline,133,432.096527,275799.060031,0.000000,0.345864,10
8,Baseline,134,432.304499,310041.943061,0.000000,0.297899,12
8,Baseline,135,432.027612,268729.349511,0.000000,0.361758,9
8,Baseline,136,432.096527,275799.060031,0.000000,0.345864,10
8,Baseline,137,432.175460,289948.170769,0.000000,0.327660,11
8,Baseline,138,432.175460,289948.170769,0.000000,0.327660,11
8,Baseline,139,432.096527,275799.060031,0.000000,0.345864,10
8,Baseline,140,432.175460,289948.170769,0.000000,0.327660,11
8,Baseline,141,432.096527,275799.060031,0.000000,0.345864,10
8,Baseline,142,432.096527,275799.060031,0.000000,0.345864,10
8,Baseline,143,432.304499,310041.943061,0.000000,0.297899,12
8,Baseline,144,432.027612,268729.349511,0.000000,0.361758,9
8,Baseline,145,432.304499,310041.943061,0.000000,0.297899,12
8,Baseline,146,432.175460,289948.170769,0.000000,0.327660,11
8,Baseline,147,432.096527,275799.060031,0.000000,0.345864,10
8,Baseline,148,432.175460,289948.170769,0.000000,0.327660,11
8,Baseline,149,432.304499,310041.943061,0.000000,0.297899,12
8,Baseline,150,432.175460,289948.170769,0.000000,0.327660,11
8,Baseline,151,432.175460,289948.170769,0.000000,0.327660,11
8,Baseline,152,432.096527,275799.060031,0.000000,0.345864,10
8,Baseline,153,432.175460,289948.170769,0.000000,0.327660,11
8,Baseline,154,432.096527,275799.060031,0.000000,0.345864,10
8,Baseline,155,432.027612,268729.349511,0.000000,0.361758,9
8,Baseline,156,432.304499,310041.943061,0.000000,0.297899,12
8,Baseline,157,432.304499,310041.943061,0.000000,0.297899,12
8,Baseline,158,432.304499,310041.943061,0.000000,0.297899,12
8,Baseline,159,432.027612,268729.349511,0.000000,0.361758,9
8,Baseline,160,432.304499,310041.943061,0.000000,0.297899,12
8,Baseline,161,432.175460,289948.170769,0.000000,0.327660,11
8,Baseline,162,432.304499,310041.943061,0.000000,0.297899,12
8,Baseline,163,432.096527,275799.060031,0.000000,0.345864,10
8,Baseline,164,432.096527,275799.060031,0.000000,0.345864,10
8,Baseline,165,432.175460,289948.170769,0.000000,0.327660,11
8,Baseline,166,432.175460,289948.170769,0.000000,0.327660,11
8,Baseline,167,432.096527,275799.060031,0.000000,0.345864,10
8,Baseline,168,432.175460,289948.170769,0.000000,0.327660,11
8,Baseline,169,432.096527,275799.060031,0.000000,0.345864,10
8,Baseline,170,432.096527,275799.060031,0.000000,0.345864,10
8,Baseline,171,432.304499,310041.943061,0.000000,0.297899,12
8,Baseline,172,432.175460,289948.170769,0.000000,0.327660,11
8,Baseline,173,432.096527,275799.060031,0.000000,0.345864,10
8,Baseline,174,432.096527,275799.060031,0.000000,0.345864,10
8,Baseline,175,432.175460,289948.170769,0.000000,0.327660,11
8,Baseline,176,432.175460,289948.170769,0.000000,0.327660,11
8,Baseline,177,432.027612,268729.349511,0.000000,0.361758,9
8,Baseline,178,432.175460,289948.170769,0.000000,0.327660,11
8,Baseline,179,432.304499,310041.943061,0.000000,0.297899,12
8,Baseline,180,432.027612,268729.349511,0.000000,0.361758,9
8,Baseline,181,432.175460,289948.170769,0.000000,0.327660,11
8,Baseline,182,432.096527,275799.060031,0.000000,0.345864,10
8,Baseline,183,432.175460,289948.170769,0.000000,0.327660,11
8,Baseline,184,432.304499,310041.943061,0.000000,0.297899,12
8,Baseline,185,432.304499,310041.943061,0.000000,0.297899,12
8,Baseline,186,432.304499,310041.943061,0.000000,0.297899,12
8,Baseline,187,432.304499,310041.943061,0.000000,0.297899,12
8,Baseline,188,432.304499,310041.943061,0.000000,0.297899,12
8,Baseline,189,432.027612,268729.349511,0.000000,0.361758,9
8,Baseline,190,432.096527,275799.060031,0.000000,0.345864,10
8,Baseline,191,432.175460,289948.170769,0.000000,0.327660,11
8,Baseline,192,432.304499,310041.943061,0.000000,0.297899,12
8,Baseline,193,432.175460,289948.170769,0.000000,0.327660,11
8,Baseline,194,432.175460,289948.170769,0.000000,0.327660,11
8,Baseline,195,432.096527,275799.060031,0.000000,0.345864,10
8,Baseline,196,432.304499,310041.943061,0.000000,0.297899,12
8,Baseline,197,432.027612,268729.349511,0.000000,0.361758,9
8,Baseline,198,432.027612,268729.349511,0.000000,0.361758,9
8,Baseline,199,432.096527,275799.060031,0.000000,0.345864,10
8,Baseline,200,432.096527,275799.060031,0.000000,0.345864,10
8,Baseline,201,432.175460,289948.170769,0.000000,0.327660,11
8,Baseline,202,432.175460,289948.170769,0.000000,0.327660,11
8,Baseline,203,432.175460,289948.170769,0.000000,0.327660,11
8,Baseline,204,432.175460,289948.170769,0.000000,0.327660,11
8,Baseline,205,432.175460,289948.170769,0.000000,0.327660,11
8,Baseline,206,432.175460,289948.170769,0.000000,0.327660,11
8,Baseline,207,432.175460,289948.170769,0.000000,0.327660,11
8,Baseline,208,432.175460,289948.170769,0.000000,0.327660,11
8,Baseline,209,432.175460,289948.170769,0.000000,0.327660,11
8,Baseline,210,432.175460,289948.170769,0.000000,0.327660,11
8,Baseline,211,432.304499,310041.943061,0.000000,0.297899,12
8,Baseline,212,432.304499,310041.943061,0.000000,0.297899,12
8,Baseline,213,432.304499,310041.943061,0.000000,0.297899,12
8,Baseline,214,431.875318,254496.842775,0.000000,0.396881,8
8,Baseline,215,432.304499,310041.943061,0.000000,0.297899,12
8,Baseline,216,431.875318,254496.842775,0.000000,0.396881,8
8,Baseline,217,432.096527,275799.060031,0.000000,0.345864,10
8,Baseline,218,432.096527,275799.060031,0.000000,0.345864,10
8,Baseline,219,431.875318,254496.842775,0.000000,0.396881,8
8,Baseline,220,432.096527,275799.060031,0.000000,0.345864,10
8,Baseline,221,432.175460,289948.170769,0.000000,0.327660,11
8,Baseline,222,432.096527,275799.060031,0.000000,0.345864,10
8,Baseline,223,432.027612,268729.349511,0.000000,0.361758,9
8,Baseline,224,432.096527,275799.060031,0.000000,0.345864,10
8,Baseline,225,432.304499,310041.943061,0.000000,0.297899,12
8,Baseline,226,432.384417,323836.101130,0.000000,0.279468,13
8,Baseline,227,427.925552,294795.522813,0.000000,0.285559,13
8,Baseline,228,427.925552,294795.522813,0.000000,0.285559,13
8,Baseline,229,425.889371,315534.983868,0.000000,0.233259,14
8,Baseline,230,425.926156,318982.623732,0.000000,0.224642,15
8,Baseline,231,425.095233,295289.004016,0.000000,0.230720,14
8,Baseline,232,425.149641,301677.034860,0.000000,0.217950,15
8,Baseline,233,422.338405,308086.303901,0.000000,0.220139,15
8,Baseline,234,422.021991,228650.792255,0.000000,0.294894,16
8,Baseline,235,421.864105,232149.956163,0.000000,0.299505,16
8,Baseline,236,421.864105,232149.956163,0.000000,0.299505,16
8,Baseline,237,421.513074,229832.002178,0.000000,0.296769,16
8,Baseline,238,421.817843,307384.179088,0.000000,0.224681,15
8,Baseline,239,420.694042,217537.563561,0.000000,0.281484,16
8,Baseline,240,420.694042,217537.563561,0.000000,0.281484,16
8,Baseline,241,420.808172,216749.890414,0.000000,0.280392,16
8,Baseline,242,420.808172,216749.890414,0.000000,0.280392,16
8,Baseline,243,420.694042,217537.563561,0.000000,0.281484,16
8,Baseline,244,420.694042,217537.563561,0.000000,0.281484,16
8,Baseline,245,410.689193,225902.787334,0.000000,0.299376,16
8,Baseline,246,405.293662,224167.921916,0.000000,0.301027,16
8,Baseline,247,405.293662,224167.921916,0.000000,0.301027,16
8,Baseline,248,404.570217,221297.436872,0.000000,0.297713,16
8,Baseline,249,404.570217,221297.436872,0.000000,0.297713,16
8,Baseline,250,403.989045,220260.514202,0.000000,0.296747,16
8,Baseline,251,403.989045,220260.514202,0.000000,0.296747,16
8,Baseline,252,402.303100,218292.598360,0.000000,0.295333,16
8,Baseline,253,402.303100,218292.598360,0.000000,0.295333,16
8,Baseline,254,401.469694,259139.986897,0.000000,0.201623,15
8,Baseline,255,401.469694,259139.986897,0.000000,0.201623,15
8,Baseline,256,395.044654,243844.879740,0.000000,0.201691,15
8,Baseline,257,395.044654,243844.879740,0.000000,0.201691,15
8,Baseline,258,393.832502,239299.017757,0.000000,0.181484,15
8,Baseline,259,393.832502,239299.017757,0.000000,0.181484,15
8,Baseline,260,392.950033,246691.305843,0.000000,0.191515,15
8,Baseline,261,392.950033,246691.305843,0.000000,0.191515,15
8,Baseline,262,389.225809,237254.739139,0.000000,0.182118,15
8,Baseline,263,389.092710,220945.199115,0.000000,0.216252,14
8,Baseline,264,387.008261,225725.829895,0.000000,0.193184,15
8,Baseline,265,387.008261,225725.829895,0.000000,0.193184,15
8,Baseline,266,385.768781,216345.077634,0.000000,0.184273,15
8,Baseline,267,385.768781,216345.077634,0.000000,0.184273,15
8,Baseline,268,384.650480,226942.685975,0.000000,0.193150,15
8,Baseline,269,384.449693,173141.947353,0.000000,0.245249,16
8,Baseline,270,380.503203,160084.611016,0.000000,0.229142,16
8,Baseline,271,380.503203,160084.611016,0.000000,0.229142,16
8,Baseline,272,380.055505,152832.487787,0.000000,0.219042,16
8,Baseline,273,380.055505,152832.487787,0.000000,0.219042,16
8,Baseline,274,376.458379,146566.958992,0.000000,0.212084,16
8,Baseline,275,376.458379,146566.958992,0.000000,0.212084,16
8,Baseline,276,368.223485,147899.984580,0.000000,0.218784,16
8,Baseline,277,368.223485,147899.984580,0.000000,0.218784,16
8,Baseline,278,368.085303,145699.356120,0.000000,0.215617,16
8,Baseline,279,368.085303,145699.356120,0.000000,0.215617,16
8,Baseline,280,361.913591,138857.056575,0.000000,0.209009,16
8,Baseline,281,361.913591,138857.056575,0.000000,0.209009,16
8,Baseline,282,357.153775,133527.286440,0.000000,0.203676,16
8,Baseline,283,357.153775,133527.286440,0.000000,0.203676,16
8,Baseline,284,338.754362,133967.701493,0.000000,0.215422,16
8,Baseline,285,338.754362,133967.701493,0.000000,0.215422,16
8,Proposed,0,464.081212,568897.215162,0.000000,0.664743,16
8,Proposed,1,464.081229,568894.621871,0.000000,0.664740,16
8,Proposed,2,463.509360,565832.554571,0.000000,0.661996,16
8,Proposed,3,463.450302,564901.961912,0.000000,0.660998,16
8,Proposed,4,463.000119,567312.716006,0.000000,0.664441,16
8,Proposed,5,462.577286,565145.480402,0.000000,0.662521,16
8,Proposed,6,462.655721,566792.290272,0.000000,0.664327,16
9,Baseline,0,432.942677,248551.932332,0.000000,0.312420,16
9,Baseline,1,432.942677,248551.932332,0.000000,0.312420,16
9,Baseline,2,432.942677,248551.932332,0.000000,0.312420,16
9,Baseline,3,432.942677,248551.932332,0.000000,0.312420,16
9,Baseline,4,430.856734,248038.759811,0.000000,0.313281,16
9,Baseline,5,430.856734,248038.759811,0.000000,0.313281,16
9,Baseline,6,426.603047,243820.940570,0.000000,0.311032,16
9,Baseline,7,426.603047,243820.940570,0.000000,0.311032,16
9,Baseline,8,425.429425,243043.070874,0.000000,0.310895,16
9,Baseline,9,425.429425,243043.070874,0.000000,0.310895,16
9,Baseline,10,423.499853,217919.832444,0.000000,0.280115,16
9,Baseline,11,423.499853,217919.832444,0.000000,0.280115,16
9,Baseline,12,421.267512,230003.855253,0.000000,0.297163,16
9,Baseline,13,421.267512,230003.855253,0.000000,0.297163,16
9,Baseline,14,418.396467,227527.516716,0.000000,0.295985,16
9,Baseline,15,418.396467,227527.516716,0.000000,0.295985,16
9,Baseline,16,418.132624,215818.494635,0.000000,0.280972,16
9,Baseline,17,418.132624,215818.494635,0.000000,0.280972,16
9,Baseline,18,414.731750,214014.556995,0.000000,0.280908,16
9,Baseline,19,414.731750,214014.556995,0.000000,0.280908,16
9,Baseline,20,414.380105,190626.324989,0.000000,0.250499,16
9,Baseline,21,414.380105,190626.324989,0.000000,0.250499,16
9,Baseline,22,410.592503,189614.044829,0.000000,0.251464,16
9,Baseline,23,410.592503,189614.044829,0.000000,0.251464,16
9,Baseline,24,405.469773,190048.156218,0.000000,0.255215,16
9,Baseline,25,405.469773,190048.156218,0.000000,0.255215,16
9,Baseline,26,405.177214,186208.118760,0.000000,0.250251,16
9,Baseline,27,405.177214,186208.118760,0.000000,0.250251,16
9,Baseline,28,403.923535,186935.628925,0.000000,0.252004,16
9,Baseline,29,403.923535,186935.628925,0.000000,0.252004,16
9,Baseline,30,401.366636,184271.906091,0.000000,0.250001,16
9,Baseline,31,401.366636,184271.906091,0.000000,0.250001,16
9,Baseline,32,401.349503,181727.411400,0.000000,0.246568,16
9,Baseline,33,401.349503,181727.411400,0.000000,0.246568,16
9,Baseline,34,399.926743,183004.122774,0.000000,0.249177,16
9,Baseline,35,399.926743,183004.122774,0.000000,0.249177,16
9,Baseline,36,395.785358,178903.023356,0.000000,0.246149,16
9,Baseline,37,395.785358,178903.023356,0.000000,0.246149,16
9,Baseline,38,395.138444,179568.245631,0.000000,0.247466,16
9,Baseline,39,395.138444,179568.245631,0.000000,0.247466,16
9,Baseline,40,390.623927,177871.885128,0.000000,0.247960,16
9,Baseline,41,390.005265,175771.618531,0.000000,0.245427,16
9,Baseline,42,389.698505,173624.580120,0.000000,0.242626,16
9,Baseline,43,389.698505,173624.580120,0.000000,0.242626,16
9,Baseline,44,381.850187,170504.850395,0.000000,0.243163,16
9,Baseline,45,381.850187,170504.850395,0.000000,0.243163,16
9,Baseline,46,377.873580,195258.380142,0.000000,0.159821,15
9,Baseline,47,377.873580,195258.380142,0.000000,0.159821,15
9,Baseline,48,377.134830,189630.501068,0.000000,0.155857,15
9,Baseline,49,377.104677,186946.667843,0.000000,0.163840,14
9,Baseline,50,376.245408,187850.339172,0.000000,0.162432,14
9,Baseline,51,376.245408,187850.339172,0.000000,0.162432,14
9,Baseline,52,372.688068,183343.214353,0.000000,0.151420,14
9,Baseline,53,372.688068,183343.214353,0.000000,0.151420,14
9,Baseline,54,372.261186,145097.925500,0.000000,0.212325,16
9,Baseline,55,372.261186,145097.925500,0.000000,0.212325,16
9,Baseline,56,356.395055,171789.210787,0.000000,0.156522,15
9,Baseline,57,356.395055,171789.210787,0.000000,0.156522,15
9,Baseline,58,356.367632,177836.604447,0.000000,0.168220,14
9,Baseline,59,353.554080,180386.522047,0.000000,0.173646,14
9,Baseline,60,353.554080,180386.522047,0.000000,0.173646,14
9,Baseline,61,349.829055,175057.688115,0.000000,0.157101,14
9,Baseline,62,349.829055,175057.688115,0.000000,0.157101,14
9,Baseline,63,348.472516,175274.785864,0.000000,0.172115,14
9,Baseline,64,348.472516,175274.785864,0.000000,0.172115,14
9,Baseline,65,347.090718,171825.821426,0.000000,0.163957,14
9,Baseline,66,347.090718,171825.821426,0.000000,0.163957,14
9,Baseline,67,346.893521,175331.795117,0.000000,0.165502,14
9,Baseline,68,346.893521,175331.795117,0.000000,0.165502,14
9,Baseline,69,341.899279,171006.073664,0.000000,0.175682,14
9,Baseline,70,341.870630,166247.755367,0.000000,0.184047,13
9,Baseline,71,334.600677,144769.728667,0.000000,0.133301,15
9,Baseline,72,334.600677,144769.728667,0.000000,0.133301,15
9,Baseline,73,333.497735,140178.589486,0.000000,0.124314,15
9,Baseline,74,333.349494,103195.437733,0.000000,0.168709,16
9,Baseline,75,327.980091,138161.901138,0.000000,0.128262,15
9,Baseline,76,327.980091,138161.901138,0.000000,0.128262,15
9,Baseline,77,323.874345,99559.164427,0.000000,0.167528,16
9,Baseline,78,323.874345,99559.164427,0.000000,0.167528,16
9,Baseline,79,320.597207,97625.367156,0.000000,0.165956,16
9,Baseline,80,320.597207,97625.367156,0.000000,0.165956,16
9,Baseline,81,307.926961,97119.624198,0.000000,0.171879,16
9,Baseline,82,307.926961,97119.624198,0.000000,0.171879,16
9,Baseline,83,307.926961,97119.624198,0.000000,0.171879,16
9,Baseline,84,307.926961,97119.624198,0.000000,0.171879,16
9,Baseline,85,308.067414,133242.832758,0.000000,0.126345,15
9,Baseline,86,307.926961,97119.624198,0.000000,0.171879,16
9,Baseline,87,307.926961,97119.624198,0.000000,0.171879,16
9,Baseline,88,307.926961,97119.624198,0.000000,0.171879,16
9,Baseline,89,307.926961,97119.624198,0.000000,0.171879,16
9,Baseline,90,307.926961,97119.624198,0.000000,0.171879,16
9,Baseline,91,307.926961,97119.624198,0.000000,0.171879,16
9,Baseline,92,307.926961,97119.624198,0.000000,0.171879,16
9,Baseline,93,307.926961,97119.624198,0.000000,0.171879,16
9,Baseline,94,307.926961,97119.624198,0.000000,0.171879,16
9,Baseline,95,307.926961,97119.624198,0.000000,0.171879,16
9,Baseline,96,307.926961,97119.624198,0.000000,0.171879,16
9,Baseline,97,307.926961,97119.624198,0.000000,0.171879,16
9,Baseline,98,308.067414,133242.832758,0.000000,0.126345,15
9,Baseline,99,307.926961,97119.624198,0.000000,0.171879,16
9,Baseline,100,307.926961,97119.624198,0.000000,0.171879,16
9,Baseline,101,307.926961,97119.624198,0.000000,0.171879,16
9,Baseline,102,308.067414,133242.832758,0.000000,0.126345,15
9,Baseline,103,308.067414,133242.832758,0.000000,0.126345,15
9,Baseline,104,308.067414,133242.832758,0.000000,0.126345,15
9,Baseline,105,307.926961,97119.624198,0.000000,0.171879,16
9,Baseline,106,307.926961,97119.624198,0.000000,0.171879,16
9,Baseline,107,307.926961,97119.624198,0.000000,0.171879,16
9,Baseline,108,308.067414,133242.832758,0.000000,0.126345,15
9,Baseline,109,308.067414,133242.832758,0.000000,0.126345,15
9,Baseline,110,308.067414,133242.832758,0.000000,0.126345,15
9,Baseline,111,308.067414,133242.832758,0.000000,0.126345,15
9,Baseline,112,307.926961,97119.624198,0.000000,0.171879,16
9,Baseline,113,308.067414,133242.832758,0.000000,0.126345,15
9,Baseline,114,308.067414,133242.832758,0.000000,0.126345,15
9,Baseline,115,307.926961,97119.624198,0.000000,0.171879,16
9,Baseline,116,307.926961,97119.624198,0.000000,0.171879,16
9,Baseline,117,307.926961,97119.624198,0.000000,0.171879,16
9,Baseline,118,307.926961,97119.624198,0.000000,0.171879,16
9,Baseline,119,307.926961,97119.624198,0.000000,0.171879,16
9,Baseline,120,307.926961,97119.624198,0.000000,0.171879,16
9,Baseline,121,307.926961,97119.624198,0.000000,0.171879,16
9,Baseline,122,307.926961,97119.624198,0.000000,0.171879,16
9,Baseline,123,307.926961,97119.624198,0.000000,0.171879,16
9,Baseline,124,307.926961,97119.624198,0.000000,0.171879,16
9,Baseline,125,307.926961,97119.624198,0.000000,0.171879,16
9,Baseline,126,307.926961,97119.624198,0.000000,0.171879,16
9,Baseline,127,307.926961,97119.624198,0.000000,0.171879,16
9,Baseline,128,307.926961,97119.624198,0.000000,0.171879,16
9,Baseline,129,307.926961,97119.624198,0.000000,0.171879,16
9,Baseline,130,307.926961,97119.624198,0.000000,0.171879,16
9,Baseline,131,307.926961,97119.624198,0.000000,0.171879,16
9,Baseline,132,308.067414,133242.832758,0.000000,0.126345,15
9,Baseline,133,307.926961,97119.624198,0.000000,0.171879,16
9,Baseline,134,307.926961,97119.624198,0.000000,0.171879,16
9,Baseline,135,307.926961,97119.624198,0.000000,0.171879,16
9,Baseline,136,307.926961,97119.624198,0.000000,0.171879,16
9,Baseline,137,307.926961,97119.624198,0.000000,0.171879,16
9,Baseline,138,308.067414,133242.832758,0.000000,0.126345,15
9,Baseline,139,308.067414,133242.832758,0.000000,0.126345,15
9,Baseline,140,308.067414,133242.832758,0.000000,0.126345,15
9,Baseline,141,308.067414,133242.832758,0.000000,0.126345,15
9,Baseline,142,307.926961,97119.624198,0.000000,0.171879,16
9,Baseline,143,307.926961,97119.624198,0.000000,0.171879,16
9,Baseline,144,307.926961,97119.624198,0.000000,0.171879,16
9,Baseline,145,307.926961,97119.624198,0.000000,0.171879,16
9,Baseline,146,307.926961,97119.624198,0.000000,0.171879,16
9,Baseline,147,307.926961,97119.624198,0.000000,0.171879,16
9,Baseline,148,308.067414,133242.832758,0.000000,0.126345,15
9,Baseline,149,307.926961,97119.624198,0.000000,0.171879,16
9,Baseline,150,307.926961,97119.624198,0.000000,0.171879,16
9,Baseline,151,307.926961,97119.624198,0.000000,0.171879,16
9,Baseline,152,307.926961,97119.624198,0.000000,0.171879,16
9,Baseline,153,307.926961,97119.624198,0.000000,0.171879,16
9,Baseline,154,308.067414,133242.832758,0.000000,0.126345,15
9,Baseline,155,307.926961,97119.624198,0.000000,0.171879,16
9,Baseline,156,307.926961,97119.624198,0.000000,0.171879,16
9,Baseline,157,307.926961,97119.624198,0.000000,0.171879,16
9,Baseline,158,307.926961,97119.624198,0.000000,0.171879,16
9,Baseline,159,307.926961,97119.624198,0.000000,0.171879,16
9,Baseline,160,308.067414,133242.832758,0.000000,0.126345,15
9,Baseline,161,307.926961,97119.624198,0.000000,0.171879,16
9,Baseline,162,307.926961,97119.624198,0.000000,0.171879,16
9,Baseline,163,308.067414,133242.832758,0.000000,0.126345,15
9,Baseline,164,307.926961,97119.624198,0.000000,0.171879,16
9,Baseline,165,307.926961,97119.624198,0.000000,0.171879,16
9,Baseline,166,307.926961,97119.624198,0.000000,0.171879,16
9,Baseline,167,307.926961,97119.624198,0.000000,0.171879,16
9,Baseline,168,307.926961,97119.624198,0.000000,0.171879,16
9,Baseline,169,307.926961,97119.624198,0.000000,0.171879,16
9,Baseline,170,307.926961,97119.624198,0.000000,0.171879,16
9,Baseline,171,308.067414,133242.832758,0.000000,0.126345,15
9,Baseline,172,307.926961,97119.624198,0.000000,0.171879,16
9,Baseline,173,307.926961,97119.624198,0.000000,0.171879,16
9,Baseline,174,307.926961,97119.624198,0.000000,0.171879,16
9,Baseline,175,307.926961,97119.624198,0.000000,0.171879,16
9,Baseline,176,307.926961,97119.624198,0.000000,0.171879,16
9,Baseline,177,307.926961,97119.624198,0.000000,0.171879,16
9,Baseline,178,307.926961,97119.624198,0.000000,0.171879,16
9,Baseline,179,307.926961,97119.624198,0.000000,0.171879,16
9,Baseline,180,307.926961,97119.624198,0.000000,0.171879,16
9,Baseline,181,307.926961,97119.624198,0.000000,0.171879,16
9,Baseline,182,307.926961,97119.624198,0.000000,0.171879,16
9,Baseline,183,307.926961,97119.624198,0.000000,0.171879,16
9,Baseline,184,307.926961,97119.624198,0.000000,0.171879,16
9,Baseline,185,307.926961,97119.624198,0.000000,0.171879,16
9,Baseline,186,307.926961,97119.624198,0.000000,0.171879,16
9,Baseline,187,307.926961,97119.624198,0.000000,0.171879,16
9,Baseline,188,307.926961,97119.624198,0.000000,0.171879,16
9,Baseline,189,307.926961,97119.624198,0.000000,0.171879,16
9,Baseline,190,307.926961,97119.624198,0.000000,0.171879,16
9,Baseline,191,307.926961,97119.624198,0.000000,0.171879,16
9,Baseline,192,308.067414,133242.832758,0.000000,0.126345,15
9,Baseline,193,308.067414,133242.832758,0.000000,0.126345,15
9,Baseline,194,307.926961,97119.624198,0.000000,0.171879,16
9,Baseline,195,308.067414,133242.832758,0.000000,0.126345,15
9,Baseline,196,308.067414,133242.832758,0.000000,0.126345,15
9,Baseline,197,307.926961,97119.624198,0.000000,0.171879,16
9,Baseline,198,307.926961,97119.624198,0.000000,0.171879,16
9,Baseline,199,307.926961,97119.624198,0.000000,0.171879,16
9,Baseline,200,308.067414,133242.832758,0.000000,0.126345,15
9,Baseline,201,307.926961,97119.624198,0.000000,0.171879,16
9,Baseline,202,307.926961,97119.624198,0.000000,0.171879,16
9,Baseline,203,307.926961,97119.624198,0.000000,0.171879,16
9,Baseline,204,307.926961,97119.624198,0.000000,0.171879,16
9,Baseline,205,307.926961,97119.624198,0.000000,0.171879,16
9,Baseline,206,307.926961,97119.624198,0.000000,0.171879,16
9,Baseline,207,307.926961,97119.624198,0.000000,0.171879,16
9,Baseline,208,307.926961,97119.624198,0.000000,0.171879,16
9,Baseline,209,307.926961,97119.624198,0.000000,0.171879,16
9,Baseline,210,307.926961,97119.624198,0.000000,0.171879,16
9,Baseline,211,307.926961,97119.624198,0.000000,0.171879,16
9,Baseline,212,308.067414,133242.832758,0.000000,0.126345,15
9,Baseline,213,307.926961,97119.624198,0.000000,0.171879,16
9,Baseline,214,307.926961,97119.624198,0.000000,0.171879,16
9,Baseline,215,307.926961,97119.624198,0.000000,0.171879,16
9,Baseline,216,307.926961,97119.624198,0.000000,0.171879,16
9,Baseline,217,307.926961,97119.624198,0.000000,0.171879,16
9,Baseline,218,307.926961,97119.624198,0.000000,0.171879,16
9,Baseline,219,307.926961,97119.624198,0.000000,0.171879,16
9,Baseline,220,307.926961,97119.624198,0.000000,0.171879,16
9,Baseline,221,307.926961,97119.624198,0.000000,0.171879,16
9,Baseline,222,307.926961,97119.624198,0.000000,0.171879,16
9,Baseline,223,307.926961,97119.624198,0.000000,0.171879,16
9,Baseline,224,307.926961,97119.624198,0.000000,0.171879,16
9,Baseline,225,307.926961,97119.624198,0.000000,0.171879,16
9,Baseline,226,307.926961,97119.624198,0.000000,0.171879,16
9,Baseline,227,307.926961,97119.624198,0.000000,0.171879,16
9,Baseline,228,307.926961,97119.624198,0.000000,0.171879,16
9,Baseline,229,307.926961,97119.624198,0.000000,0.171879,16
9,Baseline,230,307.926961,97119.624198,0.000000,0.171879,16
9,Baseline,231,307.926961,97119.624198,0.000000,0.171879,16
9,Baseline,232,307.926961,97119.624198,0.000000,0.171879,16
9,Baseline,233,307.926961,97119.624198,0.000000,0.171879,16
9,Baseline,234,307.926961,97119.624198,0.000000,0.171879,16
9,Baseline,235,307.926961,97119.624198,0.000000,0.171879,16
9,Baseline,236,308.067414,133242.832758,0.000000,0.126345,15
9,Baseline,237,308.067414,133242.832758,0.000000,0.126345,15
9,Baseline,238,307.926961,97119.624198,0.000000,0.171879,16
9,Baseline,239,307.926961,97119.624198,0.000000,0.171879,16
9,Baseline,240,307.926961,97119.624198,0.000000,0.171879,16
9,Baseline,241,308.008910,125237.199412,0.000000,0.145312,14
9,Baseline,242,308.008910,125237.199412,0.000000,0.145312,14
9,Baseline,243,307.926961,97119.624198,0.000000,0.171879,16
9,Baseline,244,308.067414,133242.832758,0.000000,0.126345,15
9,Baseline,245,308.067414,133242.832758,0.000000,0.126345,15
9,Baseline,246,307.926961,97119.624198,0.000000,0.171879,16
9,Baseline,247,308.067414,133242.832758,0.000000,0.126345,15
9,Baseline,248,307.926961,97119.624198,0.000000,0.171879,16
9,Baseline,249,307.926961,97119.624198,0.000000,0.171879,16
9,Baseline,250,307.926961,97119.624198,0.000000,0.171879,16
9,Baseline,251,308.067414,133242.832758,0.000000,0.126345,15
9,Baseline,252,307.926961,97119.624198,0.000000,0.171879,16
9,Baseline,253,307.926961,97119.624198,0.000000,0.171879,16
9,Baseline,254,307.926961,97119.624198,0.000000,0.171879,16
9,Baseline,255,307.926961,97119.624198,0.000000,0.171879,16
9,Baseline,256,307.926961,97119.624198,0.000000,0.171879,16
9,Baseline,257,307.926961,97119.624198,0.000000,0.171879,16
9,Baseline,258,307.926961,97119.624198,0.000000,0.171879,16
9,Baseline,259,307.926961,97119.624198,0.000000,0.171879,16
9,Baseline,260,307.926961,97119.624198,0.000000,0.171879,16
9,Baseline,261,307.926961,97119.624198,0.000000,0.171879,16
9,Baseline,262,307.926961,97119.624198,0.000000,0.171879,16
9,Baseline,263,307.926961,97119.624198,0.000000,0.171879,16
9,Baseline,264,307.926961,97119.624198,0.000000,0.171879,16
9,Baseline,265,308.067414,133242.832758,0.000000,0.126345,15
9,Baseline,266,308.067414,133242.832758,0.000000,0.126345,15
9,Baseline,267,308.067414,133242.832758,0.000000,0.126345,15
9,Baseline,268,308.067414,133242.832758,0.000000,0.126345,15
9,Baseline,269,307.926961,97119.624198,0.000000,0.171879,16
9,Baseline,270,307.926961,97119.624198,0.000000,0.171879,16
9,Baseline,271,307.926961,97119.624198,0.000000,0.171879,16
9,Baseline,272,308.067414,133242.832758,0.000000,0.126345,15
9,Baseline,273,307.926961,97119.624198,0.000000,0.171879,16
9,Baseline,274,307.926961,97119.624198,0.000000,0.171879,16
9,Baseline,275,307.926961,97119.624198,0.000000,0.171879,16
9,Baseline,276,308.067414,133242.832758,0.000000,0.126345,15
9,Baseline,277,307.926961,97119.624198,0.000000,0.171879,16
9,Baseline,278,307.926961,97119.624198,0.000000,0.171879,16
9,Baseline,279,308.067414,133242.832758,0.000000,0.126345,15
9,Baseline,280,308.067414,133242.832758,0.000000,0.126345,15
9,Baseline,281,308.067414,133242.832758,0.000000,0.126345,15
9,Baseline,282,307.926961,97119.624198,0.000000,0.171879,16
9,Baseline,283,307.926961,97119.624198,0.000000,0.171879,16
9,Baseline,284,307.926961,97119.624198,0.000000,0.171879,16
9,Baseline,285,307.926961,97119.624198,0.000000,0.171879,16
9,Baseline,286,307.926961,97119.624198,0.000000,0.171879,16
9,Baseline,287,307.926961,97119.624198,0.000000,0.171879,16
9,Baseline,288,307.926961,97119.624198,0.000000,0.171879,16
9,Baseline,289,307.926961,97119.624198,0.000000,0.171879,16
9,Baseline,290,307.926961,97119.624198,0.000000,0.171879,16
9,Baseline,291,307.926961,97119.624198,0.000000,0.171879,16
9,Baseline,292,308.067414,133242.832758,0.000000,0.126345,15
9,Baseline,293,307.926961,97119.624198,0.000000,0.171879,16
9,Baseline,294,308.067414,133242.832758,0.000000,0.126345,15
9,Baseline,295,307.926961,97119.624198,0.000000,0.171879,16
9,Baseline,296,307.926961,97119.624198,0.000000,0.171879,16
9,Baseline,297,307.926961,97119.624198,0.000000,0.171879,16
9,Proposed,0,464.689831,572008.621895,0.000000,0.667485,16
9,Proposed,1,464.689906,572003.299540,0.000000,0.667479,16
9,Proposed,2,463.927100,568419.654135,0.000000,0.664408,16
9,Proposed,3,463.756446,568810.322839,0.000000,0.665104,16
9,Proposed,4,463.637406,568165.604742,0.000000,0.664525,16
10,Baseline,0,422.214604,238531.081109,0.000000,0.338745,9
10,Baseline,1,422.214604,238531.081109,0.000000,0.338745,9
10,Baseline,2,422.248460,244733.119804,0.000000,0.330753,10
10,Baseline,3,422.248460,244733.119804,0.000000,0.330753,10
10,Baseline,4,422.214604,238531.081109,0.000000,0.338745,9
10,Baseline,5,422.214604,238531.081109,0.000000,0.338745,9
10,Baseline,6,422.214604,238531.081109,0.000000,0.338745,9
10,Baseline,7,422.248460,244733.119804,0.000000,0.330753,10
10,Baseline,8,422.175965,232351.586554,0.000000,0.347865,8
10,Baseline,9,422.248460,244733.119804,0.000000,0.330753,10
10,Baseline,10,422.214604,238531.081109,0.000000,0.338745,9
10,Baseline,11,422.331966,259561.459156,0.000000,0.311042,11
10,Baseline,12,422.331966,259561.459156,0.000000,0.311042,11
10,Baseline,13,422.331966,259561.459156,0.000000,0.311042,11
10,Baseline,14,422.331966,259561.459156,0.000000,0.311042,11
10,Baseline,15,422.248460,244733.119804,0.000000,0.330753,10
10,Baseline,16,422.175965,232351.586554,0.000000,0.347865,8
10,Baseline,17,422.175965,232351.586554,0.000000,0.347865,8
10,Baseline,18,422.248460,244733.119804,0.000000,0.330753,10
10,Baseline,19,422.395575,270442.810903,0.000000,0.296028,12
10,Baseline,20,422.395575,270442.810903,0.000000,0.296028,12
10,Baseline,21,422.395575,270442.810903,0.000000,0.296028,12
10,Baseline,22,422.248460,244733.119804,0.000000,0.330753,10
10,Baseline,23,422.395575,270442.810903,0.000000,0.296028,12
10,Baseline,24,422.395575,270442.810903,0.000000,0.296028,12
10,Baseline,25,422.331966,259561.459156,0.000000,0.311042,11
10,Baseline,26,422.248460,244733.119804,0.000000,0.330753,10
10,Baseline,27,422.175965,232351.586554,0.000000,0.347865,8
10,Baseline,28,422.175965,232351.586554,0.000000,0.347865,8
10,Baseline,29,422.331966,259561.459156,0.000000,0.311042,11
10,Baseline,30,422.395575,270442.810903,0.000000,0.296028,12
10,Baseline,31,422.395575,270442.810903,0.000000,0.296028,12
10,Baseline,32,422.331966,259561.459156,0.000000,0.311042,11
10,Baseline,33,422.331966,259561.459156,0.000000,0.311042,11
10,Baseline,34,422.214604,238531.081109,0.000000,0.338745,9
10,Baseline,35,422.248460,244733.119804,0.000000,0.330753,10
10,Baseline,36,422.248460,244733.119804,0.000000,0.330753,10
10,Baseline,37,422.395575,270442.810903,0.000000,0.296028,12
10,Baseline,38,422.248460,244733.119804,0.000000,0.330753,10
10,Baseline,39,422.214604,238531.081109,0.000000,0.338745,9
10,Baseline,40,422.175965,232351.586554,0.000000,0.347865,8
10,Baseline,41,422.331966,259561.459156,0.000000,0.311042,11
10,Baseline,42,422.331966,259561.459156,0.000000,0.311042,11
10,Baseline,43,422.331966,259561.459156,0.000000,0.311042,11
10,Baseline,44,422.248460,244733.119804,0.000000,0.330753,10
10,Baseline,45,422.331966,259561.459156,0.000000,0.311042,11
10,Baseline,46,422.214604,238531.081109,0.000000,0.338745,9
10,Baseline,47,422.214604,238531.081109,0.000000,0.338745,9
10,Baseline,48,422.331966,259561.459156,0.000000,0.311042,11
10,Baseline,49,422.248460,244733.119804,0.000000,0.330753,10
10,Baseline,50,422.395575,270442.810903,0.000000,0.296028,12
10,Baseline,51,422.395575,270442.810903,0.000000,0.296028,12
10,Baseline,52,422.248460,244733.119804,0.000000,0.330753,10
10,Baseline,53,422.248460,244733.119804,0.000000,0.330753,10
10,Baseline,54,422.248460,244733.119804,0.000000,0.330753,10
10,Baseline,55,422.214604,238531.081109,0.000000,0.338745,9
10,Baseline,56,422.248460,244733.119804,0.000000,0.330753,10
10,Baseline,57,422.331966,259561.459156,0.000000,0.311042,11
10,Baseline,58,422.248460,244733.119804,0.000000,0.330753,10
10,Baseline,59,422.248460,244733.119804,0.000000,0.330753,10
10,Baseline,60,422.331966,259561.459156,0.000000,0.311042,11
10,Baseline,61,422.331966,259561.459156,0.000000,0.311042,11
10,Baseline,62,422.331966,259561.459156,0.000000,0.311042,11
10,Baseline,63,422.331966,259561.459156,0.000000,0.311042,11
10,Baseline,64,422.331966,259561.459156,0.000000,0.311042,11
10,Baseline,65,422.248460,244733.119804,0.000000,0.330753,10
10,Baseline,66,422.248460,244733.119804,0.000000,0.330753,10
10,Baseline,67,422.214604,238531.081109,0.000000,0.338745,9
10,Baseline,68,422.248460,244733.119804,0.000000,0.330753,10
10,Baseline,69,422.331966,259561.459156,0.000000,0.311042,11
10,Baseline,70,422.248460,244733.119804,0.000000,0.330753,10
10,Baseline,71,422.214604,238531.081109,0.000000,0.338745,9
10,Baseline,72,422.175965,232351.586554,0.000000,0.347865,8
10,Baseline,73,422.175965,232351.586554,0.000000,0.347865,8
10,Baseline,74,422.248460,244733.119804,0.000000,0.330753,10
10,Baseline,75,422.248460,244733.119804,0.000000,0.330753,10
10,Baseline,76,422.248460,244733.119804,0.000000,0.330753,10
10,Baseline,77,422.248460,244733.119804,0.000000,0.330753,10
10,Baseline,78,422.248460,244733.119804,0.000000,0.330753,10
10,Baseline,79,422.214604,238531.081109,0.000000,0.338745,9
10,Baseline,80,422.248460,244733.119804,0.000000,0.330753,10
10,Baseline,81,422.331966,259561.459156,0.000000,0.311042,11
10,Baseline,82,422.331966,259561.459156,0.000000,0.311042,11
10,Baseline,83,422.331966,259561.459156,0.000000,0.311042,11
10,Baseline,84,422.331966,259561.459156,0.000000,0.311042,11
10,Baseline,85,422.248460,244733.119804,0.000000,0.330753,10
10,Baseline,86,422.331966,259561.459156,0.000000,0.311042,11
10,Baseline,87,422.331966,259561.459156,0.000000,0.311042,11
10,Baseline,88,422.248460,244733.119804,0.000000,0.330753,10
10,Baseline,89,422.248460,244733.119804,0.000000,0.330753,10
10,Baseline,90,422.175965,232351.586554,0.000000,0.347865,8
10,Baseline,91,422.214604,238531.081109,0.000000,0.338745,9
10,Baseline,92,422.175965,232351.586554,0.000000,0.347865,8
10,Baseline,93,422.175965,232351.586554,0.000000,0.347865,8
10,Baseline,94,422.248460,244733.119804,0.000000,0.330753,10
10,Baseline,95,422.248460,244733.119804,0.000000,0.330753,10
10,Baseline,96,422.248460,244733.119804,0.000000,0.330753,10
10,Baseline,97,422.248460,244733.119804,0.000000,0.330753,10
10,Baseline,98,422.248460,244733.119804,0.000000,0.330753,10
10,Baseline,99,422.248460,244733.119804,0.000000,0.330753,10
10,Baseline,100,422.248460,244733.119804,0.000000,0.330753,10
10,Baseline,101,422.214604,238531.081109,0.000000,0.338745,9
10,Baseline,102,422.175965,232351.586554,0.000000,0.347865,8
10,Baseline,103,422.175965,232351.586554,0.000000,0.347865,8
10,Baseline,104,422.248460,244733.119804,0.000000,0.330753,10
10,Baseline,105,422.331966,259561.459156,0.000000,0.311042,11
10,Baseline,106,422.331966,259561.459156,0.000000,0.311042,11
10,Baseline,107,422.331966,259561.459156,0.000000,0.311042,11
10,Baseline,108,422.248460,244733.119804,0.000000,0.330753,10
10,Baseline,109,422.214604,238531.081109,0.000000,0.338745,9
10,Baseline,110,422.331966,259561.459156,0.000000,0.311042,11
10,Baseline,111,422.331966,259561.459156,0.000000,0.311042,11
10,Baseline,112,422.248460,244733.119804,0.000000,0.330753,10
10,Baseline,113,422.331966,259561.459156,0.000000,0.311042,11
10,Baseline,114,422.395575,270442.810903,0.000000,0.296028,12
10,Baseline,115,422.248460,244733.119804,0.000000,0.330753,10
10,Baseline,116,422.248460,244733.119804,0.000000,0.330753,10
10,Baseline,117,422.248460,244733.119804,0.000000,0.330753,10
10,Baseline,118,422.331966,259561.459156,0.000000,0.311042,11
10,Baseline,119,422.395575,270442.810903,0.000000,0.296028,12
10,Baseline,120,422.248460,244733.119804,0.000000,0.330753,10
10,Baseline,121,422.214604,238531.081109,0.000000,0.338745,9
10,Baseline,122,422.214604,238531.081109,0.000000,0.338745,9
10,Baseline,123,422.331966,259561.459156,0.000000,0.311042,11
10,Baseline,124,422.395575,270442.810903,0.000000,0.296028,12
10,Baseline,125,422.395575,270442.810903,0.000000,0.296028,12
10,Baseline,126,422.248460,244733.119804,0.000000,0.330753,10
10,Baseline,127,422.331966,259561.459156,0.000000,0.311042,11
10,Baseline,128,422.331966,259561.459156,0.000000,0.311042,11
10,Baseline,129,422.248460,244733.119804,0.000000,0.330753,10
10,Baseline,130,422.331966,259561.459156,0.000000,0.311042,11
10,Baseline,131,422.395575,270442.810903,0.000000,0.296028,12
10,Baseline,132,422.331966,259561.459156,0.000000,0.311042,11
10,Baseline,133,422.248460,244733.119804,0.000000,0.330753,10
10,Baseline,134,422.248460,244733.119804,0.000000,0.330753,10
10,Baseline,135,422.248460,244733.119804,0.000000,0.330753,10
10,Baseline,136,422.175965,232351.586554,0.000000,0.347865,8
10,Baseline,137,422.175965,232351.586554,0.000000,0.347865,8
10,Baseline,138,422.331966,259561.459156,0.000000,0.311042,11
10,Baseline,139,422.331966,259561.459156,0.000000,0.311042,11
10,Baseline,140,422.248460,244733.119804,0.000000,0.330753,10
10,Baseline,141,422.248460,244733.119804,0.000000,0.330753,10
10,Baseline,142,422.214604,238531.081109,0.000000,0.338745,9
10,Baseline,143,422.214604,238531.081109,0.000000,0.338745,9
10,Baseline,144,422.331966,259561.459156,0.000000,0.311042,11
10,Baseline,145,422.331966,259561.459156,0.000000,0.311042,11
10,Baseline,146,422.331966,259561.459156,0.000000,0.311042,11
10,Baseline,147,422.175965,232351.586554,0.000000,0.347865,8
10,Baseline,148,422.175965,232351.586554,0.000000,0.347865,8
10,Baseline,149,422.175965,232351.586554,0.000000,0.347865,8
10,Baseline,150,422.248460,244733.119804,0.000000,0.330753,10
10,Baseline,151,422.248460,244733.119804,0.000000,0.330753,10
10,Baseline,152,422.214604,238531.081109,0.000000,0.338745,9
10,Baseline,153,422.331966,259561.459156,0.000000,0.311042,11
10,Baseline,154,422.331966,259561.459156,0.000000,0.311042,11
10,Baseline,155,422.331966,259561.459156,0.000000,0.311042,11
10,Baseline,156,422.248460,244733.119804,0.000000,0.330753,10
10,Baseline,157,422.214604,238531.081109,0.000000,0.338745,9
10,Baseline,158,422.214604,238531.081109,0.000000,0.338745,9
10,Baseline,159,422.214604,238531.081109,0.000000,0.338745,9
10,Baseline,160,422.248460,244733.119804,0.000000,0.330753,10
10,Baseline,161,422.331966,259561.459156,0.000000,0.311042,11
10,Baseline,162,422.248460,244733.119804,0.000000,0.330753,10
10,Baseline,163,422.331966,259561.459156,0.000000,0.311042,11
10,Baseline,164,422.331966,259561.459156,0.000000,0.311042,11
10,Baseline,165,422.331966,259561.459156,0.000000,0.311042,11
10,Baseline,166,422.331966,259561.459156,0.000000,0.311042,11
10,Baseline,167,422.331966,259561.459156,0.000000,0.311042,11
10,Baseline,168,422.331966,259561.459156,0.000000,0.311042,11
10,Baseline,169,422.331966,259561.459156,0.000000,0.311042,11
10,Baseline,170,422.214604,238531.081109,0.000000,0.338745,9
10,Baseline,171,422.248460,244733.119804,0.000000,0.330753,10
10,Baseline,172,422.248460,244733.119804,0.000000,0.330753,10
10,Baseline,173,422.248460,244733.119804,0.000000,0.330753,10
10,Baseline,174,422.331966,259561.459156,0.000000,0.311042,11
10,Baseline,175,422.248460,244733.119804,0.000000,0.330753,10
10,Baseline,176,422.248460,244733.119804,0.000000,0.330753,10
10,Baseline,177,422.248460,244733.119804,0.000000,0.330753,10
10,Baseline,178,422.248460,244733.119804,0.000000,0.330753,10
10,Baseline,179,422.248460,244733.119804,0.000000,0.330753,10
10,Baseline,180,422.248460,244733.119804,0.000000,0.330753,10
10,Baseline,181,422.331966,259561.459156,0.000000,0.311042,11
10,Baseline,182,422.214604,238531.081109,0.000000,0.338745,9
10,Baseline,183,422.331966,259561.459156,0.000000,0.311042,11
10,Baseline,184,422.331966,259561.459156,0.000000,0.311042,11
10,Baseline,185,422.331966,259561.459156,0.000000,0.311042,11
10,Baseline,186,422.248460,244733.119804,0.000000,0.330753,10
10,Baseline,187,422.248460,244733.119804,0.000000,0.330753,10
10,Baseline,188,422.248460,244733.119804,0.000000,0.330753,10
10,Baseline,189,422.395575,270442.810903,0.000000,0.296028,12
10,Baseline,190,422.331966,259561.459156,0.000000,0.311042,11
10,Baseline,191,422.331966,259561.459156,0.000000,0.311042,11
10,Baseline,192,422.331966,259561.459156,0.000000,0.311042,11
10,Baseline,193,422.248460,244733.119804,0.000000,0.330753,10
10,Baseline,194,422.248460,244733.119804,0.000000,0.330753,10
10,Baseline,195,422.175965,232351.586554,0.000000,0.347865,8
10,Baseline,196,422.331966,259561.459156,0.000000,0.311042,11
10,Baseline,197,422.214604,238531.081109,0.000000,0.338745,9
10,Baseline,198,422.248460,244733.119804,0.000000,0.330753,10
10,Baseline,199,422.214604,238531.081109,0.000000,0.338745,9
10,Baseline,200,422.248460,244733.119804,0.000000,0.330753,10
10,Baseline,201,422.248460,244733.119804,0.000000,0.330753,10
10,Baseline,202,422.248460,244733.119804,0.000000,0.330753,10
10,Baseline,203,422.248460,244733.119804,0.000000,0.330753,10
10,Baseline,204,422.214604,238531.081109,0.000000,0.338745,9
10,Baseline,205,422.331966,259561.459156,0.000000,0.311042,11
10,Baseline,206,422.395575,270442.810903,0.000000,0.296028,12
10,Baseline,207,422.248460,244733.119804,0.000000,0.330753,10
10,Baseline,208,422.248460,244733.119804,0.000000,0.330753,10
10,Baseline,209,422.395575,270442.810903,0.000000,0.296028,12
10,Baseline,210,422.395575,270442.810903,0.000000,0.296028,12
10,Baseline,211,422.214604,238531.081109,0.000000,0.338745,9
10,Baseline,212,422.214604,238531.081109,0.000000,0.338745,9
10,Baseline,213,422.248460,244733.119804,0.000000,0.330753,10
10,Baseline,214,422.248460,244733.119804,0.000000,0.330753,10
10,Baseline,215,422.248460,244733.119804,0.000000,0.330753,10
10,Baseline,216,422.248460,244733.119804,0.000000,0.330753,10
10,Baseline,217,422.248460,244733.119804,0.000000,0.330753,10
10,Baseline,218,422.248460,244733.119804,0.000000,0.330753,10
10,Baseline,219,422.248460,244733.119804,0.000000,0.330753,10
10,Baseline,220,422.248460,244733.119804,0.000000,0.330753,10
10,Baseline,221,422.248460,244733.119804,0.000000,0.330753,10
10,Baseline,222,422.248460,244733.119804,0.000000,0.330753,10
10,Baseline,223,422.248460,244733.119804,0.000000,0.330753,10
10,Baseline,224,422.248460,244733.119804,0.000000,0.330753,10
10,Baseline,225,422.395575,270442.810903,0.000000,0.296028,12
10,Baseline,226,422.175965,232351.586554,0.000000,0.347865,8
10,Baseline,227,422.214604,238531.081109,0.000000,0.338745,9
10,Baseline,228,422.248460,244733.119804,0.000000,0.330753,10
10,Baseline,229,422.248460,244733.119804,0.000000,0.330753,10
10,Baseline,230,422.248460,244733.119804,0.000000,0.330753,10
10,Baseline,231,422.331966,259561.459156,0.000000,0.311042,11
10,Baseline,232,422.331966,259561.459156,0.000000,0.311042,11
10,Baseline,233,422.331966,259561.459156,0.000000,0.311042,11
10,Baseline,234,422.331966,259561.459156,0.000000,0.311042,11
10,Baseline,235,422.331966,259561.459156,0.000000,0.311042,11
10,Baseline,236,422.331966,259561.459156,0.000000,0.311042,11
10,Baseline,237,422.331966,259561.459156,0.000000,0.311042,11
10,Baseline,238,422.331966,259561.459156,0.000000,0.311042,11
10,Baseline,239,422.331966,259561.459156,0.000000,0.311042,11
10,Baseline,240,422.331966,259561.459156,0.000000,0.311042,11
10,Baseline,241,422.395575,270442.810903,0.000000,0.296028,12
10,Baseline,242,422.395575,270442.810903,0.000000,0.296028,12
10,Baseline,243,422.331966,259561.459156,0.000000,0.311042,11
10,Baseline,244,422.214604,238531.081109,0.000000,0.338745,9
10,Baseline,245,422.214604,238531.081109,0.000000,0.338745,9
10,Baseline,246,422.214604,238531.081109,0.000000,0.338745,9
10,Baseline,247,422.214604,238531.081109,0.000000,0.338745,9
10,Baseline,248,422.214604,238531.081109,0.000000,0.338745,9
10,Baseline,249,422.214604,238531.081109,0.000000,0.338745,9
10,Baseline,250,420.120541,210490.531733,0.000000,0.339665,9
10,Baseline,251,420.259276,225493.868818,0.000000,0.306754,11
10,Baseline,252,420.201650,274360.340326,0.000000,0.258073,13
10,Baseline,253,420.201650,274360.340326,0.000000,0.258073,13
10,Baseline,254,416.565813,277154.472191,0.000000,0.225616,13
10,Baseline,255,416.565813,277154.472191,0.000000,0.225616,13
10,Baseline,256,416.071096,270317.326589,0.000000,0.232441,14
10,Baseline,257,416.049592,267415.722412,0.000000,0.237597,13
10,Baseline,258,413.764894,208022.901493,0.000000,0.273702,16
10,Baseline,259,413.764894,208022.901493,0.000000,0.273702,16
10,Baseline,260,413.765098,209086.184211,0.000000,0.275097,16
10,Baseline,261,413.765098,209086.184211,0.000000,0.275097,16
10,Baseline,262,412.774852,195690.023746,0.000000,0.258133,16
10,Baseline,263,412.774852,195690.023746,0.000000,0.258133,16
10,Baseline,264,411.374817,191778.040320,0.000000,0.253845,16
10,Baseline,265,411.374817,191778.040320,0.000000,0.253845,16
10,Baseline,266,409.054451,188396.903854,0.000000,0.250791,16
10,Baseline,267,409.288055,250411.034865,0.000000,0.193826,15
10,Baseline,268,406.820979,195967.492413,0.000000,0.262271,16
10,Baseline,269,406.820979,195967.492413,0.000000,0.262271,16
10,Baseline,270,406.429896,188592.313486,0.000000,0.252668,16
10,Baseline,271,406.429896,188592.313486,0.000000,0.252668,16
10,Baseline,272,406.373282,189547.342619,0.000000,0.253980,16
10,Baseline,273,406.373282,189547.342619,0.000000,0.253980,16
10,Baseline,274,406.307593,188352.838460,0.000000,0.252424,16
10,Baseline,275,406.307593,188352.838460,0.000000,0.252424,16
10,Baseline,276,403.130926,186664.461015,0.000000,0.252133,16
10,Baseline,277,403.130926,186664.461015,0.000000,0.252133,16
10,Baseline,278,390.403265,170719.258232,0.000000,0.238146,16
10,Baseline,279,390.403265,170719.258232,0.000000,0.238146,16
10,Baseline,280,383.388795,173862.411235,0.000000,0.246947,16
10,Baseline,281,383.388795,173862.411235,0.000000,0.246947,16
10,Baseline,282,380.900461,158317.763855,0.000000,0.226383,16
10,Baseline,283,380.900461,158317.763855,0.000000,0.226383,16
10,Baseline,284,379.077686,165278.803327,0.000000,0.237447,16
10,Baseline,285,379.077686,165278.803327,0.000000,0.237447,16
10,Baseline,286,378.193259,158114.586251,0.000000,0.227708,16
10,Baseline,287,378.193259,158114.586251,0.000000,0.227708,16
10,Baseline,288,378.193259,158114.586251,0.000000,0.227708,16
10,Baseline,289,378.193259,158114.586251,0.000000,0.227708,16
10,Baseline,290,376.419164,148700.878044,0.000000,0.215187,16
10,Baseline,291,376.419164,148700.878044,0.000000,0.215187,16
10,Baseline,292,373.180716,148811.913532,0.000000,0.217212,16
10,Baseline,293,373.180716,148811.913532,0.000000,0.217212,16
10,Baseline,294,371.805029,149201.142695,0.000000,0.218583,16
10,Baseline,295,371.805029,149201.142695,0.000000,0.218583,16
10,Baseline,296,364.114104,141446.828483,0.000000,0.211615,16
10,Baseline,297,364.114104,141446.828483,0.000000,0.211615,16
10,Baseline,298,357.402960,139299.299606,0.000000,0.212314,16
10,Baseline,299,357.402960,139299.299606,0.000000,0.212314,16
10,Proposed,0,464.746726,543043.751808,0.000000,0.633822,16
10,Proposed,1,463.194200,542452.096609,0.000000,0.635245,16
10,Proposed,2,463.639244,539529.856134,0.000000,0.631242,16
10,Proposed,3,463.360960,538212.623817,0.000000,0.630086,16
11,Baseline,0,432.724692,310604.088529,0.000000,0.212394,15
11,Baseline,1,432.724692,310604.088529,0.000000,0.212394,15
11,Baseline,2,426.536873,324385.184289,0.000000,0.218309,15
11,Baseline,3,426.190454,234407.763018,0.000000,0.299348,16
11,Baseline,4,425.820984,227264.114195,0.000000,0.290503,16
11,Baseline,5,426.131530,306063.450584,0.000000,0.217786,15
11,Baseline,6,424.335562,316347.288542,0.000000,0.212268,15
11,Baseline,7,424.335562,316347.288542,0.000000,0.212268,15
11,Baseline,8,423.586021,307527.640113,0.000000,0.211185,15
11,Baseline,9,423.252369,225334.762629,0.000000,0.289787,16
11,Baseline,10,422.770780,217654.927490,0.000000,0.280256,16
11,Baseline,11,422.953566,279360.054373,0.000000,0.237142,14
11,Baseline,12,418.738483,214568.222890,0.000000,0.278946,16
11,Baseline,13,418.738483,214568.222890,0.000000,0.278946,16
11,Baseline,14,415.665656,272389.287367,0.000000,0.203895,15
11,Baseline,15,415.665656,272389.287367,0.000000,0.203895,15
11,Baseline,16,411.384005,249418.739919,0.000000,0.181369,15
11,Baseline,17,411.128321,183764.185669,0.000000,0.243408,16
11,Baseline,18,405.298898,244396.354508,0.000000,0.190689,14
11,Baseline,19,405.070633,183661.214451,0.000000,0.246901,16
11,Baseline,20,402.547694,240736.030240,0.000000,0.192411,14
11,Baseline,21,402.547694,240736.030240,0.000000,0.192411,14
11,Baseline,22,399.439191,231647.461284,0.000000,0.214918,13
11,Baseline,23,399.439191,231647.461284,0.000000,0.214918,13
11,Baseline,24,397.342385,236377.283041,0.000000,0.233096,13
11,Baseline,25,397.342385,236377.283041,0.000000,0.233096,13
11,Baseline,26,397.085487,211745.500435,0.000000,0.198504,13
11,Baseline,27,397.129396,219636.845751,0.000000,0.187468,14
11,Baseline,28,391.978362,216967.384280,0.000000,0.185779,14
11,Baseline,29,391.978362,216967.384280,0.000000,0.185779,14
11,Baseline,30,391.802769,204992.420037,0.000000,0.196761,14
11,Baseline,31,391.742725,194358.078302,0.000000,0.212056,13
11,Baseline,32,374.415531,211975.061525,0.000000,0.184281,14
11,Baseline,33,374.243616,158119.177920,0.000000,0.230112,16
11,Baseline,34,373.523428,180653.789478,0.000000,0.178347,13
11,Baseline,35,373.414795,142149.800106,0.000000,0.207378,16
11,Baseline,36,363.804018,138792.430390,0.000000,0.207829,16
11,Baseline,37,363.997790,187823.912944,0.000000,0.154677,15
11,Baseline,38,348.999750,172312.411466,0.000000,0.151530,15
11,Baseline,39,348.999750,172312.411466,0.000000,0.151530,15
11,Baseline,40,346.274134,178997.987314,0.000000,0.149270,15
11,Baseline,41,346.274134,178997.987314,0.000000,0.149270,15
11,Baseline,42,344.940092,152777.283164,0.000000,0.145935,14
11,Baseline,43,344.940092,152777.283164,0.000000,0.145935,14
11,Baseline,44,344.101574,146330.816918,0.000000,0.146536,13
11,Baseline,45,344.101574,146330.816918,0.000000,0.146536,13
11,Baseline,46,342.506864,140032.351241,0.000000,0.158057,13
11,Baseline,47,342.506864,140032.351241,0.000000,0.158057,13
11,Baseline,48,340.244568,144151.635468,0.000000,0.157745,13
11,Baseline,49,340.221833,141870.236924,0.000000,0.164416,12
11,Baseline,50,332.363843,143446.581184,0.000000,0.143200,14
11,Baseline,51,332.363843,143446.581184,0.000000,0.143200,14
11,Baseline,52,332.363843,143446.581184,0.000000,0.143200,14
11,Baseline,53,332.327257,136912.884914,0.000000,0.154192,13
11,Baseline,54,332.327257,136912.884914,0.000000,0.154192,13
11,Baseline,55,332.407160,149095.993151,0.000000,0.130185,15
11,Baseline,56,332.363843,143446.581184,0.000000,0.143200,14
11,Baseline,57,332.363843,143446.581184,0.000000,0.143200,14
11,Baseline,58,332.363843,143446.581184,0.000000,0.143200,14
11,Baseline,59,332.363843,143446.581184,0.000000,0.143200,14
11,Baseline,60,332.363843,143446.581184,0.000000,0.143200,14
11,Baseline,61,332.363843,143446.581184,0.000000,0.143200,14
11,Baseline,62,332.363843,143446.581184,0.000000,0.143200,14
11,Baseline,63,332.407160,149095.993151,0.000000,0.130185,15
11,Baseline,64,332.407160,149095.993151,0.000000,0.130185,15
11,Baseline,65,332.363843,143446.581184,0.000000,0.143200,14
11,Baseline,66,332.363843,143446.581184,0.000000,0.143200,14
11,Baseline,67,332.327257,136912.884914,0.000000,0.154192,13
11,Baseline,68,332.363843,143446.581184,0.000000,0.143200,14
11,Baseline,69,332.280033,133672.429166,0.000000,0.168380,12
11,Baseline,70,332.327257,136912.884914,0.000000,0.154192,13
11,Baseline,71,332.363843,143446.581184,0.000000,0.143200,14
11,Baseline,72,332.363843,143446.581184,0.000000,0.143200,14
11,Baseline,73,332.363843,143446.581184,0.000000,0.143200,14
11,Baseline,74,332.363843,143446.581184,0.000000,0.143200,14
11,Baseline,75,332.363843,143446.581184,0.000000,0.143200,14
11,Baseline,76,332.363843,143446.581184,0.000000,0.143200,14
11,Baseline,77,332.363843,143446.581184,0.000000,0.143200,14
11,Baseline,78,332.363843,143446.581184,0.000000,0.143200,14
11,Baseline,79,332.363843,143446.581184,0.000000,0.143200,14
11,Baseline,80,332.407160,149095.993151,0.000000,0.130185,15
11,Baseline,81,332.363843,143446.581184,0.000000,0.143200,14
11,Baseline,82,332.363843,143446.581184,0.000000,0.143200,14
11,Baseline,83,332.407160,149095.993151,0.000000,0.130185,15
11,Baseline,84,332.407160,149095.993151,0.000000,0.130185,15
11,Baseline,85,332.327257,136912.884914,0.000000,0.154192,13
11,Baseline,86,332.407160,149095.993151,0.000000,0.130185,15
11,Baseline,87,332.407160,149095.993151,0.000000,0.130185,15
11,Baseline,88,332.327257,136912.884914,0.000000,0.154192,13
11,Baseline,89,332.327257,136912.884914,0.000000,0.154192,13
11,Baseline,90,332.363843,143446.581184,0.000000,0.143200,14
11,Baseline,91,332.363843,143446.581184,0.000000,0.143200,14
11,Baseline,92,332.327257,136912.884914,0.000000,0.154192,13
11,Baseline,93,332.363843,143446.581184,0.000000,0.143200,14
11,Baseline,94,332.327257,136912.884914,0.000000,0.154192,13
11,Baseline,95,332.327257,136912.884914,0.000000,0.154192,13
11,Baseline,96,332.327257,136912.884914,0.000000,0.154192,13
11,Baseline,97,332.363843,143446.581184,0.000000,0.143200,14
11,Baseline,98,332.363843,143446.581184,0.000000,0.143200,14
11,Baseline,99,332.363843,143446.581184,0.000000,0.143200,14
11,Baseline,100,332.363843,143446.581184,0.000000,0.143200,14
11,Baseline,101,332.363843,143446.581184,0.000000,0.143200,14
11,Baseline,102,332.363843,143446.581184,0.000000,0.143200,14
11,Baseline,103,332.407160,149095.993151,0.000000,0.130185,15
11,Baseline,104,332.407160,149095.993151,0.000000,0.130185,15
11,Baseline,105,332.363843,143446.581184,0.000000,0.143200,14
11,Baseline,106,332.363843,143446.581184,0.000000,0.143200,14
11,Baseline,107,332.407160,149095.993151,0.000000,0.130185,15
11,Baseline,108,332.327257,136912.884914,0.000000,0.154192,13
11,Baseline,109,332.407160,149095.993151,0.000000,0.130185,15
11,Baseline,110,332.247013,108712.035854,0.000000,0.178300,16
11,Baseline,111,332.407160,149095.993151,0.000000,0.130185,15
11,Baseline,112,332.363843,143446.581184,0.000000,0.143200,14
11,Baseline,113,332.363843,143446.581184,0.000000,0.143200,14
11,Baseline,114,332.363843,143446.581184,0.000000,0.143200,14
11,Baseline,115,332.327257,136912.884914,0.000000,0.154192,13
11,Baseline,116,332.327257,136912.884914,0.000000,0.154192,13
11,Baseline,117,332.363843,143446.581184,0.000000,0.143200,14
11,Baseline,118,332.363843,143446.581184,0.000000,0.143200,14
11,Baseline,119,332.363843,143446.581184,0.000000,0.143200,14
11,Baseline,120,332.363843,143446.581184,0.000000,0.143200,14
11,Baseline,121,332.363843,143446.581184,0.000000,0.143200,14
11,Baseline,122,332.327257,136912.884914,0.000000,0.154192,13
11,Baseline,123,332.327257,136912.884914,0.000000,0.154192,13
11,Baseline,124,332.327257,136912.884914,0.000000,0.154192,13
11,Baseline,125,332.327257,136912.884914,0.000000,0.154192,13
11,Baseline,126,332.327257,136912.884914,0.000000,0.154192,13
11,Baseline,127,332.327257,136912.884914,0.000000,0.154192,13
11,Baseline,128,332.327257,136912.884914,0.000000,0.154192,13
11,Baseline,129,332.363843,143446.581184,0.000000,0.143200,14
11,Baseline,130,332.363843,143446.581184,0.000000,0.143200,14
11,Baseline,131,332.363843,143446.581184,0.000000,0.143200,14
11,Baseline,132,332.363843,143446.581184,0.000000,0.143200,14
11,Baseline,133,332.247013,108712.035854,0.000000,0.178300,16
11,Baseline,134,332.363843,143446.581184,0.000000,0.143200,14
11,Baseline,135,332.363843,143446.581184,0.000000,0.143200,14
11,Baseline,136,332.363843,143446.581184,0.000000,0.143200,14
11,Baseline,137,332.363843,143446.581184,0.000000,0.143200,14
11,Baseline,138,332.363843,143446.581184,0.000000,0.143200,14
11,Baseline,139,332.363843,143446.581184,0.000000,0.143200,14
11,Baseline,140,332.407160,149095.993151,0.000000,0.130185,15
11,Baseline,141,332.327257,136912.884914,0.000000,0.154192,13
11,Baseline,142,332.363843,143446.581184,0.000000,0.143200,14
11,Baseline,143,332.327257,136912.884914,0.000000,0.154192,13
11,Baseline,144,332.327257,136912.884914,0.000000,0.154192,13
11,Baseline,145,332.363843,143446.581184,0.000000,0.143200,14
11,Baseline,146,332.363843,143446.581184,0.000000,0.143200,14
11,Baseline,147,332.363843,143446.581184,0.000000,0.143200,14
11,Baseline,148,332.363843,143446.581184,0.000000,0.143200,14
11,Baseline,149,332.363843,143446.581184,0.000000,0.143200,14
11,Baseline,150,332.363843,143446.581184,0.000000,0.143200,14
11,Baseline,151,332.363843,143446.581184,0.000000,0.143200,14
11,Baseline,152,332.407160,149095.993151,0.000000,0.130185,15
11,Baseline,153,332.407160,149095.993151,0.000000,0.130185,15
11,Baseline,154,332.407160,149095.993151,0.000000,0.130185,15
11,Baseline,155,332.407160,149095.993151,0.000000,0.130185,15
11,Baseline,156,332.363843,143446.581184,0.000000,0.143200,14
11,Baseline,157,332.247013,108712.035854,0.000000,0.178300,16
11,Baseline,158,332.363843,143446.581184,0.000000,0.143200,14
11,Baseline,159,332.363843,143446.581184,0.000000,0.143200,14
11,Baseline,160,332.407160,149095.993151,0.000000,0.130185,15
11,Baseline,161,332.407160,149095.993151,0.000000,0.130185,15
11,Baseline,162,332.407160,149095.993151,0.000000,0.130185,15
11,Baseline,163,332.363843,143446.581184,0.000000,0.143200,14
11,Baseline,164,332.327257,136912.884914,0.000000,0.154192,13
11,Baseline,165,332.327257,136912.884914,0.000000,0.154192,13
11,Baseline,166,332.363843,143446.581184,0.000000,0.143200,14
11,Baseline,167,332.407160,149095.993151,0.000000,0.130185,15
11,Baseline,168,332.407160,149095.993151,0.000000,0.130185,15
11,Baseline,169,332.407160,149095.993151,0.000000,0.130185,15
11,Baseline,170,332.407160,149095.993151,0.000000,0.130185,15
11,Baseline,171,332.407160,149095.993151,0.000000,0.130185,15
11,Baseline,172,332.407160,149095.993151,0.000000,0.130185,15
11,Baseline,173,332.407160,149095.993151,0.000000,0.130185,15
11,Baseline,174,332.407160,149095.993151,0.000000,0.130185,15
11,Baseline,175,332.407160,149095.993151,0.000000,0.130185,15
11,Baseline,176,332.407160,149095.993151,0.000000,0.130185,15
11,Baseline,177,332.327257,136912.884914,0.000000,0.154192,13
11,Baseline,178,332.280033,133672.429166,0.000000,0.168380,12
11,Baseline,179,332.247013,108712.035854,0.000000,0.178300,16
11,Baseline,180,332.247013,108712.035854,0.000000,0.178300,16
11,Baseline,181,332.247013,108712.035854,0.000000,0.178300,16
11,Baseline,182,332.247013,108712.035854,0.000000,0.178300,16
11,Baseline,183,332.363843,143446.581184,0.000000,0.143200,14
11,Baseline,184,332.327257,136912.884914,0.000000,0.154192,13
11,Baseline,185,332.363843,143446.581184,0.000000,0.143200,14
11,Baseline,186,332.407160,149095.993151,0.000000,0.130185,15
11,Baseline,187,332.247013,108712.035854,0.000000,0.178300,16
11,Baseline,188,332.327257,136912.884914,0.000000,0.154192,13
11,Baseline,189,332.363843,143446.581184,0.000000,0.143200,14
11,Baseline,190,332.327257,136912.884914,0.000000,0.154192,13
11,Baseline,191,332.247013,108712.035854,0.000000,0.178300,16
11,Baseline,192,332.363843,143446.581184,0.000000,0.143200,14
11,Baseline,193,332.247013,108712.035854,0.000000,0.178300,16
11,Baseline,194,332.407160,149095.993151,0.000000,0.130185,15
11,Baseline,195,332.363843,143446.581184,0.000000,0.143200,14
11,Baseline,196,332.363843,143446.581184,0.000000,0.143200,14
11,Baseline,197,332.363843,143446.581184,0.000000,0.143200,14
11,Baseline,198,332.363843,143446.581184,0.000000,0.143200,14
11,Baseline,199,332.327257,136912.884914,0.000000,0.154192,13
11,Baseline,200,332.363843,143446.581184,0.000000,0.143200,14
11,Baseline,201,332.407160,149095.993151,0.000000,0.130185,15
11,Baseline,202,332.247013,108712.035854,0.000000,0.178300,16
11,Baseline,203,332.363843,143446.581184,0.000000,0.143200,14
11,Baseline,204,332.363843,143446.581184,0.000000,0.143200,14
11,Baseline,205,332.363843,143446.581184,0.000000,0.143200,14
11,Baseline,206,332.327257,136912.884914,0.000000,0.154192,13
11,Baseline,207,332.327257,136912.884914,0.000000,0.154192,13
11,Baseline,208,332.407160,149095.993151,0.000000,0.130185,15
11,Baseline,209,332.407160,149095.993151,0.000000,0.130185,15
11,Baseline,210,332.407160,149095.993151,0.000000,0.130185,15
11,Baseline,211,332.363843,143446.581184,0.000000,0.143200,14
11,Baseline,212,332.363843,143446.581184,0.000000,0.143200,14
11,Baseline,213,332.363843,143446.581184,0.000000,0.143200,14
11,Baseline,214,332.363843,143446.581184,0.000000,0.143200,14
11,Baseline,215,332.363843,143446.581184,0.000000,0.143200,14
11,Baseline,216,332.363843,143446.581184,0.000000,0.143200,14
11,Baseline,217,332.363843,143446.581184,0.000000,0.143200,14
11,Baseline,218,332.363843,143446.581184,0.000000,0.143200,14
11,Baseline,219,332.363843,143446.581184,0.000000,0.143200,14
11,Baseline,220,332.363843,143446.581184,0.000000,0.143200,14
11,Baseline,221,332.363843,143446.581184,0.000000,0.143200,14
11,Baseline,222,332.363843,143446.581184,0.000000,0.143200,14
11,Baseline,223,332.363843,143446.581184,0.000000,0.143200,14
11,Baseline,224,332.407160,149095.993151,0.000000,0.130185,15
11,Baseline,225,332.363843,143446.581184,0.000000,0.143200,14
11,Baseline,226,332.407160,149095.993151,0.000000,0.130185,15
11,Baseline,227,332.327257,136912.884914,0.000000,0.154192,13
11,Baseline,228,332.327257,136912.884914,0.000000,0.154192,13
11,Baseline,229,332.327257,136912.884914,0.000000,0.154192,13
11,Baseline,230,332.327257,136912.884914,0.000000,0.154192,13
11,Baseline,231,332.363843,143446.581184,0.000000,0.143200,14
11,Baseline,232,332.407160,149095.993151,0.000000,0.130185,15
11,Baseline,233,332.363843,143446.581184,0.000000,0.143200,14
11,Baseline,234,332.327257,136912.884914,0.000000,0.154192,13
11,Baseline,235,332.363843,143446.581184,0.000000,0.143200,14
11,Baseline,236,332.363843,143446.581184,0.000000,0.143200,14
11,Baseline,237,332.363843,143446.581184,0.000000,0.143200,14
11,Baseline,238,332.247013,108712.035854,0.000000,0.178300,16
11,Baseline,239,332.407160,149095.993151,0.000000,0.130185,15
11,Baseline,240,332.247013,108712.035854,0.000000,0.178300,16
11,Baseline,241,332.407160,149095.993151,0.000000,0.130185,15
11,Baseline,242,332.407160,149095.993151,0.000000,0.130185,15
11,Baseline,243,332.407160,149095.993151,0.000000,0.130185,15
11,Baseline,244,332.363843,143446.581184,0.000000,0.143200,14
11,Baseline,245,332.407160,149095.993151,0.000000,0.130185,15
11,Baseline,246,332.407160,149095.993151,0.000000,0.130185,15
11,Baseline,247,332.363843,143446.581184,0.000000,0.143200,14
11,Baseline,248,332.363843,143446.581184,0.000000,0.143200,14
11,Baseline,249,332.363843,143446.581184,0.000000,0.143200,14
11,Baseline,250,332.363843,143446.581184,0.000000,0.143200,14
11,Baseline,251,332.363843,143446.581184,0.000000,0.143200,14
11,Baseline,252,332.363843,143446.581184,0.000000,0.143200,14
11,Baseline,253,332.363843,143446.581184,0.000000,0.143200,14
11,Baseline,254,332.363843,143446.581184,0.000000,0.143200,14
11,Baseline,255,332.363843,143446.581184,0.000000,0.143200,14
11,Baseline,256,332.327257,136912.884914,0.000000,0.154192,13
11,Baseline,257,332.327257,136912.884914,0.000000,0.154192,13
11,Baseline,258,332.407160,149095.993151,0.000000,0.130185,15
11,Baseline,259,332.327257,136912.884914,0.000000,0.154192,13
11,Baseline,260,332.327257,136912.884914,0.000000,0.154192,13
11,Baseline,261,332.407160,149095.993151,0.000000,0.130185,15
11,Baseline,262,332.407160,149095.993151,0.000000,0.130185,15
11,Baseline,263,332.407160,149095.993151,0.000000,0.130185,15
11,Baseline,264,332.407160,149095.993151,0.000000,0.130185,15
11,Baseline,265,332.327257,136912.884914,0.000000,0.154192,13
11,Baseline,266,332.363843,143446.581184,0.000000,0.143200,14
11,Baseline,267,332.363843,143446.581184,0.000000,0.143200,14
11,Baseline,268,332.363843,143446.581184,0.000000,0.143200,14
11,Baseline,269,332.327257,136912.884914,0.000000,0.154192,13
11,Baseline,270,332.327257,136912.884914,0.000000,0.154192,13
11,Baseline,271,332.327257,136912.884914,0.000000,0.154192,13
11,Baseline,272,332.247013,108712.035854,0.000000,0.178300,16
11,Baseline,273,332.247013,108712.035854,0.000000,0.178300,16
11,Baseline,274,332.407160,149095.993151,0.000000,0.130185,15
11,Baseline,275,332.407160,149095.993151,0.000000,0.130185,15
11,Baseline,276,332.327257,136912.884914,0.000000,0.154192,13
11,Baseline,277,332.247013,108712.035854,0.000000,0.178300,16
11,Baseline,278,332.363843,143446.581184,0.000000,0.143200,14
11,Baseline,279,332.363843,143446.581184,0.000000,0.143200,14
11,Baseline,280,332.363843,143446.581184,0.000000,0.143200,14
11,Baseline,281,332.407160,149095.993151,0.000000,0.130185,15
11,Baseline,282,332.327257,136912.884914,0.000000,0.154192,13
11,Baseline,283,332.247013,108712.035854,0.000000,0.178300,16
11,Baseline,284,332.407160,149095.993151,0.000000,0.130185,15
11,Baseline,285,332.363843,143446.581184,0.000000,0.143200,14
11,Baseline,286,332.363843,143446.581184,0.000000,0.143200,14
11,Baseline,287,332.363843,143446.581184,0.000000,0.143200,14
11,Baseline,288,332.363843,143446.581184,0.000000,0.143200,14
11,Baseline,289,332.363843,143446.581184,0.000000,0.143200,14
11,Baseline,290,332.363843,143446.581184,0.000000,0.143200,14
11,Baseline,291,332.407160,149095.993151,0.000000,0.130185,15
11,Baseline,292,332.407160,149095.993151,0.000000,0.130185,15
11,Baseline,293,332.363843,143446.581184,0.000000,0.143200,14
11,Baseline,294,332.363843,143446.581184,0.000000,0.143200,14
11,Baseline,295,332.407160,149095.993151,0.000000,0.130185,15
11,Baseline,296,332.363843,143446.581184,0.000000,0.143200,14
11,Baseline,297,332.363843,143446.581184,0.000000,0.143200,14
11,Baseline,298,332.327257,136912.884914,0.000000,0.154192,13
11,Baseline,299,332.407160,149095.993151,0.000000,0.130185,15
11,Proposed,0,463.842531,591277.005225,0.000000,0.691066,16
11,Proposed,1,463.842531,591277.005225,0.000000,0.691066,16
11,Proposed,2,463.842531,591277.005225,0.000000,0.691066,16
11,Proposed,3,463.842531,591277.005225,0.000000,0.691066,16
11,Proposed,4,463.842531,591277.005225,0.000000,0.691066,16
11,Proposed,5,463.842531,591277.005225,0.000000,0.691066,16
11,Proposed,6,463.842531,591277.005225,0.000000,0.691066,16
11,Proposed,7,463.842531,591277.005225,0.000000,0.691066,16
11,Proposed,8,463.842531,591277.005225,0.000000,0.691066,16
11,Proposed,9,463.842531,591277.005225,0.000000,0.691066,16
11,Proposed,10,463.842531,591277.005225,0.000000,0.691066,16
11,Proposed,11,463.842531,591277.005225,0.000000,0.691066,16
11,Proposed,12,463.842531,591277.005225,0.000000,0.691066,16
11,Proposed,13,463.842531,591277.005225,0.000000,0.691066,16
11,Proposed,14,463.842531,591277.005225,0.000000,0.691066,16
11,Proposed,15,463.842531,591277.005225,0.000000,0.691066,16
11,Proposed,16,463.842531,591277.005225,0.000000,0.691066,16
11,Proposed,17,463.842531,591277.005225,0.000000,0.691066,16
11,Proposed,18,463.842531,591277.005225,0.000000,0.691066,16
11,Proposed,19,463.842531,591277.005225,0.000000,0.691066,16
11,Proposed,20,463.842531,591277.005225,0.000000,0.691066,16
11,Proposed,21,463.842531,591277.005225,0.000000,0.691066,16
11,Proposed,22,463.842531,591277.005225,0.000000,0.691066,16
11,Proposed,23,463.842531,591277.005225,0.000000,0.691066,16
11,Proposed,24,463.842531,591277.005225,0.000000,0.691066,16
11,Proposed,25,463.842531,591277.005225,0.000000,0.691066,16
11,Proposed,26,463.842531,591277.005225,0.000000,0.691066,16
11,Proposed,27,463.842531,591277.005225,0.000000,0.691066,16
11,Proposed,28,463.842531,591277.005225,0.000000,0.691066,16
11,Proposed,29,463.842531,591277.005225,0.000000,0.691066,16
11,Proposed,30,463.842531,591277.005225,0.000000,0.691066,16
11,Proposed,31,463.842531,591277.005225,0.000000,0.691066,16
11,Proposed,32,463.842531,591277.005225,0.000000,0.691066,16
11,Proposed,33,463.842531,591277.005225,0.000000,0.691066,16
11,Proposed,34,463.842531,591277.005225,0.000000,0.691066,16
11,Proposed,35,463.842531,591277.005225,0.000000,0.691066,16
11,Proposed,36,463.842531,591277.005225,0.000000,0.691066,16
11,Proposed,37,463.842531,591277.005225,0.000000,0.691066,16
11,Proposed,38,463.842531,591277.005225,0.000000,0.691066,16
11,Proposed,39,463.842531,591277.005225,0.000000,0.691066,16
11,Proposed,40,463.842531,591277.005225,0.000000,0.691066,16
11,Proposed,41,463.842531,591277.005225,0.000000,0.691066,16
11,Proposed,42,463.842531,591277.005225,0.000000,0.691066,16
11,Proposed,43,463.842531,591277.005225,0.000000,0.691066,16
11,Proposed,44,463.842531,591277.005225,0.000000,0.691066,16
11,Proposed,45,463.842531,591277.005225,0.000000,0.691066,16
11,Proposed,46,463.842531,591277.005225,0.000000,0.691066,16
11,Proposed,47,463.842531,591277.005225,0.000000,0.691066,16
11,Proposed,48,463.842531,591277.005225,0.000000,0.691066,16
11,Proposed,49,463.842531,591277.005225,0.000000,0.691066,16
11,Proposed,50,463.842531,591277.005225,0.000000,0.691066,16
11,Proposed,51,463.842531,591277.005225,0.000000,0.691066,16
11,Proposed,52,463.842531,591277.005225,0.000000,0.691066,16
11,Proposed,53,463.842531,591277.005225,0.000000,0.691066,16
11,Proposed,54,463.842531,591277.005225,0.000000,0.691066,16
11,Proposed,55,463.842531,591277.005225,0.000000,0.691066,16
11,Proposed,56,463.842531,591277.005225,0.000000,0.691066,16
11,Proposed,57,463.842531,591277.005225,0.000000,0.691066,16
11,Proposed,58,463.842531,591277.005225,0.000000,0.691066,16
11,Proposed,59,463.842531,591277.005225,0.000000,0.691066,16
11,Proposed,60,463.842531,591277.005225,0.000000,0.691066,16
11,Proposed,61,463.842531,591277.005225,0.000000,0.691066,16
11,Proposed,62,463.842531,591277.005225,0.000000,0.691066,16
11,Proposed,63,463.842531,591277.005225,0.000000,0.691066,16
11,Proposed,64,463.842531,591277.005225,0.000000,0.691066,16
11,Proposed,65,463.842531,591277.005225,0.000000,0.691066,16
11,Proposed,66,463.842531,591277.005225,0.000000,0.691066,16
11,Proposed,67,463.842531,591277.005225,0.000000,0.691066,16
11,Proposed,68,463.842531,591277.005225,0.000000,0.691066,16
11,Proposed,69,463.842531,591277.005225,0.000000,0.691066,16
11,Proposed,70,463.842531,591277.005225,0.000000,0.691066,16
11,Proposed,71,463.842531,591277.005225,0.000000,0.691066,16
11,Proposed,72,463.842531,591277.005225,0.000000,0.691066,16
11,Proposed,73,463.842531,591277.005225,0.000000,0.691066,16
11,Proposed,74,463.842531,591277.005225,0.000000,0.691066,16
11,Proposed,75,463.842531,591277.005225,0.000000,0.691066,16
11,Proposed,76,463.842531,591277.005225,0.000000,0.691066,16
11,Proposed,77,463.842531,591277.005225,0.000000,0.691066,16
11,Proposed,78,463.842531,591277.005225,0.000000,0.691066,16
11,Proposed,79,463.842531,591277.005225,0.000000,0.691066,16
11,Proposed,80,463.842531,591277.005225,0.000000,0.691066,16
11,Proposed,81,463.842531,591277.005225,0.000000,0.691066,16
11,Proposed,82,463.842531,591277.005225,0.000000,0.691066,16
11,Proposed,83,463.842531,591277.005225,0.000000,0.691066,16
11,Proposed,84,463.842531,591277.005225,0.000000,0.691066,16
11,Proposed,85,463.842531,591277.005225,0.000000,0.691066,16
11,Proposed,86,463.842531,591277.005225,0.000000,0.691066,16
11,Proposed,87,463.842531,591277.005225,0.000000,0.691066,16
11,Proposed,88,463.842531,591277.005225,0.000000,0.691066,16
11,Proposed,89,463.842531,591277.005225,0.000000,0.691066,16
11,Proposed,90,463.842531,591277.005225,0.000000,0.691066,16
11,Proposed,91,463.842531,591277.005225,0.000000,0.691066,16
11,Proposed,92,463.842531,591277.005225,0.000000,0.691066,16
11,Proposed,93,463.842531,591277.005225,0.000000,0.691066,16
11,Proposed,94,463.842531,591277.005225,0.000000,0.691066,16
11,Proposed,95,463.842531,591277.005225,0.000000,0.691066,16
11,Proposed,96,463.842531,591277.005225,0.000000,0.691066,16
11,Proposed,97,463.842531,591277.005225,0.000000,0.691066,16
11,Proposed,98,463.842531,591277.005225,0.000000,0.691066,16
11,Proposed,99,463.842531,591277.005225,0.000000,0.691066,16
11,Proposed,100,463.842531,591277.005225,0.000000,0.691066,16
11,Proposed,101,463.842531,591277.005225,0.000000,0.691066,16
11,Proposed,102,463.842531,591277.005225,0.000000,0.691066,16
11,Proposed,103,463.842531,591277.005225,0.000000,0.691066,16
11,Proposed,104,463.842531,591277.005225,0.000000,0.691066,16
11,Proposed,105,463.842531,591277.005225,0.000000,0.691066,16
11,Proposed,106,463.842531,591277.005225,0.000000,0.691066,16
11,Proposed,107,463.842531,591277.005225,0.000000,0.691066,16
11,Proposed,108,463.842531,591277.005225,0.000000,0.691066,16
11,Proposed,109,463.842531,591277.005225,0.000000,0.691066,16
11,Proposed,110,463.842531,591277.005225,0.000000,0.691066,16
11,Proposed,111,463.842531,591277.005225,0.000000,0.691066,16
11,Proposed,112,463.842531,591277.005225,0.000000,0.691066,16
11,Proposed,113,463.842531,591277.005225,0.000000,0.691066,16
11,Proposed,114,463.842531,591277.005225,0.000000,0.691066,16
11,Proposed,115,463.842531,591277.005225,0.000000,0.691066,16
11,Proposed,116,463.842531,591277.005225,0.000000,0.691066,16
11,Proposed,117,463.842531,591277.005225,0.000000,0.691066,16
11,Proposed,118,463.842531,591277.005225,0.000000,0.691066,16
11,Proposed,119,463.842531,591277.005225,0.000000,0.691066,16
11,Proposed,120,463.842531,591277.005225,0.000000,0.691066,16
11,Proposed,121,463.842531,591277.005225,0.000000,0.691066,16
11,Proposed,122,463.842531,591277.005225,0.000000,0.691066,16
11,Proposed,123,463.842531,591277.005225,0.000000,0.691066,16
11,Proposed,124,463.842531,591277.005225,0.000000,0.691066,16
11,Proposed,125,463.842531,591277.005225,0.000000,0.691066,16
11,Proposed,126,463.842531,591277.005225,0.000000,0.691066,16
11,Proposed,127,463.842531,591277.005225,0.000000,0.691066,16
11,Proposed,128,463.842531,591277.005225,0.000000,0.691066,16
11,Proposed,129,463.842531,591277.005225,0.000000,0.691066,16
11,Proposed,130,463.842531,591277.005225,0.000000,0.691066,16
11,Proposed,131,463.842531,591277.005225,0.000000,0.691066,16
11,Proposed,132,463.842531,591277.005225,0.000000,0.691066,16
11,Proposed,133,463.842531,591277.005225,0.000000,0.691066,16
11,Proposed,134,463.842531,591277.005225,0.000000,0.691066,16
11,Proposed,135,463.842531,591277.005225,0.000000,0.691066,16
11,Proposed,136,463.842531,591277.005225,0.000000,0.691066,16
11,Proposed,137,463.842531,591277.005225,0.000000,0.691066,16
11,Proposed,138,463.842531,591277.005225,0.000000,0.691066,16
11,Proposed,139,463.842531,591277.005225,0.000000,0.691066,16
11,Proposed,140,463.842531,591277.005225,0.000000,0.691066,16
11,Proposed,141,463.842531,591277.005225,0.000000,0.691066,16
11,Proposed,142,463.842531,591277.005225,0.000000,0.691066,16
11,Proposed,143,463.842531,591277.005225,0.000000,0.691066,16
11,Proposed,144,463.842531,591277.005225,0.000000,0.691066,16
11,Proposed,145,463.842531,591277.005225,0.000000,0.691066,16
11,Proposed,146,463.842531,591277.005225,0.000000,0.691066,16
11,Proposed,147,463.842531,591277.005225,0.000000,0.691066,16
11,Proposed,148,463.842531,591277.005225,0.000000,0.691066,16
11,Proposed,149,463.842531,591277.005225,0.000000,0.691066,16
11,Proposed,150,463.842531,591277.005225,0.000000,0.691066,16
11,Proposed,151,463.842531,591277.005225,0.000000,0.691066,16
11,Proposed,152,463.842531,591277.005225,0.000000,0.691066,16
11,Proposed,153,463.842531,591277.005225,0.000000,0.691066,16
11,Proposed,154,463.842531,591277.005225,0.000000,0.691066,16
11,Proposed,155,463.842531,591277.005225,0.000000,0.691066,16
11,Proposed,156,463.842531,591277.005225,0.000000,0.691066,16
11,Proposed,157,463.842531,591277.005225,0.000000,0.691066,16
11,Proposed,158,463.842531,591277.005225,0.000000,0.691066,16
11,Proposed,159,463.842531,591277.005225,0.000000,0.691066,16
11,Proposed,160,463.842531,591277.005225,0.000000,0.691066,16
11,Proposed,161,463.842531,591277.005225,0.000000,0.691066,16
11,Proposed,162,463.842531,591277.005225,0.000000,0.691066,16
11,Proposed,163,463.842531,591277.005225,0.000000,0.691066,16
11,Proposed,164,463.842531,591277.005225,0.000000,0.691066,16
11,Proposed,165,463.842531,591277.005225,0.000000,0.691066,16
11,Proposed,166,463.842531,591277.005225,0.000000,0.691066,16
11,Proposed,167,463.842531,591277.005225,0.000000,0.691066,16
11,Proposed,168,463.842531,591277.005225,0.000000,0.691066,16
11,Proposed,169,463.842531,591277.005225,0.000000,0.691066,16
11,Proposed,170,463.842531,591277.005225,0.000000,0.691066,16
11,Proposed,171,463.842531,591277.005225,0.000000,0.691066,16
11,Proposed,172,463.842531,591277.005225,0.000000,0.691066,16
11,Proposed,173,463.842531,591277.005225,0.000000,0.691066,16
11,Proposed,174,463.842531,591277.005225,0.000000,0.691066,16
11,Proposed,175,463.842531,591277.005225,0.000000,0.691066,16
11,Proposed,176,463.842531,591277.005225,0.000000,0.691066,16
11,Proposed,177,463.842531,591277.005225,0.000000,0.691066,16
11,Proposed,178,463.842531,591277.005225,0.000000,0.691066,16
11,Proposed,179,463.842531,591277.005225,0.000000,0.691066,16
11,Proposed,180,463.842531,591277.005225,0.000000,0.691066,16
11,Proposed,181,463.842531,591277.005225,0.000000,0.691066,16
11,Proposed,182,463.842531,591277.005225,0.000000,0.691066,16
11,Proposed,183,463.842531,591277.005225,0.000000,0.691066,16
11,Proposed,184,463.842531,591277.005225,0.000000,0.691066,16
11,Proposed,185,463.842531,591277.005225,0.000000,0.691066,16
11,Proposed,186,463.842531,591277.005225,0.000000,0.691066,16
11,Proposed,187,463.842531,591277.005225,0.000000,0.691066,16
11,Proposed,188,463.842531,591277.005225,0.000000,0.691066,16
11,Proposed,189,463.842531,591277.005225,0.000000,0.691066,16
11,Proposed,190,463.842531,591277.005225,0.000000,0.691066,16
11,Proposed,191,463.842531,591277.005225,0.000000,0.691066,16
11,Proposed,192,463.842531,591277.005225,0.000000,0.691066,16
11,Proposed,193,463.842531,591277.005225,0.000000,0.691066,16
11,Proposed,194,463.842531,591277.005225,0.000000,0.691066,16
11,Proposed,195,463.842531,591277.005225,0.000000,0.691066,16
11,Proposed,196,463.842531,591277.005225,0.000000,0.691066,16
11,Proposed,197,463.842531,591277.005225,0.000000,0.691066,16
11,Proposed,198,463.842531,591277.005225,0.000000,0.691066,16
11,Proposed,199,463.842531,591277.005225,0.000000,0.691066,16
11,Proposed,200,463.842531,591277.005225,0.000000,0.691066,16
11,Proposed,201,463.842531,591277.005225,0.000000,0.691066,16
11,Proposed,202,463.842531,591277.005225,0.000000,0.691066,16
11,Proposed,203,463.842531,591277.005225,0.000000,0.691066,16
11,Proposed,204,463.842531,591277.005225,0.000000,0.691066,16
11,Proposed,205,463.842531,591277.005225,0.000000,0.691066,16
11,Proposed,206,463.842531,591277.005225,0.000000,0.691066,16
11,Proposed,207,463.842531,591277.005225,0.000000,0.691066,16
11,Proposed,208,463.842531,591277.005225,0.000000,0.691066,16
11,Proposed,209,463.842531,591277.005225,0.000000,0.691066,16
11,Proposed,210,463.842531,591277.005225,0.000000,0.691066,16
11,Proposed,211,463.842531,591277.005225,0.000000,0.691066,16
11,Proposed,212,463.842531,591277.005225,0.000000,0.691066,16
11,Proposed,213,463.842531,591277.005225,0.000000,0.691066,16
11,Proposed,214,463.842531,591277.005225,0.000000,0.691066,16
11,Proposed,215,463.842531,591277.005225,0.000000,0.691066,16
11,Proposed,216,463.842531,591277.005225,0.000000,0.691066,16
11,Proposed,217,463.842531,591277.005225,0.000000,0.691066,16
11,Proposed,218,463.842531,591277.005225,0.000000,0.691066,16
11,Proposed,219,463.842531,591277.005225,0.000000,0.691066,16
11,Proposed,220,463.842531,591277.005225,0.000000,0.691066,16
11,Proposed,221,463.842531,591277.005225,0.000000,0.691066,16
11,Proposed,222,463.842531,591277.005225,0.000000,0.691066,16
11,Proposed,223,463.842531,591277.005225,0.000000,0.691066,16
11,Proposed,224,463.842531,591277.005225,0.000000,0.691066,16
11,Proposed,225,463.842531,591277.005225,0.000000,0.691066,16
11,Proposed,226,463.842531,591277.005225,0.000000,0.691066,16
11,Proposed,227,463.842531,591277.005225,0.000000,0.691066,16
11,Proposed,228,463.842531,591277.005225,0.000000,0.691066,16
11,Proposed,229,463.842531,591277.005225,0.000000,0.691066,16
11,Proposed,230,463.842531,591277.005225,0.000000,0.691066,16
11,Proposed,231,463.842531,591277.005225,0.000000,0.691066,16
11,Proposed,232,463.842531,591277.005225,0.000000,0.691066,16
11,Proposed,233,463.842531,591277.005225,0.000000,0.691066,16
11,Proposed,234,463.842531,591277.005225,0.000000,0.691066,16
11,Proposed,235,463.842531,591277.005225,0.000000,0.691066,16
11,Proposed,236,463.842531,591277.005225,0.000000,0.691066,16
11,Proposed,237,463.842531,591277.005225,0.000000,0.691066,16
11,Proposed,238,463.842531,591277.005225,0.000000,0.691066,16
11,Proposed,239,463.842531,591277.005225,0.000000,0.691066,16
11,Proposed,240,463.842531,591277.005225,0.000000,0.691066,16
11,Proposed,241,463.842531,591277.005225,0.000000,0.691066,16
11,Proposed,242,463.842531,591277.005225,0.000000,0.691066,16
11,Proposed,243,463.842531,591277.005225,0.000000,0.691066,16
11,Proposed,244,463.842531,591277.005225,0.000000,0.691066,16
11,Proposed,245,463.842531,591277.005225,0.000000,0.691066,16
11,Proposed,246,463.842531,591277.005225,0.000000,0.691066,16
11,Proposed,247,463.842531,591277.005225,0.000000,0.691066,16
11,Proposed,248,463.842531,591277.005225,0.000000,0.691066,16
11,Proposed,249,463.842531,591277.005225,0.000000,0.691066,16
11,Proposed,250,463.842531,591277.005225,0.000000,0.691066,16
11,Proposed,251,463.842531,591277.005225,0.000000,0.691066,16
11,Proposed,252,463.842531,591277.005225,0.000000,0.691066,16
11,Proposed,253,463.842531,591277.005225,0.000000,0.691066,16
11,Proposed,254,463.842531,591277.005225,0.000000,0.691066,16
11,Proposed,255,463.842531,591277.005225,0.000000,0.691066,16
11,Proposed,256,463.842531,591277.005225,0.000000,0.691066,16
11,Proposed,257,463.842531,591277.005225,0.000000,0.691066,16
11,Proposed,258,463.842531,591277.005225,0.000000,0.691066,16
11,Proposed,259,463.842531,591277.005225,0.000000,0.691066,16
11,Proposed,260,463.842531,591277.005225,0.000000,0.691066,16
11,Proposed,261,463.842531,591277.005225,0.000000,0.691066,16
11,Proposed,262,463.842531,591277.005225,0.000000,0.691066,16
11,Proposed,263,463.842531,591277.005225,0.000000,0.691066,16
11,Proposed,264,463.842531,591277.005225,0.000000,0.691066,16
11,Proposed,265,463.842531,591277.005225,0.000000,0.691066,16
11,Proposed,266,462.772081,593696.387938,0.000000,0.695468,16
11,Proposed,267,462.772081,593696.387938,0.000000,0.695468,16
11,Proposed,268,462.265487,590047.860075,0.000000,0.691975,16
11,Proposed,269,462.265487,590047.860075,0.000000,0.691975,16
11,Proposed,270,462.036808,583094.025276,0.000000,0.684212,16
11,Proposed,271,462.036808,583094.025276,0.000000,0.684212,16
11,Proposed,272,461.712159,579300.528681,0.000000,0.680266,16
11,Proposed,273,461.712159,579300.528681,0.000000,0.680266,16
11,Proposed,274,462.004358,604048.187185,0.000000,0.708675,16
11,Proposed,275,462.004358,604048.187185,0.000000,0.708675,16
11,Proposed,276,461.462812,605723.190010,0.000000,0.711455,16
11,Proposed,277,461.462812,605723.190010,0.000000,0.711455,16
11,Proposed,278,460.599142,592071.400705,0.000000,0.696826,16
11,Proposed,279,460.599142,592071.400705,0.000000,0.696826,16
11,Proposed,280,460.516726,592788.420590,0.000000,0.697788,16
11,Proposed,281,460.516726,592788.420590,0.000000,0.697788,16
11,Proposed,282,460.133897,594129.091749,0.000000,0.699933,16
11,Proposed,283,460.133897,594129.091749,0.000000,0.699933,16
11,Proposed,284,459.554904,584264.483097,0.000000,0.689253,16
11,Proposed,285,459.554904,584264.483097,0.000000,0.689253,16
11,Proposed,286,459.138577,580125.600993,0.000000,0.685020,16
11,Proposed,287,459.138577,580125.600993,0.000000,0.685020,16
11,Proposed,288,456.570853,579235.031198,0.000000,0.687796,16
11,Proposed,289,456.570853,579235.031198,0.000000,0.687796,16
11,Proposed,290,456.393368,574569.047674,0.000000,0.682557,16
11,Proposed,291,456.393368,574569.047674,0.000000,0.682557,16
11,Proposed,292,455.619532,573725.394259,0.000000,0.682711,16
11,Proposed,293,455.619532,573725.394259,0.000000,0.682711,16
11,Proposed,294,455.141308,575547.906416,0.000000,0.685580,16
11,Proposed,295,455.141308,575547.906416,0.000000,0.685580,16
11,Proposed,296,453.803858,565201.928099,0.000000,0.675310,16
11,Proposed,297,453.803858,565201.928099,0.000000,0.675310,16
11,Proposed,298,448.080842,590304.416235,0.000000,0.714033,16
11,Proposed,299,448.080842,590304.416235,0.000000,0.714033,16
12,Baseline,0,425.894732,229676.853943,0.000000,0.293528,16
12,Baseline,1,425.894732,229676.853943,0.000000,0.293528,16
12,Baseline,2,425.894732,229676.853943,0.000000,0.293528,16
12,Baseline,3,425.894732,229676.853943,0.000000,0.293528,16
12,Baseline,4,425.894732,229676.853943,0.000000,0.293528,16
12,Baseline,5,425.894732,229676.853943,0.000000,0.293528,16
12,Baseline,6,425.894732,229676.853943,0.000000,0.293528,16
12,Baseline,7,425.894732,229676.853943,0.000000,0.293528,16
12,Baseline,8,425.894732,229676.853943,0.000000,0.293528,16
12,Baseline,9,425.894732,229676.853943,0.000000,0.293528,16
12,Baseline,10,425.894732,229676.853943,0.000000,0.293528,16
12,Baseline,11,425.894732,229676.853943,0.000000,0.293528,16
12,Baseline,12,425.894732,229676.853943,0.000000,0.293528,16
12,Baseline,13,425.894732,229676.853943,0.000000,0.293528,16
12,Baseline,14,425.894732,229676.853943,0.000000,0.293528,16
12,Baseline,15,425.894732,229676.853943,0.000000,0.293528,16
12,Baseline,16,425.894732,229676.853943,0.000000,0.293528,16
12,Baseline,17,425.894732,229676.853943,0.000000,0.293528,16
12,Baseline,18,425.894732,229676.853943,0.000000,0.293528,16
12,Baseline,19,425.894732,229676.853943,0.000000,0.293528,16
12,Baseline,20,425.894732,229676.853943,0.000000,0.293528,16
12,Baseline,21,425.894732,229676.853943,0.000000,0.293528,16
12,Baseline,22,425.894732,229676.853943,0.000000,0.293528,16
12,Baseline,23,425.894732,229676.853943,0.000000,0.293528,16
12,Baseline,24,425.894732,229676.853943,0.000000,0.293528,16
12,Baseline,25,425.894732,229676.853943,0.000000,0.293528,16
12,Baseline,26,425.894732,229676.853943,0.000000,0.293528,16
12,Baseline,27,425.894732,229676.853943,0.000000,0.293528,16
12,Baseline,28,425.894732,229676.853943,0.000000,0.293528,16
12,Baseline,29,425.894732,229676.853943,0.000000,0.293528,16
12,Baseline,30,425.894732,229676.853943,0.000000,0.293528,16
12,Baseline,31,425.894732,229676.853943,0.000000,0.293528,16
12,Baseline,32,425.894732,229676.853943,0.000000,0.293528,16
12,Baseline,33,425.894732,229676.853943,0.000000,0.293528,16
12,Baseline,34,425.894732,229676.853943,0.000000,0.293528,16
12,Baseline,35,425.894732,229676.853943,0.000000,0.293528,16
12,Baseline,36,425.894732,229676.853943,0.000000,0.293528,16
12,Baseline,37,425.894732,229676.853943,0.000000,0.293528,16
12,Baseline,38,425.894732,229676.853943,0.000000,0.293528,16
12,Baseline,39,425.894732,229676.853943,0.000000,0.293528,16
12,Baseline,40,425.894732,229676.853943,0.000000,0.293528,16
12,Baseline,41,425.894732,229676.853943,0.000000,0.293528,16
12,Baseline,42,425.894732,229676.853943,0.000000,0.293528,16
12,Baseline,43,425.894732,229676.853943,0.000000,0.293528,16
12,Baseline,44,425.894732,229676.853943,0.000000,0.293528,16
12,Baseline,45,425.894732,229676.853943,0.000000,0.293528,16
12,Baseline,46,425.894732,229676.853943,0.000000,0.293528,16
12,Baseline,47,425.894732,229676.853943,0.000000,0.293528,16
12,Baseline,48,425.894732,229676.853943,0.000000,0.293528,16
12,Baseline,49,425.894732,229676.853943,0.000000,0.293528,16
12,Baseline,50,425.894732,229676.853943,0.000000,0.293528,16
12,Baseline,51,425.894732,229676.853943,0.000000,0.293528,16
12,Baseline,52,425.894732,229676.853943,0.000000,0.293528,16
12,Baseline,53,425.894732,229676.853943,0.000000,0.293528,16
12,Baseline,54,425.894732,229676.853943,0.000000,0.293528,16
12,Baseline,55,425.894732,229676.853943,0.000000,0.293528,16
12,Baseline,56,425.894732,229676.853943,0.000000,0.293528,16
12,Baseline,57,425.894732,229676.853943,0.000000,0.293528,16
12,Baseline,58,425.894732,229676.853943,0.000000,0.293528,16
12,Baseline,59,425.894732,229676.853943,0.000000,0.293528,16
12,Baseline,60,425.894732,229676.853943,0.000000,0.293528,16
12,Baseline,61,425.894732,229676.853943,0.000000,0.293528,16
12,Baseline,62,425.894732,229676.853943,0.000000,0.293528,16
12,Baseline,63,425.894732,229676.853943,0.000000,0.293528,16
12,Baseline,64,425.894732,229676.853943,0.000000,0.293528,16
12,Baseline,65,425.894732,229676.853943,0.000000,0.293528,16
12,Baseline,66,425.894732,229676.853943,0.000000,0.293528,16
12,Baseline,67,425.894732,229676.853943,0.000000,0.293528,16
12,Baseline,68,425.894732,229676.853943,0.000000,0.293528,16
12,Baseline,69,425.894732,229676.853943,0.000000,0.293528,16
12,Baseline,70,425.894732,229676.853943,0.000000,0.293528,16
12,Baseline,71,425.894732,229676.853943,0.000000,0.293528,16
12,Baseline,72,425.894732,229676.853943,0.000000,0.293528,16
12,Baseline,73,425.894732,229676.853943,0.000000,0.293528,16
12,Baseline,74,425.894732,229676.853943,0.000000,0.293528,16
12,Baseline,75,425.894732,229676.853943,0.000000,0.293528,16
12,Baseline,76,425.894732,229676.853943,0.000000,0.293528,16
12,Baseline,77,425.894732,229676.853943,0.000000,0.293528,16
12,Baseline,78,425.894732,229676.853943,0.000000,0.293528,16
12,Baseline,79,425.894732,229676.853943,0.000000,0.293528,16
12,Baseline,80,425.894732,229676.853943,0.000000,0.293528,16
12,Baseline,81,425.894732,229676.853943,0.000000,0.293528,16
12,Baseline,82,425.894732,229676.853943,0.000000,0.293528,16
12,Baseline,83,425.894732,229676.853943,0.000000,0.293528,16
12,Baseline,84,425.894732,229676.853943,0.000000,0.293528,16
12,Baseline,85,425.894732,229676.853943,0.000000,0.293528,16
12,Baseline,86,425.894732,229676.853943,0.000000,0.293528,16
12,Baseline,87,425.894732,229676.853943,0.000000,0.293528,16
12,Baseline,88,425.894732,229676.853943,0.000000,0.293528,16
12,Baseline,89,425.894732,229676.853943,0.000000,0.293528,16
12,Baseline,90,425.894732,229676.853943,0.000000,0.293528,16
12,Baseline,91,425.894732,229676.853943,0.000000,0.293528,16
12,Baseline,92,425.894732,229676.853943,0.000000,0.293528,16
12,Baseline,93,425.894732,229676.853943,0.000000,0.293528,16
12,Baseline,94,425.894732,229676.853943,0.000000,0.293528,16
12,Baseline,95,425.894732,229676.853943,0.000000,0.293528,16
12,Baseline,96,425.894732,229676.853943,0.000000,0.293528,16
12,Baseline,97,425.894732,229676.853943,0.000000,0.293528,16
12,Baseline,98,425.894732,229676.853943,0.000000,0.293528,16
12,Baseline,99,425.894732,229676.853943,0.000000,0.293528,16
12,Baseline,100,425.894732,229676.853943,0.000000,0.293528,16
12,Baseline,101,425.894732,229676.853943,0.000000,0.293528,16
12,Baseline,102,425.894732,229676.853943,0.000000,0.293528,16
12,Baseline,103,425.894732,229676.853943,0.000000,0.293528,16
12,Baseline,104,425.894732,229676.853943,0.000000,0.293528,16
12,Baseline,105,425.894732,229676.853943,0.000000,0.293528,16
12,Baseline,106,425.894732,229676.853943,0.000000,0.293528,16
12,Baseline,107,425.894732,229676.853943,0.000000,0.293528,16
12,Baseline,108,425.894732,229676.853943,0.000000,0.293528,16
12,Baseline,109,425.894732,229676.853943,0.000000,0.293528,16
12,Baseline,110,425.894732,229676.853943,0.000000,0.293528,16
12,Baseline,111,425.894732,229676.853943,0.000000,0.293528,16
12,Baseline,112,425.894732,229676.853943,0.000000,0.293528,16
12,Baseline,113,425.894732,229676.853943,0.000000,0.293528,16
12,Baseline,114,425.894732,229676.853943,0.000000,0.293528,16
12,Baseline,115,425.894732,229676.853943,0.000000,0.293528,16
12,Baseline,116,425.894732,229676.853943,0.000000,0.293528,16
12,Baseline,117,425.894732,229676.853943,0.000000,0.293528,16
12,Baseline,118,425.894732,229676.853943,0.000000,0.293528,16
12,Baseline,119,425.894732,229676.853943,0.000000,0.293528,16
12,Baseline,120,425.894732,229676.853943,0.000000,0.293528,16
12,Baseline,121,425.894732,229676.853943,0.000000,0.293528,16
12,Baseline,122,425.894732,229676.853943,0.000000,0.293528,16
12,Baseline,123,425.894732,229676.853943,0.000000,0.293528,16
12,Baseline,124,425.894732,229676.853943,0.000000,0.293528,16
12,Baseline,125,425.894732,229676.853943,0.000000,0.293528,16
12,Baseline,126,425.894732,229676.853943,0.000000,0.293528,16
12,Baseline,127,425.894732,229676.853943,0.000000,0.293528,16
12,Baseline,128,425.894732,229676.853943,0.000000,0.293528,16
12,Baseline,129,425.894732,229676.853943,0.000000,0.293528,16
12,Baseline,130,425.894732,229676.853943,0.000000,0.293528,16
12,Baseline,131,425.894732,229676.853943,0.000000,0.293528,16
12,Baseline,132,425.894732,229676.853943,0.000000,0.293528,16
12,Baseline,133,425.894732,229676.853943,0.000000,0.293528,16
12,Baseline,134,425.894732,229676.853943,0.000000,0.293528,16
12,Baseline,135,425.894732,229676.853943,0.000000,0.293528,16
12,Baseline,136,425.894732,229676.853943,0.000000,0.293528,16
12,Baseline,137,425.894732,229676.853943,0.000000,0.293528,16
12,Baseline,138,425.894732,229676.853943,0.000000,0.293528,16
12,Baseline,139,425.894732,229676.853943,0.000000,0.293528,16
12,Baseline,140,425.894732,229676.853943,0.000000,0.293528,16
12,Baseline,141,425.894732,229676.853943,0.000000,0.293528,16
12,Baseline,142,425.894732,229676.853943,0.000000,0.293528,16
12,Baseline,143,425.894732,229676.853943,0.000000,0.293528,16
12,Baseline,144,425.894732,229676.853943,0.000000,0.293528,16
12,Baseline,145,425.894732,229676.853943,0.000000,0.293528,16
12,Baseline,146,425.894732,229676.853943,0.000000,0.293528,16
12,Baseline,147,425.894732,229676.853943,0.000000,0.293528,16
12,Baseline,148,425.894732,229676.853943,0.000000,0.293528,16
12,Baseline,149,425.894732,229676.853943,0.000000,0.293528,16
12,Baseline,150,425.894732,229676.853943,0.000000,0.293528,16
12,Baseline,151,425.894732,229676.853943,0.000000,0.293528,16
12,Baseline,152,425.894732,229676.853943,0.000000,0.293528,16
12,Baseline,153,425.894732,229676.853943,0.000000,0.293528,16
12,Baseline,154,425.894732,229676.853943,0.000000,0.293528,16
12,Baseline,155,425.894732,229676.853943,0.000000,0.293528,16
12,Baseline,156,425.894732,229676.853943,0.000000,0.293528,16
12,Baseline,157,425.894732,229676.853943,0.000000,0.293528,16
12,Baseline,158,425.894732,229676.853943,0.000000,0.293528,16
12,Baseline,159,425.894732,229676.853943,0.000000,0.293528,16
12,Baseline,160,425.894732,229676.853943,0.000000,0.293528,16
12,Baseline,161,425.894732,229676.853943,0.000000,0.293528,16
12,Baseline,162,425.894732,229676.853943,0.000000,0.293528,16
12,Baseline,163,425.894732,229676.853943,0.000000,0.293528,16
12,Baseline,164,425.894732,229676.853943,0.000000,0.293528,16
12,Baseline,165,425.894732,229676.853943,0.000000,0.293528,16
12,Baseline,166,425.894732,229676.853943,0.000000,0.293528,16
12,Baseline,167,425.894732,229676.853943,0.000000,0.293528,16
12,Baseline,168,425.894732,229676.853943,0.000000,0.293528,16
12,Baseline,169,425.894732,229676.853943,0.000000,0.293528,16
12,Baseline,170,425.894732,229676.853943,0.000000,0.293528,16
12,Baseline,171,425.894732,229676.853943,0.000000,0.293528,16
12,Baseline,172,425.894732,229676.853943,0.000000,0.293528,16
12,Baseline,173,425.894732,229676.853943,0.000000,0.293528,16
12,Baseline,174,425.894732,229676.853943,0.000000,0.293528,16
12,Baseline,175,425.894732,229676.853943,0.000000,0.293528,16
12,Baseline,176,425.894732,229676.853943,0.000000,0.293528,16
12,Baseline,177,425.894732,229676.853943,0.000000,0.293528,16
12,Baseline,178,425.894732,229676.853943,0.000000,0.293528,16
12,Baseline,179,425.894732,229676.853943,0.000000,0.293528,16
12,Baseline,180,425.894732,229676.853943,0.000000,0.293528,16
12,Baseline,181,425.894732,229676.853943,0.000000,0.293528,16
12,Baseline,182,425.894732,229676.853943,0.000000,0.293528,16
12,Baseline,183,425.894732,229676.853943,0.000000,0.293528,16
12,Baseline,184,425.894732,229676.853943,0.000000,0.293528,16
12,Baseline,185,425.894732,229676.853943,0.000000,0.293528,16
12,Baseline,186,425.894732,229676.853943,0.000000,0.293528,16
12,Baseline,187,425.894732,229676.853943,0.000000,0.293528,16
12,Baseline,188,425.894732,229676.853943,0.000000,0.293528,16
12,Baseline,189,425.894732,229676.853943,0.000000,0.293528,16
12,Baseline,190,425.894732,229676.853943,0.000000,0.293528,16
12,Baseline,191,425.894732,229676.853943,0.000000,0.293528,16
12,Baseline,192,425.894732,229676.853943,0.000000,0.293528,16
12,Baseline,193,425.894732,229676.853943,0.000000,0.293528,16
12,Baseline,194,425.894732,229676.853943,0.000000,0.293528,16
12,Baseline,195,425.894732,229676.853943,0.000000,0.293528,16
12,Baseline,196,425.894732,229676.853943,0.000000,0.293528,16
12,Baseline,197,425.894732,229676.853943,0.000000,0.293528,16
12,Baseline,198,425.894732,229676.853943,0.000000,0.293528,16
12,Baseline,199,425.894732,229676.853943,0.000000,0.293528,16
12,Baseline,200,425.894732,229676.853943,0.000000,0.293528,16
12,Baseline,201,425.894732,229676.853943,0.000000,0.293528,16
12,Baseline,202,425.894732,229676.853943,0.000000,0.293528,16
12,Baseline,203,425.894732,229676.853943,0.000000,0.293528,16
12,Baseline,204,425.894732,229676.853943,0.000000,0.293528,16
12,Baseline,205,425.894732,229676.853943,0.000000,0.293528,16
12,Baseline,206,425.894732,229676.853943,0.000000,0.293528,16
12,Baseline,207,425.894732,229676.853943,0.000000,0.293528,16
12,Baseline,208,425.894732,229676.853943,0.000000,0.293528,16
12,Baseline,209,425.894732,229676.853943,0.000000,0.293528,16
12,Baseline,210,425.894732,229676.853943,0.000000,0.293528,16
12,Baseline,211,425.894732,229676.853943,0.000000,0.293528,16
12,Baseline,212,425.894732,229676.853943,0.000000,0.293528,16
12,Baseline,213,425.894732,229676.853943,0.000000,0.293528,16
12,Baseline,214,425.894732,229676.853943,0.000000,0.293528,16
12,Baseline,215,425.894732,229676.853943,0.000000,0.293528,16
12,Baseline,216,425.894732,229676.853943,0.000000,0.293528,16
12,Baseline,217,425.894732,229676.853943,0.000000,0.293528,16
12,Baseline,218,425.894732,229676.853943,0.000000,0.293528,16
12,Baseline,219,425.894732,229676.853943,0.000000,0.293528,16
12,Baseline,220,425.894732,229676.853943,0.000000,0.293528,16
12,Baseline,221,425.894732,229676.853943,0.000000,0.293528,16
12,Baseline,222,425.894732,229676.853943,0.000000,0.293528,16
12,Baseline,223,425.894732,229676.853943,0.000000,0.293528,16
12,Baseline,224,425.894732,229676.853943,0.000000,0.293528,16
12,Baseline,225,425.894732,229676.853943,0.000000,0.293528,16
12,Baseline,226,425.894732,229676.853943,0.000000,0.293528,16
12,Baseline,227,425.894732,229676.853943,0.000000,0.293528,16
12,Baseline,228,425.894732,229676.853943,0.000000,0.293528,16
12,Baseline,229,425.894732,229676.853943,0.000000,0.293528,16
12,Baseline,230,425.894732,229676.853943,0.000000,0.293528,16
12,Baseline,231,425.894732,229676.853943,0.000000,0.293528,16
12,Baseline,232,425.894732,229676.853943,0.000000,0.293528,16
12,Baseline,233,425.894732,229676.853943,0.000000,0.293528,16
12,Baseline,234,425.894732,229676.853943,0.000000,0.293528,16
12,Baseline,235,425.894732,229676.853943,0.000000,0.293528,16
12,Baseline,236,425.894732,229676.853943,0.000000,0.293528,16
12,Baseline,237,425.894732,229676.853943,0.000000,0.293528,16
12,Baseline,238,425.894732,229676.853943,0.000000,0.293528,16
12,Baseline,239,425.894732,229676.853943,0.000000,0.293528,16
12,Baseline,240,425.894732,229676.853943,0.000000,0.293528,16
12,Baseline,241,425.894732,229676.853943,0.000000,0.293528,16
12,Baseline,242,425.894732,229676.853943,0.000000,0.293528,16
12,Baseline,243,426.191625,322726.156017,0.000000,0.224022,15
12,Baseline,244,424.380308,304527.868664,0.000000,0.216525,15
12,Baseline,245,424.087035,222414.925964,0.000000,0.285481,16
12,Baseline,246,423.836670,302149.315825,0.000000,0.215990,15
12,Baseline,247,423.546901,221139.457289,0.000000,0.284210,16
12,Baseline,248,422.434292,212192.919048,0.000000,0.273459,16
12,Baseline,249,422.434292,212192.919048,0.000000,0.273459,16
12,Baseline,250,418.981911,213361.062112,0.000000,0.277220,16
12,Baseline,251,418.981911,213361.062112,0.000000,0.277220,16
12,Baseline,252,414.802015,212495.928708,0.000000,0.278874,16
12,Baseline,253,414.802015,212495.928708,0.000000,0.278874,16
12,Baseline,254,410.905250,214329.657122,0.000000,0.283933,16
12,Baseline,255,410.905250,214329.657122,0.000000,0.283933,16
12,Baseline,256,409.429452,207153.138524,0.000000,0.275439,16
12,Baseline,257,409.429452,207153.138524,0.000000,0.275439,16
12,Baseline,258,408.086282,209945.350994,0.000000,0.280057,16
12,Baseline,259,408.086282,209945.350994,0.000000,0.280057,16
12,Baseline,260,402.923884,177064.038751,0.000000,0.239319,16
12,Baseline,261,403.181213,242357.832133,0.000000,0.175606,15
12,Baseline,262,397.762597,239760.115918,0.000000,0.180721,15
12,Baseline,263,397.513804,177493.898719,0.000000,0.243156,16
12,Baseline,264,396.226961,241223.661318,0.000000,0.175938,15
12,Baseline,265,396.226961,241223.661318,0.000000,0.175938,15
12,Baseline,266,395.030826,244880.392207,0.000000,0.192053,15
12,Baseline,267,395.030826,244880.392207,0.000000,0.192053,15
12,Baseline,268,393.118513,230406.166920,0.000000,0.220614,14
12,Baseline,269,393.271244,230472.304135,0.000000,0.181849,15
12,Baseline,270,390.077171,203039.287274,0.000000,0.184304,14
12,Baseline,271,390.077171,203039.287274,0.000000,0.184304,14
12,Baseline,272,384.474192,203568.678629,0.000000,0.178492,15
12,Baseline,273,384.402131,200659.415984,0.000000,0.197201,14
12,Baseline,274,381.004713,193142.293597,0.000000,0.180906,15
12,Baseline,275,380.962196,189521.705867,0.000000,0.192045,14
12,Baseline,276,380.664126,145702.054720,0.000000,0.208510,16
12,Baseline,277,380.664126,145702.054720,0.000000,0.208510,16
12,Baseline,278,377.007705,150918.218485,0.000000,0.218049,16
12,Baseline,279,377.117973,190669.122425,0.000000,0.188864,13
12,Baseline,280,371.831421,189077.700055,0.000000,0.206819,13
12,Baseline,281,371.831421,189077.700055,0.000000,0.206819,13
12,Baseline,282,369.965841,197759.049321,0.000000,0.166795,15
12,Baseline,283,369.965841,197759.049321,0.000000,0.166795,15
12,Baseline,284,368.888765,182210.432179,0.000000,0.150471,15
12,Baseline,285,368.888765,182210.432179,0.000000,0.150471,15
12,Baseline,286,365.567047,128984.583013,0.000000,0.192241,16
12,Baseline,287,365.744323,173504.921415,0.000000,0.143841,15
12,Baseline,288,361.429691,143524.136759,0.000000,0.216307,16
12,Baseline,289,361.606152,191253.828383,0.000000,0.167590,15
12,Baseline,290,360.769404,131685.269149,0.000000,0.198863,16
12,Baseline,291,360.769404,131685.269149,0.000000,0.198863,16
12,Baseline,292,357.785040,124911.694243,0.000000,0.190224,16
12,Baseline,293,357.948988,166715.607846,0.000000,0.144488,15
12,Baseline,294,354.273003,164644.409672,0.000000,0.145695,15
12,Baseline,295,354.273003,164644.409672,0.000000,0.145695,15
12,Baseline,296,342.300054,160605.579560,0.000000,0.158024,13
12,Baseline,297,342.350186,166513.608862,0.000000,0.143401,15
12,Baseline,298,340.416639,156020.634859,0.000000,0.146460,15
12,Baseline,299,340.356513,156196.228908,0.000000,0.164097,14
12,Proposed,0,464.266319,580594.169903,0.000000,0.678049,16
12,Proposed,1,463.946356,576875.661711,0.000000,0.674197,16
12,Proposed,2,463.798361,577626.722634,0.000000,0.675283,16
12,Proposed,3,463.767312,574331.699474,0.000000,0.671502,16
12,Proposed,4,463.433493,575892.339592,0.000000,0.673796,16
12,Proposed,5,463.263532,580603.483800,0.000000,0.679518,16
13,Baseline,0,424.522016,231040.646300,0.000000,0.296217,16
13,Baseline,1,424.522016,231040.646300,0.000000,0.296217,16
13,Baseline,2,423.291537,228316.756657,0.000000,0.293584,16
13,Baseline,3,423.291537,228316.756657,0.000000,0.293584,16
13,Baseline,4,422.060069,230363.192444,0.000000,0.297069,16
13,Baseline,5,422.060069,230363.192444,0.000000,0.297069,16
13,Baseline,6,420.833789,223214.343862,0.000000,0.288713,16
13,Baseline,7,421.095781,292022.425540,0.000000,0.226637,15
13,Baseline,8,419.484462,212778.624667,0.000000,0.276135,16
13,Baseline,9,415.373363,214499.599433,0.000000,0.281110,16
13,Baseline,10,415.373363,214499.599433,0.000000,0.281110,16
13,Baseline,11,413.058078,205529.377059,0.000000,0.270891,16
13,Baseline,12,413.240787,270382.014903,0.000000,0.226778,14
13,Baseline,13,412.654712,206467.859551,0.000000,0.272390,16
13,Baseline,14,412.821967,272852.799501,0.000000,0.231969,14
13,Baseline,15,412.079832,209500.608240,0.000000,0.276765,16
13,Baseline,16,412.079832,209500.608240,0.000000,0.276765,16
13,Baseline,17,400.192938,203025.206330,0.000000,0.276179,16
13,Baseline,18,400.192938,203025.206330,0.000000,0.276179,16
13,Baseline,19,396.178600,240872.877188,0.000000,0.171167,15
13,Baseline,20,396.178600,240872.877188,0.000000,0.171167,15
13,Baseline,21,395.799746,237700.204361,0.000000,0.181132,15
13,Baseline,22,395.799746,237700.204361,0.000000,0.181132,15
13,Baseline,23,393.661261,235707.131027,0.000000,0.180910,15
13,Baseline,24,393.661261,235707.131027,0.000000,0.180910,15
13,Baseline,25,391.150457,175082.790856,0.000000,0.243753,16
13,Baseline,26,391.389584,236227.284642,0.000000,0.182768,15
13,Baseline,27,389.296449,170353.287634,0.000000,0.238311,16
13,Baseline,28,389.296449,170353.287634,0.000000,0.238311,16
13,Baseline,29,389.497464,228648.968258,0.000000,0.177027,15
13,Baseline,30,389.263474,169396.446021,0.000000,0.236996,16
13,Baseline,31,388.711322,157010.113059,0.000000,0.220016,16
13,Baseline,32,388.711322,157010.113059,0.000000,0.220016,16
13,Baseline,33,384.044926,219829.421428,0.000000,0.174540,15
13,Baseline,34,384.044926,219829.421428,0.000000,0.174540,15
13,Baseline,35,382.542741,215419.092183,0.000000,0.171708,15
13,Baseline,36,382.542741,215419.092183,0.000000,0.171708,15
13,Baseline,37,380.474167,219876.440208,0.000000,0.175108,15
13,Baseline,38,380.254767,162450.080809,0.000000,0.232672,16
13,Baseline,39,377.225289,158912.554426,0.000000,0.229441,16
13,Baseline,40,377.452238,215847.721206,0.000000,0.169416,15
13,Baseline,41,362.821209,143801.195269,0.000000,0.215895,16
13,Baseline,42,363.001673,192003.979119,0.000000,0.166263,15
13,Baseline,43,362.461859,137543.500171,0.000000,0.206723,16
13,Baseline,44,362.651414,185101.442396,0.000000,0.154535,15
13,Baseline,45,359.643503,175411.745004,0.000000,0.148962,15
13,Baseline,46,359.643503,175411.745004,0.000000,0.148962,15
13,Baseline,47,355.439390,163838.075824,0.000000,0.131674,15
13,Baseline,48,355.439390,163838.075824,0.000000,0.131674,15
13,Baseline,49,353.990879,169084.941902,0.000000,0.152438,15
13,Baseline,50,353.990879,169084.941902,0.000000,0.152438,15
13,Baseline,51,352.904301,183078.115347,0.000000,0.152487,15
13,Baseline,52,352.904301,183078.115347,0.000000,0.152487,15
13,Baseline,53,349.378622,120317.653735,0.000000,0.187641,16
13,Baseline,54,349.378622,120317.653735,0.000000,0.187641,16
13,Baseline,55,345.379178,154317.945101,0.000000,0.145919,15
13,Baseline,56,345.240383,117880.119751,0.000000,0.186046,16
13,Baseline,57,341.685821,115884.043370,0.000000,0.184801,16
13,Baseline,58,341.685821,115884.043370,0.000000,0.184801,16
13,Baseline,59,341.692692,159001.103047,0.000000,0.142241,15
13,Baseline,60,337.723247,148309.941586,0.000000,0.144487,15
13,Baseline,61,337.592797,113413.902854,0.000000,0.183058,16
13,Baseline,62,336.935825,116109.425417,0.000000,0.187765,16
13,Baseline,63,336.935825,116109.425417,0.000000,0.187765,16
13,Baseline,64,330.314179,144791.745235,0.000000,0.182269,13
13,Baseline,65,330.272869,118057.077889,0.000000,0.194753,16
13,Baseline,66,330.272869,118057.077889,0.000000,0.194753,16
13,Baseline,67,330.443330,160309.805962,0.000000,0.143241,15
13,Baseline,68,330.314179,144791.745235,0.000000,0.182269,13
13,Baseline,69,330.443330,160309.805962,0.000000,0.143241,15
13,Baseline,70,330.272869,118057.077889,0.000000,0.194753,16
13,Baseline,71,330.375268,155649.541458,0.000000,0.163809,14
13,Baseline,72,330.443330,160309.805962,0.000000,0.143241,15
13,Baseline,73,330.443330,160309.805962,0.000000,0.143241,15
13,Baseline,74,330.272869,118057.077889,0.000000,0.194753,16
13,Baseline,75,330.272869,118057.077889,0.000000,0.194753,16
13,Baseline,76,330.272869,118057.077889,0.000000,0.194753,16
13,Baseline,77,330.272869,118057.077889,0.000000,0.194753,16
13,Baseline,78,330.272869,118057.077889,0.000000,0.194753,16
13,Baseline,79,330.272869,118057.077889,0.000000,0.194753,16
13,Baseline,80,330.443330,160309.805962,0.000000,0.143241,15
13,Baseline,81,330.272869,118057.077889,0.000000,0.194753,16
13,Baseline,82,330.272869,118057.077889,0.000000,0.194753,16
13,Baseline,83,330.443330,160309.805962,0.000000,0.143241,15
13,Baseline,84,330.272869,118057.077889,0.000000,0.194753,16
13,Baseline,85,330.443330,160309.805962,0.000000,0.143241,15
13,Baseline,86,330.272869,118057.077889,0.000000,0.194753,16
13,Baseline,87,330.272869,118057.077889,0.000000,0.194753,16
13,Baseline,88,330.272869,118057.077889,0.000000,0.194753,16
13,Baseline,89,330.443330,160309.805962,0.000000,0.143241,15
13,Baseline,90,330.272869,118057.077889,0.000000,0.194753,16
13,Baseline,91,330.272869,118057.077889,0.000000,0.194753,16
13,Baseline,92,330.272869,118057.077889,0.000000,0.194753,16
13,Baseline,93,330.272869,118057.077889,0.000000,0.194753,16
13,Baseline,94,330.272869,118057.077889,0.000000,0.194753,16
13,Baseline,95,330.272869,118057.077889,0.000000,0.194753,16
13,Baseline,96,330.272869,118057.077889,0.000000,0.194753,16
13,Baseline,97,330.272869,118057.077889,0.000000,0.194753,16
13,Baseline,98,330.272869,118057.077889,0.000000,0.194753,16
13,Baseline,99,330.443330,160309.805962,0.000000,0.143241,15
13,Baseline,100,330.443330,160309.805962,0.000000,0.143241,15
13,Baseline,101,330.443330,160309.805962,0.000000,0.143241,15
13,Baseline,102,330.443330,160309.805962,0.000000,0.143241,15
13,Baseline,103,330.443330,160309.805962,0.000000,0.143241,15
13,Baseline,104,330.443330,160309.805962,0.000000,0.143241,15
13,Baseline,105,330.375268,155649.541458,0.000000,0.163809,14
13,Baseline,106,330.443330,160309.805962,0.000000,0.143241,15
13,Baseline,107,330.272869,118057.077889,0.000000,0.194753,16
13,Baseline,108,330.272869,118057.077889,0.000000,0.194753,16
13,Baseline,109,330.272869,118057.077889,0.000000,0.194753,16
13,Baseline,110,330.272869,118057.077889,0.000000,0.194753,16
13,Baseline,111,330.443330,160309.805962,0.000000,0.143241,15
13,Baseline,112,330.272869,118057.077889,0.000000,0.194753,16
13,Baseline,113,330.443330,160309.805962,0.000000,0.143241,15
13,Baseline,114,330.443330,160309.805962,0.000000,0.143241,15
13,Baseline,115,330.272869,118057.077889,0.000000,0.194753,16
13,Baseline,116,330.272869,118057.077889,0.000000,0.194753,16
13,Baseline,117,330.272869,118057.077889,0.000000,0.194753,16
13,Baseline,118,330.272869,118057.077889,0.000000,0.194753,16
13,Baseline,119,330.272869,118057.077889,0.000000,0.194753,16
13,Baseline,120,330.443330,160309.805962,0.000000,0.143241,15
13,Baseline,121,330.375268,155649.541458,0.000000,0.163809,14
13,Baseline,122,330.375268,155649.541458,0.000000,0.163809,14
13,Baseline,123,330.443330,160309.805962,0.000000,0.143241,15
13,Baseline,124,330.272869,118057.077889,0.000000,0.194753,16
13,Baseline,125,330.272869,118057.077889,0.000000,0.194753,16
13,Baseline,126,330.272869,118057.077889,0.000000,0.194753,16
13,Baseline,127,330.272869,118057.077889,0.000000,0.194753,16
13,Baseline,128,330.272869,118057.077889,0.000000,0.194753,16
13,Baseline,129,330.272869,118057.077889,0.000000,0.194753,16
13,Baseline,130,330.443330,160309.805962,0.000000,0.143241,15
13,Baseline,131,330.314179,144791.745235,0.000000,0.182269,13
13,Baseline,132,330.375268,155649.541458,0.000000,0.163809,14
13,Baseline,133,330.272869,118057.077889,0.000000,0.194753,16
13,Baseline,134,330.272869,118057.077889,0.000000,0.194753,16
13,Baseline,135,330.272869,118057.077889,0.000000,0.194753,16
13,Baseline,136,330.375268,155649.541458,0.000000,0.163809,14
13,Baseline,137,330.272869,118057.077889,0.000000,0.194753,16
13,Baseline,138,330.375268,155649.541458,0.000000,0.163809,14
13,Baseline,139,330.375268,155649.541458,0.000000,0.163809,14
13,Baseline,140,330.272869,118057.077889,0.000000,0.194753,16
13,Baseline,141,330.272869,118057.077889,0.000000,0.194753,16
13,Baseline,142,330.272869,118057.077889,0.000000,0.194753,16
13,Baseline,143,330.272869,118057.077889,0.000000,0.194753,16
13,Baseline,144,330.443330,160309.805962,0.000000,0.143241,15
13,Baseline,145,330.272869,118057.077889,0.000000,0.194753,16
13,Baseline,146,330.272869,118057.077889,0.000000,0.194753,16
13,Baseline,147,330.272869,118057.077889,0.000000,0.194753,16
13,Baseline,148,330.314179,144791.745235,0.000000,0.182269,13
13,Baseline,149,330.443330,160309.805962,0.000000,0.143241,15
13,Baseline,150,330.272869,118057.077889,0.000000,0.194753,16
13,Baseline,151,330.443330,160309.805962,0.000000,0.143241,15
13,Baseline,152,330.272869,118057.077889,0.000000,0.194753,16
13,Baseline,153,330.272869,118057.077889,0.000000,0.194753,16
13,Baseline,154,330.272869,118057.077889,0.000000,0.194753,16
13,Baseline,155,330.272869,118057.077889,0.000000,0.194753,16
13,Baseline,156,330.443330,160309.805962,0.000000,0.143241,15
13,Baseline,157,330.443330,160309.805962,0.000000,0.143241,15
13,Baseline,158,330.443330,160309.805962,0.000000,0.143241,15
13,Baseline,159,330.375268,155649.541458,0.000000,0.163809,14
13,Baseline,160,330.272869,118057.077889,0.000000,0.194753,16
13,Baseline,161,330.443330,160309.805962,0.000000,0.143241,15
13,Baseline,162,330.272869,118057.077889,0.000000,0.194753,16
13,Baseline,163,330.272869,118057.077889,0.000000,0.194753,16
13,Baseline,164,330.272869,118057.077889,0.000000,0.194753,16
13,Baseline,165,330.272869,118057.077889,0.000000,0.194753,16
13,Baseline,166,330.272869,118057.077889,0.000000,0.194753,16
13,Baseline,167,330.272869,118057.077889,0.000000,0.194753,16
13,Baseline,168,330.272869,118057.077889,0.000000,0.194753,16
13,Baseline,169,330.443330,160309.805962,0.000000,0.143241,15
13,Baseline,170,330.272869,118057.077889,0.000000,0.194753,16
13,Baseline,171,330.272869,118057.077889,0.000000,0.194753,16
13,Baseline,172,330.443330,160309.805962,0.000000,0.143241,15
13,Baseline,173,330.272869,118057.077889,0.000000,0.194753,16
13,Baseline,174,330.443330,160309.805962,0.000000,0.143241,15
13,Baseline,175,330.272869,118057.077889,0.000000,0.194753,16
13,Baseline,176,330.272869,118057.077889,0.000000,0.194753,16
13,Baseline,177,330.443330,160309.805962,0.000000,0.143241,15
13,Baseline,178,330.314179,144791.745235,0.000000,0.182269,13
13,Baseline,179,330.375268,155649.541458,0.000000,0.163809,14
13,Baseline,180,330.272869,118057.077889,0.000000,0.194753,16
13,Baseline,181,330.272869,118057.077889,0.000000,0.194753,16
13,Baseline,182,330.272869,118057.077889,0.000000,0.194753,16
13,Baseline,183,330.272869,118057.077889,0.000000,0.194753,16
13,Baseline,184,330.272869,118057.077889,0.000000,0.194753,16
13,Baseline,185,330.272869,118057.077889,0.000000,0.194753,16
13,Baseline,186,330.272869,118057.077889,0.000000,0.194753,16
13,Baseline,187,330.443330,160309.805962,0.000000,0.143241,15
13,Baseline,188,330.443330,160309.805962,0.000000,0.143241,15
13,Baseline,189,330.272869,118057.077889,0.000000,0.194753,16
13,Baseline,190,330.443330,160309.805962,0.000000,0.143241,15
13,Baseline,191,330.272869,118057.077889,0.000000,0.194753,16
13,Baseline,192,330.272869,118057.077889,0.000000,0.194753,16
13,Baseline,193,330.272869,118057.077889,0.000000,0.194753,16
13,Baseline,194,330.443330,160309.805962,0.000000,0.143241,15
13,Baseline,195,330.272869,118057.077889,0.000000,0.194753,16
13,Baseline,196,330.272869,118057.077889,0.000000,0.194753,16
13,Baseline,197,330.443330,160309.805962,0.000000,0.143241,15
13,Baseline,198,330.272869,118057.077889,0.000000,0.194753,16
13,Baseline,199,330.272869,118057.077889,0.000000,0.194753,16
13,Baseline,200,330.272869,118057.077889,0.000000,0.194753,16
13,Baseline,201,330.375268,155649.541458,0.000000,0.163809,14
13,Baseline,202,330.443330,160309.805962,0.000000,0.143241,15
13,Baseline,203,330.272869,118057.077889,0.000000,0.194753,16
13,Baseline,204,330.272869,118057.077889,0.000000,0.194753,16
13,Baseline,205,330.272869,118057.077889,0.000000,0.194753,16
13,Baseline,206,330.272869,118057.077889,0.000000,0.194753,16
13,Baseline,207,330.272869,118057.077889,0.000000,0.194753,16
13,Baseline,208,330.272869,118057.077889,0.000000,0.194753,16
13,Baseline,209,330.272869,118057.077889,0.000000,0.194753,16
13,Baseline,210,330.314179,144791.745235,0.000000,0.182269,13
13,Baseline,211,330.314179,144791.745235,0.000000,0.182269,13
13,Baseline,212,330.314179,144791.745235,0.000000,0.182269,13
13,Baseline,213,330.443330,160309.805962,0.000000,0.143241,15
13,Baseline,214,330.272869,118057.077889,0.000000,0.194753,16
13,Baseline,215,330.314179,144791.745235,0.000000,0.182269,13
13,Baseline,216,330.314179,144791.745235,0.000000,0.182269,13
13,Baseline,217,330.272869,118057.077889,0.000000,0.194753,16
13,Baseline,218,330.272869,118057.077889,0.000000,0.194753,16
13,Baseline,219,330.272869,118057.077889,0.000000,0.194753,16
13,Baseline,220,330.443330,160309.805962,0.000000,0.143241,15
13,Baseline,221,330.443330,160309.805962,0.000000,0.143241,15
13,Baseline,222,330.443330,160309.805962,0.000000,0.143241,15
13,Baseline,223,330.443330,160309.805962,0.000000,0.143241,15
13,Baseline,224,330.443330,160309.805962,0.000000,0.143241,15
13,Baseline,225,330.272869,118057.077889,0.000000,0.194753,16
13,Baseline,226,330.272869,118057.077889,0.000000,0.194753,16
13,Baseline,227,330.272869,118057.077889,0.000000,0.194753,16
13,Baseline,228,330.272869,118057.077889,0.000000,0.194753,16
13,Baseline,229,330.272869,118057.077889,0.000000,0.194753,16
13,Baseline,230,330.443330,160309.805962,0.000000,0.143241,15
13,Baseline,231,330.443330,160309.805962,0.000000,0.143241,15
13,Baseline,232,330.272869,118057.077889,0.000000,0.194753,16
13,Baseline,233,330.443330,160309.805962,0.000000,0.143241,15
13,Baseline,234,330.443330,160309.805962,0.000000,0.143241,15
13,Baseline,235,330.272869,118057.077889,0.000000,0.194753,16
13,Baseline,236,330.272869,118057.077889,0.000000,0.194753,16
13,Baseline,237,330.272869,118057.077889,0.000000,0.194753,16
13,Baseline,238,330.443330,160309.805962,0.000000,0.143241,15
13,Baseline,239,330.272869,118057.077889,0.000000,0.194753,16
13,Baseline,240,330.272869,118057.077889,0.000000,0.194753,16
13,Baseline,241,330.443330,160309.805962,0.000000,0.143241,15
13,Baseline,242,330.272869,118057.077889,0.000000,0.194753,16
13,Baseline,243,330.272869,118057.077889,0.000000,0.194753,16
13,Baseline,244,330.272869,118057.077889,0.000000,0.194753,16
13,Baseline,245,330.375268,155649.541458,0.000000,0.163809,14
13,Baseline,246,330.443330,160309.805962,0.000000,0.143241,15
13,Baseline,247,330.443330,160309.805962,0.000000,0.143241,15
13,Baseline,248,330.443330,160309.805962,0.000000,0.143241,15
13,Baseline,249,330.272869,118057.077889,0.000000,0.194753,16
13,Baseline,250,330.272869,118057.077889,0.000000,0.194753,16
13,Baseline,251,330.375268,155649.541458,0.000000,0.163809,14
13,Baseline,252,330.443330,160309.805962,0.000000,0.143241,15
13,Baseline,253,330.272869,118057.077889,0.000000,0.194753,16
13,Baseline,254,330.272869,118057.077889,0.000000,0.194753,16
13,Baseline,255,330.272869,118057.077889,0.000000,0.194753,16
13,Baseline,256,330.375268,155649.541458,0.000000,0.163809,14
13,Baseline,257,330.272869,118057.077889,0.000000,0.194753,16
13,Baseline,258,330.272869,118057.077889,0.000000,0.194753,16
13,Baseline,259,330.272869,118057.077889,0.000000,0.194753,16
13,Baseline,260,330.443330,160309.805962,0.000000,0.143241,15
13,Baseline,261,330.443330,160309.805962,0.000000,0.143241,15
13,Baseline,262,330.272869,118057.077889,0.000000,0.194753,16
13,Baseline,263,330.272869,118057.077889,0.000000,0.194753,16
13,Baseline,264,330.272869,118057.077889,0.000000,0.194753,16
13,Baseline,265,330.443330,160309.805962,0.000000,0.143241,15
13,Baseline,266,330.443330,160309.805962,0.000000,0.143241,15
13,Baseline,267,330.272869,118057.077889,0.000000,0.194753,16
13,Baseline,268,330.443330,160309.805962,0.000000,0.143241,15
13,Baseline,269,330.443330,160309.805962,0.000000,0.143241,15
13,Baseline,270,330.443330,160309.805962,0.000000,0.143241,15
13,Baseline,271,330.443330,160309.805962,0.000000,0.143241,15
13,Baseline,272,330.443330,160309.805962,0.000000,0.143241,15
13,Baseline,273,330.272869,118057.077889,0.000000,0.194753,16
13,Baseline,274,330.272869,118057.077889,0.000000,0.194753,16
13,Baseline,275,330.272869,118057.077889,0.000000,0.194753,16
13,Baseline,276,330.443330,160309.805962,0.000000,0.143241,15
13,Baseline,277,330.443330,160309.805962,0.000000,0.143241,15
13,Baseline,278,330.443330,160309.805962,0.000000,0.143241,15
13,Baseline,279,330.272869,118057.077889,0.000000,0.194753,16
13,Baseline,280,330.272869,118057.077889,0.000000,0.194753,16
13,Baseline,281,330.443330,160309.805962,0.000000,0.143241,15
13,Baseline,282,330.443330,160309.805962,0.000000,0.143241,15
13,Baseline,283,330.443330,160309.805962,0.000000,0.143241,15
13,Baseline,284,330.272869,118057.077889,0.000000,0.194753,16
13,Baseline,285,330.272869,118057.077889,0.000000,0.194753,16
13,Baseline,286,330.272869,118057.077889,0.000000,0.194753,16
13,Baseline,287,330.272869,118057.077889,0.000000,0.194753,16
13,Baseline,288,330.314179,144791.745235,0.000000,0.182269,13
13,Baseline,289,330.375268,155649.541458,0.000000,0.163809,14
13,Baseline,290,330.272869,118057.077889,0.000000,0.194753,16
13,Baseline,291,330.272869,118057.077889,0.000000,0.194753,16
13,Baseline,292,330.272869,118057.077889,0.000000,0.194753,16
13,Baseline,293,330.443330,160309.805962,0.000000,0.143241,15
13,Baseline,294,330.314179,144791.745235,0.000000,0.182269,13
13,Baseline,295,330.314179,144791.745235,0.000000,0.182269,13
13,Baseline,296,330.272869,118057.077889,0.000000,0.194753,16
13,Baseline,297,330.272869,118057.077889,0.000000,0.194753,16
13,Proposed,0,463.885468,547277.299063,0.000000,0.639910,16
13,Proposed,1,463.584313,542144.373268,0.000000,0.634356,16
13,Proposed,2,463.328762,539377.694973,0.000000,0.631485,16
14,Baseline,0,434.190640,345829.392668,0.000000,0.232605,15
14,Baseline,1,434.190640,345829.392668,0.000000,0.232605,15
14,Baseline,2,433.844422,319728.806470,0.000000,0.226248,15
14,Baseline,3,433.844422,319728.806470,0.000000,0.226248,15
14,Baseline,4,430.196096,316298.172566,0.000000,0.297754,14
14,Baseline,5,430.196096,316298.172566,0.000000,0.297754,14
14,Baseline,6,428.898034,321998.119607,0.000000,0.287683,14
14,Baseline,7,428.898034,321998.119607,0.000000,0.287683,14
14,Baseline,8,427.929650,325864.088127,0.000000,0.287885,14
14,Baseline,9,428.136986,341558.428201,0.000000,0.239574,15
14,Baseline,10,427.497172,321605.333419,0.000000,0.231889,15
14,Baseline,11,427.497172,321605.333419,0.000000,0.231889,15
14,Baseline,12,426.008550,335534.110315,0.000000,0.245553,15
14,Baseline,13,426.008550,335534.110315,0.000000,0.245553,15
14,Baseline,14,425.423461,324847.440952,0.000000,0.233715,15
14,Baseline,15,425.423461,324847.440952,0.000000,0.233715,15
14,Baseline,16,422.174515,318877.469935,0.000000,0.249584,15
14,Baseline,17,422.174515,318877.469935,0.000000,0.249584,15
14,Baseline,18,421.709676,321711.163788,0.000000,0.232700,15
14,Baseline,19,421.507397,306955.591111,0.000000,0.280555,14
14,Baseline,20,420.746765,308053.285690,0.000000,0.224583,15
14,Baseline,21,420.746765,308053.285690,0.000000,0.224583,15
14,Baseline,22,420.147601,306457.622917,0.000000,0.221661,15
14,Baseline,23,420.147601,306457.622917,0.000000,0.221661,15
14,Baseline,24,419.053692,298246.111823,0.000000,0.217098,15
14,Baseline,25,419.053692,298246.111823,0.000000,0.217098,15
14,Baseline,26,418.961523,292862.292577,0.000000,0.213568,15
14,Baseline,27,418.961523,292862.292577,0.000000,0.213568,15
14,Baseline,28,416.443685,297059.616750,0.000000,0.235437,15
14,Baseline,29,416.443685,297059.616750,0.000000,0.235437,15
14,Baseline,30,414.892030,287643.257200,0.000000,0.229092,15
14,Baseline,31,414.892030,287643.257200,0.000000,0.229092,15
14,Baseline,32,412.818143,221205.203579,0.000000,0.291661,16
14,Baseline,33,413.080934,291101.008684,0.000000,0.228189,15
14,Baseline,34,412.382582,291481.246968,0.000000,0.282831,14
14,Baseline,35,412.320663,225605.117743,0.000000,0.297803,16
14,Baseline,36,411.950340,279751.291592,0.000000,0.282218,14
14,Baseline,37,411.950340,279751.291592,0.000000,0.282218,14
14,Baseline,38,410.610076,285692.782379,0.000000,0.258200,14
14,Baseline,39,410.610076,285692.782379,0.000000,0.258200,14
14,Baseline,40,410.431629,277725.467297,0.000000,0.246258,14
14,Baseline,41,410.431629,277725.467297,0.000000,0.246258,14
14,Baseline,42,408.755742,268543.740514,0.000000,0.248961,14
14,Baseline,43,408.755742,268543.740514,0.000000,0.248961,14
14,Baseline,44,406.823090,274366.820628,0.000000,0.252220,14
14,Baseline,45,406.695396,211831.300290,0.000000,0.283530,16
14,Baseline,46,399.378836,182867.694618,0.000000,0.249332,16
14,Baseline,47,399.604590,243092.697426,0.000000,0.192947,15
14,Baseline,48,394.516883,242803.004800,0.000000,0.190258,15
14,Baseline,49,394.516883,242803.004800,0.000000,0.190258,15
14,Baseline,50,394.500613,237576.719007,0.000000,0.189166,15
14,Baseline,51,394.500613,237576.719007,0.000000,0.189166,15
14,Baseline,52,393.658505,227209.284368,0.000000,0.165026,15
14,Baseline,53,393.658505,227209.284368,0.000000,0.165026,15
14,Baseline,54,390.411898,235006.010942,0.000000,0.179160,15
14,Baseline,55,390.411898,235006.010942,0.000000,0.179160,15
14,Baseline,56,388.507640,224062.201919,0.000000,0.171118,15
14,Baseline,57,388.507640,224062.201919,0.000000,0.171118,15
14,Baseline,58,387.927992,236106.331053,0.000000,0.191512,15
14,Baseline,59,387.927992,236106.331053,0.000000,0.191512,15
14,Baseline,60,387.266214,216173.504138,0.000000,0.162649,15
14,Baseline,61,387.266214,216173.504138,0.000000,0.162649,15
14,Baseline,62,387.002896,217302.799866,0.000000,0.184322,15
14,Baseline,63,387.002896,217302.799866,0.000000,0.184322,15
14,Baseline,64,385.951842,226434.439496,0.000000,0.167097,15
14,Baseline,65,385.951842,226434.439496,0.000000,0.167097,15
14,Baseline,66,382.640923,183904.388112,0.000000,0.226333,13
14,Baseline,67,382.764007,199152.600132,0.000000,0.194238,14
14,Baseline,68,381.679156,202205.186866,0.000000,0.166170,15
14,Baseline,69,381.581568,191246.384332,0.000000,0.191696,13
14,Baseline,70,374.916212,208761.916633,0.000000,0.166420,15
14,Baseline,71,374.710787,189677.241565,0.000000,0.221121,13
14,Baseline,72,367.452885,199616.254340,0.000000,0.160114,15
14,Baseline,73,367.255308,144141.460669,0.000000,0.213797,16
14,Baseline,74,364.624925,175843.606479,0.000000,0.144433,15
14,Baseline,75,364.624925,175843.606479,0.000000,0.144433,15
14,Baseline,76,361.750592,166716.980703,0.000000,0.136569,15
14,Baseline,77,361.657475,156696.478345,0.000000,0.162274,13
14,Baseline,78,354.530385,171256.528908,0.000000,0.146363,15
14,Baseline,79,354.461346,170386.712309,0.000000,0.165808,14
14,Baseline,80,353.330207,119624.448804,0.000000,0.184479,16
14,Baseline,81,353.491543,161159.754043,0.000000,0.138902,15
14,Baseline,82,350.087279,121416.962146,0.000000,0.188970,16
14,Baseline,83,350.087279,121416.962146,0.000000,0.188970,16
14,Baseline,84,340.910291,157914.943058,0.000000,0.148319,14
14,Baseline,85,340.921787,159428.630411,0.000000,0.144951,15
14,Baseline,86,340.910291,157914.943058,0.000000,0.148319,14
14,Baseline,87,340.921787,159428.630411,0.000000,0.144951,15
14,Baseline,88,340.860674,148880.733904,0.000000,0.162851,13
14,Baseline,89,340.921787,159428.630411,0.000000,0.144951,15
14,Baseline,90,340.921787,159428.630411,0.000000,0.144951,15
14,Baseline,91,340.921787,159428.630411,0.000000,0.144951,15
14,Baseline,92,340.764676,119436.286495,0.000000,0.190969,16
14,Baseline,93,340.921787,159428.630411,0.000000,0.144951,15
14,Baseline,94,340.860674,148880.733904,0.000000,0.162851,13
14,Baseline,95,340.910291,157914.943058,0.000000,0.148319,14
14,Baseline,96,340.921787,159428.630411,0.000000,0.144951,15
14,Baseline,97,340.860674,148880.733904,0.000000,0.162851,13
14,Baseline,98,340.860674,148880.733904,0.000000,0.162851,13
14,Baseline,99,340.910291,157914.943058,0.000000,0.148319,14
14,Baseline,100,340.764676,119436.286495,0.000000,0.190969,16
14,Baseline,101,340.921787,159428.630411,0.000000,0.144951,15
14,Baseline,102,340.860674,148880.733904,0.000000,0.162851,13
14,Baseline,103,340.778381,133846.966641,0.000000,0.186955,12
14,Baseline,104,340.921787,159428.630411,0.000000,0.144951,15
14,Baseline,105,340.921787,159428.630411,0.000000,0.144951,15
14,Baseline,106,340.910291,157914.943058,0.000000,0.148319,14
14,Baseline,107,340.764676,119436.286495,0.000000,0.190969,16
14,Baseline,108,340.860674,148880.733904,0.000000,0.162851,13
14,Baseline,109,340.860674,148880.733904,0.000000,0.162851,13
14,Baseline,110,340.910291,157914.943058,0.000000,0.148319,14
14,Baseline,111,340.921787,159428.630411,0.000000,0.144951,15
14,Baseline,112,340.910291,157914.943058,0.000000,0.148319,14
14,Baseline,113,340.860674,148880.733904,0.000000,0.162851,13
14,Baseline,114,340.764676,119436.286495,0.000000,0.190969,16
14,Baseline,115,340.764676,119436.286495,0.000000,0.190969,16
14,Baseline,116,340.910291,157914.943058,0.000000,0.148319,14
14,Baseline,117,340.910291,157914.943058,0.000000,0.148319,14
14,Baseline,118,340.921787,159428.630411,0.000000,0.144951,15
14,Baseline,119,340.921787,159428.630411,0.000000,0.144951,15
14,Baseline,120,340.764676,119436.286495,0.000000,0.190969,16
14,Baseline,121,340.921787,159428.630411,0.000000,0.144951,15
14,Baseline,122,340.764676,119436.286495,0.000000,0.190969,16
14,Baseline,123,340.860674,148880.733904,0.000000,0.162851,13
14,Baseline,124,340.860674,148880.733904,0.000000,0.162851,13
14,Baseline,125,340.921787,159428.630411,0.000000,0.144951,15
14,Baseline,126,340.764676,119436.286495,0.000000,0.190969,16
14,Baseline,127,340.910291,157914.943058,0.000000,0.148319,14
14,Baseline,128,340.910291,157914.943058,0.000000,0.148319,14
14,Baseline,129,340.860674,148880.733904,0.000000,0.162851,13
14,Baseline,130,340.860674,148880.733904,0.000000,0.162851,13
14,Baseline,131,340.921787,159428.630411,0.000000,0.144951,15
14,Baseline,132,340.764676,119436.286495,0.000000,0.190969,16
14,Baseline,133,340.921787,159428.630411,0.000000,0.144951,15
14,Baseline,134,340.921787,159428.630411,0.000000,0.144951,15
14,Baseline,135,340.764676,119436.286495,0.000000,0.190969,16
14,Baseline,136,340.764676,119436.286495,0.000000,0.190969,16
14,Baseline,137,340.764676,119436.286495,0.000000,0.190969,16
14,Baseline,138,340.910291,157914.943058,0.000000,0.148319,14
14,Baseline,139,340.764676,119436.286495,0.000000,0.190969,16
14,Baseline,140,340.860674,148880.733904,0.000000,0.162851,13
14,Baseline,141,340.764676,119436.286495,0.000000,0.190969,16
14,Baseline,142,340.764676,119436.286495,0.000000,0.190969,16
14,Baseline,143,340.921787,159428.630411,0.000000,0.144951,15
14,Baseline,144,340.921787,159428.630411,0.000000,0.144951,15
14,Baseline,145,340.764676,119436.286495,0.000000,0.190969,16
14,Baseline,146,340.764676,119436.286495,0.000000,0.190969,16
14,Baseline,147,340.910291,157914.943058,0.000000,0.148319,14
14,Baseline,148,340.764676,119436.286495,0.000000,0.190969,16
14,Baseline,149,340.764676,119436.286495,0.000000,0.190969,16
14,Baseline,150,340.921787,159428.630411,0.000000,0.144951,15
14,Baseline,151,340.921787,159428.630411,0.000000,0.144951,15
14,Baseline,152,340.860674,148880.733904,0.000000,0.162851,13
14,Baseline,153,340.860674,148880.733904,0.000000,0.162851,13
14,Baseline,154,340.910291,157914.943058,0.000000,0.148319,14
14,Baseline,155,340.910291,157914.943058,0.000000,0.148319,14
14,Baseline,156,340.860674,148880.733904,0.000000,0.162851,13
14,Baseline,157,340.860674,148880.733904,0.000000,0.162851,13
14,Baseline,158,340.921787,159428.630411,0.000000,0.144951,15
14,Baseline,159,340.860674,148880.733904,0.000000,0.162851,13
14,Baseline,160,340.764676,119436.286495,0.000000,0.190969,16
14,Baseline,161,340.921787,159428.630411,0.000000,0.144951,15
14,Baseline,162,340.910291,157914.943058,0.000000,0.148319,14
14,Baseline,163,340.921787,159428.630411,0.000000,0.144951,15
14,Baseline,164,340.764676,119436.286495,0.000000,0.190969,16
14,Baseline,165,340.860674,148880.733904,0.000000,0.162851,13
14,Baseline,166,340.860674,148880.733904,0.000000,0.162851,13
14,Baseline,167,340.764676,119436.286495,0.000000,0.190969,16
14,Baseline,168,340.921787,159428.630411,0.000000,0.144951,15
14,Baseline,169,340.764676,119436.286495,0.000000,0.190969,16
14,Baseline,170,340.764676,119436.286495,0.000000,0.190969,16
14,Baseline,171,340.910291,157914.943058,0.000000,0.148319,14
14,Baseline,172,340.764676,119436.286495,0.000000,0.190969,16
14,Baseline,173,340.910291,157914.943058,0.000000,0.148319,14
14,Baseline,174,340.910291,157914.943058,0.000000,0.148319,14
14,Baseline,175,340.910291,157914.943058,0.000000,0.148319,14
14,Baseline,176,340.921787,159428.630411,0.000000,0.144951,15
14,Baseline,177,340.764676,119436.286495,0.000000,0.190969,16
14,Baseline,178,340.921787,159428.630411,0.000000,0.144951,15
14,Baseline,179,340.921787,159428.630411,0.000000,0.144951,15
14,Baseline,180,340.910291,157914.943058,0.000000,0.148319,14
14,Baseline,181,340.860674,148880.733904,0.000000,0.162851,13
14,Baseline,182,340.910291,157914.943058,0.000000,0.148319,14
14,Baseline,183,340.910291,157914.943058,0.000000,0.148319,14
14,Baseline,184,340.860674,148880.733904,0.000000,0.162851,13
14,Baseline,185,340.860674,148880.733904,0.000000,0.162851,13
14,Baseline,186,340.764676,119436.286495,0.000000,0.190969,16
14,Baseline,187,340.764676,119436.286495,0.000000,0.190969,16
14,Baseline,188,340.921787,159428.630411,0.000000,0.144951,15
14,Baseline,189,340.921787,159428.630411,0.000000,0.144951,15
14,Baseline,190,340.860674,148880.733904,0.000000,0.162851,13
14,Baseline,191,340.921787,159428.630411,0.000000,0.144951,15
14,Baseline,192,340.921787,159428.630411,0.000000,0.144951,15
14,Baseline,193,340.921787,159428.630411,0.000000,0.144951,15
14,Baseline,194,340.764676,119436.286495,0.000000,0.190969,16
14,Baseline,195,340.764676,119436.286495,0.000000,0.190969,16
14,Baseline,196,340.921787,159428.630411,0.000000,0.144951,15
14,Baseline,197,340.921787,159428.630411,0.000000,0.144951,15
14,Baseline,198,340.910291,157914.943058,0.000000,0.148319,14
14,Baseline,199,340.921787,159428.630411,0.000000,0.144951,15
14,Baseline,200,340.921787,159428.630411,0.000000,0.144951,15
14,Baseline,201,340.764676,119436.286495,0.000000,0.190969,16
14,Baseline,202,340.921787,159428.630411,0.000000,0.144951,15
14,Baseline,203,340.921787,159428.630411,0.000000,0.144951,15
14,Baseline,204,340.764676,119436.286495,0.000000,0.190969,16
14,Baseline,205,340.764676,119436.286495,0.000000,0.190969,16
14,Baseline,206,340.764676,119436.286495,0.000000,0.190969,16
14,Baseline,207,340.764676,119436.286495,0.000000,0.190969,16
14,Baseline,208,340.921787,159428.630411,0.000000,0.144951,15
14,Baseline,209,340.778381,133846.966641,0.000000,0.186955,12
14,Baseline,210,340.860674,148880.733904,0.000000,0.162851,13
14,Baseline,211,340.910291,157914.943058,0.000000,0.148319,14
14,Baseline,212,340.910291,157914.943058,0.000000,0.148319,14
14,Baseline,213,340.921787,159428.630411,0.000000,0.144951,15
14,Baseline,214,340.764676,119436.286495,0.000000,0.190969,16
14,Baseline,215,340.910291,157914.943058,0.000000,0.148319,14
14,Baseline,216,340.921787,159428.630411,0.000000,0.144951,15
14,Baseline,217,340.764676,119436.286495,0.000000,0.190969,16
14,Baseline,218,340.921787,159428.630411,0.000000,0.144951,15
14,Baseline,219,340.910291,157914.943058,0.000000,0.148319,14
14,Baseline,220,340.921787,159428.630411,0.000000,0.144951,15
14,Baseline,221,340.921787,159428.630411,0.000000,0.144951,15
14,Baseline,222,340.910291,157914.943058,0.000000,0.148319,14
14,Baseline,223,340.860674,148880.733904,0.000000,0.162851,13
14,Baseline,224,340.860674,148880.733904,0.000000,0.162851,13
14,Baseline,225,340.764676,119436.286495,0.000000,0.190969,16
14,Baseline,226,340.860674,148880.733904,0.000000,0.162851,13
14,Baseline,227,340.910291,157914.943058,0.000000,0.148319,14
14,Baseline,228,340.910291,157914.943058,0.000000,0.148319,14
14,Baseline,229,340.910291,157914.943058,0.000000,0.148319,14
14,Baseline,230,340.910291,157914.943058,0.000000,0.148319,14
14,Baseline,231,340.860674,148880.733904,0.000000,0.162851,13
14,Baseline,232,340.860674,148880.733904,0.000000,0.162851,13
14,Baseline,233,340.921787,159428.630411,0.000000,0.144951,15
14,Baseline,234,340.910291,157914.943058,0.000000,0.148319,14
14,Baseline,235,340.860674,148880.733904,0.000000,0.162851,13
14,Baseline,236,340.860674,148880.733904,0.000000,0.162851,13
14,Baseline,237,340.860674,148880.733904,0.000000,0.162851,13
14,Baseline,238,340.921787,159428.630411,0.000000,0.144951,15
14,Baseline,239,340.921787,159428.630411,0.000000,0.144951,15
14,Baseline,240,340.910291,157914.943058,0.000000,0.148319,14
14,Baseline,241,340.910291,157914.943058,0.000000,0.148319,14
14,Baseline,242,340.921787,159428.630411,0.000000,0.144951,15
14,Baseline,243,340.764676,119436.286495,0.000000,0.190969,16
14,Baseline,244,340.764676,119436.286495,0.000000,0.190969,16
14,Baseline,245,340.921787,159428.630411,0.000000,0.144951,15
14,Baseline,246,340.921787,159428.630411,0.000000,0.144951,15
14,Baseline,247,340.860674,148880.733904,0.000000,0.162851,13
14,Baseline,248,340.910291,157914.943058,0.000000,0.148319,14
14,Baseline,249,340.910291,157914.943058,0.000000,0.148319,14
14,Baseline,250,340.764676,119436.286495,0.000000,0.190969,16
14,Baseline,251,340.764676,119436.286495,0.000000,0.190969,16
14,Baseline,252,340.860674,148880.733904,0.000000,0.162851,13
14,Baseline,253,340.910291,157914.943058,0.000000,0.148319,14
14,Baseline,254,340.921787,159428.630411,0.000000,0.144951,15
14,Baseline,255,340.860674,148880.733904,0.000000,0.162851,13
14,Baseline,256,340.764676,119436.286495,0.000000,0.190969,16
14,Baseline,257,340.764676,119436.286495,0.000000,0.190969,16
14,Baseline,258,340.921787,159428.630411,0.000000,0.144951,15
14,Baseline,259,340.910291,157914.943058,0.000000,0.148319,14
14,Baseline,260,340.860674,148880.733904,0.000000,0.162851,13
14,Baseline,261,340.860674,148880.733904,0.000000,0.162851,13
14,Baseline,262,340.860674,148880.733904,0.000000,0.162851,13
14,Baseline,263,340.860674,148880.733904,0.000000,0.162851,13
14,Baseline,264,340.860674,148880.733904,0.000000,0.162851,13
14,Baseline,265,340.910291,157914.943058,0.000000,0.148319,14
14,Baseline,266,340.764676,119436.286495,0.000000,0.190969,16
14,Baseline,267,340.764676,119436.286495,0.000000,0.190969,16
14,Baseline,268,340.910291,157914.943058,0.000000,0.148319,14
14,Baseline,269,340.910291,157914.943058,0.000000,0.148319,14
14,Baseline,270,340.860674,148880.733904,0.000000,0.162851,13
14,Baseline,271,340.921787,159428.630411,0.000000,0.144951,15
14,Baseline,272,340.910291,157914.943058,0.000000,0.148319,14
14,Baseline,273,340.921787,159428.630411,0.000000,0.144951,15
14,Baseline,274,340.910291,157914.943058,0.000000,0.148319,14
14,Baseline,275,340.764676,119436.286495,0.000000,0.190969,16
14,Baseline,276,340.921787,159428.630411,0.000000,0.144951,15
14,Baseline,277,340.921787,159428.630411,0.000000,0.144951,15
14,Baseline,278,340.764676,119436.286495,0.000000,0.190969,16
14,Baseline,279,340.921787,159428.630411,0.000000,0.144951,15
14,Baseline,280,340.921787,159428.630411,0.000000,0.144951,15
14,Baseline,281,340.910291,157914.943058,0.000000,0.148319,14
14,Baseline,282,340.764676,119436.286495,0.000000,0.190969,16
14,Baseline,283,340.764676,119436.286495,0.000000,0.190969,16
14,Baseline,284,340.764676,119436.286495,0.000000,0.190969,16
14,Baseline,285,340.764676,119436.286495,0.000000,0.190969,16
14,Baseline,286,340.764676,119436.286495,0.000000,0.190969,16
14,Baseline,287,340.860674,148880.733904,0.000000,0.162851,13
14,Baseline,288,340.860674,148880.733904,0.000000,0.162851,13
14,Baseline,289,340.860674,148880.733904,0.000000,0.162851,13
14,Baseline,290,340.860674,148880.733904,0.000000,0.162851,13
14,Baseline,291,340.860674,148880.733904,0.000000,0.162851,13
14,Baseline,292,340.910291,157914.943058,0.000000,0.148319,14
14,Baseline,293,340.764676,119436.286495,0.000000,0.190969,16
14,Baseline,294,340.764676,119436.286495,0.000000,0.190969,16
14,Baseline,295,340.764676,119436.286495,0.000000,0.190969,16
14,Baseline,296,340.764676,119436.286495,0.000000,0.190969,16
14,Baseline,297,340.921787,159428.630411,0.000000,0.144951,15
14,Baseline,298,340.910291,157914.943058,0.000000,0.148319,14
14,Baseline,299,340.921787,159428.630411,0.000000,0.144951,15
14,Proposed,0,463.046061,538572.862198,0.000000,0.630931,16
14,Proposed,1,463.329881,539822.946236,0.000000,0.632002,16
14,Proposed,2,461.911300,539004.364007,0.000000,0.632975,16
14,Proposed,3,461.905489,541462.549409,0.000000,0.635851,16
14,Proposed,4,463.408036,539159.195571,0.000000,0.631124,16
14,Proposed,5,462.013237,538824.994654,0.000000,0.632627,16
14,Proposed,6,462.239076,535503.643245,0.000000,0.628447,16
15,Baseline,0,422.349948,234352.270588,0.000000,0.322196,10
15,Baseline,1,422.462843,242804.214266,0.000000,0.295552,11
15,Baseline,2,421.830807,276236.199126,0.000000,0.203277,15
15,Baseline,3,421.830807,276236.199126,0.000000,0.203277,15
15,Baseline,4,419.787892,278387.535964,0.000000,0.206100,15
15,Baseline,5,419.741167,269755.204734,0.000000,0.217208,14
15,Baseline,6,418.919225,288881.634003,0.000000,0.262248,14
15,Baseline,7,418.166622,271818.407080,0.000000,0.239153,14
15,Baseline,8,418.306385,286227.146513,0.000000,0.205811,15
15,Baseline,9,418.267152,279076.856922,0.000000,0.203515,15
15,Baseline,10,418.267152,279076.856922,0.000000,0.203515,15
15,Baseline,11,417.981984,260669.103966,0.000000,0.209873,14
15,Baseline,12,418.050643,266502.590170,0.000000,0.193481,15
15,Baseline,13,414.643694,217664.330029,0.000000,0.285746,16
15,Baseline,14,414.901152,296306.635707,0.000000,0.223832,15
15,Baseline,15,413.852705,205337.623991,0.000000,0.270121,16
15,Baseline,16,414.086003,279172.581961,0.000000,0.213901,15
15,Baseline,17,412.182306,278618.954674,0.000000,0.216032,15
15,Baseline,18,412.182306,278618.954674,0.000000,0.216032,15
15,Baseline,19,411.301747,267274.544479,0.000000,0.191288,15
15,Baseline,20,411.018968,196201.618244,0.000000,0.259909,16
15,Baseline,21,408.708321,261209.079160,0.000000,0.189981,15
15,Baseline,22,408.708321,261209.079160,0.000000,0.189981,15
15,Baseline,23,405.388976,268152.774192,0.000000,0.225615,14
15,Baseline,24,404.295805,262711.012898,0.000000,0.188690,15
15,Baseline,25,404.295805,262711.012898,0.000000,0.188690,15
15,Baseline,26,403.875840,182555.636471,0.000000,0.246143,16
15,Baseline,27,403.875840,182555.636471,0.000000,0.246143,16
15,Baseline,28,399.461570,177914.966571,0.000000,0.242546,16
15,Baseline,29,399.461570,177914.966571,0.000000,0.242546,16
15,Baseline,30,399.209512,180692.012742,0.000000,0.246477,16
15,Baseline,31,399.209512,180692.012742,0.000000,0.246477,16
15,Baseline,32,392.409162,170926.342603,0.000000,0.237219,16
15,Baseline,33,392.424052,221884.366360,0.000000,0.233433,12
15,Baseline,34,392.359318,178744.576446,0.000000,0.248074,16
15,Baseline,35,389.999411,226217.540484,0.000000,0.194380,14
15,Baseline,36,389.999411,226217.540484,0.000000,0.194380,14
15,Baseline,37,389.981907,221709.048568,0.000000,0.214907,13
15,Baseline,38,389.981907,221709.048568,0.000000,0.214907,13
15,Baseline,39,377.452852,205208.115084,0.000000,0.227700,13
15,Baseline,40,377.560259,224911.074284,0.000000,0.199309,14
15,Baseline,41,376.831160,147437.391075,0.000000,0.213130,16
15,Baseline,42,376.831160,147437.391075,0.000000,0.213130,16
15,Baseline,43,373.983625,134767.028440,0.000000,0.196331,16
15,Baseline,44,373.983625,134767.028440,0.000000,0.196331,16
15,Baseline,45,366.975360,138786.034382,0.000000,0.206027,16
15,Baseline,46,366.975360,138786.034382,0.000000,0.206027,16
15,Baseline,47,362.618838,132527.424303,0.000000,0.199113,16
15,Baseline,48,362.618838,132527.424303,0.000000,0.199113,16
15,Baseline,49,359.603795,129984.901662,0.000000,0.196935,16
15,Baseline,50,359.603795,129984.901662,0.000000,0.196935,16
15,Baseline,51,359.504851,127810.507567,0.000000,0.193700,16
15,Baseline,52,359.504851,127810.507567,0.000000,0.193700,16
15,Baseline,53,356.438124,125516.780049,0.000000,0.191864,16
15,Baseline,54,356.438124,125516.780049,0.000000,0.191864,16
15,Baseline,55,355.723468,129890.684631,0.000000,0.198935,16
15,Baseline,56,355.723468,129890.684631,0.000000,0.198935,16
15,Baseline,57,351.708323,123530.821804,0.000000,0.191369,16
15,Baseline,58,351.708323,123530.821804,0.000000,0.191369,16
15,Baseline,59,351.708323,123530.821804,0.000000,0.191369,16
15,Baseline,60,351.708323,123530.821804,0.000000,0.191369,16
15,Baseline,61,351.708323,123530.821804,0.000000,0.191369,16
15,Baseline,62,351.708323,123530.821804,0.000000,0.191369,16
15,Baseline,63,351.708323,123530.821804,0.000000,0.191369,16
15,Baseline,64,351.708323,123530.821804,0.000000,0.191369,16
15,Baseline,65,351.708323,123530.821804,0.000000,0.191369,16
15,Baseline,66,351.708323,123530.821804,0.000000,0.191369,16
15,Baseline,67,351.708323,123530.821804,0.000000,0.191369,16
15,Baseline,68,351.708323,123530.821804,0.000000,0.191369,16
15,Baseline,69,351.708323,123530.821804,0.000000,0.191369,16
15,Baseline,70,351.708323,123530.821804,0.000000,0.191369,16
15,Baseline,71,351.708323,123530.821804,0.000000,0.191369,16
15,Baseline,72,351.708323,123530.821804,0.000000,0.191369,16
15,Baseline,73,351.708323,123530.821804,0.000000,0.191369,16
15,Baseline,74,351.708323,123530.821804,0.000000,0.191369,16
15,Baseline,75,351.708323,123530.821804,0.000000,0.191369,16
15,Baseline,76,351.708323,123530.821804,0.000000,0.191369,16
15,Baseline,77,351.708323,123530.821804,0.000000,0.191369,16
15,Baseline,78,351.708323,123530.821804,0.000000,0.191369,16
15,Baseline,79,351.708323,123530.821804,0.000000,0.191369,16
15,Baseline,80,351.708323,123530.821804,0.000000,0.191369,16
15,Baseline,81,351.708323,123530.821804,0.000000,0.191369,16
15,Baseline,82,351.708323,123530.821804,0.000000,0.191369,16
15,Baseline,83,351.708323,123530.821804,0.000000,0.191369,16
15,Baseline,84,351.708323,123530.821804,0.000000,0.191369,16
15,Baseline,85,351.708323,123530.821804,0.000000,0.191369,16
15,Baseline,86,351.708323,123530.821804,0.000000,0.191369,16
15,Baseline,87,351.708323,123530.821804,0.000000,0.191369,16
15,Baseline,88,351.708323,123530.821804,0.000000,0.191369,16
15,Baseline,89,351.708323,123530.821804,0.000000,0.191369,16
15,Baseline,90,351.708323,123530.821804,0.000000,0.191369,16
15,Baseline,91,351.708323,123530.821804,0.000000,0.191369,16
15,Baseline,92,351.708323,123530.821804,0.000000,0.191369,16
15,Baseline,93,351.708323,123530.821804,0.000000,0.191369,16
15,Baseline,94,351.708323,123530.821804,0.000000,0.191369,16
15,Baseline,95,351.708323,123530.821804,0.000000,0.191369,16
15,Baseline,96,351.708323,123530.821804,0.000000,0.191369,16
15,Baseline,97,351.708323,123530.821804,0.000000,0.191369,16
15,Baseline,98,351.708323,123530.821804,0.000000,0.191369,16
15,Baseline,99,351.708323,123530.821804,0.000000,0.191369,16
15,Baseline,100,351.708323,123530.821804,0.000000,0.191369,16
15,Baseline,101,351.708323,123530.821804,0.000000,0.191369,16
15,Baseline,102,351.708323,123530.821804,0.000000,0.191369,16
15,Baseline,103,351.708323,123530.821804,0.000000,0.191369,16
15,Baseline,104,351.708323,123530.821804,0.000000,0.191369,16
15,Baseline,105,351.708323,123530.821804,0.000000,0.191369,16
15,Baseline,106,351.708323,123530.821804,0.000000,0.191369,16
15,Baseline,107,351.708323,123530.821804,0.000000,0.191369,16
15,Baseline,108,351.708323,123530.821804,0.000000,0.191369,16
15,Baseline,109,351.708323,123530.821804,0.000000,0.191369,16
15,Baseline,110,351.708323,123530.821804,0.000000,0.191369,16
15,Baseline,111,351.708323,123530.821804,0.000000,0.191369,16
15,Baseline,112,351.708323,123530.821804,0.000000,0.191369,16
15,Baseline,113,351.708323,123530.821804,0.000000,0.191369,16
15,Baseline,114,351.708323,123530.821804,0.000000,0.191369,16
15,Baseline,115,351.708323,123530.821804,0.000000,0.191369,16
15,Baseline,116,351.708323,123530.821804,0.000000,0.191369,16
15,Baseline,117,351.708323,123530.821804,0.000000,0.191369,16
15,Baseline,118,351.708323,123530.821804,0.000000,0.191369,16
15,Baseline,119,351.708323,123530.821804,0.000000,0.191369,16
15,Baseline,120,351.708323,123530.821804,0.000000,0.191369,16
15,Baseline,121,351.708323,123530.821804,0.000000,0.191369,16
15,Baseline,122,351.708323,123530.821804,0.000000,0.191369,16
15,Baseline,123,351.708323,123530.821804,0.000000,0.191369,16
15,Baseline,124,351.708323,123530.821804,0.000000,0.191369,16
15,Baseline,125,351.708323,123530.821804,0.000000,0.191369,16
15,Baseline,126,351.708323,123530.821804,0.000000,0.191369,16
15,Baseline,127,351.708323,123530.821804,0.000000,0.191369,16
15,Baseline,128,351.708323,123530.821804,0.000000,0.191369,16
15,Baseline,129,351.708323,123530.821804,0.000000,0.191369,16
15,Baseline,130,351.708323,123530.821804,0.000000,0.191369,16
15,Baseline,131,351.708323,123530.821804,0.000000,0.191369,16
15,Baseline,132,351.708323,123530.821804,0.000000,0.191369,16
15,Baseline,133,351.708323,123530.821804,0.000000,0.191369,16
15,Baseline,134,351.708323,123530.821804,0.000000,0.191369,16
15,Baseline,135,351.708323,123530.821804,0.000000,0.191369,16
15,Baseline,136,351.708323,123530.821804,0.000000,0.191369,16
15,Baseline,137,351.708323,123530.821804,0.000000,0.191369,16
15,Baseline,138,351.708323,123530.821804,0.000000,0.191369,16
15,Baseline,139,351.708323,123530.821804,0.000000,0.191369,16
15,Baseline,140,351.708323,123530.821804,0.000000,0.191369,16
15,Baseline,141,351.708323,123530.821804,0.000000,0.191369,16
15,Baseline,142,351.708323,123530.821804,0.000000,0.191369,16
15,Baseline,143,351.708323,123530.821804,0.000000,0.191369,16
15,Baseline,144,351.708323,123530.821804,0.000000,0.191369,16
15,Baseline,145,351.708323,123530.821804,0.000000,0.191369,16
15,Baseline,146,351.708323,123530.821804,0.000000,0.191369,16
15,Baseline,147,351.708323,123530.821804,0.000000,0.191369,16
15,Baseline,148,351.708323,123530.821804,0.000000,0.191369,16
15,Baseline,149,351.708323,123530.821804,0.000000,0.191369,16
15,Baseline,150,351.708323,123530.821804,0.000000,0.191369,16
15,Baseline,151,351.708323,123530.821804,0.000000,0.191369,16
15,Baseline,152,351.708323,123530.821804,0.000000,0.191369,16
15,Baseline,153,351.708323,123530.821804,0.000000,0.191369,16
15,Baseline,154,351.708323,123530.821804,0.000000,0.191369,16
15,Baseline,155,351.708323,123530.821804,0.000000,0.191369,16
15,Baseline,156,351.708323,123530.821804,0.000000,0.191369,16
15,Baseline,157,351.708323,123530.821804,0.000000,0.191369,16
15,Baseline,158,351.708323,123530.821804,0.000000,0.191369,16
15,Baseline,159,351.708323,123530.821804,0.000000,0.191369,16
15,Baseline,160,351.708323,123530.821804,0.000000,0.191369,16
15,Baseline,161,351.708323,123530.821804,0.000000,0.191369,16
15,Baseline,162,351.708323,123530.821804,0.000000,0.191369,16
15,Baseline,163,351.708323,123530.821804,0.000000,0.191369,16
15,Baseline,164,351.708323,123530.821804,0.000000,0.191369,16
15,Baseline,165,351.708323,123530.821804,0.000000,0.191369,16
15,Baseline,166,351.708323,123530.821804,0.000000,0.191369,16
15,Baseline,167,351.708323,123530.821804,0.000000,0.191369,16
15,Baseline,168,351.708323,123530.821804,0.000000,0.191369,16
15,Baseline,169,351.708323,123530.821804,0.000000,0.191369,16
15,Baseline,170,351.708323,123530.821804,0.000000,0.191369,16
15,Baseline,171,351.708323,123530.821804,0.000000,0.191369,16
15,Baseline,172,351.708323,123530.821804,0.000000,0.191369,16
15,Baseline,173,351.708323,123530.821804,0.000000,0.191369,16
15,Baseline,174,351.708323,123530.821804,0.000000,0.191369,16
15,Baseline,175,351.708323,123530.821804,0.000000,0.191369,16
15,Baseline,176,351.708323,123530.821804,0.000000,0.191369,16
15,Baseline,177,351.708323,123530.821804,0.000000,0.191369,16
15,Baseline,178,351.708323,123530.821804,0.000000,0.191369,16
15,Baseline,179,351.708323,123530.821804,0.000000,0.191369,16
15,Baseline,180,351.708323,123530.821804,0.000000,0.191369,16
15,Baseline,181,351.708323,123530.821804,0.000000,0.191369,16
15,Baseline,182,351.708323,123530.821804,0.000000,0.191369,16
15,Baseline,183,351.708323,123530.821804,0.000000,0.191369,16
15,Baseline,184,351.708323,123530.821804,0.000000,0.191369,16
15,Baseline,185,351.708323,123530.821804,0.000000,0.191369,16
15,Baseline,186,351.708323,123530.821804,0.000000,0.191369,16
15,Baseline,187,351.708323,123530.821804,0.000000,0.191369,16
15,Baseline,188,351.708323,123530.821804,0.000000,0.191369,16
15,Baseline,189,351.708323,123530.821804,0.000000,0.191369,16
15,Baseline,190,351.708323,123530.821804,0.000000,0.191369,16
15,Baseline,191,351.708323,123530.821804,0.000000,0.191369,16
15,Baseline,192,351.708323,123530.821804,0.000000,0.191369,16
15,Baseline,193,351.708323,123530.821804,0.000000,0.191369,16
15,Baseline,194,351.708323,123530.821804,0.000000,0.191369,16
15,Baseline,195,351.708323,123530.821804,0.000000,0.191369,16
15,Baseline,196,351.708323,123530.821804,0.000000,0.191369,16
15,Baseline,197,351.708323,123530.821804,0.000000,0.191369,16
15,Baseline,198,351.708323,123530.821804,0.000000,0.191369,16
15,Baseline,199,351.708323,123530.821804,0.000000,0.191369,16
15,Baseline,200,351.708323,123530.821804,0.000000,0.191369,16
15,Baseline,201,351.708323,123530.821804,0.000000,0.191369,16
15,Baseline,202,351.708323,123530.821804,0.000000,0.191369,16
15,Baseline,203,351.708323,123530.821804,0.000000,0.191369,16
15,Baseline,204,351.708323,123530.821804,0.000000,0.191369,16
15,Baseline,205,351.708323,123530.821804,0.000000,0.191369,16
15,Baseline,206,351.708323,123530.821804,0.000000,0.191369,16
15,Baseline,207,351.708323,123530.821804,0.000000,0.191369,16
15,Baseline,208,351.708323,123530.821804,0.000000,0.191369,16
15,Baseline,209,351.708323,123530.821804,0.000000,0.191369,16
15,Baseline,210,351.708323,123530.821804,0.000000,0.191369,16
15,Baseline,211,351.708323,123530.821804,0.000000,0.191369,16
15,Baseline,212,351.708323,123530.821804,0.000000,0.191369,16
15,Baseline,213,351.708323,123530.821804,0.000000,0.191369,16
15,Baseline,214,351.708323,123530.821804,0.000000,0.191369,16
15,Baseline,215,351.708323,123530.821804,0.000000,0.191369,16
15,Baseline,216,351.708323,123530.821804,0.000000,0.191369,16
15,Baseline,217,351.708323,123530.821804,0.000000,0.191369,16
15,Baseline,218,351.708323,123530.821804,0.000000,0.191369,16
15,Baseline,219,351.708323,123530.821804,0.000000,0.191369,16
15,Baseline,220,351.708323,123530.821804,0.000000,0.191369,16
15,Baseline,221,351.708323,123530.821804,0.000000,0.191369,16
15,Baseline,222,351.708323,123530.821804,0.000000,0.191369,16
15,Baseline,223,351.708323,123530.821804,0.000000,0.191369,16
15,Baseline,224,351.708323,123530.821804,0.000000,0.191369,16
15,Baseline,225,351.708323,123530.821804,0.000000,0.191369,16
15,Baseline,226,351.708323,123530.821804,0.000000,0.191369,16
15,Baseline,227,351.708323,123530.821804,0.000000,0.191369,16
15,Baseline,228,351.708323,123530.821804,0.000000,0.191369,16
15,Baseline,229,351.708323,123530.821804,0.000000,0.191369,16
15,Baseline,230,351.708323,123530.821804,0.000000,0.191369,16
15,Baseline,231,351.708323,123530.821804,0.000000,0.191369,16
15,Baseline,232,351.708323,123530.821804,0.000000,0.191369,16
15,Baseline,233,351.708323,123530.821804,0.000000,0.191369,16
15,Baseline,234,351.708323,123530.821804,0.000000,0.191369,16
15,Baseline,235,351.708323,123530.821804,0.000000,0.191369,16
15,Baseline,236,351.708323,123530.821804,0.000000,0.191369,16
15,Baseline,237,351.708323,123530.821804,0.000000,0.191369,16
15,Baseline,238,351.708323,123530.821804,0.000000,0.191369,16
15,Baseline,239,351.708323,123530.821804,0.000000,0.191369,16
15,Baseline,240,351.708323,123530.821804,0.000000,0.191369,16
15,Baseline,241,351.708323,123530.821804,0.000000,0.191369,16
15,Baseline,242,351.708323,123530.821804,0.000000,0.191369,16
15,Baseline,243,351.708323,123530.821804,0.000000,0.191369,16
15,Baseline,244,351.708323,123530.821804,0.000000,0.191369,16
15,Baseline,245,351.708323,123530.821804,0.000000,0.191369,16
15,Baseline,246,351.708323,123530.821804,0.000000,0.191369,16
15,Baseline,247,351.708323,123530.821804,0.000000,0.191369,16
15,Baseline,248,351.708323,123530.821804,0.000000,0.191369,16
15,Baseline,249,351.708323,123530.821804,0.000000,0.191369,16
15,Baseline,250,351.708323,123530.821804,0.000000,0.191369,16
15,Baseline,251,351.708323,123530.821804,0.000000,0.191369,16
15,Baseline,252,351.708323,123530.821804,0.000000,0.191369,16
15,Baseline,253,351.708323,123530.821804,0.000000,0.191369,16
15,Baseline,254,351.708323,123530.821804,0.000000,0.191369,16
15,Baseline,255,351.708323,123530.821804,0.000000,0.191369,16
15,Baseline,256,351.708323,123530.821804,0.000000,0.191369,16
15,Baseline,257,351.708323,123530.821804,0.000000,0.191369,16
15,Baseline,258,351.708323,123530.821804,0.000000,0.191369,16
15,Baseline,259,351.708323,123530.821804,0.000000,0.191369,16
15,Baseline,260,351.708323,123530.821804,0.000000,0.191369,16
15,Baseline,261,351.708323,123530.821804,0.000000,0.191369,16
15,Baseline,262,351.708323,123530.821804,0.000000,0.191369,16
15,Baseline,263,351.708323,123530.821804,0.000000,0.191369,16
15,Baseline,264,351.708323,123530.821804,0.000000,0.191369,16
15,Baseline,265,351.708323,123530.821804,0.000000,0.191369,16
15,Baseline,266,351.708323,123530.821804,0.000000,0.191369,16
15,Baseline,267,351.708323,123530.821804,0.000000,0.191369,16
15,Baseline,268,351.708323,123530.821804,0.000000,0.191369,16
15,Baseline,269,351.708323,123530.821804,0.000000,0.191369,16
15,Baseline,270,351.708323,123530.821804,0.000000,0.191369,16
15,Baseline,271,351.708323,123530.821804,0.000000,0.191369,16
15,Baseline,272,351.708323,123530.821804,0.000000,0.191369,16
15,Baseline,273,351.708323,123530.821804,0.000000,0.191369,16
15,Baseline,274,351.708323,123530.821804,0.000000,0.191369,16
15,Baseline,275,351.708323,123530.821804,0.000000,0.191369,16
15,Baseline,276,351.708323,123530.821804,0.000000,0.191369,16
15,Baseline,277,351.708323,123530.821804,0.000000,0.191369,16
15,Baseline,278,351.708323,123530.821804,0.000000,0.191369,16
15,Baseline,279,351.708323,123530.821804,0.000000,0.191369,16
15,Baseline,280,351.708323,123530.821804,0.000000,0.191369,16
15,Baseline,281,351.708323,123530.821804,0.000000,0.191369,16
15,Baseline,282,351.708323,123530.821804,0.000000,0.191369,16
15,Baseline,283,351.708323,123530.821804,0.000000,0.191369,16
15,Baseline,284,351.708323,123530.821804,0.000000,0.191369,16
15,Baseline,285,351.708323,123530.821804,0.000000,0.191369,16
15,Baseline,286,351.708323,123530.821804,0.000000,0.191369,16
15,Baseline,287,351.708323,123530.821804,0.000000,0.191369,16
15,Baseline,288,351.708323,123530.821804,0.000000,0.191369,16
15,Baseline,289,351.708323,123530.821804,0.000000,0.191369,16
15,Baseline,290,351.708323,123530.821804,0.000000,0.191369,16
15,Baseline,291,351.708323,123530.821804,0.000000,0.191369,16
15,Baseline,292,351.708323,123530.821804,0.000000,0.191369,16
15,Baseline,293,351.708323,123530.821804,0.000000,0.191369,16
15,Baseline,294,351.708323,123530.821804,0.000000,0.191369,16
15,Baseline,295,351.708323,123530.821804,0.000000,0.191369,16
15,Baseline,296,351.708323,123530.821804,0.000000,0.191369,16
15,Baseline,297,351.708323,123530.821804,0.000000,0.191369,16
15,Proposed,0,462.963565,576032.294129,0.000000,0.674638,16
15,Proposed,1,462.947589,576147.772762,0.000000,0.674795,16
15,Proposed,2,461.222253,577000.694384,0.000000,0.678298,16
16,Baseline,0,420.374528,329735.670284,0.000000,0.240068,15
16,Baseline,1,420.374528,329735.670284,0.000000,0.240068,15
16,Baseline,2,419.661172,227099.571440,0.000000,0.294542,16
16,Baseline,3,419.661172,227099.571440,0.000000,0.294542,16
16,Baseline,4,418.473894,221588.982416,0.000000,0.288228,16
16,Baseline,5,418.473894,221588.982416,0.000000,0.288228,16
16,Baseline,6,417.716620,227737.527072,0.000000,0.296738,16
16,Baseline,7,417.716620,227737.527072,0.000000,0.296738,16
16,Baseline,8,417.721419,284919.764379,0.000000,0.247495,14
16,Baseline,9,417.882528,294792.276067,0.000000,0.209022,15
16,Baseline,10,414.602463,210421.304468,0.000000,0.276291,16
16,Baseline,11,414.602463,210421.304468,0.000000,0.276291,16
16,Baseline,12,412.737718,203855.807823,0.000000,0.268900,16
16,Baseline,13,413.019593,274825.862067,0.000000,0.200789,15
16,Baseline,14,408.964969,199176.518024,0.000000,0.265161,16
16,Baseline,15,408.964969,199176.518024,0.000000,0.265161,16
16,Baseline,16,407.467013,268048.225578,0.000000,0.207049,15
16,Baseline,17,407.443123,265740.255835,0.000000,0.212900,14
16,Baseline,18,405.248849,264622.345688,0.000000,0.232747,14
16,Baseline,19,405.248849,264622.345688,0.000000,0.232747,14
16,Baseline,20,400.520123,211098.708566,0.000000,0.186386,14
16,Baseline,21,400.520123,211098.708566,0.000000,0.186386,14
16,Baseline,22,400.046763,246332.982449,0.000000,0.216170,14
16,Baseline,23,400.046763,246332.982449,0.000000,0.216170,14
16,Baseline,24,398.772349,260102.297844,0.000000,0.227652,14
16,Baseline,25,398.772349,260102.297844,0.000000,0.227652,14
16,Baseline,26,395.101454,254272.671164,0.000000,0.231412,14
16,Baseline,27,395.008395,184923.917883,0.000000,0.254911,16
16,Baseline,28,394.897201,164737.697711,0.000000,0.227212,16
16,Baseline,29,394.897201,164737.697711,0.000000,0.227212,16
16,Baseline,30,391.165481,163148.825807,0.000000,0.227168,16
16,Baseline,31,391.165481,163148.825807,0.000000,0.227168,16
16,Baseline,32,391.165481,163148.825807,0.000000,0.227168,16
16,Baseline,33,391.165481,163148.825807,0.000000,0.227168,16
16,Baseline,34,390.661690,160340.878807,0.000000,0.223554,16
16,Baseline,35,390.661690,160340.878807,0.000000,0.223554,16
16,Baseline,36,388.548097,160913.781263,0.000000,0.225568,16
16,Baseline,37,388.548097,160913.781263,0.000000,0.225568,16
16,Baseline,38,383.832659,162461.897224,0.000000,0.230525,16
16,Baseline,39,383.763610,156320.115636,0.000000,0.221869,16
16,Baseline,40,383.763610,156320.115636,0.000000,0.221869,16
16,Baseline,41,380.093516,156440.592208,0.000000,0.224179,16
16,Baseline,42,380.093516,156440.592208,0.000000,0.224179,16
16,Baseline,43,369.022199,150953.171847,0.000000,0.222808,16
16,Baseline,44,369.022199,150953.171847,0.000000,0.222808,16
16,Baseline,45,362.689786,134596.254839,0.000000,0.202176,16
16,Baseline,46,362.689786,134596.254839,0.000000,0.202176,16
16,Baseline,47,357.389744,131178.806661,0.000000,0.199969,16
16,Baseline,48,357.389744,131178.806661,0.000000,0.199969,16
16,Baseline,49,345.351561,158330.439675,0.000000,0.143872,14
16,Baseline,50,345.351561,158330.439675,0.000000,0.143872,14
16,Baseline,51,343.775279,110014.563627,0.000000,0.174393,16
16,Baseline,52,343.828850,146412.209654,0.000000,0.158837,14
16,Baseline,53,338.444116,149144.041455,0.000000,0.128039,15
16,Baseline,54,338.331197,140792.441436,0.000000,0.161361,13
16,Baseline,55,335.617824,107848.290611,0.000000,0.175113,16
16,Baseline,56,335.770414,147098.308569,0.000000,0.129727,15
16,Baseline,57,334.372367,106838.297158,0.000000,0.174121,16
16,Baseline,58,334.372367,106838.297158,0.000000,0.174121,16
16,Baseline,59,323.105460,105543.372488,0.000000,0.178001,16
16,Baseline,60,323.105460,105543.372488,0.000000,0.178001,16
16,Baseline,61,323.256500,143073.938919,0.000000,0.131338,15
16,Baseline,62,323.256500,143073.938919,0.000000,0.131338,15
16,Baseline,63,323.256500,143073.938919,0.000000,0.131338,15
16,Baseline,64,323.105460,105543.372488,0.000000,0.178001,16
16,Baseline,65,323.105460,105543.372488,0.000000,0.178001,16
16,Baseline,66,323.256500,143073.938919,0.000000,0.131338,15
16,Baseline,67,323.105460,105543.372488,0.000000,0.178001,16
16,Baseline,68,323.256500,143073.938919,0.000000,0.131338,15
16,Baseline,69,323.256500,143073.938919,0.000000,0.131338,15
16,Baseline,70,323.256500,143073.938919,0.000000,0.131338,15
16,Baseline,71,323.256500,143073.938919,0.000000,0.131338,15
16,Baseline,72,323.256500,143073.938919,0.000000,0.131338,15
16,Baseline,73,323.155618,142180.346640,0.000000,0.162505,14
16,Baseline,74,323.132620,137973.768297,0.000000,0.169610,13
16,Baseline,75,323.105460,105543.372488,0.000000,0.178001,16
16,Baseline,76,323.155618,142180.346640,0.000000,0.162505,14
16,Baseline,77,323.155618,142180.346640,0.000000,0.162505,14
16,Baseline,78,323.256500,143073.938919,0.000000,0.131338,15
16,Baseline,79,323.105460,105543.372488,0.000000,0.178001,16
16,Baseline,80,323.132620,137973.768297,0.000000,0.169610,13
16,Baseline,81,323.132620,137973.768297,0.000000,0.169610,13
16,Baseline,82,323.155618,142180.346640,0.000000,0.162505,14
16,Baseline,83,323.155618,142180.346640,0.000000,0.162505,14
16,Baseline,84,323.155618,142180.346640,0.000000,0.162505,14
16,Baseline,85,323.105460,105543.372488,0.000000,0.178001,16
16,Baseline,86,323.105460,105543.372488,0.000000,0.178001,16
16,Baseline,87,323.256500,143073.938919,0.000000,0.131338,15
16,Baseline,88,323.256500,143073.938919,0.000000,0.131338,15
16,Baseline,89,323.256500,143073.938919,0.000000,0.131338,15
16,Baseline,90,323.256500,143073.938919,0.000000,0.131338,15
16,Baseline,91,323.105460,105543.372488,0.000000,0.178001,16
16,Baseline,92,323.256500,143073.938919,0.000000,0.131338,15
16,Baseline,93,323.256500,143073.938919,0.000000,0.131338,15
16,Baseline,94,323.105460,105543.372488,0.000000,0.178001,16
16,Baseline,95,323.132620,137973.768297,0.000000,0.169610,13
16,Baseline,96,323.132620,137973.768297,0.000000,0.169610,13
16,Baseline,97,323.105460,105543.372488,0.000000,0.178001,16
16,Baseline,98,323.105460,105543.372488,0.000000,0.178001,16
16,Baseline,99,323.256500,143073.938919,0.000000,0.131338,15
16,Baseline,100,323.256500,143073.938919,0.000000,0.131338,15
16,Baseline,101,323.105460,105543.372488,0.000000,0.178001,16
16,Baseline,102,323.256500,143073.938919,0.000000,0.131338,15
16,Baseline,103,323.105460,105543.372488,0.000000,0.178001,16
16,Baseline,104,323.105460,105543.372488,0.000000,0.178001,16
16,Baseline,105,323.256500,143073.938919,0.000000,0.131338,15
16,Baseline,106,323.155618,142180.346640,0.000000,0.162505,14
16,Baseline,107,323.105460,105543.372488,0.000000,0.178001,16
16,Baseline,108,323.256500,143073.938919,0.000000,0.131338,15
16,Baseline,109,323.256500,143073.938919,0.000000,0.131338,15
16,Baseline,110,323.155618,142180.346640,0.000000,0.162505,14
16,Baseline,111,323.132620,137973.768297,0.000000,0.169610,13
16,Baseline,112,323.105460,105543.372488,0.000000,0.178001,16
16,Baseline,113,323.256500,143073.938919,0.000000,0.131338,15
16,Baseline,114,323.256500,143073.938919,0.000000,0.131338,15
16,Baseline,115,323.256500,143073.938919,0.000000,0.131338,15
16,Baseline,116,323.256500,143073.938919,0.000000,0.131338,15
16,Baseline,117,323.256500,143073.938919,0.000000,0.131338,15
16,Baseline,118,323.256500,143073.938919,0.000000,0.131338,15
16,Baseline,119,323.105460,105543.372488,0.000000,0.178001,16
16,Baseline,120,323.155618,142180.346640,0.000000,0.162505,14
16,Baseline,121,323.256500,143073.938919,0.000000,0.131338,15
16,Baseline,122,323.105460,105543.372488,0.000000,0.178001,16
16,Baseline,123,323.105460,105543.372488,0.000000,0.178001,16
16,Baseline,124,323.105460,105543.372488,0.000000,0.178001,16
16,Baseline,125,323.105460,105543.372488,0.000000,0.178001,16
16,Baseline,126,323.105460,105543.372488,0.000000,0.178001,16
16,Baseline,127,323.155618,142180.346640,0.000000,0.162505,14
16,Baseline,128,323.256500,143073.938919,0.000000,0.131338,15
16,Baseline,129,323.105460,105543.372488,0.000000,0.178001,16
16,Baseline,130,323.105460,105543.372488,0.000000,0.178001,16
16,Baseline,131,323.105460,105543.372488,0.000000,0.178001,16
16,Baseline,132,323.105460,105543.372488,0.000000,0.178001,16
16,Baseline,133,323.256500,143073.938919,0.000000,0.131338,15
16,Baseline,134,323.105460,105543.372488,0.000000,0.178001,16
16,Baseline,135,323.256500,143073.938919,0.000000,0.131338,15
16,Baseline,136,323.105460,105543.372488,0.000000,0.178001,16
16,Baseline,137,323.105460,105543.372488,0.000000,0.178001,16
16,Baseline,138,323.105460,105543.372488,0.000000,0.178001,16
16,Baseline,139,323.105460,105543.372488,0.000000,0.178001,16
16,Baseline,140,323.105460,105543.372488,0.000000,0.178001,16
16,Baseline,141,323.256500,143073.938919,0.000000,0.131338,15
16,Baseline,142,323.105460,105543.372488,0.000000,0.178001,16
16,Baseline,143,323.105460,105543.372488,0.000000,0.178001,16
16,Baseline,144,323.105460,105543.372488,0.000000,0.178001,16
16,Baseline,145,323.105460,105543.372488,0.000000,0.178001,16
16,Baseline,146,323.105460,105543.372488,0.000000,0.178001,16
16,Baseline,147,323.105460,105543.372488,0.000000,0.178001,16
16,Baseline,148,323.105460,105543.372488,0.000000,0.178001,16
16,Baseline,149,323.105460,105543.372488,0.000000,0.178001,16
16,Baseline,150,323.105460,105543.372488,0.000000,0.178001,16
16,Baseline,151,323.256500,143073.938919,0.000000,0.131338,15
16,Baseline,152,323.105460,105543.372488,0.000000,0.178001,16
16,Baseline,153,323.105460,105543.372488,0.000000,0.178001,16
16,Baseline,154,323.105460,105543.372488,0.000000,0.178001,16
16,Baseline,155,323.105460,105543.372488,0.000000,0.178001,16
16,Baseline,156,323.105460,105543.372488,0.000000,0.178001,16
16,Baseline,157,323.105460,105543.372488,0.000000,0.178001,16
16,Baseline,158,323.105460,105543.372488,0.000000,0.178001,16
16,Baseline,159,323.132620,137973.768297,0.000000,0.169610,13
16,Baseline,160,323.105460,105543.372488,0.000000,0.178001,16
16,Baseline,161,323.105460,105543.372488,0.000000,0.178001,16
16,Baseline,162,323.105460,105543.372488,0.000000,0.178001,16
16,Baseline,163,323.105460,105543.372488,0.000000,0.178001,16
16,Baseline,164,323.105460,105543.372488,0.000000,0.178001,16
16,Baseline,165,323.105460,105543.372488,0.000000,0.178001,16
16,Baseline,166,323.105460,105543.372488,0.000000,0.178001,16
16,Baseline,167,323.105460,105543.372488,0.000000,0.178001,16
16,Baseline,168,323.105460,105543.372488,0.000000,0.178001,16
16,Baseline,169,323.105460,105543.372488,0.000000,0.178001,16
16,Baseline,170,323.105460,105543.372488,0.000000,0.178001,16
16,Baseline,171,323.256500,143073.938919,0.000000,0.131338,15
16,Baseline,172,323.256500,143073.938919,0.000000,0.131338,15
16,Baseline,173,323.105460,105543.372488,0.000000,0.178001,16
16,Baseline,174,323.105460,105543.372488,0.000000,0.178001,16
16,Baseline,175,323.105460,105543.372488,0.000000,0.178001,16
16,Baseline,176,323.105460,105543.372488,0.000000,0.178001,16
16,Baseline,177,323.105460,105543.372488,0.000000,0.178001,16
16,Baseline,178,323.105460,105543.372488,0.000000,0.178001,16
16,Baseline,179,323.105460,105543.372488,0.000000,0.178001,16
16,Baseline,180,323.105460,105543.372488,0.000000,0.178001,16
16,Baseline,181,323.256500,143073.938919,0.000000,0.131338,15
16,Baseline,182,323.105460,105543.372488,0.000000,0.178001,16
16,Baseline,183,323.155618,142180.346640,0.000000,0.162505,14
16,Baseline,184,323.155618,142180.346640,0.000000,0.162505,14
16,Baseline,185,323.155618,142180.346640,0.000000,0.162505,14
16,Baseline,186,323.105460,105543.372488,0.000000,0.178001,16
16,Baseline,187,323.105460,105543.372488,0.000000,0.178001,16
16,Baseline,188,323.105460,105543.372488,0.000000,0.178001,16
16,Baseline,189,323.105460,105543.372488,0.000000,0.178001,16
16,Baseline,190,323.105460,105543.372488,0.000000,0.178001,16
16,Baseline,191,323.105460,105543.372488,0.000000,0.178001,16
16,Baseline,192,323.105460,105543.372488,0.000000,0.178001,16
16,Baseline,193,323.105460,105543.372488,0.000000,0.178001,16
16,Baseline,194,323.105460,105543.372488,0.000000,0.178001,16
16,Baseline,195,323.105460,105543.372488,0.000000,0.178001,16
16,Baseline,196,323.105460,105543.372488,0.000000,0.178001,16
16,Baseline,197,323.105460,105543.372488,0.000000,0.178001,16
16,Baseline,198,323.105460,105543.372488,0.000000,0.178001,16
16,Baseline,199,323.105460,105543.372488,0.000000,0.178001,16
16,Baseline,200,323.105460,105543.372488,0.000000,0.178001,16
16,Baseline,201,323.105460,105543.372488,0.000000,0.178001,16
16,Baseline,202,323.105460,105543.372488,0.000000,0.178001,16
16,Baseline,203,323.105460,105543.372488,0.000000,0.178001,16
16,Baseline,204,323.105460,105543.372488,0.000000,0.178001,16
16,Baseline,205,323.105460,105543.372488,0.000000,0.178001,16
16,Baseline,206,323.105460,105543.372488,0.000000,0.178001,16
16,Baseline,207,323.256500,143073.938919,0.000000,0.131338,15
16,Baseline,208,323.256500,143073.938919,0.000000,0.131338,15
16,Baseline,209,323.256500,143073.938919,0.000000,0.131338,15
16,Baseline,210,323.256500,143073.938919,0.000000,0.131338,15
16,Baseline,211,323.155618,142180.346640,0.000000,0.162505,14
16,Baseline,212,323.155618,142180.346640,0.000000,0.162505,14
16,Baseline,213,323.256500,143073.938919,0.000000,0.131338,15
16,Baseline,214,323.132620,137973.768297,0.000000,0.169610,13
16,Baseline,215,323.155618,142180.346640,0.000000,0.162505,14
16,Baseline,216,323.105460,105543.372488,0.000000,0.178001,16
16,Baseline,217,323.105460,105543.372488,0.000000,0.178001,16
16,Baseline,218,323.105460,105543.372488,0.000000,0.178001,16
16,Baseline,219,323.105460,105543.372488,0.000000,0.178001,16
16,Baseline,220,323.105460,105543.372488,0.000000,0.178001,16
16,Baseline,221,323.105460,105543.372488,0.000000,0.178001,16
16,Baseline,222,323.256500,143073.938919,0.000000,0.131338,15
16,Baseline,223,323.105460,105543.372488,0.000000,0.178001,16
16,Baseline,224,323.105460,105543.372488,0.000000,0.178001,16
16,Baseline,225,323.256500,143073.938919,0.000000,0.131338,15
16,Baseline,226,323.256500,143073.938919,0.000000,0.131338,15
16,Baseline,227,323.105460,105543.372488,0.000000,0.178001,16
16,Baseline,228,323.105460,105543.372488,0.000000,0.178001,16
16,Baseline,229,323.105460,105543.372488,0.000000,0.178001,16
16,Baseline,230,323.105460,105543.372488,0.000000,0.178001,16
16,Baseline,231,323.105460,105543.372488,0.000000,0.178001,16
16,Baseline,232,323.105460,105543.372488,0.000000,0.178001,16
16,Baseline,233,323.132620,137973.768297,0.000000,0.169610,13
16,Baseline,234,323.256500,143073.938919,0.000000,0.131338,15
16,Baseline,235,323.105460,105543.372488,0.000000,0.178001,16
16,Baseline,236,323.132620,137973.768297,0.000000,0.169610,13
16,Baseline,237,323.105460,105543.372488,0.000000,0.178001,16
16,Baseline,238,323.105460,105543.372488,0.000000,0.178001,16
16,Baseline,239,323.105460,105543.372488,0.000000,0.178001,16
16,Baseline,240,323.105460,105543.372488,0.000000,0.178001,16
16,Baseline,241,323.105460,105543.372488,0.000000,0.178001,16
16,Baseline,242,323.105460,105543.372488,0.000000,0.178001,16
16,Baseline,243,323.256500,143073.938919,0.000000,0.131338,15
16,Baseline,244,323.256500,143073.938919,0.000000,0.131338,15
16,Baseline,245,323.256500,143073.938919,0.000000,0.131338,15
16,Baseline,246,323.105460,105543.372488,0.000000,0.178001,16
16,Baseline,247,323.105460,105543.372488,0.000000,0.178001,16
16,Baseline,248,323.105460,105543.372488,0.000000,0.178001,16
16,Baseline,249,323.105460,105543.372488,0.000000,0.178001,16
16,Baseline,250,323.105460,105543.372488,0.000000,0.178001,16
16,Baseline,251,323.105460,105543.372488,0.000000,0.178001,16
16,Baseline,252,323.105460,105543.372488,0.000000,0.178001,16
16,Baseline,253,323.105460,105543.372488,0.000000,0.178001,16
16,Baseline,254,323.105460,105543.372488,0.000000,0.178001,16
16,Baseline,255,323.256500,143073.938919,0.000000,0.131338,15
16,Baseline,256,323.105460,105543.372488,0.000000,0.178001,16
16,Baseline,257,323.105460,105543.372488,0.000000,0.178001,16
16,Baseline,258,323.256500,143073.938919,0.000000,0.131338,15
16,Baseline,259,323.256500,143073.938919,0.000000,0.131338,15
16,Baseline,260,323.105460,105543.372488,0.000000,0.178001,16
16,Baseline,261,323.105460,105543.372488,0.000000,0.178001,16
16,Baseline,262,323.105460,105543.372488,0.000000,0.178001,16
16,Baseline,263,323.105460,105543.372488,0.000000,0.178001,16
16,Baseline,264,323.105460,105543.372488,0.000000,0.178001,16
16,Baseline,265,323.105460,105543.372488,0.000000,0.178001,16
16,Baseline,266,323.155618,142180.346640,0.000000,0.162505,14
16,Baseline,267,323.155618,142180.346640,0.000000,0.162505,14
16,Baseline,268,323.105460,105543.372488,0.000000,0.178001,16
16,Baseline,269,323.105460,105543.372488,0.000000,0.178001,16
16,Baseline,270,323.256500,143073.938919,0.000000,0.131338,15
16,Baseline,271,323.155618,142180.346640,0.000000,0.162505,14
16,Baseline,272,323.256500,143073.938919,0.000000,0.131338,15
16,Baseline,273,323.256500,143073.938919,0.000000,0.131338,15
16,Baseline,274,323.132620,137973.768297,0.000000,0.169610,13
16,Baseline,275,323.256500,143073.938919,0.000000,0.131338,15
16,Baseline,276,323.132620,137973.768297,0.000000,0.169610,13
16,Baseline,277,323.155618,142180.346640,0.000000,0.162505,14
16,Baseline,278,323.105460,105543.372488,0.000000,0.178001,16
16,Baseline,279,323.105460,105543.372488,0.000000,0.178001,16
16,Baseline,280,323.105460,105543.372488,0.000000,0.178001,16
16,Baseline,281,323.105460,105543.372488,0.000000,0.178001,16
16,Baseline,282,323.105460,105543.372488,0.000000,0.178001,16
16,Baseline,283,323.105460,105543.372488,0.000000,0.178001,16
16,Baseline,284,323.105460,105543.372488,0.000000,0.178001,16
16,Baseline,285,323.105460,105543.372488,0.000000,0.178001,16
16,Baseline,286,323.105460,105543.372488,0.000000,0.178001,16
16,Baseline,287,323.105460,105543.372488,0.000000,0.178001,16
16,Baseline,288,323.105460,105543.372488,0.000000,0.178001,16
16,Baseline,289,323.105460,105543.372488,0.000000,0.178001,16
16,Baseline,290,323.155618,142180.346640,0.000000,0.162505,14
16,Baseline,291,323.132620,137973.768297,0.000000,0.169610,13
16,Baseline,292,323.132620,137973.768297,0.000000,0.169610,13
16,Baseline,293,323.098625,131737.552505,0.000000,0.180113,12
16,Baseline,294,323.256500,143073.938919,0.000000,0.131338,15
16,Baseline,295,323.105460,105543.372488,0.000000,0.178001,16
16,Baseline,296,323.105460,105543.372488,0.000000,0.178001,16
16,Baseline,297,323.105460,105543.372488,0.000000,0.178001,16
16,Baseline,298,323.105460,105543.372488,0.000000,0.178001,16
16,Proposed,0,463.186858,578901.973418,0.000000,0.677651,16
16,Proposed,1,462.754537,571979.337382,0.000000,0.670223,16
16,Proposed,2,463.251173,573107.654722,0.000000,0.670822,16
17,Baseline,0,427.362606,295026.361279,0.000000,0.251030,14
17,Baseline,1,427.362606,295026.361279,0.000000,0.251030,14
17,Baseline,2,420.182850,294335.431326,0.000000,0.268818,14
17,Baseline,3,420.182850,294335.431326,0.000000,0.268818,14
17,Baseline,4,419.589925,289830.156502,0.000000,0.252951,14
17,Baseline,5,419.589925,289830.156502,0.000000,0.252951,14
17,Baseline,6,419.411207,298992.063304,0.000000,0.242201,14
17,Baseline,7,419.411207,298992.063304,0.000000,0.242201,14
17,Baseline,8,418.807249,278320.223154,0.000000,0.246084,14
17,Baseline,9,418.807249,278320.223154,0.000000,0.246084,14
17,Baseline,10,418.490553,285337.386146,0.000000,0.247522,14
17,Baseline,11,418.490553,285337.386146,0.000000,0.247522,14
17,Baseline,12,417.690176,278685.676287,0.000000,0.239853,14
17,Baseline,13,417.690176,278685.676287,0.000000,0.239853,14
17,Baseline,14,417.657064,268547.049544,0.000000,0.218485,14
17,Baseline,15,417.657064,268547.049544,0.000000,0.218485,14
17,Baseline,16,415.097775,200603.859760,0.000000,0.263121,16
17,Baseline,17,415.227647,271584.644241,0.000000,0.231916,14
17,Baseline,18,414.545470,286572.223798,0.000000,0.193811,15
17,Baseline,19,414.545470,286572.223798,0.000000,0.193811,15
17,Baseline,20,412.705479,202866.731823,0.000000,0.267619,16
17,Baseline,21,412.814031,259299.028071,0.000000,0.241387,13
17,Baseline,22,411.872238,251912.751684,0.000000,0.239783,13
17,Baseline,23,411.872238,251912.751684,0.000000,0.239783,13
17,Baseline,24,409.011628,234901.042638,0.000000,0.227733,13
17,Baseline,25,408.768243,259135.012310,0.000000,0.180959,15
17,Baseline,26,408.768243,259135.012310,0.000000,0.180959,15
17,Baseline,27,408.356698,254349.458685,0.000000,0.181311,15
17,Baseline,28,408.082645,186078.042277,0.000000,0.248301,16
17,Baseline,29,402.586186,177544.230861,0.000000,0.240167,16
17,Baseline,30,402.586186,177544.230861,0.000000,0.240167,16
17,Baseline,31,400.865253,172351.467864,0.000000,0.234158,16
17,Baseline,32,400.865253,172351.467864,0.000000,0.234158,16
17,Baseline,33,396.465577,168889.509951,0.000000,0.232006,16
17,Baseline,34,396.465577,168889.509951,0.000000,0.232006,16
17,Baseline,35,395.097107,164416.389665,0.000000,0.226656,16
17,Baseline,36,395.097107,164416.389665,0.000000,0.226656,16
17,Baseline,37,394.818691,162191.242062,0.000000,0.223752,16
17,Baseline,38,394.818691,162191.242062,0.000000,0.223752,16
17,Baseline,39,388.744764,164942.847324,0.000000,0.231087,16
17,Baseline,40,388.744764,164942.847324,0.000000,0.231087,16
17,Baseline,41,385.527476,165703.652108,0.000000,0.234083,16
17,Baseline,42,385.527476,165703.652108,0.000000,0.234083,16
17,Baseline,43,384.443854,162347.654127,0.000000,0.229998,16
17,Baseline,44,384.443854,162347.654127,0.000000,0.229998,16
17,Baseline,45,379.256368,167755.434403,0.000000,0.240883,16
17,Baseline,46,379.256368,167755.434403,0.000000,0.240883,16
17,Baseline,47,377.556670,162236.665072,0.000000,0.234024,16
17,Baseline,48,377.556670,162236.665072,0.000000,0.234024,16
17,Baseline,49,376.247500,155177.877550,0.000000,0.224642,16
17,Baseline,50,376.247500,155177.877550,0.000000,0.224642,16
17,Baseline,51,374.061665,163554.725303,0.000000,0.177859,13
17,Baseline,52,374.140043,177774.215543,0.000000,0.156943,14
17,Baseline,53,371.832034,179355.662891,0.000000,0.165091,14
17,Baseline,54,371.832034,179355.662891,0.000000,0.165091,14
17,Baseline,55,356.111129,163787.793987,0.000000,0.148090,14
17,Baseline,56,356.069056,156057.644960,0.000000,0.159887,13
17,Baseline,57,355.819196,179542.577705,0.000000,0.167901,14
17,Baseline,58,355.819196,179542.577705,0.000000,0.167901,14
17,Baseline,59,355.378536,176411.714185,0.000000,0.149201,15
17,Baseline,60,355.378536,176411.714185,0.000000,0.149201,15
17,Baseline,61,354.042399,153229.143215,0.000000,0.171649,13
17,Baseline,62,353.960924,126439.941539,0.000000,0.194623,16
17,Baseline,63,353.632360,125672.223935,0.000000,0.193623,16
17,Baseline,64,353.632360,125672.223935,0.000000,0.193623,16
17,Baseline,65,353.253326,121882.323805,0.000000,0.187996,16
17,Baseline,66,353.253326,121882.323805,0.000000,0.187996,16
17,Baseline,67,351.605125,167756.836099,0.000000,0.147375,15
17,Baseline,68,351.605125,167756.836099,0.000000,0.147375,15
17,Baseline,69,347.817418,117533.461827,0.000000,0.184128,16
17,Baseline,70,347.883558,143081.935431,0.000000,0.165148,13
17,Baseline,71,345.971042,120956.262712,0.000000,0.190490,16
17,Baseline,72,345.971042,120956.262712,0.000000,0.190490,16
17,Baseline,73,338.928789,148506.624136,0.000000,0.172370,14
17,Baseline,74,338.977117,151087.035871,0.000000,0.158135,15
17,Baseline,75,335.571404,154134.766238,0.000000,0.149572,15
17,Baseline,76,335.571404,154134.766238,0.000000,0.149572,15
17,Baseline,77,334.516823,153038.737374,0.000000,0.146024,15
17,Baseline,78,334.447617,144922.888295,0.000000,0.166682,14
17,Baseline,79,331.640017,146183.602337,0.000000,0.137451,15
17,Baseline,80,331.617423,142664.557096,0.000000,0.144255,14
17,Baseline,81,328.490770,126998.133562,0.000000,0.140822,14
17,Baseline,82,328.490770,126998.133562,0.000000,0.140822,14
17,Baseline,83,325.864105,144497.071778,0.000000,0.153833,14
17,Baseline,84,325.864105,144497.071778,0.000000,0.153833,14
17,Baseline,85,324.240456,147682.541238,0.000000,0.158233,14
17,Baseline,86,324.240456,147682.541238,0.000000,0.158233,14
17,Baseline,87,322.057155,130508.357571,0.000000,0.148534,14
17,Baseline,88,322.057155,130508.357571,0.000000,0.148534,14
17,Baseline,89,315.824028,134875.377505,0.000000,0.140933,14
17,Baseline,90,315.824028,134875.377505,0.000000,0.140933,14
17,Baseline,91,315.824028,134875.377505,0.000000,0.140933,14
17,Baseline,92,315.824028,134875.377505,0.000000,0.140933,14
17,Baseline,93,315.824028,134875.377505,0.000000,0.140933,14
17,Baseline,94,315.824028,134875.377505,0.000000,0.140933,14
17,Baseline,95,315.824028,134875.377505,0.000000,0.140933,14
17,Baseline,96,315.824028,134875.377505,0.000000,0.140933,14
17,Baseline,97,315.824028,134875.377505,0.000000,0.140933,14
17,Baseline,98,315.824028,134875.377505,0.000000,0.140933,14
17,Baseline,99,315.824028,134875.377505,0.000000,0.140933,14
17,Baseline,100,315.824028,134875.377505,0.000000,0.140933,14
17,Baseline,101,315.824028,134875.377505,0.000000,0.140933,14
17,Baseline,102,315.824028,134875.377505,0.000000,0.140933,14
17,Baseline,103,315.824028,134875.377505,0.000000,0.140933,14
17,Baseline,104,315.824028,134875.377505,0.000000,0.140933,14
17,Baseline,105,315.824028,134875.377505,0.000000,0.140933,14
17,Baseline,106,315.824028,134875.377505,0.000000,0.140933,14
17,Baseline,107,315.824028,134875.377505,0.000000,0.140933,14
17,Baseline,108,315.824028,134875.377505,0.000000,0.140933,14
17,Baseline,109,315.824028,134875.377505,0.000000,0.140933,14
17,Baseline,110,315.824028,134875.377505,0.000000,0.140933,14
17,Baseline,111,315.824028,134875.377505,0.000000,0.140933,14
17,Baseline,112,315.824028,134875.377505,0.000000,0.140933,14
17,Baseline,113,315.824028,134875.377505,0.000000,0.140933,14
17,Baseline,114,315.824028,134875.377505,0.000000,0.140933,14
17,Baseline,115,315.824028,134875.377505,0.000000,0.140933,14
17,Baseline,116,315.824028,134875.377505,0.000000,0.140933,14
17,Baseline,117,315.824028,134875.377505,0.000000,0.140933,14
17,Baseline,118,315.824028,134875.377505,0.000000,0.140933,14
17,Baseline,119,315.824028,134875.377505,0.000000,0.140933,14
17,Baseline,120,315.824028,134875.377505,0.000000,0.140933,14
17,Baseline,121,315.824028,134875.377505,0.000000,0.140933,14
17,Baseline,122,315.824028,134875.377505,0.000000,0.140933,14
17,Baseline,123,315.824028,134875.377505,0.000000,0.140933,14
17,Baseline,124,315.824028,134875.377505,0.000000,0.140933,14
17,Baseline,125,315.824028,134875.377505,0.000000,0.140933,14
17,Baseline,126,315.824028,134875.377505,0.000000,0.140933,14
17,Baseline,127,315.824028,134875.377505,0.000000,0.140933,14
17,Baseline,128,315.824028,134875.377505,0.000000,0.140933,14
17,Baseline,129,315.824028,134875.377505,0.000000,0.140933,14
17,Baseline,130,315.824028,134875.377505,0.000000,0.140933,14
17,Baseline,131,315.824028,134875.377505,0.000000,0.140933,14
17,Baseline,132,315.824028,134875.377505,0.000000,0.140933,14
17,Baseline,133,315.824028,134875.377505,0.000000,0.140933,14
17,Baseline,134,315.824028,134875.377505,0.000000,0.140933,14
17,Baseline,135,315.824028,134875.377505,0.000000,0.140933,14
17,Baseline,136,315.824028,134875.377505,0.000000,0.140933,14
17,Baseline,137,315.824028,134875.377505,0.000000,0.140933,14
17,Baseline,138,315.824028,134875.377505,0.000000,0.140933,14
17,Baseline,139,315.824028,134875.377505,0.000000,0.140933,14
17,Baseline,140,315.824028,134875.377505,0.000000,0.140933,14
17,Baseline,141,315.824028,134875.377505,0.000000,0.140933,14
17,Baseline,142,315.824028,134875.377505,0.000000,0.140933,14
17,Baseline,143,315.824028,134875.377505,0.000000,0.140933,14
17,Baseline,144,315.824028,134875.377505,0.000000,0.140933,14
17,Baseline,145,315.824028,134875.377505,0.000000,0.140933,14
17,Baseline,146,315.824028,134875.377505,0.000000,0.140933,14
17,Baseline,147,315.824028,134875.377505,0.000000,0.140933,14
17,Baseline,148,315.824028,134875.377505,0.000000,0.140933,14
17,Baseline,149,315.824028,134875.377505,0.000000,0.140933,14
17,Baseline,150,315.824028,134875.377505,0.000000,0.140933,14
17,Baseline,151,315.824028,134875.377505,0.000000,0.140933,14
17,Baseline,152,315.824028,134875.377505,0.000000,0.140933,14
17,Baseline,153,315.824028,134875.377505,0.000000,0.140933,14
17,Baseline,154,315.824028,134875.377505,0.000000,0.140933,14
17,Baseline,155,315.824028,134875.377505,0.000000,0.140933,14
17,Baseline,156,315.824028,134875.377505,0.000000,0.140933,14
17,Baseline,157,315.786009,127852.503530,0.000000,0.152954,13
17,Baseline,158,315.824028,134875.377505,0.000000,0.140933,14
17,Baseline,159,315.824028,134875.377505,0.000000,0.140933,14
17,Baseline,160,315.824028,134875.377505,0.000000,0.140933,14
17,Baseline,161,315.824028,134875.377505,0.000000,0.140933,14
17,Baseline,162,315.824028,134875.377505,0.000000,0.140933,14
17,Baseline,163,315.824028,134875.377505,0.000000,0.140933,14
17,Baseline,164,315.824028,134875.377505,0.000000,0.140933,14
17,Baseline,165,315.824028,134875.377505,0.000000,0.140933,14
17,Baseline,166,315.824028,134875.377505,0.000000,0.140933,14
17,Baseline,167,315.824028,134875.377505,0.000000,0.140933,14
17,Baseline,168,315.824028,134875.377505,0.000000,0.140933,14
17,Baseline,169,315.824028,134875.377505,0.000000,0.140933,14
17,Baseline,170,315.824028,134875.377505,0.000000,0.140933,14
17,Baseline,171,315.824028,134875.377505,0.000000,0.140933,14
17,Baseline,172,315.824028,134875.377505,0.000000,0.140933,14
17,Baseline,173,315.824028,134875.377505,0.000000,0.140933,14
17,Baseline,174,315.824028,134875.377505,0.000000,0.140933,14
17,Baseline,175,315.824028,134875.377505,0.000000,0.140933,14
17,Baseline,176,315.824028,134875.377505,0.000000,0.140933,14
17,Baseline,177,315.824028,134875.377505,0.000000,0.140933,14
17,Baseline,178,315.824028,134875.377505,0.000000,0.140933,14
17,Baseline,179,315.824028,134875.377505,0.000000,0.140933,14
17,Baseline,180,315.824028,134875.377505,0.000000,0.140933,14
17,Baseline,181,315.824028,134875.377505,0.000000,0.140933,14
17,Baseline,182,315.824028,134875.377505,0.000000,0.140933,14
17,Baseline,183,315.824028,134875.377505,0.000000,0.140933,14
17,Baseline,184,315.824028,134875.377505,0.000000,0.140933,14
17,Baseline,185,315.824028,134875.377505,0.000000,0.140933,14
17,Baseline,186,315.824028,134875.377505,0.000000,0.140933,14
17,Baseline,187,315.824028,134875.377505,0.000000,0.140933,14
17,Baseline,188,315.824028,134875.377505,0.000000,0.140933,14
17,Baseline,189,315.824028,134875.377505,0.000000,0.140933,14
17,Baseline,190,315.824028,134875.377505,0.000000,0.140933,14
17,Baseline,191,315.824028,134875.377505,0.000000,0.140933,14
17,Baseline,192,315.824028,134875.377505,0.000000,0.140933,14
17,Baseline,193,315.824028,134875.377505,0.000000,0.140933,14
17,Baseline,194,315.824028,134875.377505,0.000000,0.140933,14
17,Baseline,195,315.824028,134875.377505,0.000000,0.140933,14
17,Baseline,196,315.824028,134875.377505,0.000000,0.140933,14
17,Baseline,197,315.824028,134875.377505,0.000000,0.140933,14
17,Baseline,198,315.824028,134875.377505,0.000000,0.140933,14
17,Baseline,199,315.824028,134875.377505,0.000000,0.140933,14
17,Baseline,200,315.824028,134875.377505,0.000000,0.140933,14
17,Baseline,201,315.824028,134875.377505,0.000000,0.140933,14
17,Baseline,202,315.824028,134875.377505,0.000000,0.140933,14
17,Baseline,203,315.824028,134875.377505,0.000000,0.140933,14
17,Baseline,204,315.824028,134875.377505,0.000000,0.140933,14
17,Baseline,205,315.824028,134875.377505,0.000000,0.140933,14
17,Baseline,206,315.824028,134875.377505,0.000000,0.140933,14
17,Baseline,207,315.824028,134875.377505,0.000000,0.140933,14
17,Baseline,208,315.824028,134875.377505,0.000000,0.140933,14
17,Baseline,209,315.824028,134875.377505,0.000000,0.140933,14
17,Baseline,210,315.824028,134875.377505,0.000000,0.140933,14
17,Baseline,211,315.824028,134875.377505,0.000000,0.140933,14
17,Baseline,212,315.824028,134875.377505,0.000000,0.140933,14
17,Baseline,213,315.824028,134875.377505,0.000000,0.140933,14
17,Baseline,214,315.824028,134875.377505,0.000000,0.140933,14
17,Baseline,215,315.824028,134875.377505,0.000000,0.140933,14
17,Baseline,216,315.786009,127852.503530,0.000000,0.152954,13
17,Baseline,217,315.824028,134875.377505,0.000000,0.140933,14
17,Baseline,218,315.824028,134875.377505,0.000000,0.140933,14
17,Baseline,219,315.824028,134875.377505,0.000000,0.140933,14
17,Baseline,220,315.824028,134875.377505,0.000000,0.140933,14
17,Baseline,221,315.824028,134875.377505,0.000000,0.140933,14
17,Baseline,222,315.824028,134875.377505,0.000000,0.140933,14
17,Baseline,223,315.824028,134875.377505,0.000000,0.140933,14
17,Baseline,224,315.824028,134875.377505,0.000000,0.140933,14
17,Baseline,225,315.824028,134875.377505,0.000000,0.140933,14
17,Baseline,226,315.824028,134875.377505,0.000000,0.140933,14
17,Baseline,227,315.824028,134875.377505,0.000000,0.140933,14
17,Baseline,228,315.824028,134875.377505,0.000000,0.140933,14
17,Baseline,229,315.824028,134875.377505,0.000000,0.140933,14
17,Baseline,230,315.824028,134875.377505,0.000000,0.140933,14
17,Baseline,231,315.824028,134875.377505,0.000000,0.140933,14
17,Baseline,232,315.824028,134875.377505,0.000000,0.140933,14
17,Baseline,233,315.824028,134875.377505,0.000000,0.140933,14
17,Baseline,234,315.824028,134875.377505,0.000000,0.140933,14
17,Baseline,235,315.824028,134875.377505,0.000000,0.140933,14
17,Baseline,236,315.824028,134875.377505,0.000000,0.140933,14
17,Baseline,237,315.824028,134875.377505,0.000000,0.140933,14
17,Baseline,238,315.824028,134875.377505,0.000000,0.140933,14
17,Baseline,239,315.824028,134875.377505,0.000000,0.140933,14
17,Baseline,240,315.824028,134875.377505,0.000000,0.140933,14
17,Baseline,241,315.824028,134875.377505,0.000000,0.140933,14
17,Baseline,242,315.824028,134875.377505,0.000000,0.140933,14
17,Baseline,243,315.824028,134875.377505,0.000000,0.140933,14
17,Baseline,244,315.824028,134875.377505,0.000000,0.140933,14
17,Baseline,245,315.824028,134875.377505,0.000000,0.140933,14
17,Baseline,246,315.824028,134875.377505,0.000000,0.140933,14
17,Baseline,247,315.824028,134875.377505,0.000000,0.140933,14
17,Baseline,248,315.824028,134875.377505,0.000000,0.140933,14
17,Baseline,249,315.824028,134875.377505,0.000000,0.140933,14
17,Baseline,250,315.824028,134875.377505,0.000000,0.140933,14
17,Baseline,251,315.824028,134875.377505,0.000000,0.140933,14
17,Baseline,252,315.824028,134875.377505,0.000000,0.140933,14
17,Baseline,253,315.824028,134875.377505,0.000000,0.140933,14
17,Baseline,254,315.824028,134875.377505,0.000000,0.140933,14
17,Baseline,255,315.824028,134875.377505,0.000000,0.140933,14
17,Baseline,256,315.824028,134875.377505,0.000000,0.140933,14
17,Baseline,257,315.824028,134875.377505,0.000000,0.140933,14
17,Baseline,258,315.824028,134875.377505,0.000000,0.140933,14
17,Baseline,259,315.824028,134875.377505,0.000000,0.140933,14
17,Baseline,260,315.824028,134875.377505,0.000000,0.140933,14
17,Baseline,261,315.824028,134875.377505,0.000000,0.140933,14
17,Baseline,262,315.824028,134875.377505,0.000000,0.140933,14
17,Baseline,263,315.824028,134875.377505,0.000000,0.140933,14
17,Baseline,264,315.824028,134875.377505,0.000000,0.140933,14
17,Baseline,265,315.824028,134875.377505,0.000000,0.140933,14
17,Baseline,266,315.824028,134875.377505,0.000000,0.140933,14
17,Baseline,267,315.824028,134875.377505,0.000000,0.140933,14
17,Baseline,268,315.824028,134875.377505,0.000000,0.140933,14
17,Baseline,269,315.824028,134875.377505,0.000000,0.140933,14
17,Baseline,270,315.824028,134875.377505,0.000000,0.140933,14
17,Baseline,271,315.824028,134875.377505,0.000000,0.140933,14
17,Baseline,272,315.824028,134875.377505,0.000000,0.140933,14
17,Baseline,273,315.824028,134875.377505,0.000000,0.140933,14
17,Baseline,274,315.824028,134875.377505,0.000000,0.140933,14
17,Baseline,275,315.824028,134875.377505,0.000000,0.140933,14
17,Baseline,276,315.824028,134875.377505,0.000000,0.140933,14
17,Baseline,277,315.824028,134875.377505,0.000000,0.140933,14
17,Baseline,278,315.824028,134875.377505,0.000000,0.140933,14
17,Baseline,279,315.824028,134875.377505,0.000000,0.140933,14
17,Baseline,280,315.824028,134875.377505,0.000000,0.140933,14
17,Baseline,281,315.824028,134875.377505,0.000000,0.140933,14
17,Baseline,282,315.824028,134875.377505,0.000000,0.140933,14
17,Baseline,283,315.824028,134875.377505,0.000000,0.140933,14
17,Baseline,284,315.824028,134875.377505,0.000000,0.140933,14
17,Baseline,285,315.824028,134875.377505,0.000000,0.140933,14
17,Baseline,286,315.824028,134875.377505,0.000000,0.140933,14
17,Baseline,287,315.824028,134875.377505,0.000000,0.140933,14
17,Baseline,288,315.824028,134875.377505,0.000000,0.140933,14
17,Baseline,289,315.824028,134875.377505,0.000000,0.140933,14
17,Baseline,290,315.824028,134875.377505,0.000000,0.140933,14
17,Proposed,0,463.535152,571149.319112,0.000000,0.668138,16
17,Proposed,1,463.646587,572244.091793,0.000000,0.669250,16
17,Proposed,2,463.715254,573580.667913,0.000000,0.670704,16
17,Proposed,3,462.760395,572107.392384,0.000000,0.670364,16
17,Proposed,4,462.517105,568014.151025,0.000000,0.665948,16
18,Baseline,0,435.264191,266300.007257,0.000000,0.429171,8
18,Baseline,1,435.371085,276912.439838,0.000000,0.404718,9
18,Baseline,2,435.589934,377006.967593,0.000000,0.354654,7
18,Baseline,3,435.589934,377006.967593,0.000000,0.354654,7
18,Baseline,4,433.511575,277585.419645,0.000000,0.405730,9
18,Baseline,5,433.403873,263521.315441,0.000000,0.430474,8
18,Baseline,6,431.106081,300239.200240,0.000000,0.352491,10
18,Baseline,7,430.889654,276207.045815,0.000000,0.402517,9
18,Baseline,8,430.866566,336875.430511,0.000000,0.407854,6
18,Baseline,9,430.866566,336875.430511,0.000000,0.407854,6
18,Baseline,10,430.110439,245170.967618,0.000000,0.310206,16
18,Baseline,11,430.110439,245170.967618,0.000000,0.310206,16
18,Baseline,12,426.478872,331669.952957,0.000000,0.235435,15
18,Baseline,13,426.478872,331669.952957,0.000000,0.235435,15
18,Baseline,14,422.326718,327175.431681,0.000000,0.234988,15
18,Baseline,15,422.326718,327175.431681,0.000000,0.234988,15
18,Baseline,16,422.058955,318299.110717,0.000000,0.251603,15
18,Baseline,17,422.058955,318299.110717,0.000000,0.251603,15
18,Baseline,18,420.645080,324899.423713,0.000000,0.239389,15
18,Baseline,19,420.330482,242535.828240,0.000000,0.314000,16
18,Baseline,20,419.392174,213149.818501,0.000000,0.276676,16
18,Baseline,21,419.392174,213149.818501,0.000000,0.276676,16
18,Baseline,22,418.210989,206161.987001,0.000000,0.268384,16
18,Baseline,23,418.210989,206161.987001,0.000000,0.268384,16
18,Baseline,24,412.775799,189121.783909,0.000000,0.249490,16
18,Baseline,25,412.775799,189121.783909,0.000000,0.249490,16
18,Baseline,26,411.925182,195517.085272,0.000000,0.258436,16
18,Baseline,27,411.925182,195517.085272,0.000000,0.258436,16
18,Baseline,28,408.136697,244556.938149,0.000000,0.171149,15
18,Baseline,29,407.864919,177963.093361,0.000000,0.237624,16
18,Baseline,30,405.871483,246743.111323,0.000000,0.178588,15
18,Baseline,31,405.871483,246743.111323,0.000000,0.178588,15
18,Baseline,32,405.777136,240347.391202,0.000000,0.177993,15
18,Baseline,33,405.777136,240347.391202,0.000000,0.177993,15
18,Baseline,34,403.663731,244847.538092,0.000000,0.176825,15
18,Baseline,35,403.549015,233550.847679,0.000000,0.205194,14
18,Baseline,36,401.776097,189941.569370,0.000000,0.257411,16
18,Baseline,37,401.776097,189941.569370,0.000000,0.257411,16
18,Baseline,38,399.120218,220520.447476,0.000000,0.204081,14
18,Baseline,39,399.120218,220520.447476,0.000000,0.204081,14
18,Baseline,40,395.749242,241383.017090,0.000000,0.218368,14
18,Baseline,41,395.749242,241383.017090,0.000000,0.218368,14
18,Baseline,42,395.335144,215932.142421,0.000000,0.189352,14
18,Baseline,43,395.335144,215932.142421,0.000000,0.189352,14
18,Baseline,44,391.669357,157357.908878,0.000000,0.218841,16
18,Baseline,45,391.860683,211727.272299,0.000000,0.170099,15
18,Baseline,46,388.229746,154021.940920,0.000000,0.216105,16
18,Baseline,47,388.229746,154021.940920,0.000000,0.216105,16
18,Baseline,48,387.024762,155262.951884,0.000000,0.218519,16
18,Baseline,49,387.108674,192090.088905,0.000000,0.196885,13
18,Baseline,50,382.778323,173567.292835,0.000000,0.184056,13
18,Baseline,51,382.778323,173567.292835,0.000000,0.184056,13
18,Baseline,52,379.680629,149535.851131,0.000000,0.214538,16
18,Baseline,53,379.680629,149535.851131,0.000000,0.214538,16
18,Baseline,54,375.261410,143623.624887,0.000000,0.208495,16
18,Baseline,55,375.446857,199436.304638,0.000000,0.166905,15
18,Baseline,56,375.374543,190557.849040,0.000000,0.186134,14
18,Baseline,57,373.683243,196843.845832,0.000000,0.166540,15
18,Baseline,58,373.683243,196843.845832,0.000000,0.166540,15
18,Baseline,59,373.338082,195141.742222,0.000000,0.161039,15
18,Baseline,60,373.338082,195141.742222,0.000000,0.161039,15
18,Baseline,61,371.451791,180174.811976,0.000000,0.160472,15
18,Baseline,62,371.451791,180174.811976,0.000000,0.160472,15
18,Baseline,63,369.050959,183489.007832,0.000000,0.159589,15
18,Baseline,64,369.050959,183489.007832,0.000000,0.159589,15
18,Baseline,65,365.934076,179376.502254,0.000000,0.195750,14
18,Baseline,66,365.934076,179376.502254,0.000000,0.195750,14
18,Baseline,67,362.498080,176752.118163,0.000000,0.176876,14
18,Baseline,68,362.498080,176752.118163,0.000000,0.176876,14
18,Baseline,69,359.895958,190445.627718,0.000000,0.164260,15
18,Baseline,70,359.803821,182323.260592,0.000000,0.189819,14
18,Baseline,71,357.293758,166822.747606,0.000000,0.173781,14
18,Baseline,72,357.361766,176816.389203,0.000000,0.154780,15
18,Baseline,73,355.855851,171519.788965,0.000000,0.145907,15
18,Baseline,74,355.750103,166495.797314,0.000000,0.175580,14
18,Baseline,75,350.913543,169830.523101,0.000000,0.177970,14
18,Baseline,76,350.974357,178778.446071,0.000000,0.160671,15
18,Baseline,77,350.012408,170341.618761,0.000000,0.148874,15
18,Baseline,78,350.012408,170341.618761,0.000000,0.148874,15
18,Baseline,79,343.776378,126604.962611,0.000000,0.200638,16
18,Baseline,80,343.776378,126604.962611,0.000000,0.200638,16
18,Baseline,81,343.168164,111032.000955,0.000000,0.176313,16
18,Baseline,82,343.168164,111032.000955,0.000000,0.176313,16
18,Baseline,83,340.871461,109667.444099,0.000000,0.175322,16
18,Baseline,84,340.871461,109667.444099,0.000000,0.175322,16
18,Baseline,85,339.478580,156897.740001,0.000000,0.131926,15
18,Baseline,86,339.435029,150624.322156,0.000000,0.144737,14
18,Baseline,87,337.590354,148753.298344,0.000000,0.143846,14
18,Baseline,88,337.465689,111920.964387,0.000000,0.180720,16
18,Baseline,89,335.684733,141686.898932,0.000000,0.133506,14
18,Baseline,90,335.684733,141686.898932,0.000000,0.133506,14
18,Baseline,91,329.435886,139291.806737,0.000000,0.140696,14
18,Baseline,92,329.447651,141405.912184,0.000000,0.137130,15
18,Baseline,93,329.407946,134706.311381,0.000000,0.149166,13
18,Baseline,94,329.435886,139291.806737,0.000000,0.140696,14
18,Baseline,95,329.447651,141405.912184,0.000000,0.137130,15
18,Baseline,96,329.447651,141405.912184,0.000000,0.137130,15
18,Baseline,97,329.435886,139291.806737,0.000000,0.140696,14
18,Baseline,98,329.435886,139291.806737,0.000000,0.140696,14
18,Baseline,99,329.435886,139291.806737,0.000000,0.140696,14
18,Baseline,100,329.319480,106350.452430,0.000000,0.175982,16
18,Baseline,101,329.319480,106350.452430,0.000000,0.175982,16
18,Baseline,102,329.447651,141405.912184,0.000000,0.137130,15
18,Baseline,103,329.435886,139291.806737,0.000000,0.140696,14
18,Baseline,104,329.435886,139291.806737,0.000000,0.140696,14
18,Baseline,105,329.435886,139291.806737,0.000000,0.140696,14
18,Baseline,106,329.435886,139291.806737,0.000000,0.140696,14
18,Baseline,107,329.407946,134706.311381,0.000000,0.149166,13
18,Baseline,108,329.435886,139291.806737,0.000000,0.140696,14
18,Baseline,109,329.435886,139291.806737,0.000000,0.140696,14
18,Baseline,110,329.435886,139291.806737,0.000000,0.140696,14
18,Baseline,111,329.435886,139291.806737,0.000000,0.140696,14
18,Baseline,112,329.435886,139291.806737,0.000000,0.140696,14
18,Baseline,113,329.447651,141405.912184,0.000000,0.137130,15
18,Baseline,114,329.435886,139291.806737,0.000000,0.140696,14
18,Baseline,115,329.435886,139291.806737,0.000000,0.140696,14
18,Baseline,116,329.407946,134706.311381,0.000000,0.149166,13
18,Baseline,117,329.435886,139291.806737,0.000000,0.140696,14
18,Baseline,118,329.447651,141405.912184,0.000000,0.137130,15
18,Baseline,119,329.435886,139291.806737,0.000000,0.140696,14
18,Baseline,120,329.447651,141405.912184,0.000000,0.137130,15
18,Baseline,121,329.319480,106350.452430,0.000000,0.175982,16
18,Baseline,122,329.319480,106350.452430,0.000000,0.175982,16
18,Baseline,123,329.319480,106350.452430,0.000000,0.175982,16
18,Baseline,124,329.447651,141405.912184,0.000000,0.137130,15
18,Baseline,125,329.447651,141405.912184,0.000000,0.137130,15
18,Baseline,126,329.447651,141405.912184,0.000000,0.137130,15
18,Baseline,127,329.447651,141405.912184,0.000000,0.137130,15
18,Baseline,128,329.435886,139291.806737,0.000000,0.140696,14
18,Baseline,129,329.435886,139291.806737,0.000000,0.140696,14
18,Baseline,130,329.435886,139291.806737,0.000000,0.140696,14
18,Baseline,131,329.435886,139291.806737,0.000000,0.140696,14
18,Baseline,132,329.435886,139291.806737,0.000000,0.140696,14
18,Baseline,133,329.435886,139291.806737,0.000000,0.140696,14
18,Baseline,134,329.435886,139291.806737,0.000000,0.140696,14
18,Baseline,135,329.447651,141405.912184,0.000000,0.137130,15
18,Baseline,136,329.435886,139291.806737,0.000000,0.140696,14
18,Baseline,137,329.435886,139291.806737,0.000000,0.140696,14
18,Baseline,138,329.435886,139291.806737,0.000000,0.140696,14
18,Baseline,139,329.435886,139291.806737,0.000000,0.140696,14
18,Baseline,140,329.435886,139291.806737,0.000000,0.140696,14
18,Baseline,141,329.435886,139291.806737,0.000000,0.140696,14
18,Baseline,142,329.319480,106350.452430,0.000000,0.175982,16
18,Baseline,143,329.435886,139291.806737,0.000000,0.140696,14
18,Baseline,144,329.435886,139291.806737,0.000000,0.140696,14
18,Baseline,145,329.319480,106350.452430,0.000000,0.175982,16
18,Baseline,146,329.319480,106350.452430,0.000000,0.175982,16
18,Baseline,147,329.319480,106350.452430,0.000000,0.175982,16
18,Baseline,148,329.447651,141405.912184,0.000000,0.137130,15
18,Baseline,149,329.435886,139291.806737,0.000000,0.140696,14
18,Baseline,150,329.435886,139291.806737,0.000000,0.140696,14
18,Baseline,151,329.447651,141405.912184,0.000000,0.137130,15
18,Baseline,152,329.407946,134706.311381,0.000000,0.149166,13
18,Baseline,153,329.435886,139291.806737,0.000000,0.140696,14
18,Baseline,154,329.376933,129081.746122,0.000000,0.158566,12
18,Baseline,155,329.435886,139291.806737,0.000000,0.140696,14
18,Baseline,156,329.435886,139291.806737,0.000000,0.140696,14
18,Baseline,157,329.435886,139291.806737,0.000000,0.140696,14
18,Baseline,158,329.319480,106350.452430,0.000000,0.175982,16
18,Baseline,159,329.435886,139291.806737,0.000000,0.140696,14
18,Baseline,160,329.435886,139291.806737,0.000000,0.140696,14
18,Baseline,161,329.435886,139291.806737,0.000000,0.140696,14
18,Baseline,162,329.407946,134706.311381,0.000000,0.149166,13
18,Baseline,163,329.407946,134706.311381,0.000000,0.149166,13
18,Baseline,164,329.407946,134706.311381,0.000000,0.149166,13
18,Baseline,165,329.435886,139291.806737,0.000000,0.140696,14
18,Baseline,166,329.435886,139291.806737,0.000000,0.140696,14
18,Baseline,167,329.435886,139291.806737,0.000000,0.140696,14
18,Baseline,168,329.319480,106350.452430,0.000000,0.175982,16
18,Baseline,169,329.435886,139291.806737,0.000000,0.140696,14
18,Baseline,170,329.319480,106350.452430,0.000000,0.175982,16
18,Baseline,171,329.435886,139291.806737,0.000000,0.140696,14
18,Baseline,172,329.435886,139291.806737,0.000000,0.140696,14
18,Baseline,173,329.435886,139291.806737,0.000000,0.140696,14
18,Baseline,174,329.407946,134706.311381,0.000000,0.149166,13
18,Baseline,175,329.435886,139291.806737,0.000000,0.140696,14
18,Baseline,176,329.319480,106350.452430,0.000000,0.175982,16
18,Baseline,177,329.435886,139291.806737,0.000000,0.140696,14
18,Baseline,178,329.435886,139291.806737,0.000000,0.140696,14
18,Baseline,179,329.435886,139291.806737,0.000000,0.140696,14
18,Baseline,180,329.435886,139291.806737,0.000000,0.140696,14
18,Baseline,181,329.435886,139291.806737,0.000000,0.140696,14
18,Baseline,182,329.435886,139291.806737,0.000000,0.140696,14
18,Baseline,183,329.447651,141405.912184,0.000000,0.137130,15
18,Baseline,184,329.435886,139291.806737,0.000000,0.140696,14
18,Baseline,185,329.435886,139291.806737,0.000000,0.140696,14
18,Baseline,186,329.435886,139291.806737,0.000000,0.140696,14
18,Baseline,187,329.435886,139291.806737,0.000000,0.140696,14
18,Baseline,188,329.435886,139291.806737,0.000000,0.140696,14
18,Baseline,189,329.447651,141405.912184,0.000000,0.137130,15
18,Baseline,190,329.435886,139291.806737,0.000000,0.140696,14
18,Baseline,191,329.435886,139291.806737,0.000000,0.140696,14
18,Baseline,192,329.447651,141405.912184,0.000000,0.137130,15
18,Baseline,193,329.447651,141405.912184,0.000000,0.137130,15
18,Baseline,194,329.435886,139291.806737,0.000000,0.140696,14
18,Baseline,195,329.435886,139291.806737,0.000000,0.140696,14
18,Baseline,196,329.319480,106350.452430,0.000000,0.175982,16
18,Baseline,197,329.319480,106350.452430,0.000000,0.175982,16
18,Baseline,198,329.319480,106350.452430,0.000000,0.175982,16
18,Baseline,199,329.319480,106350.452430,0.000000,0.175982,16
18,Baseline,200,329.435886,139291.806737,0.000000,0.140696,14
18,Baseline,201,329.407946,134706.311381,0.000000,0.149166,13
18,Baseline,202,329.435886,139291.806737,0.000000,0.140696,14
18,Baseline,203,329.447651,141405.912184,0.000000,0.137130,15
18,Baseline,204,329.435886,139291.806737,0.000000,0.140696,14
18,Baseline,205,329.447651,141405.912184,0.000000,0.137130,15
18,Baseline,206,329.435886,139291.806737,0.000000,0.140696,14
18,Baseline,207,329.435886,139291.806737,0.000000,0.140696,14
18,Baseline,208,329.435886,139291.806737,0.000000,0.140696,14
18,Baseline,209,329.435886,139291.806737,0.000000,0.140696,14
18,Baseline,210,329.435886,139291.806737,0.000000,0.140696,14
18,Baseline,211,329.435886,139291.806737,0.000000,0.140696,14
18,Baseline,212,329.435886,139291.806737,0.000000,0.140696,14
18,Baseline,213,329.447651,141405.912184,0.000000,0.137130,15
18,Baseline,214,329.435886,139291.806737,0.000000,0.140696,14
18,Baseline,215,329.319480,106350.452430,0.000000,0.175982,16
18,Baseline,216,329.447651,141405.912184,0.000000,0.137130,15
18,Baseline,217,329.407946,134706.311381,0.000000,0.149166,13
18,Baseline,218,329.435886,139291.806737,0.000000,0.140696,14
18,Baseline,219,329.435886,139291.806737,0.000000,0.140696,14
18,Baseline,220,329.407946,134706.311381,0.000000,0.149166,13
18,Baseline,221,329.435886,139291.806737,0.000000,0.140696,14
18,Baseline,222,329.435886,139291.806737,0.000000,0.140696,14
18,Baseline,223,329.435886,139291.806737,0.000000,0.140696,14
18,Baseline,224,329.447651,141405.912184,0.000000,0.137130,15
18,Baseline,225,329.435886,139291.806737,0.000000,0.140696,14
18,Baseline,226,329.447651,141405.912184,0.000000,0.137130,15
18,Baseline,227,329.319480,106350.452430,0.000000,0.175982,16
18,Baseline,228,329.447651,141405.912184,0.000000,0.137130,15
18,Baseline,229,329.407946,134706.311381,0.000000,0.149166,13
18,Baseline,230,329.447651,141405.912184,0.000000,0.137130,15
18,Baseline,231,329.435886,139291.806737,0.000000,0.140696,14
18,Baseline,232,329.435886,139291.806737,0.000000,0.140696,14
18,Baseline,233,329.435886,139291.806737,0.000000,0.140696,14
18,Baseline,234,329.435886,139291.806737,0.000000,0.140696,14
18,Baseline,235,329.435886,139291.806737,0.000000,0.140696,14
18,Baseline,236,329.435886,139291.806737,0.000000,0.140696,14
18,Baseline,237,329.435886,139291.806737,0.000000,0.140696,14
18,Baseline,238,329.447651,141405.912184,0.000000,0.137130,15
18,Baseline,239,329.319480,106350.452430,0.000000,0.175982,16
18,Baseline,240,329.407946,134706.311381,0.000000,0.149166,13
18,Baseline,241,329.407946,134706.311381,0.000000,0.149166,13
18,Baseline,242,329.407946,134706.311381,0.000000,0.149166,13
18,Baseline,243,329.407946,134706.311381,0.000000,0.149166,13
18,Baseline,244,329.435886,139291.806737,0.000000,0.140696,14
18,Baseline,245,329.435886,139291.806737,0.000000,0.140696,14
18,Baseline,246,329.435886,139291.806737,0.000000,0.140696,14
18,Baseline,247,329.447651,141405.912184,0.000000,0.137130,15
18,Baseline,248,329.447651,141405.912184,0.000000,0.137130,15
18,Baseline,249,329.435886,139291.806737,0.000000,0.140696,14
18,Baseline,250,329.435886,139291.806737,0.000000,0.140696,14
18,Baseline,251,329.435886,139291.806737,0.000000,0.140696,14
18,Baseline,252,329.435886,139291.806737,0.000000,0.140696,14
18,Baseline,253,329.447651,141405.912184,0.000000,0.137130,15
18,Baseline,254,329.435886,139291.806737,0.000000,0.140696,14
18,Baseline,255,329.435886,139291.806737,0.000000,0.140696,14
18,Baseline,256,329.407946,134706.311381,0.000000,0.149166,13
18,Baseline,257,329.447651,141405.912184,0.000000,0.137130,15
18,Baseline,258,329.447651,141405.912184,0.000000,0.137130,15
18,Baseline,259,329.435886,139291.806737,0.000000,0.140696,14
18,Baseline,260,329.435886,139291.806737,0.000000,0.140696,14
18,Baseline,261,329.435886,139291.806737,0.000000,0.140696,14
18,Baseline,262,329.435886,139291.806737,0.000000,0.140696,14
18,Baseline,263,329.435886,139291.806737,0.000000,0.140696,14
18,Baseline,264,329.407946,134706.311381,0.000000,0.149166,13
18,Baseline,265,329.447651,141405.912184,0.000000,0.137130,15
18,Baseline,266,329.435886,139291.806737,0.000000,0.140696,14
18,Baseline,267,329.435886,139291.806737,0.000000,0.140696,14
18,Baseline,268,329.447651,141405.912184,0.000000,0.137130,15
18,Baseline,269,329.447651,141405.912184,0.000000,0.137130,15
18,Baseline,270,329.435886,139291.806737,0.000000,0.140696,14
18,Baseline,271,329.435886,139291.806737,0.000000,0.140696,14
18,Baseline,272,329.447651,141405.912184,0.000000,0.137130,15
18,Baseline,273,329.319480,106350.452430,0.000000,0.175982,16
18,Baseline,274,329.447651,141405.912184,0.000000,0.137130,15
18,Baseline,275,329.435886,139291.806737,0.000000,0.140696,14
18,Baseline,276,329.407946,134706.311381,0.000000,0.149166,13
18,Baseline,277,329.319480,106350.452430,0.000000,0.175982,16
18,Baseline,278,329.435886,139291.806737,0.000000,0.140696,14
18,Baseline,279,329.435886,139291.806737,0.000000,0.140696,14
18,Baseline,280,329.407946,134706.311381,0.000000,0.149166,13
18,Baseline,281,329.407946,134706.311381,0.000000,0.149166,13
18,Baseline,282,329.435886,139291.806737,0.000000,0.140696,14
18,Baseline,283,329.435886,139291.806737,0.000000,0.140696,14
18,Baseline,284,329.435886,139291.806737,0.000000,0.140696,14
18,Baseline,285,329.407946,134706.311381,0.000000,0.149166,13
18,Baseline,286,329.435886,139291.806737,0.000000,0.140696,14
18,Baseline,287,329.435886,139291.806737,0.000000,0.140696,14
18,Baseline,288,329.435886,139291.806737,0.000000,0.140696,14
18,Baseline,289,329.435886,139291.806737,0.000000,0.140696,14
18,Baseline,290,329.435886,139291.806737,0.000000,0.140696,14
18,Baseline,291,329.447651,141405.912184,0.000000,0.137130,15
18,Baseline,292,329.435886,139291.806737,0.000000,0.140696,14
18,Baseline,293,329.447651,141405.912184,0.000000,0.137130,15
18,Baseline,294,329.447651,141405.912184,0.000000,0.137130,15
18,Baseline,295,329.447651,141405.912184,0.000000,0.137130,15
18,Baseline,296,329.435886,139291.806737,0.000000,0.140696,14
18,Baseline,297,329.435886,139291.806737,0.000000,0.140696,14
18,Baseline,298,329.435886,139291.806737,0.000000,0.140696,14
18,Proposed,0,464.426784,561597.790742,0.000000,0.655785,16
18,Proposed,1,463.943963,562372.393082,0.000000,0.657362,16
18,Proposed,2,463.880413,556651.468574,0.000000,0.650807,16
18,Proposed,3,463.323925,559509.140378,0.000000,0.654907,16
19,Baseline,0,431.976959,277581.466161,0.000000,0.257810,12
19,Baseline,1,431.886022,260988.119306,0.000000,0.278807,11
19,Baseline,2,432.001411,280989.917929,0.000000,0.252164,13
19,Baseline,3,432.123434,303210.542158,0.000000,0.223989,15
19,Baseline,4,428.174704,316005.909864,0.000000,0.253789,14
19,Baseline,5,428.174704,316005.909864,0.000000,0.253789,14
19,Baseline,6,425.036483,316138.545178,0.000000,0.256934,14
19,Baseline,7,425.036483,316138.545178,0.000000,0.256934,14
19,Baseline,8,423.167176,311178.721474,0.000000,0.255069,14
19,Baseline,9,423.167176,311178.721474,0.000000,0.255069,14
19,Baseline,10,422.282890,258366.727153,0.000000,0.238746,14
19,Baseline,11,422.282890,258366.727153,0.000000,0.238746,14
19,Baseline,12,418.289541,270627.538698,0.000000,0.244951,14
19,Baseline,13,418.289541,270627.538698,0.000000,0.244951,14
19,Baseline,14,417.287312,258509.827642,0.000000,0.231031,14
19,Baseline,15,417.287312,258509.827642,0.000000,0.231031,14
19,Baseline,16,416.049785,255859.560119,0.000000,0.220471,14
19,Baseline,17,416.097695,262792.614638,0.000000,0.208981,15
19,Baseline,18,412.905309,194923.545271,0.000000,0.257043,16
19,Baseline,19,412.905309,194923.545271,0.000000,0.257043,16
19,Baseline,20,413.099991,253185.741171,0.000000,0.210015,14
19,Baseline,21,413.164253,260634.798686,0.000000,0.194492,15
19,Baseline,22,412.231336,202417.799476,0.000000,0.267335,16
19,Baseline,23,412.231336,202417.799476,0.000000,0.267335,16
19,Baseline,24,412.231336,202417.799476,0.000000,0.267335,16
19,Baseline,25,412.231336,202417.799476,0.000000,0.267335,16
19,Baseline,26,405.797678,192005.491943,0.000000,0.257629,16
19,Baseline,27,405.797678,192005.491943,0.000000,0.257629,16
19,Baseline,28,404.061314,200491.479035,0.000000,0.270137,16
19,Baseline,29,404.061314,200491.479035,0.000000,0.270137,16
19,Baseline,30,400.733572,193245.905314,0.000000,0.262557,16
19,Baseline,31,400.733572,193245.905314,0.000000,0.262557,16
19,Baseline,32,398.409146,186880.880406,0.000000,0.255409,16
19,Baseline,33,398.409146,186880.880406,0.000000,0.255409,16
19,Baseline,34,396.724964,187556.263303,0.000000,0.257415,16
19,Baseline,35,396.724964,187556.263303,0.000000,0.257415,16
19,Baseline,36,395.298220,186917.916497,0.000000,0.257464,16
19,Baseline,37,395.298220,186917.916497,0.000000,0.257464,16
19,Baseline,38,393.287637,187503.613936,0.000000,0.259586,16
19,Baseline,39,393.287637,187503.613936,0.000000,0.259586,16
19,Baseline,40,387.790806,199975.403154,0.000000,0.210265,13
19,Baseline,41,387.790806,199975.403154,0.000000,0.210265,13
19,Baseline,42,386.858171,198461.844433,0.000000,0.180561,14
19,Baseline,43,386.858171,198461.844433,0.000000,0.180561,14
19,Baseline,44,384.797818,206526.758723,0.000000,0.185521,14
19,Baseline,45,384.797818,206526.758723,0.000000,0.185521,14
19,Baseline,46,383.062292,149416.037039,0.000000,0.212478,16
19,Baseline,47,383.062292,149416.037039,0.000000,0.212478,16
19,Baseline,48,379.002553,142357.554884,0.000000,0.204625,16
19,Baseline,49,379.002553,142357.554884,0.000000,0.204625,16
19,Baseline,50,375.488334,146046.613535,0.000000,0.211877,16
19,Baseline,51,375.488334,146046.613535,0.000000,0.211877,16
19,Baseline,52,371.523471,184256.757830,0.000000,0.164555,15
19,Baseline,53,371.523471,184256.757830,0.000000,0.164555,15
19,Baseline,54,370.118851,180953.042284,0.000000,0.163644,15
19,Baseline,55,370.118851,180953.042284,0.000000,0.163644,15
19,Baseline,56,366.392186,180931.905375,0.000000,0.153752,15
19,Baseline,57,366.392186,180931.905375,0.000000,0.153752,15
19,Baseline,58,361.331082,172505.013452,0.000000,0.159067,15
19,Baseline,59,361.184338,151896.459597,0.000000,0.199614,13
19,Baseline,60,351.527637,146046.986815,0.000000,0.186756,13
19,Baseline,61,351.600956,159594.028997,0.000000,0.165938,14
19,Baseline,62,340.192513,155896.617307,0.000000,0.172648,14
19,Baseline,63,340.117591,142108.332181,0.000000,0.194633,13
19,Baseline,64,338.810919,135943.221546,0.000000,0.185150,13
19,Baseline,65,338.810919,135943.221546,0.000000,0.185150,13
19,Baseline,66,334.251743,138645.545718,0.000000,0.186506,13
19,Baseline,67,334.315009,150335.355345,0.000000,0.167614,14
19,Baseline,68,332.374347,143461.955684,0.000000,0.150743,14
19,Baseline,69,332.374347,143461.955684,0.000000,0.150743,14
19,Baseline,70,330.488779,149591.236259,0.000000,0.132507,15
19,Baseline,71,330.488779,149591.236259,0.000000,0.132507,15
19,Baseline,72,330.343335,135233.563063,0.000000,0.176457,13
19,Baseline,73,330.343335,135233.563063,0.000000,0.176457,13
19,Baseline,74,330.343335,135233.563063,0.000000,0.176457,13
19,Baseline,75,330.343335,135233.563063,0.000000,0.176457,13
19,Baseline,76,330.401215,145873.101600,0.000000,0.158967,14
19,Baseline,77,330.488779,149591.236259,0.000000,0.132507,15
19,Baseline,78,330.488779,149591.236259,0.000000,0.132507,15
19,Baseline,79,330.327923,109792.888552,0.000000,0.181114,16
19,Baseline,80,330.401215,145873.101600,0.000000,0.158967,14
19,Baseline,81,330.488779,149591.236259,0.000000,0.132507,15
19,Baseline,82,330.488779,149591.236259,0.000000,0.132507,15
19,Baseline,83,330.327923,109792.888552,0.000000,0.181114,16
19,Baseline,84,330.488779,149591.236259,0.000000,0.132507,15
19,Baseline,85,330.327923,109792.888552,0.000000,0.181114,16
19,Baseline,86,330.327923,109792.888552,0.000000,0.181114,16
19,Baseline,87,330.401215,145873.101600,0.000000,0.158967,14
19,Baseline,88,330.401215,145873.101600,0.000000,0.158967,14
19,Baseline,89,330.488779,149591.236259,0.000000,0.132507,15
19,Baseline,90,330.488779,149591.236259,0.000000,0.132507,15
19,Baseline,91,330.327923,109792.888552,0.000000,0.181114,16
19,Baseline,92,330.327923,109792.888552,0.000000,0.181114,16
19,Baseline,93,330.327923,109792.888552,0.000000,0.181114,16
19,Baseline,94,330.327923,109792.888552,0.000000,0.181114,16
19,Baseline,95,330.401215,145873.101600,0.000000,0.158967,14
19,Baseline,96,330.401215,145873.101600,0.000000,0.158967,14
19,Baseline,97,330.327923,109792.888552,0.000000,0.181114,16
19,Baseline,98,330.327923,109792.888552,0.000000,0.181114,16
19,Baseline,99,330.343335,135233.563063,0.000000,0.176457,13
19,Baseline,100,330.343335,135233.563063,0.000000,0.176457,13
19,Baseline,101,330.327923,109792.888552,0.000000,0.181114,16
19,Baseline,102,330.488779,149591.236259,0.000000,0.132507,15
19,Baseline,103,330.488779,149591.236259,0.000000,0.132507,15
19,Baseline,104,330.488779,149591.236259,0.000000,0.132507,15
19,Baseline,105,330.488779,149591.236259,0.000000,0.132507,15
19,Baseline,106,330.488779,149591.236259,0.000000,0.132507,15
19,Baseline,107,330.343335,135233.563063,0.000000,0.176457,13
19,Baseline,108,330.401215,145873.101600,0.000000,0.158967,14
19,Baseline,109,330.401215,145873.101600,0.000000,0.158967,14
19,Baseline,110,330.401215,145873.101600,0.000000,0.158967,14
19,Baseline,111,330.488779,149591.236259,0.000000,0.132507,15
19,Baseline,112,330.488779,149591.236259,0.000000,0.132507,15
19,Baseline,113,330.401215,145873.101600,0.000000,0.158967,14
19,Baseline,114,330.401215,145873.101600,0.000000,0.158967,14
19,Baseline,115,330.343335,135233.563063,0.000000,0.176457,13
19,Baseline,116,330.401215,145873.101600,0.000000,0.158967,14
19,Baseline,117,330.343335,135233.563063,0.000000,0.176457,13
19,Baseline,118,330.488779,149591.236259,0.000000,0.132507,15
19,Baseline,119,330.488779,149591.236259,0.000000,0.132507,15
19,Baseline,120,330.327923,109792.888552,0.000000,0.181114,16
19,Baseline,121,330.327923,109792.888552,0.000000,0.181114,16
19,Baseline,122,330.488779,149591.236259,0.000000,0.132507,15
19,Baseline,123,330.488779,149591.236259,0.000000,0.132507,15
19,Baseline,124,330.401215,145873.101600,0.000000,0.158967,14
19,Baseline,125,330.488779,149591.236259,0.000000,0.132507,15
19,Baseline,126,330.488779,149591.236259,0.000000,0.132507,15
19,Baseline,127,330.488779,149591.236259,0.000000,0.132507,15
19,Baseline,128,330.401215,145873.101600,0.000000,0.158967,14
19,Baseline,129,330.488779,149591.236259,0.000000,0.132507,15
19,Baseline,130,330.343335,135233.563063,0.000000,0.176457,13
19,Baseline,131,330.401215,145873.101600,0.000000,0.158967,14
19,Baseline,132,330.401215,145873.101600,0.000000,0.158967,14
19,Baseline,133,330.401215,145873.101600,0.000000,0.158967,14
19,Baseline,134,330.488779,149591.236259,0.000000,0.132507,15
19,Baseline,135,330.343335,135233.563063,0.000000,0.176457,13
19,Baseline,136,330.343335,135233.563063,0.000000,0.176457,13
19,Baseline,137,330.327923,109792.888552,0.000000,0.181114,16
19,Baseline,138,330.327923,109792.888552,0.000000,0.181114,16
19,Baseline,139,330.343335,135233.563063,0.000000,0.176457,13
19,Baseline,140,330.401215,145873.101600,0.000000,0.158967,14
19,Baseline,141,330.327923,109792.888552,0.000000,0.181114,16
19,Baseline,142,330.327923,109792.888552,0.000000,0.181114,16
19,Baseline,143,330.488779,149591.236259,0.000000,0.132507,15
19,Baseline,144,330.488779,149591.236259,0.000000,0.132507,15
19,Baseline,145,330.327923,109792.888552,0.000000,0.181114,16
19,Baseline,146,330.401215,145873.101600,0.000000,0.158967,14
19,Baseline,147,330.327923,109792.888552,0.000000,0.181114,16
19,Baseline,148,330.327923,109792.888552,0.000000,0.181114,16
19,Baseline,149,330.343335,135233.563063,0.000000,0.176457,13
19,Baseline,150,330.327923,109792.888552,0.000000,0.181114,16
19,Baseline,151,330.401215,145873.101600,0.000000,0.158967,14
19,Baseline,152,330.327923,109792.888552,0.000000,0.181114,16
19,Baseline,153,330.327923,109792.888552,0.000000,0.181114,16
19,Baseline,154,330.327923,109792.888552,0.000000,0.181114,16
19,Baseline,155,330.488779,149591.236259,0.000000,0.132507,15
19,Baseline,156,330.343335,135233.563063,0.000000,0.176457,13
19,Baseline,157,330.327923,109792.888552,0.000000,0.181114,16
19,Baseline,158,330.343335,135233.563063,0.000000,0.176457,13
19,Baseline,159,330.343335,135233.563063,0.000000,0.176457,13
19,Baseline,160,330.343335,135233.563063,0.000000,0.176457,13
19,Baseline,161,330.488779,149591.236259,0.000000,0.132507,15
19,Baseline,162,330.401215,145873.101600,0.000000,0.158967,14
19,Baseline,163,330.488779,149591.236259,0.000000,0.132507,15
19,Baseline,164,330.488779,149591.236259,0.000000,0.132507,15
19,Baseline,165,330.488779,149591.236259,0.000000,0.132507,15
19,Baseline,166,330.488779,149591.236259,0.000000,0.132507,15
19,Baseline,167,330.488779,149591.236259,0.000000,0.132507,15
19,Baseline,168,330.401215,145873.101600,0.000000,0.158967,14
19,Baseline,169,330.488779,149591.236259,0.000000,0.132507,15
19,Baseline,170,330.401215,145873.101600,0.000000,0.158967,14
19,Baseline,171,330.401215,145873.101600,0.000000,0.158967,14
19,Baseline,172,330.401215,145873.101600,0.000000,0.158967,14
19,Baseline,173,330.327923,109792.888552,0.000000,0.181114,16
19,Baseline,174,330.488779,149591.236259,0.000000,0.132507,15
19,Baseline,175,330.327923,109792.888552,0.000000,0.181114,16
19,Baseline,176,330.327923,109792.888552,0.000000,0.181114,16
19,Baseline,177,330.401215,145873.101600,0.000000,0.158967,14
19,Baseline,178,330.401215,145873.101600,0.000000,0.158967,14
19,Baseline,179,330.401215,145873.101600,0.000000,0.158967,14
19,Baseline,180,330.401215,145873.101600,0.000000,0.158967,14
19,Baseline,181,330.327923,109792.888552,0.000000,0.181114,16
19,Baseline,182,330.488779,149591.236259,0.000000,0.132507,15
19,Baseline,183,330.488779,149591.236259,0.000000,0.132507,15
19,Baseline,184,330.488779,149591.236259,0.000000,0.132507,15
19,Baseline,185,330.327923,109792.888552,0.000000,0.181114,16
19,Baseline,186,330.327923,109792.888552,0.000000,0.181114,16
19,Baseline,187,330.327923,109792.888552,0.000000,0.181114,16
19,Baseline,188,330.488779,149591.236259,0.000000,0.132507,15
19,Baseline,189,330.401215,145873.101600,0.000000,0.158967,14
19,Baseline,190,330.343335,135233.563063,0.000000,0.176457,13
19,Baseline,191,330.401215,145873.101600,0.000000,0.158967,14
19,Baseline,192,330.401215,145873.101600,0.000000,0.158967,14
19,Baseline,193,330.401215,145873.101600,0.000000,0.158967,14
19,Baseline,194,330.401215,145873.101600,0.000000,0.158967,14
19,Baseline,195,330.488779,149591.236259,0.000000,0.132507,15
19,Baseline,196,330.401215,145873.101600,0.000000,0.158967,14
19,Baseline,197,330.327923,109792.888552,0.000000,0.181114,16
19,Baseline,198,330.327923,109792.888552,0.000000,0.181114,16
19,Baseline,199,330.401215,145873.101600,0.000000,0.158967,14
19,Baseline,200,330.343335,135233.563063,0.000000,0.176457,13
19,Baseline,201,330.343335,135233.563063,0.000000,0.176457,13
19,Baseline,202,330.401215,145873.101600,0.000000,0.158967,14
19,Baseline,203,330.343335,135233.563063,0.000000,0.176457,13
19,Baseline,204,330.343335,135233.563063,0.000000,0.176457,13
19,Baseline,205,330.488779,149591.236259,0.000000,0.132507,15
19,Baseline,206,330.310729,129541.882203,0.000000,0.186310,12
19,Baseline,207,330.401215,145873.101600,0.000000,0.158967,14
19,Baseline,208,330.401215,145873.101600,0.000000,0.158967,14
19,Baseline,209,330.401215,145873.101600,0.000000,0.158967,14
19,Baseline,210,330.327923,109792.888552,0.000000,0.181114,16
19,Baseline,211,330.343335,135233.563063,0.000000,0.176457,13
19,Baseline,212,330.327923,109792.888552,0.000000,0.181114,16
19,Baseline,213,330.327923,109792.888552,0.000000,0.181114,16
19,Baseline,214,330.327923,109792.888552,0.000000,0.181114,16
19,Baseline,215,330.327923,109792.888552,0.000000,0.181114,16
19,Baseline,216,330.327923,109792.888552,0.000000,0.181114,16
19,Baseline,217,330.327923,109792.888552,0.000000,0.181114,16
19,Baseline,218,330.327923,109792.888552,0.000000,0.181114,16
19,Baseline,219,330.343335,135233.563063,0.000000,0.176457,13
19,Baseline,220,330.343335,135233.563063,0.000000,0.176457,13
19,Baseline,221,330.401215,145873.101600,0.000000,0.158967,14
19,Baseline,222,330.401215,145873.101600,0.000000,0.158967,14
19,Baseline,223,330.488779,149591.236259,0.000000,0.132507,15
19,Baseline,224,330.488779,149591.236259,0.000000,0.132507,15
19,Baseline,225,330.327923,109792.888552,0.000000,0.181114,16
19,Baseline,226,330.401215,145873.101600,0.000000,0.158967,14
19,Baseline,227,330.401215,145873.101600,0.000000,0.158967,14
19,Baseline,228,330.488779,149591.236259,0.000000,0.132507,15
19,Baseline,229,330.488779,149591.236259,0.000000,0.132507,15
19,Baseline,230,330.327923,109792.888552,0.000000,0.181114,16
19,Baseline,231,330.327923,109792.888552,0.000000,0.181114,16
19,Baseline,232,330.327923,109792.888552,0.000000,0.181114,16
19,Baseline,233,330.327923,109792.888552,0.000000,0.181114,16
19,Baseline,234,330.488779,149591.236259,0.000000,0.132507,15
19,Baseline,235,330.327923,109792.888552,0.000000,0.181114,16
19,Baseline,236,330.488779,149591.236259,0.000000,0.132507,15
19,Baseline,237,330.401215,145873.101600,0.000000,0.158967,14
19,Baseline,238,330.401215,145873.101600,0.000000,0.158967,14
19,Baseline,239,330.488779,149591.236259,0.000000,0.132507,15
19,Baseline,240,330.488779,149591.236259,0.000000,0.132507,15
19,Baseline,241,330.343335,135233.563063,0.000000,0.176457,13
19,Baseline,242,330.488779,149591.236259,0.000000,0.132507,15
19,Baseline,243,330.401215,145873.101600,0.000000,0.158967,14
19,Baseline,244,330.488779,149591.236259,0.000000,0.132507,15
19,Baseline,245,330.488779,149591.236259,0.000000,0.132507,15
19,Baseline,246,330.488779,149591.236259,0.000000,0.132507,15
19,Baseline,247,330.488779,149591.236259,0.000000,0.132507,15
19,Baseline,248,330.401215,145873.101600,0.000000,0.158967,14
19,Baseline,249,330.343335,135233.563063,0.000000,0.176457,13
19,Baseline,250,330.310729,129541.882203,0.000000,0.186310,12
19,Baseline,251,330.488779,149591.236259,0.000000,0.132507,15
19,Baseline,252,330.401215,145873.101600,0.000000,0.158967,14
19,Baseline,253,330.488779,149591.236259,0.000000,0.132507,15
19,Baseline,254,330.401215,145873.101600,0.000000,0.158967,14
19,Baseline,255,330.488779,149591.236259,0.000000,0.132507,15
19,Baseline,256,330.343335,135233.563063,0.000000,0.176457,13
19,Baseline,257,330.327923,109792.888552,0.000000,0.181114,16
19,Baseline,258,330.488779,149591.236259,0.000000,0.132507,15
19,Baseline,259,330.488779,149591.236259,0.000000,0.132507,15
19,Baseline,260,330.343335,135233.563063,0.000000,0.176457,13
19,Baseline,261,330.488779,149591.236259,0.000000,0.132507,15
19,Baseline,262,330.401215,145873.101600,0.000000,0.158967,14
19,Baseline,263,330.401215,145873.101600,0.000000,0.158967,14
19,Baseline,264,330.343335,135233.563063,0.000000,0.176457,13
19,Baseline,265,330.343335,135233.563063,0.000000,0.176457,13
19,Baseline,266,330.343335,135233.563063,0.000000,0.176457,13
19,Baseline,267,330.488779,149591.236259,0.000000,0.132507,15
19,Baseline,268,330.488779,149591.236259,0.000000,0.132507,15
19,Baseline,269,330.488779,149591.236259,0.000000,0.132507,15
19,Baseline,270,330.488779,149591.236259,0.000000,0.132507,15
19,Baseline,271,330.401215,145873.101600,0.000000,0.158967,14
19,Baseline,272,330.488779,149591.236259,0.000000,0.132507,15
19,Baseline,273,330.488779,149591.236259,0.000000,0.132507,15
19,Baseline,274,330.488779,149591.236259,0.000000,0.132507,15
19,Baseline,275,330.488779,149591.236259,0.000000,0.132507,15
19,Baseline,276,330.343335,135233.563063,0.000000,0.176457,13
19,Baseline,277,330.327923,109792.888552,0.000000,0.181114,16
19,Baseline,278,330.488779,149591.236259,0.000000,0.132507,15
19,Baseline,279,330.488779,149591.236259,0.000000,0.132507,15
19,Baseline,280,330.401215,145873.101600,0.000000,0.158967,14
19,Baseline,281,330.401215,145873.101600,0.000000,0.158967,14
19,Baseline,282,330.327923,109792.888552,0.000000,0.181114,16
19,Baseline,283,330.327923,109792.888552,0.000000,0.181114,16
19,Baseline,284,330.488779,149591.236259,0.000000,0.132507,15
19,Baseline,285,330.401215,145873.101600,0.000000,0.158967,14
19,Baseline,286,330.401215,145873.101600,0.000000,0.158967,14
19,Baseline,287,330.488779,149591.236259,0.000000,0.132507,15
19,Baseline,288,330.401215,145873.101600,0.000000,0.158967,14
19,Baseline,289,330.327923,109792.888552,0.000000,0.181114,16
19,Baseline,290,330.327923,109792.888552,0.000000,0.181114,16
19,Baseline,291,330.401215,145873.101600,0.000000,0.158967,14
19,Baseline,292,330.401215,145873.101600,0.000000,0.158967,14
19,Baseline,293,330.401215,145873.101600,0.000000,0.158967,14
19,Baseline,294,330.327923,109792.888552,0.000000,0.181114,16
19,Baseline,295,330.488779,149591.236259,0.000000,0.132507,15
19,Baseline,296,330.488779,149591.236259,0.000000,0.132507,15
19,Baseline,297,330.401215,145873.101600,0.000000,0.158967,14
19,Baseline,298,330.488779,149591.236259,0.000000,0.132507,15
19,Baseline,299,330.401215,145873.101600,0.000000,0.158967,14
19,Proposed,0,462.286316,570840.397140,0.000000,0.669571,16
19,Proposed,1,462.314937,568302.587524,0.000000,0.666573,16
19,Proposed,2,463.177287,567631.742235,0.000000,0.664560,16
20,Baseline,0,416.533958,194612.044408,0.000000,0.254404,16
20,Baseline,1,416.533958,194612.044408,0.000000,0.254404,16
20,Baseline,2,416.533958,194612.044408,0.000000,0.254404,16
20,Baseline,3,416.533958,194612.044408,0.000000,0.254404,16
20,Baseline,4,416.533958,194612.044408,0.000000,0.254404,16
20,Baseline,5,416.533958,194612.044408,0.000000,0.254404,16
20,Baseline,6,416.533958,194612.044408,0.000000,0.254404,16
20,Baseline,7,416.533958,194612.044408,0.000000,0.254404,16
20,Baseline,8,416.533958,194612.044408,0.000000,0.254404,16
20,Baseline,9,416.533958,194612.044408,0.000000,0.254404,16
20,Baseline,10,416.533958,194612.044408,0.000000,0.254404,16
20,Baseline,11,416.533958,194612.044408,0.000000,0.254404,16
20,Baseline,12,416.533958,194612.044408,0.000000,0.254404,16
20,Baseline,13,416.533958,194612.044408,0.000000,0.254404,16
20,Baseline,14,416.533958,194612.044408,0.000000,0.254404,16
20,Baseline,15,416.533958,194612.044408,0.000000,0.254404,16
20,Baseline,16,416.533958,194612.044408,0.000000,0.254404,16
20,Baseline,17,416.533958,194612.044408,0.000000,0.254404,16
20,Baseline,18,416.533958,194612.044408,0.000000,0.254404,16
20,Baseline,19,416.533958,194612.044408,0.000000,0.254404,16
20,Baseline,20,416.533958,194612.044408,0.000000,0.254404,16
20,Baseline,21,416.533958,194612.044408,0.000000,0.254404,16
20,Baseline,22,416.533958,194612.044408,0.000000,0.254404,16
20,Baseline,23,416.533958,194612.044408,0.000000,0.254404,16
20,Baseline,24,416.533958,194612.044408,0.000000,0.254404,16
20,Baseline,25,416.533958,194612.044408,0.000000,0.254404,16
20,Baseline,26,416.533958,194612.044408,0.000000,0.254404,16
20,Baseline,27,416.533958,194612.044408,0.000000,0.254404,16
20,Baseline,28,416.533958,194612.044408,0.000000,0.254404,16
20,Baseline,29,416.533958,194612.044408,0.000000,0.254404,16
20,Baseline,30,416.533958,194612.044408,0.000000,0.254404,16
20,Baseline,31,416.533958,194612.044408,0.000000,0.254404,16
20,Baseline,32,416.533958,194612.044408,0.000000,0.254404,16
20,Baseline,33,416.533958,194612.044408,0.000000,0.254404,16
20,Baseline,34,416.533958,194612.044408,0.000000,0.254404,16
20,Baseline,35,416.533958,194612.044408,0.000000,0.254404,16
20,Baseline,36,416.533958,194612.044408,0.000000,0.254404,16
20,Baseline,37,416.533958,194612.044408,0.000000,0.254404,16
20,Baseline,38,416.533958,194612.044408,0.000000,0.254404,16
20,Baseline,39,416.533958,194612.044408,0.000000,0.254404,16
20,Baseline,40,416.533958,194612.044408,0.000000,0.254404,16
20,Baseline,41,416.533958,194612.044408,0.000000,0.254404,16
20,Baseline,42,416.533958,194612.044408,0.000000,0.254404,16
20,Baseline,43,416.533958,194612.044408,0.000000,0.254404,16
20,Baseline,44,416.533958,194612.044408,0.000000,0.254404,16
20,Baseline,45,416.533958,194612.044408,0.000000,0.254404,16
20,Baseline,46,416.533958,194612.044408,0.000000,0.254404,16
20,Baseline,47,416.533958,194612.044408,0.000000,0.254404,16
20,Baseline,48,416.533958,194612.044408,0.000000,0.254404,16
20,Baseline,49,416.533958,194612.044408,0.000000,0.254404,16
20,Baseline,50,416.533958,194612.044408,0.000000,0.254404,16
20,Baseline,51,416.533958,194612.044408,0.000000,0.254404,16
20,Baseline,52,416.533958,194612.044408,0.000000,0.254404,16
20,Baseline,53,416.533958,194612.044408,0.000000,0.254404,16
20,Baseline,54,416.533958,194612.044408,0.000000,0.254404,16
20,Baseline,55,416.533958,194612.044408,0.000000,0.254404,16
20,Baseline,56,416.533958,194612.044408,0.000000,0.254404,16
20,Baseline,57,416.533958,194612.044408,0.000000,0.254404,16
20,Baseline,58,416.533958,194612.044408,0.000000,0.254404,16
20,Baseline,59,416.533958,194612.044408,0.000000,0.254404,16
20,Baseline,60,416.533958,194612.044408,0.000000,0.254404,16
20,Baseline,61,416.533958,194612.044408,0.000000,0.254404,16
20,Baseline,62,416.533958,194612.044408,0.000000,0.254404,16
20,Baseline,63,416.533958,194612.044408,0.000000,0.254404,16
20,Baseline,64,416.533958,194612.044408,0.000000,0.254404,16
20,Baseline,65,416.533958,194612.044408,0.000000,0.254404,16
20,Baseline,66,416.533958,194612.044408,0.000000,0.254404,16
20,Baseline,67,416.533958,194612.044408,0.000000,0.254404,16
20,Baseline,68,416.533958,194612.044408,0.000000,0.254404,16
20,Baseline,69,416.533958,194612.044408,0.000000,0.254404,16
20,Baseline,70,416.533958,194612.044408,0.000000,0.254404,16
20,Baseline,71,416.533958,194612.044408,0.000000,0.254404,16
20,Baseline,72,416.533958,194612.044408,0.000000,0.254404,16
20,Baseline,73,416.533958,194612.044408,0.000000,0.254404,16
20,Baseline,74,416.533958,194612.044408,0.000000,0.254404,16
20,Baseline,75,416.533958,194612.044408,0.000000,0.254404,16
20,Baseline,76,416.533958,194612.044408,0.000000,0.254404,16
20,Baseline,77,416.533958,194612.044408,0.000000,0.254404,16
20,Baseline,78,416.533958,194612.044408,0.000000,0.254404,16
20,Baseline,79,416.533958,194612.044408,0.000000,0.254404,16
20,Baseline,80,416.533958,194612.044408,0.000000,0.254404,16
20,Baseline,81,416.533958,194612.044408,0.000000,0.254404,16
20,Baseline,82,416.533958,194612.044408,0.000000,0.254404,16
20,Baseline,83,416.533958,194612.044408,0.000000,0.254404,16
20,Baseline,84,416.533958,194612.044408,0.000000,0.254404,16
20,Baseline,85,416.533958,194612.044408,0.000000,0.254404,16
20,Baseline,86,416.533958,194612.044408,0.000000,0.254404,16
20,Baseline,87,416.533958,194612.044408,0.000000,0.254404,16
20,Baseline,88,416.533958,194612.044408,0.000000,0.254404,16
20,Baseline,89,416.533958,194612.044408,0.000000,0.254404,16
20,Baseline,90,416.533958,194612.044408,0.000000,0.254404,16
20,Baseline,91,416.533958,194612.044408,0.000000,0.254404,16
20,Baseline,92,416.533958,194612.044408,0.000000,0.254404,16
20,Baseline,93,416.533958,194612.044408,0.000000,0.254404,16
20,Baseline,94,416.533958,194612.044408,0.000000,0.254404,16
20,Baseline,95,416.533958,194612.044408,0.000000,0.254404,16
20,Baseline,96,416.533958,194612.044408,0.000000,0.254404,16
20,Baseline,97,416.533958,194612.044408,0.000000,0.254404,16
20,Baseline,98,416.533958,194612.044408,0.000000,0.254404,16
20,Baseline,99,416.533958,194612.044408,0.000000,0.254404,16
20,Baseline,100,416.533958,194612.044408,0.000000,0.254404,16
20,Baseline,101,416.533958,194612.044408,0.000000,0.254404,16
20,Baseline,102,416.533958,194612.044408,0.000000,0.254404,16
20,Baseline,103,416.533958,194612.044408,0.000000,0.254404,16
20,Baseline,104,416.533958,194612.044408,0.000000,0.254404,16
20,Baseline,105,416.533958,194612.044408,0.000000,0.254404,16
20,Baseline,106,416.533958,194612.044408,0.000000,0.254404,16
20,Baseline,107,416.533958,194612.044408,0.000000,0.254404,16
20,Baseline,108,416.533958,194612.044408,0.000000,0.254404,16
20,Baseline,109,416.533958,194612.044408,0.000000,0.254404,16
20,Baseline,110,416.533958,194612.044408,0.000000,0.254404,16
20,Baseline,111,416.533958,194612.044408,0.000000,0.254404,16
20,Baseline,112,416.533958,194612.044408,0.000000,0.254404,16
20,Baseline,113,416.533958,194612.044408,0.000000,0.254404,16
20,Baseline,114,416.533958,194612.044408,0.000000,0.254404,16
20,Baseline,115,416.533958,194612.044408,0.000000,0.254404,16
20,Baseline,116,416.533958,194612.044408,0.000000,0.254404,16
20,Baseline,117,416.533958,194612.044408,0.000000,0.254404,16
20,Baseline,118,416.533958,194612.044408,0.000000,0.254404,16
20,Baseline,119,416.533958,194612.044408,0.000000,0.254404,16
20,Baseline,120,416.533958,194612.044408,0.000000,0.254404,16
20,Baseline,121,416.533958,194612.044408,0.000000,0.254404,16
20,Baseline,122,416.533958,194612.044408,0.000000,0.254404,16
20,Baseline,123,416.533958,194612.044408,0.000000,0.254404,16
20,Baseline,124,416.533958,194612.044408,0.000000,0.254404,16
20,Baseline,125,416.533958,194612.044408,0.000000,0.254404,16
20,Baseline,126,416.533958,194612.044408,0.000000,0.254404,16
20,Baseline,127,416.533958,194612.044408,0.000000,0.254404,16
20,Baseline,128,416.533958,194612.044408,0.000000,0.254404,16
20,Baseline,129,416.533958,194612.044408,0.000000,0.254404,16
20,Baseline,130,416.533958,194612.044408,0.000000,0.254404,16
20,Baseline,131,416.533958,194612.044408,0.000000,0.254404,16
20,Baseline,132,416.533958,194612.044408,0.000000,0.254404,16
20,Baseline,133,416.533958,194612.044408,0.000000,0.254404,16
20,Baseline,134,416.533958,194612.044408,0.000000,0.254404,16
20,Baseline,135,416.533958,194612.044408,0.000000,0.254404,16
20,Baseline,136,416.533958,194612.044408,0.000000,0.254404,16
20,Baseline,137,416.533958,194612.044408,0.000000,0.254404,16
20,Baseline,138,416.533958,194612.044408,0.000000,0.254404,16
20,Baseline,139,416.533958,194612.044408,0.000000,0.254404,16
20,Baseline,140,416.533958,194612.044408,0.000000,0.254404,16
20,Baseline,141,416.533958,194612.044408,0.000000,0.254404,16
20,Baseline,142,416.533958,194612.044408,0.000000,0.254404,16
20,Baseline,143,416.533958,194612.044408,0.000000,0.254404,16
20,Baseline,144,416.533958,194612.044408,0.000000,0.254404,16
20,Baseline,145,416.533958,194612.044408,0.000000,0.254404,16
20,Baseline,146,416.533958,194612.044408,0.000000,0.254404,16
20,Baseline,147,416.533958,194612.044408,0.000000,0.254404,16
20,Baseline,148,416.533958,194612.044408,0.000000,0.254404,16
20,Baseline,149,416.533958,194612.044408,0.000000,0.254404,16
20,Baseline,150,416.533958,194612.044408,0.000000,0.254404,16
20,Baseline,151,416.533958,194612.044408,0.000000,0.254404,16
20,Baseline,152,416.533958,194612.044408,0.000000,0.254404,16
20,Baseline,153,416.533958,194612.044408,0.000000,0.254404,16
20,Baseline,154,416.533958,194612.044408,0.000000,0.254404,16
20,Baseline,155,416.533958,194612.044408,0.000000,0.254404,16
20,Baseline,156,416.533958,194612.044408,0.000000,0.254404,16
20,Baseline,157,416.533958,194612.044408,0.000000,0.254404,16
20,Baseline,158,416.533958,194612.044408,0.000000,0.254404,16
20,Baseline,159,416.533958,194612.044408,0.000000,0.254404,16
20,Baseline,160,416.533958,194612.044408,0.000000,0.254404,16
20,Baseline,161,416.533958,194612.044408,0.000000,0.254404,16
20,Baseline,162,416.533958,194612.044408,0.000000,0.254404,16
20,Baseline,163,416.533958,194612.044408,0.000000,0.254404,16
20,Baseline,164,416.533958,194612.044408,0.000000,0.254404,16
20,Baseline,165,416.533958,194612.044408,0.000000,0.254404,16
20,Baseline,166,416.533958,194612.044408,0.000000,0.254404,16
20,Baseline,167,416.533958,194612.044408,0.000000,0.254404,16
20,Baseline,168,416.533958,194612.044408,0.000000,0.254404,16
20,Baseline,169,416.533958,194612.044408,0.000000,0.254404,16
20,Baseline,170,416.533958,194612.044408,0.000000,0.254404,16
20,Baseline,171,416.533958,194612.044408,0.000000,0.254404,16
20,Baseline,172,416.533958,194612.044408,0.000000,0.254404,16
20,Baseline,173,416.533958,194612.044408,0.000000,0.254404,16
20,Baseline,174,416.533958,194612.044408,0.000000,0.254404,16
20,Baseline,175,416.533958,194612.044408,0.000000,0.254404,16
20,Baseline,176,416.533958,194612.044408,0.000000,0.254404,16
20,Baseline,177,416.533958,194612.044408,0.000000,0.254404,16
20,Baseline,178,416.533958,194612.044408,0.000000,0.254404,16
20,Baseline,179,416.533958,194612.044408,0.000000,0.254404,16
20,Baseline,180,416.533958,194612.044408,0.000000,0.254404,16
20,Baseline,181,416.533958,194612.044408,0.000000,0.254404,16
20,Baseline,182,416.533958,194612.044408,0.000000,0.254404,16
20,Baseline,183,416.533958,194612.044408,0.000000,0.254404,16
20,Baseline,184,416.533958,194612.044408,0.000000,0.254404,16
20,Baseline,185,416.533958,194612.044408,0.000000,0.254404,16
20,Baseline,186,416.533958,194612.044408,0.000000,0.254404,16
20,Baseline,187,416.533958,194612.044408,0.000000,0.254404,16
20,Baseline,188,416.533958,194612.044408,0.000000,0.254404,16
20,Baseline,189,416.533958,194612.044408,0.000000,0.254404,16
20,Baseline,190,416.533958,194612.044408,0.000000,0.254404,16
20,Baseline,191,416.533958,194612.044408,0.000000,0.254404,16
20,Baseline,192,416.533958,194612.044408,0.000000,0.254404,16
20,Baseline,193,416.533958,194612.044408,0.000000,0.254404,16
20,Baseline,194,416.533958,194612.044408,0.000000,0.254404,16
20,Baseline,195,416.533958,194612.044408,0.000000,0.254404,16
20,Baseline,196,416.533958,194612.044408,0.000000,0.254404,16
20,Baseline,197,416.533958,194612.044408,0.000000,0.254404,16
20,Baseline,198,416.533958,194612.044408,0.000000,0.254404,16
20,Baseline,199,416.533958,194612.044408,0.000000,0.254404,16
20,Baseline,200,416.533958,194612.044408,0.000000,0.254404,16
20,Baseline,201,416.533958,194612.044408,0.000000,0.254404,16
20,Baseline,202,416.533958,194612.044408,0.000000,0.254404,16
20,Baseline,203,416.533958,194612.044408,0.000000,0.254404,16
20,Baseline,204,416.533958,194612.044408,0.000000,0.254404,16
20,Baseline,205,416.533958,194612.044408,0.000000,0.254404,16
20,Baseline,206,416.533958,194612.044408,0.000000,0.254404,16
20,Baseline,207,416.533958,194612.044408,0.000000,0.254404,16
20,Baseline,208,416.533958,194612.044408,0.000000,0.254404,16
20,Baseline,209,416.533958,194612.044408,0.000000,0.254404,16
20,Baseline,210,416.533958,194612.044408,0.000000,0.254404,16
20,Baseline,211,416.533958,194612.044408,0.000000,0.254404,16
20,Baseline,212,416.533958,194612.044408,0.000000,0.254404,16
20,Baseline,213,416.533958,194612.044408,0.000000,0.254404,16
20,Baseline,214,416.533958,194612.044408,0.000000,0.254404,16
20,Baseline,215,416.533958,194612.044408,0.000000,0.254404,16
20,Baseline,216,416.533958,194612.044408,0.000000,0.254404,16
20,Baseline,217,416.533958,194612.044408,0.000000,0.254404,16
20,Baseline,218,416.533958,194612.044408,0.000000,0.254404,16
20,Baseline,219,416.533958,194612.044408,0.000000,0.254404,16
20,Baseline,220,416.533958,194612.044408,0.000000,0.254404,16
20,Baseline,221,416.533958,194612.044408,0.000000,0.254404,16
20,Baseline,222,416.533958,194612.044408,0.000000,0.254404,16
20,Baseline,223,416.533958,194612.044408,0.000000,0.254404,16
20,Baseline,224,416.533958,194612.044408,0.000000,0.254404,16
20,Baseline,225,416.533958,194612.044408,0.000000,0.254404,16
20,Baseline,226,416.533958,194612.044408,0.000000,0.254404,16
20,Baseline,227,416.533958,194612.044408,0.000000,0.254404,16
20,Baseline,228,416.533958,194612.044408,0.000000,0.254404,16
20,Baseline,229,416.533958,194612.044408,0.000000,0.254404,16
20,Baseline,230,416.533958,194612.044408,0.000000,0.254404,16
20,Baseline,231,416.533958,194612.044408,0.000000,0.254404,16
20,Baseline,232,416.533958,194612.044408,0.000000,0.254404,16
20,Baseline,233,416.533958,194612.044408,0.000000,0.254404,16
20,Baseline,234,416.533958,194612.044408,0.000000,0.254404,16
20,Baseline,235,416.533958,194612.044408,0.000000,0.254404,16
20,Baseline,236,416.533958,194612.044408,0.000000,0.254404,16
20,Baseline,237,416.533958,194612.044408,0.000000,0.254404,16
20,Baseline,238,416.533958,194612.044408,0.000000,0.254404,16
20,Baseline,239,416.533958,194612.044408,0.000000,0.254404,16
20,Baseline,240,416.533958,194612.044408,0.000000,0.254404,16
20,Baseline,241,415.384162,197329.251545,0.000000,0.258659,16
20,Baseline,242,415.384162,197329.251545,0.000000,0.258659,16
20,Baseline,243,415.384162,197329.251545,0.000000,0.258659,16
20,Baseline,244,415.384162,197329.251545,0.000000,0.258659,16
20,Baseline,245,409.168037,185835.908916,0.000000,0.247322,16
20,Baseline,246,409.168037,185835.908916,0.000000,0.247322,16
20,Baseline,247,402.852540,201555.152330,0.000000,0.272379,16
20,Baseline,248,402.852540,201555.152330,0.000000,0.272379,16
20,Baseline,249,402.978911,194509.965206,0.000000,0.262801,16
20,Baseline,250,402.978911,194509.965206,0.000000,0.262801,16
20,Baseline,251,401.710192,193967.884297,0.000000,0.262896,16
20,Baseline,252,401.710192,193967.884297,0.000000,0.262896,16
20,Baseline,253,401.666126,201471.446751,0.000000,0.273068,16
20,Baseline,254,401.666126,201471.446751,0.000000,0.273068,16
20,Baseline,255,399.467304,192339.946313,0.000000,0.262155,16
20,Baseline,256,399.467304,192339.946313,0.000000,0.262155,16
20,Baseline,257,398.313151,191078.419931,0.000000,0.261193,16
20,Baseline,258,398.313151,191078.419931,0.000000,0.261193,16
20,Baseline,259,392.487669,215119.840301,0.000000,0.160704,15
20,Baseline,260,392.487669,215119.840301,0.000000,0.160704,15
20,Baseline,261,391.850998,160414.825430,0.000000,0.222979,16
20,Baseline,262,391.850998,160414.825430,0.000000,0.222979,16
20,Baseline,263,391.284571,218447.541239,0.000000,0.163638,15
20,Baseline,264,391.284571,218447.541239,0.000000,0.163638,15
20,Baseline,265,382.297348,226629.035683,0.000000,0.174889,15
20,Baseline,266,382.297348,226629.035683,0.000000,0.174889,15
20,Baseline,267,382.099872,223735.336405,0.000000,0.170797,15
20,Baseline,268,382.099872,223735.336405,0.000000,0.170797,15
20,Baseline,269,381.973397,222562.099762,0.000000,0.172477,15
20,Baseline,270,381.973397,222562.099762,0.000000,0.172477,15
20,Baseline,271,377.678028,193791.240275,0.000000,0.159326,15
20,Baseline,272,377.678028,193791.240275,0.000000,0.159326,15
20,Baseline,273,377.032796,184793.114116,0.000000,0.152191,15
20,Baseline,274,377.032796,184793.114116,0.000000,0.152191,15
20,Baseline,275,374.162782,138065.134712,0.000000,0.201030,16
20,Baseline,276,374.344043,184498.166943,0.000000,0.152683,15
20,Baseline,277,370.686690,132947.950238,0.000000,0.195405,16
20,Baseline,278,370.783423,166738.765478,0.000000,0.169360,13
20,Baseline,279,368.104656,131567.382055,0.000000,0.194734,16
20,Baseline,280,368.104656,131567.382055,0.000000,0.194734,16
20,Baseline,281,365.027415,133888.875933,0.000000,0.199830,16
20,Baseline,282,365.027415,133888.875933,0.000000,0.199830,16
20,Baseline,283,364.777025,125763.178774,0.000000,0.187854,16
20,Baseline,284,364.777025,125763.178774,0.000000,0.187854,16
20,Baseline,285,359.311617,168740.959546,0.000000,0.152827,14
20,Baseline,286,359.311617,168740.959546,0.000000,0.152827,14
20,Baseline,287,357.215159,164428.710714,0.000000,0.141769,15
20,Baseline,288,357.215159,164428.710714,0.000000,0.141769,15
20,Baseline,289,355.589781,173848.556820,0.000000,0.161172,14
20,Baseline,290,355.589781,173848.556820,0.000000,0.161172,14
20,Baseline,291,354.333036,171414.228475,0.000000,0.158839,15
20,Baseline,292,354.310804,168714.018043,0.000000,0.165103,14
20,Baseline,293,354.031976,167503.296866,0.000000,0.150240,15
20,Baseline,294,354.031976,167503.296866,0.000000,0.150240,15
20,Baseline,295,353.781877,167606.682527,0.000000,0.153269,15
20,Baseline,296,353.781877,167606.682527,0.000000,0.153269,15
20,Baseline,297,352.580533,124391.752741,0.000000,0.192224,16
20,Baseline,298,352.746652,166435.370167,0.000000,0.145200,15
20,Proposed,0,464.059552,569125.294332,0.000000,0.665039,16
20,Proposed,1,464.059553,569125.217458,0.000000,0.665038,16
20,Proposed,2,462.900273,569212.357880,0.000000,0.666794,16
20,Proposed,3,462.366780,566522.635643,0.000000,0.664425,16
20,Proposed,4,461.964392,567733.368851,0.000000,0.666412,16
20,Proposed,5,460.286444,565014.794681,0.000000,0.665643,16
20,Proposed,6,460.834328,565446.732770,0.000000,0.665362,16
