Run_ID,Method,Generation,Hypervolume,Pop_Feasibility_Rate,Pop_Diversity_AEP,Pop_Diversity_Cost
1,Baseline,20,7664327646374.465820,100.000000,3149.483462,13006.606418
1,Baseline,40,7772431599108.203125,100.000000,4042.860313,12509.881020
1,Baseline,60,7803412869049.700195,100.000000,13818.432069,38387.682045
1,Baseline,80,7832163653169.104492,100.000000,6688.257541,17374.313786
1,Baseline,100,8002463024217.831055,100.000000,5757.208474,11274.078297
1,Baseline,120,8011800918947.632812,100.000000,13251.493839,27514.869403
1,Baseline,140,8079666622791.803711,100.000000,10391.284523,18588.352860
1,Baseline,160,8079666622791.803711,100.000000,10391.284523,18588.352860
1,Baseline,180,8079680316483.207031,100.000000,10820.920855,19274.832861
1,Baseline,200,8079680316483.207031,100.000000,10820.920855,19274.832861
1,Baseline,220,8079697260157.921875,100.000000,10326.170674,18133.785596
1,Baseline,240,8079703491642.172852,100.000000,10795.174378,18775.712644
1,Baseline,260,8079703491642.172852,100.000000,10795.174378,18775.712644
1,Baseline,280,8079711881691.870117,100.000000,10757.583765,18672.337989
1,Baseline,300,8079711881691.870117,100.000000,10757.583765,18672.337989
1,Baseline,320,8079732696232.807617,100.000000,11274.271260,19718.594532
1,Baseline,340,8079732696232.807617,100.000000,11274.271260,19718.594532
1,Baseline,360,8079732696232.807617,100.000000,11274.271260,19718.594532
1,Baseline,380,8079732917529.468750,100.000000,11331.184225,19738.243645
1,Baseline,400,8080900396433.546875,100.000000,10528.085810,35097.061622
1,Baseline,420,8091568851885.118164,100.000000,10667.743378,17086.958415
1,Baseline,440,8227725487434.890625,100.000000,13676.039320,24570.382554
1,Baseline,460,8227763200802.523438,100.000000,11669.670587,22700.477392
1,Baseline,480,8227773957787.262695,100.000000,11658.297252,22724.772392
1,Baseline,500,8243653880023.549805,100.000000,12918.249314,24684.141033
1,Baseline,520,8247049337752.659180,100.000000,13415.243527,37661.218385
1,Baseline,540,8247108095693.516602,100.000000,12393.791295,35108.409689
1,Baseline,560,8247108095693.516602,100.000000,12393.791295,35108.409689
1,Baseline,580,8247108095693.516602,100.000000,12393.791295,35108.409689
1,Baseline,600,8249508616680.023438,100.000000,22829.491549,51569.616604
1,Baseline,620,8250591540819.934570,100.000000,14448.002067,38678.895039
1,Baseline,640,8250596116689.425781,100.000000,14447.941387,38669.133416
1,Baseline,660,8330872752600.186523,100.000000,19325.574015,34452.627863
1,Baseline,680,8330932537410.542969,100.000000,20201.730006,29532.316000
1,Baseline,700,8330953322662.789062,100.000000,20673.805771,30194.691344
1,Baseline,720,8331336330987.253906,100.000000,16778.614832,35791.500648
1,Baseline,740,8331336330987.253906,100.000000,16778.614832,35791.500648
1,Baseline,760,8331336331468.347656,100.000000,16783.957582,35793.384364
1,Baseline,780,8331376496431.564453,100.000000,16748.006058,35699.169299
1,Baseline,800,8331376496431.564453,100.000000,16748.006058,35699.169299
1,Baseline,820,8331376496431.564453,100.000000,16748.006058,35699.169299
1,Baseline,840,8331376496431.564453,100.000000,16748.006058,35699.169299
1,Baseline,860,8331376496431.564453,100.000000,16748.006058,35699.169299
1,Baseline,880,8331377508804.325195,100.000000,16776.827720,35851.931030
1,Baseline,900,8331377508804.325195,100.000000,16776.827720,35851.931030
1,Baseline,920,8331377766245.066406,100.000000,16772.698105,35840.961398
1,Baseline,940,8331384809558.070312,100.000000,16762.340341,35808.920254
1,Baseline,960,8331464957170.050781,100.000000,16776.197437,35858.529992
1,Baseline,980,8331464957170.050781,100.000000,16776.197437,35858.529992
1,Baseline,1000,8331494201178.032227,100.000000,15820.432013,34126.195226
1,Baseline,1020,8331494201178.032227,100.000000,16139.441888,34771.237882
1,Baseline,1040,8331502787240.300781,100.000000,16193.654913,35396.928904
1,Baseline,1060,8331502787240.300781,100.000000,16193.654913,35396.928904
1,Baseline,1080,8331502787240.300781,100.000000,16193.654913,35396.928904
1,Baseline,1100,8331503724642.162109,100.000000,16187.850604,35392.455856
1,Baseline,1120,8331504007324.367188,100.000000,16469.340984,36092.615490
1,Baseline,1140,8331505415558.038086,100.000000,16464.749336,36088.415926
1,Baseline,1160,8331505415558.038086,100.000000,16464.749336,36088.415926
1,Baseline,1180,8331505415558.038086,100.000000,16464.749336,36088.415926
1,Baseline,1200,8331505576956.721680,100.000000,16715.109880,36700.513851
1,Baseline,1220,8331576170744.326172,100.000000,16810.751630,37184.911195
1,Baseline,1240,8331576170744.326172,100.000000,16810.751630,37184.911195
1,Baseline,1260,8331682358665.819336,100.000000,15421.757574,33796.089997
1,Baseline,1280,8331682505101.391602,100.000000,15416.315681,33783.487949
1,Baseline,1300,8331682505101.391602,100.000000,15416.315681,33783.487949
1,Baseline,1320,8331726523016.986328,100.000000,16055.831752,35198.024470
1,Baseline,1340,8331726523016.986328,100.000000,16055.831752,35198.024470
1,Baseline,1360,8331727121716.597656,100.000000,16060.194543,35244.711276
1,Baseline,1380,8331727276829.741211,100.000000,16342.801220,35919.925908
1,Baseline,1400,8331727276829.741211,100.000000,16342.801220,35919.925908
1,Baseline,1420,8331727276829.741211,100.000000,16342.801220,35919.925908
1,Baseline,1440,8331727353623.937500,100.000000,16342.814832,35919.863215
1,Baseline,1460,8331727353623.937500,100.000000,16342.814832,35919.863215
1,Baseline,1480,8347907430636.644531,100.000000,22627.801836,33510.283257
1,Baseline,1500,8347959626183.477539,100.000000,22731.102276,33459.985329
1,Baseline,1520,8348582460241.554688,100.000000,29902.612013,48474.267073
1,Baseline,1540,8348582460241.554688,100.000000,14509.436900,36694.755910
1,Baseline,1560,8348582460241.554688,100.000000,14509.436900,36694.755910
1,Baseline,1580,8348582460241.554688,100.000000,14509.436900,36694.755910
1,Baseline,1600,8348582460241.554688,100.000000,14509.436900,36694.755910
1,Baseline,1620,8348585053025.791016,100.000000,14507.814737,36710.198126
1,Baseline,1640,8361045217499.531250,100.000000,22168.813901,43471.776377
1,Baseline,1660,8361047417745.488281,100.000000,20307.109934,36492.261622
1,Baseline,1680,8361064234107.030273,100.000000,20305.987504,36496.321843
1,Baseline,1700,8404094215584.857422,100.000000,23417.011421,44556.697737
1,Baseline,1720,8404746286096.007812,100.000000,16208.651941,22403.809864
1,Baseline,1740,8404831813271.871094,100.000000,24687.994212,41175.542372
1,Baseline,1760,8404837720711.640625,100.000000,19421.106197,48844.652358
1,Baseline,1780,8404837720711.640625,100.000000,19421.106197,48844.652358
1,Baseline,1800,8404898807282.345703,100.000000,19413.352033,49097.758569
1,Baseline,1820,8404898807282.345703,100.000000,19413.352033,49097.758569
1,Baseline,1840,8404898807282.345703,100.000000,19413.352033,49097.758569
1,Baseline,1860,8404915107573.400391,100.000000,19418.272542,49013.623092
1,Baseline,1880,8404921902036.025391,100.000000,19459.664731,49519.201343
1,Baseline,1900,8404925099128.267578,100.000000,19464.447193,49770.851889
1,Baseline,1920,8444185893528.906250,100.000000,21579.703679,53747.599813
1,Baseline,1940,8444268310561.214844,100.000000,25440.597947,33911.257116
1,Baseline,1960,8444274364475.784180,100.000000,25458.794296,33907.313192
1,Baseline,1980,8444274364475.784180,100.000000,25458.794296,33907.313192
1,Baseline,2000,8444274364475.784180,100.000000,25458.794296,33907.313192
1,Proposed,20,8916116793087.976562,100.000000,1449.206640,19865.174195
1,Proposed,40,8916116793087.976562,100.000000,1178.292680,18704.177483
1,Proposed,60,8916116793087.976562,100.000000,1093.675865,16072.876857
1,Proposed,80,8916116793087.976562,100.000000,1172.424567,16313.534952
1,Proposed,100,8916116793087.976562,100.000000,1263.401888,16207.919240
1,Proposed,120,8916116793087.976562,100.000000,1374.758666,14258.830909
1,Proposed,140,8916116793087.976562,100.000000,771.757717,13313.386070
1,Proposed,160,8916116793087.976562,100.000000,738.696707,12060.340099
1,Proposed,180,8916116793087.976562,100.000000,705.009033,12747.121553
1,Proposed,200,8971306383252.228516,100.000000,784.535637,5725.238039
1,Proposed,220,8981403223104.380859,100.000000,669.849269,37967.850748
1,Proposed,240,8991253517527.439453,100.000000,702.632847,2416.427754
1,Proposed,260,9004277895676.423828,100.000000,672.189306,3680.994042
1,Proposed,280,9004510446797.962891,100.000000,1094.129012,4349.188500
1,Proposed,300,9006959947425.404297,100.000000,1325.782476,5041.807104
1,Proposed,320,9009742904095.306641,100.000000,1522.319029,6024.933361
1,Proposed,340,9011082883442.466797,100.000000,1495.766625,6791.830485
1,Proposed,360,9012651828128.736328,100.000000,2008.745089,8685.368880
1,Proposed,380,9015722833686.634766,100.000000,2214.504979,9398.620685
1,Proposed,400,9022923474547.138672,100.000000,2225.725026,83652.749827
1,Proposed,420,9023893127192.728516,100.000000,2338.830769,63123.602904
1,Proposed,440,9023911621920.109375,100.000000,2234.904350,56829.971288
1,Proposed,460,9028964655902.830078,100.000000,1103.721902,53743.821886
1,Proposed,480,9028970005964.939453,100.000000,1320.990735,57602.722305
1,Proposed,500,9030029738238.289062,100.000000,1744.491071,54511.254347
1,Proposed,520,9031176170040.804688,100.000000,1321.701760,56140.931372
1,Proposed,540,9035190589981.316406,100.000000,2154.294177,59485.535804
1,Proposed,560,9035208241777.226562,100.000000,2304.306504,61876.309976
1,Proposed,580,9038146682208.591797,100.000000,1657.335156,59556.695386
1,Proposed,600,9044105461618.916016,100.000000,5259.564911,103802.298381
1,Proposed,620,9047571134279.835938,100.000000,4527.973137,105003.762631
1,Proposed,640,9047572511463.792969,100.000000,4548.679218,103616.394194
1,Proposed,660,9047602184366.208984,100.000000,3508.070094,93186.732839
1,Proposed,680,9047829799087.539062,100.000000,3634.193207,95509.652488
1,Proposed,700,9052333223717.824219,100.000000,3516.787923,97024.541422
1,Proposed,720,9059203536701.947266,100.000000,5988.979959,91116.880719
1,Proposed,740,9061724154492.515625,100.000000,5602.554494,102423.539786
1,Proposed,760,9063263404460.074219,100.000000,5399.504997,103007.961373
1,Proposed,780,9063279470224.994141,100.000000,5225.295460,99796.202922
1,Proposed,800,9063281993884.390625,100.000000,5280.620845,101988.191869
1,Proposed,820,9063286136064.712891,100.000000,5678.675421,106253.424221
1,Proposed,840,9063302659024.255859,100.000000,5589.412335,105752.263013
1,Proposed,860,9068369916615.177734,100.000000,10671.228738,111775.880353
1,Proposed,880,9068996865040.751953,100.000000,5277.348376,111922.603519
1,Proposed,900,9069002329829.427734,100.000000,5275.579427,111966.185160
1,Proposed,920,9069004206746.052734,100.000000,5310.758064,113444.999218
1,Proposed,940,9069011340310.666016,100.000000,5555.714803,117815.340900
1,Proposed,960,9069035980735.789062,100.000000,5440.517330,114596.258293
1,Proposed,980,9069043705814.234375,100.000000,5343.714175,113749.544831
1,Proposed,1000,9069105329486.136719,100.000000,4433.932857,104404.116939
2,Baseline,20,7657354646879.807617,100.000000,6355.590263,18927.623301
2,Baseline,40,7765485920963.065430,100.000000,6409.085005,8275.704418
2,Baseline,60,7935970047413.580078,100.000000,18733.373200,27855.194824
2,Baseline,80,7959265495788.125000,100.000000,9914.573590,14925.644636
2,Baseline,100,7983692614605.395508,100.000000,20879.461284,31257.144870
2,Baseline,120,8010824768021.085938,100.000000,18990.645824,29316.250973
2,Baseline,140,8055906115612.035156,100.000000,12697.495083,20076.671620
2,Baseline,160,8056084097199.416992,100.000000,10923.666607,16532.111698
2,Baseline,180,8056091172913.054688,100.000000,10917.612132,16522.028654
2,Baseline,200,8063273153987.956055,100.000000,17163.615612,25270.695646
2,Baseline,220,8106366860949.214844,100.000000,17685.567882,44539.675662
2,Baseline,240,8106366860949.214844,100.000000,13938.072650,23476.771799
2,Baseline,260,8107023463651.266602,100.000000,22561.112251,38590.217110
2,Baseline,280,8110668314391.137695,100.000000,16046.541101,26997.321465
2,Baseline,300,8110693689133.041016,100.000000,16095.256542,26881.251821
2,Baseline,320,8110735470838.288086,100.000000,16020.753054,26729.585819
2,Baseline,340,8110735470838.288086,100.000000,16116.761308,26792.177741
2,Baseline,360,8187967293641.501953,100.000000,16915.880142,29607.803275
2,Baseline,380,8187967293641.501953,100.000000,16915.880142,29607.803275
2,Baseline,400,8187972410848.425781,100.000000,16915.448838,29610.966156
2,Baseline,420,8188575813362.234375,100.000000,15601.392756,45177.796449
2,Baseline,440,8230260739945.352539,100.000000,18326.006636,27421.908580
2,Baseline,460,8230304290834.612305,100.000000,17920.705011,27017.599553
2,Baseline,480,8230331603167.023438,100.000000,18539.499069,27401.992012
2,Baseline,500,8230331603167.023438,100.000000,18539.499069,27401.992012
2,Baseline,520,8230331603167.023438,100.000000,18539.499069,27401.992012
2,Baseline,540,8230333772238.425781,100.000000,18679.794309,27496.027623
2,Baseline,560,8230333772238.425781,100.000000,18679.794309,27496.027623
2,Baseline,580,8230356769133.145508,100.000000,18705.127512,27412.862700
2,Baseline,600,8230364635346.584961,100.000000,18797.988008,27463.190278
2,Baseline,620,8230373058950.287109,100.000000,19494.394232,28297.160051
2,Baseline,640,8230373058950.287109,100.000000,19494.394232,28297.160051
2,Baseline,660,8230378377934.352539,100.000000,19528.720069,28290.932602
2,Baseline,680,8230430983058.187500,100.000000,19962.050278,28432.325351
2,Baseline,700,8230431065775.027344,100.000000,19950.298253,28420.465551
2,Baseline,720,8230431065775.027344,100.000000,19950.298253,28420.465551
2,Baseline,740,8230431065775.027344,100.000000,19950.298253,28420.465551
2,Baseline,760,8230442315716.269531,100.000000,19890.298325,28310.647947
2,Baseline,780,8274286386623.644531,100.000000,19953.532143,26066.592873
2,Baseline,800,8283344677574.853516,100.000000,20705.834731,27173.874777
2,Baseline,820,8283344677574.853516,100.000000,20705.834731,27173.874777
2,Baseline,840,8283412421519.772461,100.000000,20511.780230,26987.792043
2,Baseline,860,8283414787993.588867,100.000000,20582.548506,27015.247157
2,Baseline,880,8283414787993.588867,100.000000,20582.548506,27015.247157
2,Baseline,900,8283420737767.908203,100.000000,20836.947201,27238.410626
2,Baseline,920,8283424253345.268555,100.000000,20286.350507,26689.574800
2,Baseline,940,8283431754120.596680,100.000000,20299.003068,26697.056189
2,Baseline,960,8283436630876.650391,100.000000,20637.613601,26980.212981
2,Baseline,980,8289077533114.873047,100.000000,21447.165411,30567.324288
2,Baseline,1000,8289630670338.610352,100.000000,20463.997617,51697.144209
2,Baseline,1020,8296310790798.487305,100.000000,19760.993604,37539.522336
2,Baseline,1040,8296310923686.632812,100.000000,20126.869669,38958.596079
2,Baseline,1060,8349804971624.980469,100.000000,20727.936003,43142.818874
2,Baseline,1080,8353223868481.080078,100.000000,19613.666433,36122.266971
2,Baseline,1100,8353237725391.376953,100.000000,19638.912167,36141.444289
2,Baseline,1120,8353307504892.583008,100.000000,19058.491083,34582.493092
2,Baseline,1140,8353307532978.402344,100.000000,19331.029954,35076.248832
2,Baseline,1160,8353315874576.544922,100.000000,19354.456498,35052.957210
2,Baseline,1180,8353339742201.252930,100.000000,17775.536337,31110.663843
2,Baseline,1200,8353379366936.526367,100.000000,18126.035666,31802.725647
2,Baseline,1220,8353383031607.987305,100.000000,18136.583535,31792.826434
2,Baseline,1240,8353383031607.987305,100.000000,18136.583535,31792.826434
2,Baseline,1260,8353392917143.634766,100.000000,18140.355805,31751.653462
2,Baseline,1280,8353410145277.787109,100.000000,18290.194057,31874.984560
2,Baseline,1300,8353411196157.287109,100.000000,18589.617121,32330.914839
2,Baseline,1320,8415164544654.438477,100.000000,18649.514856,32277.401048
2,Baseline,1340,8415164940042.334961,100.000000,18789.334352,32429.263429
2,Baseline,1360,8415181308226.470703,100.000000,19692.403669,34735.344204
2,Baseline,1380,8415210620034.103516,100.000000,20286.530001,36830.754978
2,Baseline,1400,8415257844553.492188,100.000000,19690.183438,36098.456208
2,Baseline,1420,8415257844553.492188,100.000000,19690.183438,36098.456208
2,Baseline,1440,8415318778543.438477,100.000000,19195.139154,35550.601436
2,Baseline,1460,8415320141156.995117,100.000000,19452.765649,35804.798205
2,Baseline,1480,8415320141156.995117,100.000000,19452.765649,35804.798205
2,Baseline,1500,8415320141156.995117,100.000000,19452.765649,35804.798205
2,Baseline,1520,8415320141156.995117,100.000000,19452.765649,35804.798205
2,Baseline,1540,8415332640736.812500,100.000000,19046.115686,34831.536635
2,Baseline,1560,8415351934999.340820,100.000000,19422.843767,35297.011069
2,Baseline,1580,8432462905305.507812,100.000000,15729.197206,22990.783949
2,Baseline,1600,8432462905305.507812,100.000000,15729.197206,22990.783949
2,Baseline,1620,8432463212055.230469,100.000000,16148.381738,23767.741607
2,Baseline,1640,8432463865101.599609,100.000000,16143.021224,23756.761502
2,Baseline,1660,8432466306266.562500,100.000000,16143.481520,23757.213946
2,Baseline,1680,8432557816554.633789,100.000000,13795.237311,19237.427432
2,Baseline,1700,8432573338335.001953,100.000000,14194.528533,19603.942096
2,Baseline,1720,8432573491474.651367,100.000000,14324.840713,19776.679616
2,Baseline,1740,8432574206146.577148,100.000000,14326.303660,19758.646842
2,Baseline,1760,8432574206146.577148,100.000000,14326.303660,19758.646842
2,Baseline,1780,8432578794700.044922,100.000000,15059.654008,20666.745199
2,Baseline,1800,8432578794700.044922,100.000000,15059.654008,20666.745199
2,Baseline,1820,8432578794700.044922,100.000000,15059.654008,20666.745199
2,Baseline,1840,8432630162049.922852,100.000000,15074.839859,20676.008632
2,Baseline,1860,8432631763164.496094,100.000000,15772.669953,21494.142645
2,Baseline,1880,8432631763164.496094,100.000000,15772.669953,21494.142645
2,Baseline,1900,8432649387685.977539,100.000000,15779.453309,21459.739204
2,Baseline,1920,8432656785851.017578,100.000000,15525.474147,21004.779048
2,Baseline,1940,8433589121759.281250,100.000000,24024.738066,36074.855042
2,Baseline,1960,8433915645206.124023,100.000000,19096.039980,40285.549772
2,Baseline,1980,8433915645206.124023,100.000000,16564.139205,25298.032979
2,Baseline,2000,8433915645206.124023,100.000000,16564.139205,25298.032979
2,Proposed,20,8820359312334.677734,100.000000,1270.723618,19499.323601
2,Proposed,40,8820359312334.677734,100.000000,1222.037982,19223.387164
2,Proposed,60,8820359312334.677734,100.000000,1298.754636,19238.456229
2,Proposed,80,8820359312334.677734,100.000000,1192.063936,17867.644993
2,Proposed,100,8820359312334.677734,100.000000,1189.960969,16963.050272
2,Proposed,120,8820359312334.677734,100.000000,1174.636186,12689.256040
2,Proposed,140,8820359312334.677734,100.000000,1075.132460,8692.694068
2,Proposed,160,8820359312334.677734,100.000000,1062.033890,8367.222412
2,Proposed,180,8820359312334.677734,100.000000,647.930570,3629.475551
2,Proposed,200,8820359312334.677734,100.000000,476.280655,3674.682918
2,Proposed,220,8820359312334.677734,100.000000,297.641200,3798.031375
2,Proposed,240,8820359312334.677734,100.000000,314.395295,4021.826949
2,Proposed,260,8820359312334.677734,100.000000,324.777485,4027.477451
2,Proposed,280,8820359312334.677734,100.000000,348.577287,3728.927751
2,Proposed,300,8820359312334.677734,100.000000,374.247222,2522.901589
2,Proposed,320,8820359312334.677734,100.000000,87.627939,161.541127
2,Proposed,340,8820359312334.677734,100.000000,87.627939,161.541127
2,Proposed,360,8820359312334.677734,100.000000,87.627939,161.541127
2,Proposed,380,8820359312334.677734,100.000000,87.627939,161.541127
2,Proposed,400,8820359312334.677734,100.000000,87.627939,161.541127
2,Proposed,420,8820359312334.677734,100.000000,87.627939,161.541127
2,Proposed,440,8820359312334.677734,100.000000,87.627939,161.541127
2,Proposed,460,8820359312334.677734,100.000000,87.627939,161.541127
2,Proposed,480,8820359312334.677734,100.000000,87.627939,161.541127
2,Proposed,500,8820359312334.677734,100.000000,87.627939,161.541127
2,Proposed,520,8820359312334.677734,100.000000,87.627939,161.541127
2,Proposed,540,8820359312334.677734,100.000000,87.627939,161.541127
2,Proposed,560,8820359312334.677734,100.000000,87.627939,161.541127
2,Proposed,580,8820359312334.677734,100.000000,87.627939,161.541127
2,Proposed,600,8820359312334.677734,100.000000,87.627939,161.541127
2,Proposed,620,8820359312334.677734,100.000000,87.627939,161.541127
2,Proposed,640,8820359312334.677734,100.000000,87.627939,161.541127
2,Proposed,660,8820359312334.677734,100.000000,87.627939,161.541127
2,Proposed,680,8820359312334.677734,100.000000,87.627939,161.541127
2,Proposed,700,8820359312334.677734,100.000000,87.627939,161.541127
2,Proposed,720,8820359312334.677734,100.000000,87.627939,161.541127
2,Proposed,740,8907455641499.892578,100.000000,275.723000,6364.175164
2,Proposed,760,8907525164107.142578,100.000000,593.266849,12880.877350
2,Proposed,780,8907532692488.277344,100.000000,629.458718,13020.054350
2,Proposed,800,8907558821678.150391,100.000000,689.451777,13433.570513
2,Proposed,820,8907560695926.146484,100.000000,688.726821,13435.813227
2,Proposed,840,8907562848103.271484,100.000000,926.385249,17648.891939
2,Proposed,860,8907583707120.515625,100.000000,920.317251,17730.351459
2,Proposed,880,8940825143298.062500,100.000000,530.429931,12357.560202
2,Proposed,900,8940825143298.062500,100.000000,577.421995,16249.892625
2,Proposed,920,8947836597362.515625,100.000000,694.517581,16999.907573
2,Proposed,940,8947930191020.314453,100.000000,1018.511869,53943.802593
2,Proposed,960,8951489619886.167969,100.000000,1003.799828,32612.359701
2,Proposed,980,8972528314724.628906,100.000000,1421.901527,74692.259966
2,Proposed,1000,8972689004880.607422,100.000000,774.454628,26316.955501
3,Baseline,20,7704390011166.370117,100.000000,7830.087722,3994.188761
3,Baseline,40,7733983316018.199219,100.000000,10869.465401,11745.077218
3,Baseline,60,7764131105934.095703,100.000000,18803.863659,22274.665077
3,Baseline,80,7867736169968.985352,100.000000,16592.009832,22474.884838
3,Baseline,100,7878531313210.066406,100.000000,8295.580792,10853.163282
3,Baseline,120,7881238613438.928711,100.000000,12697.557546,17773.335996
3,Baseline,140,7908358363753.678711,100.000000,10210.326615,19091.891513
3,Baseline,160,7941429935778.846680,100.000000,21858.371457,34717.901313
3,Baseline,180,7945824002953.564453,100.000000,14535.813564,18029.818326
3,Baseline,200,7945837189894.074219,100.000000,15031.650947,19068.577158
3,Baseline,220,7945854331026.631836,100.000000,15945.239669,20405.685317
3,Baseline,240,7948427651691.960938,100.000000,26079.088657,36704.881895
3,Baseline,260,8023022817382.558594,100.000000,14000.844564,15522.307977
3,Baseline,280,8023049624042.134766,100.000000,14398.680741,16011.370517
3,Baseline,300,8023090108517.008789,100.000000,13454.402405,14702.772968
3,Baseline,320,8023111019578.050781,100.000000,13474.672262,14696.106502
3,Baseline,340,8023153824466.096680,100.000000,14908.638217,16739.765513
3,Baseline,360,8023256225500.731445,100.000000,15440.758652,17195.676422
3,Baseline,380,8023256225500.731445,100.000000,15440.758652,17195.676422
3,Baseline,400,8023256225500.731445,100.000000,15440.758652,17195.676422
3,Baseline,420,8023256225500.731445,100.000000,15440.758652,17195.676422
3,Baseline,440,8023258908462.197266,100.000000,16178.905679,18455.083781
3,Baseline,460,8023258908462.197266,100.000000,16178.905679,18455.083781
3,Baseline,480,8023258908462.197266,100.000000,16178.905679,18455.083781
3,Baseline,500,8023258930255.214844,100.000000,16716.540193,19205.554815
3,Baseline,520,8023258930255.214844,100.000000,16716.540193,19205.554815
3,Baseline,540,8023302827182.410156,100.000000,16272.230421,18806.715283
3,Baseline,560,8023302827182.410156,100.000000,16272.230421,18806.715283
3,Baseline,580,8023302827182.410156,100.000000,16272.230421,18806.715283
3,Baseline,600,8024235172195.437500,100.000000,20335.696116,24200.350105
3,Baseline,620,8058615191411.154297,100.000000,15278.938329,22184.938520
3,Baseline,640,8059296058060.387695,100.000000,15294.943306,22182.775267
3,Baseline,660,8096379985864.474609,100.000000,22185.397547,36455.843003
3,Baseline,680,8098358940531.795898,100.000000,18503.454804,22682.073033
3,Baseline,700,8098435779856.078125,100.000000,18587.227816,22599.700939
3,Baseline,720,8098435779856.078125,100.000000,18587.227816,22599.700939
3,Baseline,740,8247146897190.220703,100.000000,19190.065351,23390.743292
3,Baseline,760,8247146978592.224609,100.000000,21588.773819,24289.176539
3,Baseline,780,8247206067934.207031,100.000000,20201.784922,22658.933840
3,Baseline,800,8248267491591.518555,100.000000,13762.572307,25094.799821
3,Baseline,820,8266665171367.231445,100.000000,13878.193886,25608.849368
3,Baseline,840,8266665171367.231445,100.000000,18502.406224,29291.617639
3,Baseline,860,8266665171367.231445,100.000000,18502.406224,29291.617639
3,Baseline,880,8266665171367.231445,100.000000,18502.406224,29291.617639
3,Baseline,900,8266665171367.231445,100.000000,18502.406224,29291.617639
3,Baseline,920,8266665171367.231445,100.000000,18502.406224,29291.617639
3,Baseline,940,8266669230674.092773,100.000000,18635.889551,29382.336462
3,Baseline,960,8266669230674.092773,100.000000,18759.171564,29506.747876
3,Baseline,980,8266669230674.092773,100.000000,18759.171564,29506.747876
3,Baseline,1000,8266669230674.092773,100.000000,18759.171564,29506.747876
3,Baseline,1020,8266669230674.092773,100.000000,18759.171564,29506.747876
3,Baseline,1040,8266726590213.333984,100.000000,18777.524393,29520.567891
3,Baseline,1060,8266732359359.708984,100.000000,19027.695455,29679.725254
3,Baseline,1080,8266732359359.708984,100.000000,19027.695455,29679.725254
3,Baseline,1100,8266766996331.364258,100.000000,19560.211196,30304.893059
3,Baseline,1120,8266770028959.490234,100.000000,19139.164260,29430.301765
3,Baseline,1140,8266771889533.404297,100.000000,19426.810735,29792.057705
3,Baseline,1160,8266774126992.808594,100.000000,19845.589769,30537.208697
3,Baseline,1180,8266803809882.329102,100.000000,19219.620513,29932.786782
3,Baseline,1200,8266828254655.353516,100.000000,17341.220927,26376.370214
3,Baseline,1220,8266828254655.353516,100.000000,17341.220927,26376.370214
3,Baseline,1240,8266828254655.353516,100.000000,17341.220927,26376.370214
3,Baseline,1260,8266830623872.529297,100.000000,17669.675538,26693.075662
3,Baseline,1280,8266830623872.529297,100.000000,17669.675538,26693.075662
3,Baseline,1300,8266867101196.763672,100.000000,17708.067448,26637.681525
3,Baseline,1320,8266922864773.523438,100.000000,17690.581933,26467.259892
3,Baseline,1340,8266922864773.523438,100.000000,17939.131727,26799.347370
3,Baseline,1360,8266922864773.523438,100.000000,17939.131727,26799.347370
3,Baseline,1380,8266922864773.523438,100.000000,17939.131727,26799.347370
3,Baseline,1400,8266922864773.523438,100.000000,17939.131727,26799.347370
3,Baseline,1420,8266922864773.523438,100.000000,17939.131727,26799.347370
3,Baseline,1440,8266922864773.523438,100.000000,17939.131727,26799.347370
3,Baseline,1460,8266922864773.523438,100.000000,17939.131727,26799.347370
3,Baseline,1480,8266922864773.523438,100.000000,17939.131727,26799.347370
3,Baseline,1500,8266923536042.643555,100.000000,18982.168170,28808.359528
3,Baseline,1520,8266923536042.643555,100.000000,18982.168170,28808.359528
3,Baseline,1540,8266923536042.643555,100.000000,18982.168170,28808.359528
3,Baseline,1560,8266923536042.643555,100.000000,18982.168170,28808.359528
3,Baseline,1580,8267170091668.868164,100.000000,35652.373184,56597.067340
3,Baseline,1600,8274212352701.472656,100.000000,22738.404284,26933.285047
3,Baseline,1620,8274212352701.472656,100.000000,22738.404284,26933.285047
3,Baseline,1640,8274212352701.472656,100.000000,22738.404284,26933.285047
3,Baseline,1660,8274212352701.472656,100.000000,22738.404284,26933.285047
3,Baseline,1680,8274223493382.609375,100.000000,22742.339026,26887.249496
3,Baseline,1700,8274223493382.609375,100.000000,22742.339026,26887.249496
3,Baseline,1720,8277264185973.010742,100.000000,29222.912275,43379.924767
3,Baseline,1740,8349148448651.903320,100.000000,28247.336363,36460.000408
3,Baseline,1760,8349148448651.903320,100.000000,28247.336363,36460.000408
3,Baseline,1780,8349148448651.903320,100.000000,28247.336363,36460.000408
3,Baseline,1800,8349148448651.903320,100.000000,28247.336363,36460.000408
3,Baseline,1820,8349148448651.903320,100.000000,28247.336363,36460.000408
3,Baseline,1840,8349152665386.496094,100.000000,28236.329404,36453.910489
3,Baseline,1860,8349152665386.496094,100.000000,28236.329404,36453.910489
3,Baseline,1880,8349159026641.564453,100.000000,28325.411647,36427.663940
3,Baseline,1900,8349164058340.017578,100.000000,28318.685808,36425.306527
3,Baseline,1920,8349172198028.942383,100.000000,28330.666429,36433.156118
3,Baseline,1940,8349172198028.942383,100.000000,28324.623299,36432.488369
3,Baseline,1960,8349172198028.942383,100.000000,28324.623299,36432.488369
3,Baseline,1980,8349172198028.942383,100.000000,28324.623299,36432.488369
3,Baseline,2000,8349178418410.509766,100.000000,28340.522783,36392.073418
3,Proposed,20,8856025838170.617188,100.000000,1245.134571,22955.663069
3,Proposed,40,8856025838170.617188,100.000000,1245.901908,17843.890637
3,Proposed,60,8856025838170.617188,100.000000,1234.755221,14902.259062
3,Proposed,80,8856025838170.617188,100.000000,1417.485964,15407.388388
3,Proposed,100,8856025838170.617188,100.000000,1618.025655,15848.080512
3,Proposed,120,8856025838170.617188,100.000000,1160.967223,16136.426051
3,Proposed,140,8856025838170.617188,100.000000,1136.562822,13592.250794
3,Proposed,160,8856025838170.617188,100.000000,1054.120293,13170.263691
3,Proposed,180,8856025838170.617188,100.000000,1083.144996,13251.166579
3,Proposed,200,8856025838170.617188,100.000000,967.058695,7452.945779
3,Proposed,220,8856025838170.617188,100.000000,1032.134728,2733.781063
3,Proposed,240,8856025838170.617188,100.000000,1053.199864,3109.687825
3,Proposed,260,8856025838170.617188,100.000000,1076.521340,3174.660703
3,Proposed,280,8856025838170.617188,100.000000,1233.458487,3357.458500
3,Proposed,300,8856025838170.617188,100.000000,1410.995615,3382.702329
3,Proposed,320,8856025838170.617188,100.000000,1538.117919,3676.814403
3,Proposed,340,8856025838170.617188,100.000000,1546.098584,3694.928979
3,Proposed,360,8856025838170.617188,100.000000,1420.925845,3397.945452
3,Proposed,380,8856025838170.617188,100.000000,1508.797278,3607.868852
3,Proposed,400,8856025838170.617188,100.000000,1553.190440,3714.444075
3,Proposed,420,8856025838170.617188,100.000000,1469.232251,3517.317061
3,Proposed,440,8856025838170.617188,100.000000,969.302436,2336.475453
3,Proposed,460,8856025838170.617188,100.000000,325.149888,852.292436
3,Proposed,480,8856025838170.617188,100.000000,325.149888,852.292436
3,Proposed,500,8856025838170.617188,100.000000,325.149888,852.292436
3,Proposed,520,8856025838170.617188,100.000000,325.149888,852.292436
3,Proposed,540,8856025838170.617188,100.000000,325.149888,852.292436
3,Proposed,560,8856025838170.617188,100.000000,325.149888,852.292436
3,Proposed,580,8856025838170.617188,100.000000,325.149888,852.292436
3,Proposed,600,8856025838170.617188,100.000000,325.149888,852.292436
3,Proposed,620,8856025838170.617188,100.000000,325.149888,852.292436
3,Proposed,640,8856025838170.617188,100.000000,325.149888,852.292436
3,Proposed,660,8856025838170.617188,100.000000,325.149888,852.292436
3,Proposed,680,8856025838170.617188,100.000000,325.149888,852.292436
3,Proposed,700,8856025838170.617188,100.000000,325.149888,852.292436
3,Proposed,720,8856025838170.617188,100.000000,325.149888,852.292436
3,Proposed,740,8856025838170.617188,100.000000,325.149888,852.292436
3,Proposed,760,8856025838170.617188,100.000000,325.149888,852.292436
3,Proposed,780,8856025838170.617188,100.000000,325.149888,852.292436
3,Proposed,800,8856025838170.617188,100.000000,325.149888,852.292436
3,Proposed,820,8856025838170.617188,100.000000,325.149888,852.292436
3,Proposed,840,8856025838170.617188,100.000000,325.149888,852.292436
3,Proposed,860,8856025838170.617188,100.000000,325.149888,852.292436
3,Proposed,880,8856025838170.617188,100.000000,325.149888,852.292436
3,Proposed,900,8856025838170.617188,100.000000,325.149888,852.292436
3,Proposed,920,8856025838170.617188,100.000000,325.149888,852.292436
3,Proposed,940,8856025838170.617188,100.000000,325.149888,852.292436
3,Proposed,960,8856025838170.617188,100.000000,325.149888,852.292436
3,Proposed,980,8856025838170.617188,100.000000,325.149888,852.292436
3,Proposed,1000,8856025838170.617188,100.000000,325.149888,852.292436
4,Baseline,20,7709679422778.420898,100.000000,1920.718273,12335.751018
4,Baseline,40,7889154752152.542969,100.000000,5704.436458,2644.608236
4,Baseline,60,7889199164184.723633,100.000000,4643.591314,2696.949581
4,Baseline,80,7980708160110.455078,100.000000,13257.869401,7235.518645
4,Baseline,100,7983889945825.286133,100.000000,6248.769458,4095.474272
4,Baseline,120,7983905854325.443359,100.000000,6377.202676,4149.124873
4,Baseline,140,7983921335270.448242,100.000000,6325.265609,4199.669587
4,Baseline,160,7983921379180.123047,100.000000,6383.347746,4208.778302
4,Baseline,180,8014533035419.371094,100.000000,6931.491773,4783.562870
4,Baseline,200,8097791620910.091797,100.000000,7099.686203,10663.677707
4,Baseline,220,8102014085697.648438,100.000000,8401.676795,12932.640141
4,Baseline,240,8135528632725.595703,100.000000,12192.674877,9626.780008
4,Baseline,260,8155864577578.176758,100.000000,24583.488128,27605.729950
4,Baseline,280,8155864577578.176758,100.000000,12987.300866,12406.306020
4,Baseline,300,8157679577043.541992,100.000000,11605.982550,20972.101281
4,Baseline,320,8157679577043.541992,100.000000,11605.982550,20972.101281
4,Baseline,340,8157679577043.541992,100.000000,11605.982550,20972.101281
4,Baseline,360,8157681780156.127930,100.000000,11926.434594,21563.169356
4,Baseline,380,8157681780156.127930,100.000000,11926.434594,21563.169356
4,Baseline,400,8251352440517.862305,100.000000,11529.777930,17527.506710
4,Baseline,420,8251369589685.169922,100.000000,11533.802276,17529.743707
4,Baseline,440,8252150109124.236328,100.000000,22272.953401,36955.909818
4,Baseline,460,8252772777890.093750,100.000000,15021.725846,26789.612154
4,Baseline,480,8253691284019.274414,100.000000,13187.438581,25102.475133
4,Baseline,500,8253691284019.274414,100.000000,13664.892008,25739.860793
4,Baseline,520,8253697015263.054688,100.000000,13669.853051,25845.864173
4,Baseline,540,8263010295962.849609,100.000000,15714.492836,21289.313285
4,Baseline,560,8263470399064.652344,100.000000,22843.605885,32671.089679
4,Baseline,580,8263495314548.857422,100.000000,15856.783830,28972.519800
4,Baseline,600,8285350804346.601562,100.000000,34941.231075,54382.240979
4,Baseline,620,8285352487365.677734,100.000000,19096.914716,23726.678912
4,Baseline,640,8285379676821.902344,100.000000,19133.974811,23694.202604
4,Baseline,660,8285379676821.902344,100.000000,19133.974811,23694.202604
4,Baseline,680,8285390949500.472656,100.000000,19266.378389,23741.227963
4,Baseline,700,8285390949500.472656,100.000000,19266.378389,23741.227963
4,Baseline,720,8285397470203.946289,100.000000,19261.661437,23731.073692
4,Baseline,740,8285397470203.946289,100.000000,19261.661437,23731.073692
4,Baseline,760,8285397470203.946289,100.000000,19261.661437,23731.073692
4,Baseline,780,8285397470203.946289,100.000000,19261.661437,23731.073692
4,Baseline,800,8285408809176.916016,100.000000,19282.605405,23722.965902
4,Baseline,820,8285804358097.443359,100.000000,18503.212717,35540.990933
4,Baseline,840,8325889164606.985352,100.000000,22318.129771,24244.141988
4,Baseline,860,8325889164606.985352,100.000000,22318.129771,24244.141988
4,Baseline,880,8325890875850.478516,100.000000,22989.860687,25569.812492
4,Baseline,900,8325890967268.910156,100.000000,23172.483351,25676.713490
4,Baseline,920,8326154563430.774414,100.000000,27517.379836,32077.590945
4,Baseline,940,8329206331744.189453,100.000000,21610.260923,27448.184486
4,Baseline,960,8348060609462.585938,100.000000,22302.451081,29037.576949
4,Baseline,980,8348061084480.027344,100.000000,22308.591728,29030.752039
4,Baseline,1000,8348334244646.746094,100.000000,30071.974359,43296.396058
4,Baseline,1020,8361685339893.292969,100.000000,23288.546745,43455.013954
4,Baseline,1040,8361685339893.292969,100.000000,29338.773465,31166.291101
4,Baseline,1060,8361685775847.742188,100.000000,30179.798847,32309.028787
4,Baseline,1080,8361685775847.742188,100.000000,30179.798847,32309.028787
4,Baseline,1100,8361685775847.742188,100.000000,30179.798847,32309.028787
4,Baseline,1120,8361685775847.742188,100.000000,30179.798847,32309.028787
4,Baseline,1140,8361685775847.742188,100.000000,30179.798847,32309.028787
4,Baseline,1160,8361685775847.742188,100.000000,30179.798847,32309.028787
4,Baseline,1180,8361685775847.742188,100.000000,30179.798847,32309.028787
4,Baseline,1200,8361685775847.742188,100.000000,30179.798847,32309.028787
4,Baseline,1220,8361685775847.742188,100.000000,30179.798847,32309.028787
4,Baseline,1240,8361686863130.432617,100.000000,30366.999971,32383.626577
4,Baseline,1260,8361686863130.432617,100.000000,30366.999971,32383.626577
4,Baseline,1280,8361686863130.432617,100.000000,30366.999971,32383.626577
4,Baseline,1300,8361686863130.432617,100.000000,30366.999971,32383.626577
4,Baseline,1320,8361697663300.074219,100.000000,30940.563763,33608.446504
4,Baseline,1340,8361697663300.074219,100.000000,30940.563763,33608.446504
4,Baseline,1360,8361697663300.074219,100.000000,30940.563763,33608.446504
4,Baseline,1380,8407401382454.442383,100.000000,35525.401107,64952.790748
4,Baseline,1400,8407403221059.138672,100.000000,27981.593552,36548.290482
4,Baseline,1420,8407434005426.260742,100.000000,28258.001241,36765.074008
4,Baseline,1440,8407434005426.260742,100.000000,28258.001241,36765.074008
4,Baseline,1460,8417287474947.959961,100.000000,32141.536567,40198.357666
4,Baseline,1480,8417287474947.959961,100.000000,32141.536567,40198.357666
4,Baseline,1500,8442617013947.617188,100.000000,40995.947603,65205.105263
4,Baseline,1520,8442618069066.775391,100.000000,31347.305451,40804.382474
4,Baseline,1540,8442618069066.775391,100.000000,31347.305451,40804.382474
4,Baseline,1560,8466820961864.230469,100.000000,32310.936536,45151.296196
4,Baseline,1580,8466820961864.230469,100.000000,32310.936536,45151.296196
4,Baseline,1600,8466834573800.293945,100.000000,32344.667150,45172.620857
4,Baseline,1620,8466834573800.293945,100.000000,32344.667150,45172.620857
4,Baseline,1640,8466834573800.293945,100.000000,32344.667150,45172.620857
4,Baseline,1660,8466855308459.458984,100.000000,32334.428571,45178.781656
4,Baseline,1680,8466855308459.458984,100.000000,32334.428571,45178.781656
4,Baseline,1700,8481415849312.390625,100.000000,32893.051276,48668.887011
4,Baseline,1720,8484636018513.509766,100.000000,32109.971726,48513.062843
4,Baseline,1740,8484636018513.509766,100.000000,32109.971726,48513.062843
4,Baseline,1760,8487556260650.337891,100.000000,31357.437649,44169.286731
4,Baseline,1780,8489087961894.234375,100.000000,30814.339384,76374.311173
4,Baseline,1800,8494012039308.756836,100.000000,39159.545258,61638.122755
4,Baseline,1820,8494012039308.756836,100.000000,28564.606669,39211.406302
4,Baseline,1840,8494026092721.609375,100.000000,27735.552655,35632.388724
4,Baseline,1860,8494190144674.458984,100.000000,25144.816115,28660.599958
4,Baseline,1880,8494190972574.884766,100.000000,25137.656525,28660.708982
4,Baseline,1900,8494190972574.884766,100.000000,25137.656525,28660.708982
4,Baseline,1920,8494190972574.884766,100.000000,25137.656525,28660.708982
4,Baseline,1940,8494190972574.884766,100.000000,25137.656525,28660.708982
4,Baseline,1960,8494262030550.124023,100.000000,23936.339963,27812.747874
4,Baseline,1980,8494262030550.124023,100.000000,23936.339963,27812.747874
4,Baseline,2000,8494262030550.124023,100.000000,23936.339963,27812.747874
4,Proposed,20,8907423964712.353516,100.000000,4556.215625,19202.583224
4,Proposed,40,8907423964712.353516,100.000000,1834.989974,17578.699753
4,Proposed,60,8907423964712.353516,100.000000,1857.096373,16559.490623
4,Proposed,80,8907423964712.353516,100.000000,1800.136041,15300.825233
4,Proposed,100,9006935580334.208984,100.000000,35512.173961,15382.292936
4,Proposed,120,9025807811202.021484,100.000000,1492.093316,38961.955654
4,Proposed,140,9030756626014.494141,100.000000,956.225420,35998.327733
4,Proposed,160,9035257595720.267578,100.000000,1470.183636,43730.672843
4,Proposed,180,9035258603653.509766,100.000000,1507.754497,49725.607740
4,Proposed,200,9035264437136.169922,100.000000,1587.677873,52690.327176
4,Proposed,220,9037656471493.708984,100.000000,1645.532332,46004.142290
4,Proposed,240,9040901452912.748047,100.000000,1995.242888,50433.731501
4,Proposed,260,9041970592972.470703,100.000000,1607.642433,43959.112643
4,Proposed,280,9042165221760.078125,100.000000,1577.581828,44425.300969
4,Proposed,300,9043335421034.875000,100.000000,1205.808511,41003.895206
4,Proposed,320,9043337526306.406250,100.000000,1197.154975,41047.187684
4,Proposed,340,9043338917383.746094,100.000000,1280.539852,45217.065801
4,Proposed,360,9043350190509.552734,100.000000,1390.060727,49914.664483
4,Proposed,380,9043380366188.154297,100.000000,1229.412375,45803.784858
4,Proposed,400,9045513054545.429688,100.000000,1511.464490,49110.494575
4,Proposed,420,9049288949645.351562,100.000000,1779.055796,52396.866688
4,Proposed,440,9050072974448.833984,100.000000,2099.700256,55497.022223
4,Proposed,460,9050337674377.710938,100.000000,1565.254632,50827.876086
4,Proposed,480,9050343399258.431641,100.000000,1782.431172,55229.223925
4,Proposed,500,9050346420384.351562,100.000000,1843.536734,56656.506609
4,Proposed,520,9050346420384.351562,100.000000,1926.045426,57996.867202
4,Proposed,540,9052017598986.599609,100.000000,2156.984110,60939.920317
4,Proposed,560,9052645414454.332031,100.000000,2283.788962,63862.406024
4,Proposed,580,9052753130767.167969,100.000000,2607.520106,67717.482555
4,Proposed,600,9053698750859.705078,100.000000,2298.472492,62981.665842
4,Proposed,620,9054467768338.144531,100.000000,2581.869659,66962.882199
4,Proposed,640,9057506678247.066406,100.000000,2413.624473,68892.516042
4,Proposed,660,9057515484445.253906,100.000000,2093.785219,62999.947982
4,Proposed,680,9057535230509.267578,100.000000,2168.077696,65473.445083
4,Proposed,700,9058343312803.859375,100.000000,2395.261382,68220.057068
4,Proposed,720,9058857313626.226562,100.000000,2709.029532,70814.384741
4,Proposed,740,9058978458865.396484,100.000000,2992.610425,73317.111828
4,Proposed,760,9061536408913.283203,100.000000,1953.351672,64303.734102
4,Proposed,780,9061536909379.818359,100.000000,1963.007034,63645.108244
4,Proposed,800,9061539055021.335938,100.000000,2124.137747,66488.747117
4,Proposed,820,9061539055021.335938,100.000000,2124.137747,66488.747117
4,Proposed,840,9061539055021.335938,100.000000,2124.137747,66488.747117
4,Proposed,860,9061547654322.451172,100.000000,2158.363371,68171.406212
4,Proposed,880,9065905556593.701172,100.000000,2568.415200,69307.894568
4,Proposed,900,9067630091289.539062,100.000000,2489.601752,70854.281503
4,Proposed,920,9068225850704.435547,100.000000,2559.028251,72524.038600
4,Proposed,940,9069061494968.978516,100.000000,2825.247127,76650.227729
4,Proposed,960,9071771788511.128906,100.000000,2870.861057,79081.764377
4,Proposed,980,9071778153511.601562,100.000000,2677.541275,76568.174820
4,Proposed,1000,9075698563719.324219,100.000000,3390.074633,86930.087100
5,Baseline,20,7763862378516.645508,100.000000,3008.126976,14804.771144
5,Baseline,40,7849503382897.856445,100.000000,2423.649693,13317.610160
5,Baseline,60,7852154659882.809570,100.000000,4562.353271,19448.251042
5,Baseline,80,7982037727855.924805,100.000000,12788.676375,21909.626511
5,Baseline,100,7982399300936.974609,100.000000,8676.065035,34742.899648
5,Baseline,120,7982412827083.910156,100.000000,8746.472408,35836.349001
5,Baseline,140,8018267797079.461914,100.000000,20714.699161,43991.225474
5,Baseline,160,8023218479801.850586,100.000000,6978.294958,10889.758890
5,Baseline,180,8030450581931.544922,100.000000,14057.654679,26002.388045
5,Baseline,200,8046686241319.152344,100.000000,24282.963463,52171.168194
5,Baseline,220,8088839739694.938477,100.000000,12826.708349,21485.471082
5,Baseline,240,8099871898081.992188,100.000000,10669.667387,28136.160489
5,Baseline,260,8099901141861.583984,100.000000,10915.521081,40010.697133
5,Baseline,280,8102710483128.943359,100.000000,14778.857625,27658.796372
5,Baseline,300,8129547556770.371094,100.000000,9851.772020,15037.488367
5,Baseline,320,8199021978175.388672,100.000000,22302.255267,22245.513186
5,Baseline,340,8199152333541.394531,100.000000,27020.472439,37153.913413
5,Baseline,360,8210628213895.106445,100.000000,18336.526165,24016.939527
5,Baseline,380,8255587121951.841797,100.000000,23152.989085,25333.864716
5,Baseline,400,8255704990395.875000,100.000000,21639.979055,26410.237569
5,Baseline,420,8255729388994.157227,100.000000,22308.610877,27293.429397
5,Baseline,440,8271266030525.160156,100.000000,21514.390521,37090.244699
5,Baseline,460,8275338284631.811523,100.000000,22131.903048,25568.327368
5,Baseline,480,8275344121313.026367,100.000000,22701.287300,26412.798301
5,Baseline,500,8275359337395.053711,100.000000,22706.917760,26384.510577
5,Baseline,520,8275380372432.569336,100.000000,21893.115770,24294.001812
5,Baseline,540,8275380372432.569336,100.000000,21893.115770,24294.001812
5,Baseline,560,8275437238145.789062,100.000000,20859.624409,22561.314077
5,Baseline,580,8275437238145.789062,100.000000,20859.624409,22561.314077
5,Baseline,600,8279425865180.691406,100.000000,21686.407563,24011.394172
5,Baseline,620,8279455406756.403320,100.000000,22282.459716,24792.613843
5,Baseline,640,8280157808775.708008,100.000000,23458.457821,27061.750824
5,Baseline,660,8305044938983.528320,100.000000,26920.720716,35475.807694
5,Baseline,680,8355103222269.743164,100.000000,28181.310022,34349.031696
5,Baseline,700,8355103222269.743164,100.000000,28181.310022,34349.031696
5,Baseline,720,8355105544211.478516,100.000000,28901.201508,36246.830256
5,Baseline,740,8396157672795.892578,100.000000,24464.091299,28939.072133
5,Baseline,760,8396302775516.183594,100.000000,24927.871678,28866.604382
5,Baseline,780,8400191218259.351562,100.000000,26173.824911,31687.478092
5,Baseline,800,8401420377808.013672,100.000000,22259.579963,46784.375461
5,Baseline,820,8475246230057.173828,100.000000,28908.965396,36518.385636
5,Baseline,840,8475248391882.728516,100.000000,29555.097792,37342.285855
5,Baseline,860,8475248391882.728516,100.000000,29923.796289,38056.483173
5,Baseline,880,8475700194788.226562,100.000000,25523.444596,52198.571005
5,Baseline,900,8475785425984.326172,100.000000,25623.752682,52689.859032
5,Baseline,920,8475803944161.577148,100.000000,25557.164500,52172.999186
5,Baseline,940,8475803944161.577148,100.000000,25557.164500,52172.999186
5,Baseline,960,8475804263143.678711,100.000000,25552.480059,52126.827154
5,Baseline,980,8475804263143.678711,100.000000,25552.480059,52126.827154
5,Baseline,1000,8511070029744.531250,100.000000,35903.582957,38382.286885
5,Baseline,1020,8511070029744.531250,100.000000,35903.582957,38382.286885
5,Baseline,1040,8511071416078.138672,100.000000,36010.548683,38398.573924
5,Baseline,1060,8511088951033.789062,100.000000,37249.253901,39430.060665
5,Baseline,1080,8511088951033.789062,100.000000,37249.253901,39430.060665
5,Baseline,1100,8511088951033.789062,100.000000,37249.253901,39430.060665
5,Baseline,1120,8511088951033.789062,100.000000,37249.253901,39430.060665
5,Baseline,1140,8511089690570.927734,100.000000,37492.781008,39486.698164
5,Baseline,1160,8511107106492.888672,100.000000,36283.593575,37661.242168
5,Baseline,1180,8511107106492.888672,100.000000,36283.593575,37661.242168
5,Baseline,1200,8511107106492.888672,100.000000,36283.593575,37661.242168
5,Baseline,1220,8511158863242.687500,100.000000,26521.768455,54488.272924
5,Baseline,1240,8511160284810.064453,100.000000,26521.841181,54494.104015
5,Baseline,1260,8511192602692.274414,100.000000,26521.274091,54510.678955
5,Baseline,1280,8511201444054.086914,100.000000,26498.359888,54529.031554
5,Baseline,1300,8511201444054.086914,100.000000,26498.359888,54529.031554
5,Baseline,1320,8511201444054.086914,100.000000,26498.359888,54529.031554
5,Baseline,1340,8511215966822.604492,100.000000,26522.907801,54867.732806
5,Baseline,1360,8511215966822.604492,100.000000,26522.907801,54867.732806
5,Baseline,1380,8511216351085.470703,100.000000,26507.577035,54806.613155
5,Baseline,1400,8511221562890.899414,100.000000,25930.260761,53724.406717
5,Baseline,1420,8511394291343.429688,100.000000,26040.484515,54041.614901
5,Baseline,1440,8511394291343.429688,100.000000,26040.484515,54041.614901
5,Baseline,1460,8518942979113.219727,100.000000,31604.381539,38050.171786
5,Baseline,1480,8518942979113.219727,100.000000,31933.820001,38414.211774
5,Baseline,1500,8518942979113.219727,100.000000,31933.820001,38414.211774
5,Baseline,1520,8518942979113.219727,100.000000,31933.820001,38414.211774
5,Baseline,1540,8518951333638.871094,100.000000,32794.214586,39927.074033
5,Baseline,1560,8519019864822.837891,100.000000,29729.436735,32770.884740
5,Baseline,1580,8519028229647.851562,100.000000,30413.879521,33601.782301
5,Baseline,1600,8519030267195.796875,100.000000,30252.676025,33529.239980
5,Baseline,1620,8519030267195.796875,100.000000,30252.676025,33529.239980
5,Baseline,1640,8519030267195.796875,100.000000,30310.723945,33550.343143
5,Baseline,1660,8519060429610.327148,100.000000,28927.560924,31731.742156
5,Baseline,1680,8519073026136.395508,100.000000,28948.190436,31746.147653
5,Baseline,1700,8519073026136.395508,100.000000,28948.190436,31746.147653
5,Baseline,1720,8519075870887.922852,100.000000,28968.656649,31744.994670
5,Baseline,1740,8519075870887.922852,100.000000,28968.656649,31744.994670
5,Baseline,1760,8519075870887.922852,100.000000,28968.656649,31744.994670
5,Baseline,1780,8519075870887.922852,100.000000,28968.656649,31744.994670
5,Baseline,1800,8519097589697.210938,100.000000,28977.735549,31754.196057
5,Baseline,1820,8519097589697.210938,100.000000,28970.544079,31744.062096
5,Baseline,1840,8519097589697.210938,100.000000,28970.544079,31744.062096
5,Baseline,1860,8519105997158.570312,100.000000,28994.139011,31740.846503
5,Baseline,1880,8519105997158.570312,100.000000,28994.139011,31740.846503
5,Baseline,1900,8519105997158.570312,100.000000,28994.139011,31740.846503
5,Baseline,1920,8519105997158.570312,100.000000,28994.139011,31740.846503
5,Baseline,1940,8519122933103.717773,100.000000,29175.884790,31754.658530
5,Baseline,1960,8519467782498.332031,100.000000,42965.277566,57582.852721
5,Baseline,1980,8521983343578.269531,100.000000,29117.600707,60182.556940
5,Baseline,2000,8521983343578.269531,100.000000,35863.010968,34766.507532
5,Proposed,20,8899951250977.912109,100.000000,2324.126850,16507.815351
5,Proposed,40,8899951250977.912109,100.000000,1728.357619,11317.489234
5,Proposed,60,8899951250977.912109,100.000000,1549.843545,7980.127807
5,Proposed,80,8899951250977.912109,100.000000,1754.394390,6080.466942
5,Proposed,100,8899951250977.912109,100.000000,1747.390929,5670.210102
5,Proposed,120,8899951250977.912109,100.000000,1750.835947,4461.355864
5,Proposed,140,8899951250977.912109,100.000000,1907.806664,3327.072117
5,Proposed,160,8899951250977.912109,100.000000,1957.122146,3854.330695
5,Proposed,180,8899951250977.912109,100.000000,1811.815227,4093.764121
5,Proposed,200,8899951250977.912109,100.000000,1825.229071,4008.210083
5,Proposed,220,8899951250977.912109,100.000000,1733.041080,4224.505755
5,Proposed,240,8899951250977.912109,100.000000,1824.496292,4384.228838
5,Proposed,260,8899951250977.912109,100.000000,1986.462252,4828.326837
5,Proposed,280,8899951250977.912109,100.000000,2078.040403,5233.691654
5,Proposed,300,8899951250977.912109,100.000000,2026.386861,5098.583868
5,Proposed,320,8899951250977.912109,100.000000,2141.422397,5407.813242
5,Proposed,340,8899951250977.912109,100.000000,1924.405421,4872.420534
5,Proposed,360,8899951250977.912109,100.000000,664.768722,1743.632042
5,Proposed,380,8899951250977.912109,100.000000,512.073885,1377.125428
5,Proposed,400,8899951250977.912109,100.000000,512.073885,1377.125428
5,Proposed,420,8899951250977.912109,100.000000,512.073885,1377.125428
5,Proposed,440,8899951250977.912109,100.000000,512.073885,1377.125428
5,Proposed,460,8899951250977.912109,100.000000,512.073885,1377.125428
5,Proposed,480,8899951250977.912109,100.000000,512.073885,1377.125428
5,Proposed,500,8899951250977.912109,100.000000,512.073885,1377.125428
5,Proposed,520,8899951250977.912109,100.000000,512.073885,1377.125428
5,Proposed,540,8899951250977.912109,100.000000,512.073885,1377.125428
5,Proposed,560,8899951250977.912109,100.000000,512.073885,1377.125428
5,Proposed,580,8899951250977.912109,100.000000,512.073885,1377.125428
5,Proposed,600,8899951250977.912109,100.000000,512.073885,1377.125428
5,Proposed,620,8899951250977.912109,100.000000,512.073885,1377.125428
5,Proposed,640,8899951250977.912109,100.000000,512.073885,1377.125428
5,Proposed,660,8899951250977.912109,100.000000,512.073885,1377.125428
5,Proposed,680,8899951250977.912109,100.000000,512.073885,1377.125428
5,Proposed,700,8899951250977.912109,100.000000,512.073885,1377.125428
5,Proposed,720,8899951250977.912109,100.000000,512.073885,1377.125428
5,Proposed,740,8899951250977.912109,100.000000,512.073885,1377.125428
5,Proposed,760,8899951250977.912109,100.000000,512.073885,1377.125428
5,Proposed,780,8899951250977.912109,100.000000,512.073885,1377.125428
5,Proposed,800,8899951250977.912109,100.000000,512.073885,1377.125428
5,Proposed,820,8899951250977.912109,100.000000,512.073885,1377.125428
5,Proposed,840,8899951250977.912109,100.000000,512.073885,1377.125428
5,Proposed,860,8899951250977.912109,100.000000,512.073885,1377.125428
5,Proposed,880,8905624186945.402344,100.000000,512.527093,5733.004830
5,Proposed,900,8905624186945.402344,100.000000,569.648682,11181.328263
5,Proposed,920,8970961456494.601562,100.000000,820.355351,30173.548539
5,Proposed,940,8971178303292.621094,100.000000,1672.930227,77556.237984
5,Proposed,960,8971391152642.638672,100.000000,1792.766590,81489.389340
5,Proposed,980,8971405803804.595703,100.000000,1942.516244,87160.405085
5,Proposed,1000,8971412651761.589844,100.000000,2351.525055,99776.497806
6,Baseline,20,7697343848014.121094,100.000000,1915.432502,3724.044499
6,Baseline,40,7805828459202.442383,100.000000,13227.331738,23648.892631
6,Baseline,60,7895272086247.669922,100.000000,8370.083412,11707.185084
6,Baseline,80,7956771195289.866211,100.000000,25799.089311,42172.961635
6,Baseline,100,7970018915288.907227,100.000000,9415.223544,14535.785624
6,Baseline,120,7973575054317.608398,100.000000,9861.710416,13732.390172
6,Baseline,140,8020410654770.152344,100.000000,16399.218138,23079.246072
6,Baseline,160,8020410654770.152344,100.000000,14080.675371,16764.944402
6,Baseline,180,8067184776355.133789,100.000000,18184.273533,33451.580575
6,Baseline,200,8068865966945.370117,100.000000,24157.086505,27676.720899
6,Baseline,220,8068976492624.136719,100.000000,9925.461159,16315.347817
6,Baseline,240,8069007897419.775391,100.000000,9896.243662,16387.781767
6,Baseline,260,8069007897419.775391,100.000000,9896.243662,16387.781767
6,Baseline,280,8071806988598.985352,100.000000,12405.911127,19795.496927
6,Baseline,300,8074485132882.011719,100.000000,10400.242427,33451.808482
6,Baseline,320,8133426200874.209961,100.000000,14274.275405,26751.363113
6,Baseline,340,8134962270648.909180,100.000000,26521.274666,58353.587859
6,Baseline,360,8161083367227.014648,100.000000,17706.787190,24600.142535
6,Baseline,380,8234616384266.882812,100.000000,22514.436914,47224.143734
6,Baseline,400,8234841666215.939453,100.000000,18877.402653,26450.009196
6,Baseline,420,8234841666215.939453,100.000000,18877.402653,26450.009196
6,Baseline,440,8234860165693.554688,100.000000,18869.368042,26433.459560
6,Baseline,460,8234860570742.753906,100.000000,18862.475881,26425.614401
6,Baseline,480,8235571132103.468750,100.000000,21549.037685,29073.647552
6,Baseline,500,8253236057600.212891,100.000000,21537.062487,28276.766502
6,Baseline,520,8289314685896.925781,100.000000,23047.471659,39845.938385
6,Baseline,540,8289342634932.824219,100.000000,23467.861372,40158.875174
6,Baseline,560,8289380238927.733398,100.000000,22454.512932,37236.229126
6,Baseline,580,8356793135511.125977,100.000000,21134.117489,42112.482460
6,Baseline,600,8356794085642.300781,100.000000,21135.820219,42087.515126
6,Baseline,620,8358395049993.075195,100.000000,25914.592307,61595.222557
6,Baseline,640,8371513728896.435547,100.000000,21572.335732,74114.297730
6,Baseline,660,8477884025191.954102,100.000000,27821.832961,51863.857089
6,Baseline,680,8477884927682.907227,100.000000,27929.606828,51893.068425
6,Baseline,700,8478009930855.609375,100.000000,28370.197528,54193.086397
6,Baseline,720,8478078981370.269531,100.000000,28406.519098,53080.517691
6,Baseline,740,8478084646368.753906,100.000000,27882.403949,51977.803810
6,Baseline,760,8481124417999.226562,100.000000,21531.701256,75381.889556
6,Baseline,780,8482584685873.840820,100.000000,27994.079690,59817.161716
6,Baseline,800,8482625177183.279297,100.000000,27984.576283,59816.292403
6,Baseline,820,8482652940158.294922,100.000000,27967.871180,59803.940991
6,Baseline,840,8483221010463.258789,100.000000,18412.722316,68583.354157
6,Baseline,860,8493996016827.707031,100.000000,20183.692630,52208.190329
6,Baseline,880,8539638908781.729492,100.000000,20086.928202,49904.583978
6,Baseline,900,8539644641313.121094,100.000000,21047.308233,53085.340747
6,Baseline,920,8539721023296.886719,100.000000,20837.452275,52266.899763
6,Baseline,940,8539721023296.886719,100.000000,20832.932226,52252.134513
6,Baseline,960,8539721023296.886719,100.000000,20832.932226,52252.134513
6,Baseline,980,8540773000796.770508,100.000000,21557.196722,54499.720852
6,Baseline,1000,8540795442054.905273,100.000000,20270.910482,61164.274650
6,Baseline,1020,8540795442054.905273,100.000000,20270.910482,61164.274650
6,Baseline,1040,8540795442054.905273,100.000000,20270.910482,61164.274650
6,Baseline,1060,8545650428376.329102,100.000000,26829.320111,58735.127093
6,Baseline,1080,8545650428376.329102,100.000000,26829.320111,58735.127093
6,Baseline,1100,8545650483995.269531,100.000000,27611.122912,61054.848890
6,Baseline,1120,8545652019178.464844,100.000000,27417.380296,60456.413063
6,Baseline,1140,8545655024176.539062,100.000000,27619.868568,61025.084840
6,Baseline,1160,8545657776872.498047,100.000000,27554.143672,60975.993595
6,Baseline,1180,8545663059414.527344,100.000000,28033.189735,62173.857208
6,Baseline,1200,8545690620838.357422,100.000000,26907.476592,58790.850682
6,Baseline,1220,8545690620838.357422,100.000000,26907.476592,58790.850682
6,Baseline,1240,8545747404896.060547,100.000000,26167.853199,57641.005629
6,Baseline,1260,8545747404896.060547,100.000000,26167.853199,57641.005629
6,Baseline,1280,8545747404896.060547,100.000000,26167.853199,57641.005629
6,Baseline,1300,8545782225949.406250,100.000000,26341.680143,57691.846263
6,Baseline,1320,8545913668158.688477,100.000000,24564.946460,52106.502779
6,Baseline,1340,8545913668158.688477,100.000000,24889.315520,52796.047292
6,Baseline,1360,8545913668158.688477,100.000000,24889.315520,52796.047292
6,Baseline,1380,8545945964638.225586,100.000000,24586.298297,52427.631035
6,Baseline,1400,8545945964638.225586,100.000000,24687.598086,52493.654149
6,Baseline,1420,8545945964638.225586,100.000000,24687.598086,52493.654149
6,Baseline,1440,8545945964638.225586,100.000000,24687.598086,52493.654149
6,Baseline,1460,8546198738902.298828,100.000000,25311.976809,53493.032325
6,Baseline,1480,8546199551436.640625,100.000000,21309.646882,61179.757144
6,Baseline,1500,8563524349258.799805,100.000000,35284.510867,66008.718513
6,Baseline,1520,8563554250895.416016,100.000000,28440.510831,54536.304028
6,Baseline,1540,8563558726088.037109,100.000000,28444.749416,54534.144676
6,Baseline,1560,8563618107544.569336,100.000000,28373.565740,54463.608378
6,Baseline,1580,8563618107544.569336,100.000000,28373.565740,54463.608378
6,Baseline,1600,8563618107544.569336,100.000000,28373.565740,54463.608378
6,Baseline,1620,8563618107544.569336,100.000000,28373.565740,54463.608378
6,Baseline,1640,8563618107544.569336,100.000000,28373.565740,54463.608378
6,Baseline,1660,8563618107544.569336,100.000000,28373.565740,54463.608378
6,Baseline,1680,8563618107544.569336,100.000000,28373.565740,54463.608378
6,Baseline,1700,8563618107544.569336,100.000000,28373.565740,54463.608378
6,Baseline,1720,8563618107544.569336,100.000000,28373.565740,54463.608378
6,Baseline,1740,8563684373856.292969,100.000000,28534.983254,54395.898340
6,Baseline,1760,8563684373856.292969,100.000000,28534.983254,54395.898340
6,Baseline,1780,8563684373856.292969,100.000000,28534.983254,54395.898340
6,Baseline,1800,8587689233578.710938,100.000000,28934.613004,56656.366478
6,Baseline,1820,8593078092929.044922,100.000000,30189.955519,58906.579710
6,Baseline,1840,8593078092929.044922,100.000000,30541.997002,59864.178028
6,Baseline,1860,8593078092929.044922,100.000000,30541.997002,59864.178028
6,Baseline,1880,8593118153120.267578,100.000000,19971.746801,54763.033524
6,Baseline,1900,8593138055253.569336,100.000000,19125.457751,57411.365346
6,Baseline,1920,8593175370507.428711,100.000000,19371.406252,58291.626891
6,Baseline,1940,8613901969792.295898,100.000000,25317.717976,73575.845313
6,Baseline,1960,8616508637408.261719,100.000000,26472.861842,61057.664604
6,Baseline,1980,8616559463597.404297,100.000000,26483.371595,61081.800761
6,Baseline,2000,8616563376641.301758,100.000000,26472.176915,61017.430247
6,Proposed,20,8861336974047.957031,100.000000,1411.459786,19727.437432
6,Proposed,40,8861336974047.957031,100.000000,1149.637356,18219.165415
6,Proposed,60,8861336974047.957031,100.000000,1201.000013,18645.837427
6,Proposed,80,8861336974047.957031,100.000000,887.358835,19505.775509
6,Proposed,100,8861336974047.957031,100.000000,863.084587,19371.330502
6,Proposed,120,8861336974047.957031,100.000000,808.359820,17438.431717
6,Proposed,140,8861336974047.957031,100.000000,854.147824,13223.594143
6,Proposed,160,8861336974047.957031,100.000000,713.756094,12840.932776
6,Proposed,180,8861336974047.957031,100.000000,764.001596,7830.492280
6,Proposed,200,8861336974047.957031,100.000000,816.748780,6822.662364
6,Proposed,220,8861336974047.957031,100.000000,791.631853,7919.754758
6,Proposed,240,8861336974047.957031,100.000000,815.973124,8306.550446
6,Proposed,260,8861336974047.957031,100.000000,688.623840,3988.594371
6,Proposed,280,8861336974047.957031,100.000000,503.252550,1889.671551
6,Proposed,300,8861336974047.957031,100.000000,553.340463,2126.106667
6,Proposed,320,8861336974047.957031,100.000000,615.407164,2418.084445
6,Proposed,340,8861336974047.957031,100.000000,697.698160,2677.658904
6,Proposed,360,8861336974047.957031,100.000000,797.883434,3234.868425
6,Proposed,380,8861336974047.957031,100.000000,856.922523,3816.472678
6,Proposed,400,8861336974047.957031,100.000000,846.529545,4358.634297
6,Proposed,420,8861336974047.957031,100.000000,885.323217,4642.335809
6,Proposed,440,8861336974047.957031,100.000000,854.011333,4505.750663
6,Proposed,460,8861336974047.957031,100.000000,688.014992,3677.380047
6,Proposed,480,8861336974047.957031,100.000000,178.974146,1272.255083
6,Proposed,500,8861336974047.957031,100.000000,178.974146,1272.255083
6,Proposed,520,8861336974047.957031,100.000000,178.974146,1272.255083
6,Proposed,540,8861336974047.957031,100.000000,178.974146,1272.255083
6,Proposed,560,8861336974047.957031,100.000000,178.974146,1272.255083
6,Proposed,580,8861336974047.957031,100.000000,178.974146,1272.255083
6,Proposed,600,8861336974047.957031,100.000000,178.974146,1272.255083
6,Proposed,620,8861336974047.957031,100.000000,178.974146,1272.255083
6,Proposed,640,8861336974047.957031,100.000000,178.974146,1272.255083
6,Proposed,660,8861336974047.957031,100.000000,178.974146,1272.255083
6,Proposed,680,8861336974047.957031,100.000000,178.974146,1272.255083
6,Proposed,700,8861336974047.957031,100.000000,178.974146,1272.255083
6,Proposed,720,8861336974047.957031,100.000000,178.974146,1272.255083
6,Proposed,740,8861336974047.957031,100.000000,178.974146,1272.255083
6,Proposed,760,8861336974047.957031,100.000000,178.974146,1272.255083
6,Proposed,780,8861336974047.957031,100.000000,178.974146,1272.255083
6,Proposed,800,8861336974047.957031,100.000000,178.974146,1272.255083
6,Proposed,820,8861336974047.957031,100.000000,178.974146,1272.255083
6,Proposed,840,8861336974047.957031,100.000000,178.974146,1272.255083
6,Proposed,860,8861336974047.957031,100.000000,178.974146,1272.255083
6,Proposed,880,8861336974047.957031,100.000000,178.974146,1272.255083
6,Proposed,900,8861336974047.957031,100.000000,178.974146,1272.255083
6,Proposed,920,8861336974047.957031,100.000000,178.974146,1272.255083
6,Proposed,940,8925932388371.013672,100.000000,481.414746,5937.273736
6,Proposed,960,8958512186517.765625,100.000000,930.165692,27283.010562
6,Proposed,980,8977822924766.435547,100.000000,2379.920912,80762.868444
6,Proposed,1000,8992699390126.970703,100.000000,1355.373793,41251.811482
7,Baseline,20,7674355042860.770508,100.000000,7762.577618,12875.392674
7,Baseline,40,7803262465577.524414,100.000000,3524.880528,9589.829302
7,Baseline,60,7896148529679.958984,100.000000,7551.468781,34761.423620
7,Baseline,80,7982706561273.144531,100.000000,8496.526476,13624.758172
7,Baseline,100,7983909725913.457031,100.000000,8682.446038,14222.373485
7,Baseline,120,8076121099996.211914,100.000000,10759.606591,12331.489865
7,Baseline,140,8076121562897.929688,100.000000,10761.427118,12331.788576
7,Baseline,160,8106561854939.349609,100.000000,12576.813671,22542.459735
7,Baseline,180,8137885844873.195312,100.000000,14996.224416,20111.007164
7,Baseline,200,8139614352474.345703,100.000000,10205.190212,13355.240305
7,Baseline,220,8140313880689.624023,100.000000,12995.649929,17663.724125
7,Baseline,240,8140313880689.624023,100.000000,13010.664403,17664.848978
7,Baseline,260,8228278990422.431641,100.000000,15304.312146,18406.241729
7,Baseline,280,8228283720997.386719,100.000000,15288.660880,18398.871388
7,Baseline,300,8282653276342.538086,100.000000,15441.000900,21180.730781
7,Baseline,320,8282682359253.280273,100.000000,14240.931230,19821.028455
7,Baseline,340,8282683201324.920898,100.000000,14238.662533,19823.655937
7,Baseline,360,8305697347239.384766,100.000000,18374.434746,22265.818188
7,Baseline,380,8305812185276.086914,100.000000,13182.757220,18775.547970
7,Baseline,400,8305812185276.086914,100.000000,13182.757220,18775.547970
7,Baseline,420,8306257144364.608398,100.000000,16479.776965,25791.579270
7,Baseline,440,8306257144364.608398,100.000000,16479.562906,25789.127871
7,Baseline,460,8309185113073.687500,100.000000,19009.849129,44223.380572
7,Baseline,480,8311507479929.179688,100.000000,17546.505951,72405.803006
7,Baseline,500,8322394713115.328125,100.000000,21841.338458,30221.004162
7,Baseline,520,8322534326493.135742,100.000000,26881.970981,37093.367832
7,Baseline,540,8332961379744.988281,100.000000,21355.843858,34504.065224
7,Baseline,560,8334576129592.712891,100.000000,26331.539263,44611.286359
7,Baseline,580,8334578015471.467773,100.000000,18642.055466,55466.452672
7,Baseline,600,8334585832732.839844,100.000000,18938.270701,56389.736442
7,Baseline,620,8334586525175.980469,100.000000,18935.494231,56366.197660
7,Baseline,640,8334586525175.980469,100.000000,18935.494231,56366.197660
7,Baseline,660,8384574897938.064453,100.000000,23091.524348,30008.675563
7,Baseline,680,8384580605597.033203,100.000000,23081.100268,30000.555297
7,Baseline,700,8385843500574.833008,100.000000,24465.992925,32934.414824
7,Baseline,720,8385845777298.886719,100.000000,24838.144414,33416.418538
7,Baseline,740,8385877636003.286133,100.000000,24946.830340,33437.374693
7,Baseline,760,8386541125206.697266,100.000000,19916.389732,44609.934524
7,Baseline,780,8386541125206.697266,100.000000,19916.389732,44609.934524
7,Baseline,800,8422432635792.250000,100.000000,25392.607257,38060.045912
7,Baseline,820,8422446496969.271484,100.000000,25324.043185,37800.007271
7,Baseline,840,8422446496969.271484,100.000000,25324.043185,37800.007271
7,Baseline,860,8423001935772.609375,100.000000,33598.367899,67138.675056
7,Baseline,880,8423001935772.609375,100.000000,21033.206854,53884.300899
7,Baseline,900,8423023246975.564453,100.000000,21000.476829,54075.567877
7,Baseline,920,8423023246975.564453,100.000000,21000.476829,54075.567877
7,Baseline,940,8423023246975.564453,100.000000,21000.476829,54075.567877
7,Baseline,960,8423023246975.564453,100.000000,21000.476829,54075.567877
7,Baseline,980,8423023246975.564453,100.000000,21000.476829,54075.567877
7,Baseline,1000,8423068150499.177734,100.000000,21018.869131,53157.709017
7,Baseline,1020,8423068150499.177734,100.000000,21018.869131,53157.709017
7,Baseline,1040,8423068510670.989258,100.000000,21312.136810,54241.036693
7,Baseline,1060,8423068510670.989258,100.000000,21312.136810,54241.036693
7,Baseline,1080,8423068510670.989258,100.000000,21312.136810,54241.036693
7,Baseline,1100,8423093248973.246094,100.000000,21224.676404,53990.771859
7,Baseline,1120,8423093276157.067383,100.000000,21257.735074,54128.683672
7,Baseline,1140,8426725088249.320312,100.000000,25249.757170,38943.101044
7,Baseline,1160,8426909278078.031250,100.000000,29502.453766,48665.548222
7,Baseline,1180,8444801031803.637695,100.000000,27991.606987,34380.042161
7,Baseline,1200,8444832200894.691406,100.000000,23165.953564,56503.385511
7,Baseline,1220,8458320232875.898438,100.000000,25313.982972,33557.013399
7,Baseline,1240,8458660195515.009766,100.000000,25317.866402,33558.510378
7,Baseline,1260,8458694170739.142578,100.000000,24539.733037,50811.495514
7,Baseline,1280,8458694170739.142578,100.000000,24539.733037,50811.495514
7,Baseline,1300,8482463258705.705078,100.000000,27822.795592,42230.041529
7,Baseline,1320,8482465744063.730469,100.000000,27821.481164,42232.171364
7,Baseline,1340,8482478108740.560547,100.000000,28166.442576,42537.415092
7,Baseline,1360,8482478128146.566406,100.000000,28158.043571,42536.327958
7,Baseline,1380,8482478934089.275391,100.000000,28386.758868,42719.466217
7,Baseline,1400,8482479084813.219727,100.000000,28368.546203,42711.890137
7,Baseline,1420,8482547693896.523438,100.000000,36968.012055,96954.431579
7,Baseline,1440,8500828141171.947266,100.000000,24147.162611,79436.970086
7,Baseline,1460,8500828141171.947266,100.000000,25108.489476,100333.643889
7,Baseline,1480,8543497308822.689453,100.000000,28443.273008,60597.602247
7,Baseline,1500,8543497308822.689453,100.000000,29239.248628,52206.567742
7,Baseline,1520,8543497768474.242188,100.000000,29223.056418,52184.431772
7,Baseline,1540,8543509597245.559570,100.000000,29727.835635,52629.001171
7,Baseline,1560,8543509811438.353516,100.000000,29733.428724,52627.831631
7,Baseline,1580,8543509879816.323242,100.000000,29743.178419,52591.163499
7,Baseline,1600,8543509879816.323242,100.000000,29743.178419,52591.163499
7,Baseline,1620,8543509879816.323242,100.000000,29743.178419,52591.163499
7,Baseline,1640,8543526892829.515625,100.000000,29878.894828,52756.575322
7,Baseline,1660,8543586914461.906250,100.000000,27621.817420,87693.048423
7,Baseline,1680,8548974883799.572266,100.000000,34660.672152,99809.278253
7,Baseline,1700,8548974883799.572266,100.000000,27829.073513,38818.912500
7,Baseline,1720,8549276255566.765625,100.000000,35779.124319,60989.819485
7,Baseline,1740,8549276301353.199219,100.000000,28448.392727,57402.388540
7,Baseline,1760,8549303824913.302734,100.000000,28481.154014,57410.150209
7,Baseline,1780,8549312518002.708008,100.000000,28404.164271,57132.681932
7,Baseline,1800,8549325035424.449219,100.000000,28478.767138,57449.416038
7,Baseline,1820,8549325035424.449219,100.000000,28478.767138,57449.416038
7,Baseline,1840,8549325519165.488281,100.000000,28462.288843,57410.320577
7,Baseline,1860,8549368836316.517578,100.000000,28505.105036,57485.987469
7,Baseline,1880,8549375257874.638672,100.000000,28108.865273,56766.658843
7,Baseline,1900,8555287861354.996094,100.000000,29433.099723,44564.084226
7,Baseline,1920,8555302307614.751953,100.000000,29451.214419,44537.201258
7,Baseline,1940,8555302307614.751953,100.000000,29451.214419,44537.201258
7,Baseline,1960,8555302307614.751953,100.000000,29451.214419,44537.201258
7,Baseline,1980,8555308529049.219727,100.000000,29354.387473,44481.419108
7,Baseline,2000,8555308529049.219727,100.000000,29348.457360,44466.436182
7,Proposed,20,8865803282999.419922,100.000000,1071.316176,19303.192257
7,Proposed,40,8865803282999.419922,100.000000,814.687365,9566.853359
7,Proposed,60,8865803282999.419922,100.000000,821.205063,10089.450722
7,Proposed,80,8865803282999.419922,100.000000,732.321870,10353.780113
7,Proposed,100,8865803282999.419922,100.000000,741.033014,10911.429494
7,Proposed,120,8865803282999.419922,100.000000,790.603106,10219.488676
7,Proposed,140,8865803282999.419922,100.000000,624.877126,10012.115422
7,Proposed,160,8865803282999.419922,100.000000,668.252685,5960.071960
7,Proposed,180,8865803282999.419922,100.000000,691.820023,2384.154333
7,Proposed,200,8865803282999.419922,100.000000,651.843241,2107.050421
7,Proposed,220,8865803282999.419922,100.000000,627.154588,2086.715783
7,Proposed,240,8865803282999.419922,100.000000,468.811110,2052.118736
7,Proposed,260,8865803282999.419922,100.000000,487.086843,2127.704093
7,Proposed,280,8865803282999.419922,100.000000,466.212698,2140.488092
7,Proposed,300,8865803282999.419922,100.000000,424.362743,1970.392135
7,Proposed,320,8970317235428.677734,100.000000,1330.830322,44952.536007
7,Proposed,340,8977812622653.498047,100.000000,904.380871,29785.227272
7,Proposed,360,8977818179222.615234,100.000000,1094.309829,33883.990297
7,Proposed,380,8979002854159.658203,100.000000,1130.345978,35357.762096
7,Proposed,400,8982848992087.105469,100.000000,777.914303,30578.603505
7,Proposed,420,8986044572962.113281,100.000000,1229.280761,39399.906975
7,Proposed,440,8992119768495.458984,100.000000,1781.512105,47765.279104
7,Proposed,460,8992156815795.429688,100.000000,2007.461760,46807.926650
7,Proposed,480,8994481025044.765625,100.000000,2171.214071,50714.879838
7,Proposed,500,8994485842296.408203,100.000000,2123.295787,50662.019083
7,Proposed,520,8994598399615.462891,100.000000,2529.044489,58345.854435
7,Proposed,540,8995457616421.642578,100.000000,1344.746805,42626.134553
7,Proposed,560,8995461035740.066406,100.000000,1473.846396,48683.771236
7,Proposed,580,8999806399491.070312,100.000000,1759.600284,50534.347692
7,Proposed,600,9003825436371.605469,100.000000,2341.288903,61946.548108
7,Proposed,620,9012079080041.464844,100.000000,1910.269835,60328.270375
7,Proposed,640,9012082593326.769531,100.000000,1916.704071,61479.268211
7,Proposed,660,9012858551364.414062,100.000000,2023.977516,63006.609698
7,Proposed,680,9014727381285.791016,100.000000,2513.341049,65674.309258
7,Proposed,700,9016959125497.304688,100.000000,1841.090439,60011.751791
7,Proposed,720,9018897546545.572266,100.000000,1798.892382,58665.810878
7,Proposed,740,9019109291957.310547,100.000000,1987.134903,61455.585651
7,Proposed,760,9020413772749.203125,100.000000,2558.073276,73308.264885
7,Proposed,780,9021625264074.380859,100.000000,2837.132574,75324.146267
7,Proposed,800,9021657402965.972656,100.000000,2600.306751,74846.402935
7,Proposed,820,9024756734439.208984,100.000000,3097.037758,77670.440047
7,Proposed,840,9025514993016.453125,100.000000,2995.374582,86536.662954
7,Proposed,860,9027913264724.058594,100.000000,2562.947859,81047.876973
7,Proposed,880,9027914560678.458984,100.000000,2749.906341,84614.913599
7,Proposed,900,9028167381484.859375,100.000000,2649.088480,80693.750610
7,Proposed,920,9029332872267.060547,100.000000,2432.855966,77788.702953
7,Proposed,940,9029777183177.843750,100.000000,2074.784277,72600.486875
7,Proposed,960,9029877935612.580078,100.000000,2512.665310,79402.263715
7,Proposed,980,9029919955390.636719,100.000000,2561.501278,79560.483161
7,Proposed,1000,9034066405267.257812,100.000000,2017.531427,73322.347365
8,Baseline,20,7695294709073.942383,100.000000,2720.006299,12217.685351
8,Baseline,40,7879367632641.620117,100.000000,4053.451856,5732.246675
8,Baseline,60,7980381052865.155273,100.000000,5193.888811,7742.853586
8,Baseline,80,8051315733561.102539,100.000000,7067.893905,16950.180657
8,Baseline,100,8076172219542.328125,100.000000,4719.384772,9952.257874
8,Baseline,120,8115028523851.153320,100.000000,9033.152560,17377.545902
8,Baseline,140,8121277419578.614258,100.000000,6922.227518,18093.650650
8,Baseline,160,8124202701436.762695,100.000000,6352.358668,14194.796782
8,Baseline,180,8124202701436.762695,100.000000,6352.239764,14194.750888
8,Baseline,200,8137640300157.413086,100.000000,9476.211528,18195.405419
8,Baseline,220,8246107835660.878906,100.000000,14248.080592,33657.083677
8,Baseline,240,8255274558065.169922,100.000000,13370.195529,34079.313742
8,Baseline,260,8259192970349.480469,100.000000,10249.662551,28682.343864
8,Baseline,280,8264001384240.962891,100.000000,13746.266870,35695.491634
8,Baseline,300,8283258554213.173828,100.000000,7694.726018,21633.475279
8,Baseline,320,8283956394197.177734,100.000000,12468.495791,31959.346978
8,Baseline,340,8489809243422.294922,100.000000,14021.689797,36553.511138
8,Baseline,360,8491649111977.473633,100.000000,13615.893882,52837.019823
8,Baseline,380,8491787144840.025391,100.000000,13820.196904,52979.844983
8,Baseline,400,8491829391341.904297,100.000000,13821.765548,52753.161149
8,Baseline,420,8491829391341.904297,100.000000,13821.765548,52753.161149
8,Baseline,440,8492052219387.708984,100.000000,13428.016631,50513.671796
8,Baseline,460,8492052219387.708984,100.000000,13428.016631,50513.671796
8,Baseline,480,8492441179558.228516,100.000000,13343.427966,49643.138939
8,Baseline,500,8492441179558.228516,100.000000,13343.427966,49643.138939
8,Baseline,520,8492444617319.050781,100.000000,13340.228999,49811.804686
8,Baseline,540,8492444617319.050781,100.000000,13340.228999,49811.804686
8,Baseline,560,8492444955443.869141,100.000000,13336.704020,49796.518869
8,Baseline,580,8492444955443.869141,100.000000,13336.704020,49796.518869
8,Baseline,600,8492444955443.869141,100.000000,13336.704020,49796.518869
8,Baseline,620,8492444955443.869141,100.000000,13336.704020,49796.518869
8,Baseline,640,8492444955443.869141,100.000000,13336.704020,49796.518869
8,Baseline,660,8492451165709.271484,100.000000,13349.045929,50547.158880
8,Baseline,680,8492451165709.271484,100.000000,13349.045929,50547.158880
8,Baseline,700,8492451165709.271484,100.000000,13349.045929,50547.158880
8,Baseline,720,8492451165709.271484,100.000000,13349.045929,50547.158880
8,Baseline,740,8492457809678.486328,100.000000,13345.163968,50698.393891
8,Baseline,760,8492480049914.410156,100.000000,13318.080594,50630.351962
8,Baseline,780,8492480049914.410156,100.000000,13318.080594,50630.351962
8,Baseline,800,8492481161270.572266,100.000000,13314.246774,50762.851956
8,Baseline,820,8492482172407.541016,100.000000,13312.708412,50752.588445
8,Baseline,840,8492482172407.541016,100.000000,13310.868066,50743.427249
8,Baseline,860,8492482172407.541016,100.000000,13310.868066,50743.427249
8,Baseline,880,8492482172407.541016,100.000000,13310.868066,50743.427249
8,Baseline,900,8492482172407.541016,100.000000,13310.868066,50743.427249
8,Baseline,920,8492494040905.022461,100.000000,13309.409314,50869.126847
8,Baseline,940,8492524831165.634766,100.000000,13295.727026,51284.943239
8,Baseline,960,8492524839129.072266,100.000000,13290.609778,51427.124127
8,Baseline,980,8492579475084.536133,100.000000,13679.708347,52633.625598
8,Baseline,1000,8492666424374.291016,100.000000,13631.886410,52207.506840
8,Baseline,1020,8492677619297.779297,100.000000,14702.221428,54507.949677
8,Baseline,1040,8492677619297.779297,100.000000,14702.221428,54507.949677
8,Baseline,1060,8492677812594.399414,100.000000,15037.589463,55547.754289
8,Baseline,1080,8499321041794.575195,100.000000,26510.043847,52500.202936
8,Baseline,1100,8499343783715.934570,100.000000,21127.923868,40510.952317
8,Baseline,1120,8499343783715.934570,100.000000,21127.923868,40510.952317
8,Baseline,1140,8565806467498.250977,100.000000,22009.892459,43262.692997
8,Baseline,1160,8567598547117.351562,100.000000,25673.375964,65987.667940
8,Baseline,1180,8567598547117.351562,100.000000,16757.829368,58244.767306
8,Baseline,1200,8567598547117.351562,100.000000,16757.829368,58244.767306
8,Baseline,1220,8567598547117.351562,100.000000,16757.829368,58244.767306
8,Baseline,1240,8567626522342.898438,100.000000,16892.242350,58904.236878
8,Baseline,1260,8567652896329.136719,100.000000,16719.272776,58259.789852
8,Baseline,1280,8567652896329.136719,100.000000,16719.272776,58259.789852
8,Baseline,1300,8567751384485.183594,100.000000,17199.466882,60068.940309
8,Baseline,1320,8567751384485.183594,100.000000,17218.091525,60381.250722
8,Baseline,1340,8567764616759.492188,100.000000,17214.406955,60913.519297
8,Baseline,1360,8567764616759.492188,100.000000,17214.406955,60913.519297
8,Baseline,1380,8567828818165.885742,100.000000,17338.971756,61391.740203
8,Baseline,1400,8567837593288.945312,100.000000,17468.193207,62894.218574
8,Baseline,1420,8567837593288.945312,100.000000,17468.193207,62894.218574
8,Baseline,1440,8570933830670.576172,100.000000,21362.461225,37997.301289
8,Baseline,1460,8570946736613.393555,100.000000,21669.913044,38337.892946
8,Baseline,1480,8571851867945.326172,100.000000,16129.104499,63160.327917
8,Baseline,1500,8571851867945.326172,100.000000,16129.104499,63160.327917
8,Baseline,1520,8571852493226.025391,100.000000,16171.014856,64303.129723
8,Baseline,1540,8571852493226.025391,100.000000,16171.014856,64303.129723
8,Baseline,1560,8571852493226.025391,100.000000,16171.014856,64303.129723
8,Baseline,1580,8571853770992.034180,100.000000,16164.266002,64290.245249
8,Baseline,1600,8571853770992.034180,100.000000,16164.266002,64290.245249
8,Baseline,1620,8571855076435.951172,100.000000,16357.149746,65094.333807
8,Baseline,1640,8571855076435.951172,100.000000,16357.149746,65094.333807
8,Baseline,1660,8571860126602.208008,100.000000,16425.201525,65689.470810
8,Baseline,1680,8571869107514.750977,100.000000,16361.332994,63808.711030
8,Baseline,1700,8571869107514.750977,100.000000,16364.798186,64100.788493
8,Baseline,1720,8571869107514.750977,100.000000,16364.798186,64100.788493
8,Baseline,1740,8571870656512.592773,100.000000,16361.684062,64772.166332
8,Baseline,1760,8571870656512.592773,100.000000,16361.684062,64772.166332
8,Baseline,1780,8571923621316.302734,100.000000,15890.373303,63722.909256
8,Baseline,1800,8571923621316.302734,100.000000,15890.373303,63722.909256
8,Baseline,1820,8571923621316.302734,100.000000,15890.373303,63722.909256
8,Baseline,1840,8571932103672.803711,100.000000,16011.601158,65255.914185
8,Baseline,1860,8571932103672.803711,100.000000,16019.990651,65521.578580
8,Baseline,1880,8571983101795.343750,100.000000,15907.209981,61186.758431
8,Baseline,1900,8571983543385.698242,100.000000,15903.134231,61733.966841
8,Baseline,1920,8581280245450.374023,100.000000,26582.318753,52847.266293
8,Baseline,1940,8582328735069.777344,100.000000,20098.376304,40802.915583
8,Baseline,1960,8582430304671.107422,100.000000,34102.100161,83929.449364
8,Baseline,1980,8582430304671.107422,100.000000,17627.720952,61863.804919
8,Baseline,2000,8582430304671.107422,100.000000,17627.720952,61863.804919
8,Proposed,20,8846079333076.601562,100.000000,2007.679399,16149.991098
8,Proposed,40,8846079333076.601562,100.000000,1962.124603,15289.679320
8,Proposed,60,8846079333076.601562,100.000000,2322.770144,12758.641011
8,Proposed,80,8846079333076.601562,100.000000,3618.291656,12287.991790
8,Proposed,100,8846079333076.601562,100.000000,1210.510344,9084.174705
8,Proposed,120,8846079333076.601562,100.000000,879.463321,9244.064609
8,Proposed,140,8846079333076.601562,100.000000,890.412434,10081.170976
8,Proposed,160,8846079333076.601562,100.000000,797.179674,10589.524794
8,Proposed,180,8846079333076.601562,100.000000,696.047334,11262.507738
8,Proposed,200,8846079333076.601562,100.000000,572.893170,11103.739883
8,Proposed,220,8846079333076.601562,100.000000,607.229327,10269.379439
8,Proposed,240,8846079333076.601562,100.000000,617.090701,10582.573950
8,Proposed,260,8846079333076.601562,100.000000,652.637453,11733.149638
8,Proposed,280,8846079333076.601562,100.000000,677.170702,11330.352985
8,Proposed,300,8846079333076.601562,100.000000,607.413399,10076.296467
8,Proposed,320,8846079333076.601562,100.000000,680.166970,11334.077205
8,Proposed,340,8846079333076.601562,100.000000,730.740709,12157.687998
8,Proposed,360,8846079333076.601562,100.000000,791.677408,13149.912110
8,Proposed,380,8846079333076.601562,100.000000,851.433574,14119.298028
8,Proposed,400,8846079333076.601562,100.000000,869.603744,14402.529905
8,Proposed,420,8846079333076.601562,100.000000,735.679170,12153.247140
8,Proposed,440,8846079333076.601562,100.000000,228.650218,3635.297360
8,Proposed,460,8846079333076.601562,100.000000,228.650218,3635.297360
8,Proposed,480,8846079333076.601562,100.000000,228.650218,3635.297360
8,Proposed,500,8846079333076.601562,100.000000,228.650218,3635.297360
8,Proposed,520,8846079333076.601562,100.000000,228.650218,3635.297360
8,Proposed,540,8846079333076.601562,100.000000,228.650218,3635.297360
8,Proposed,560,8846079333076.601562,100.000000,228.650218,3635.297360
8,Proposed,580,8846079333076.601562,100.000000,228.650218,3635.297360
8,Proposed,600,8846079333076.601562,100.000000,228.650218,3635.297360
8,Proposed,620,8846079333076.601562,100.000000,228.650218,3635.297360
8,Proposed,640,8846079333076.601562,100.000000,228.650218,3635.297360
8,Proposed,660,8846079333076.601562,100.000000,228.650218,3635.297360
8,Proposed,680,8846079333076.601562,100.000000,228.650218,3635.297360
8,Proposed,700,8846079333076.601562,100.000000,228.650218,3635.297360
8,Proposed,720,8846079333076.601562,100.000000,228.650218,3635.297360
8,Proposed,740,8846079333076.601562,100.000000,228.650218,3635.297360
8,Proposed,760,8846079333076.601562,100.000000,228.650218,3635.297360
8,Proposed,780,8846079333076.601562,100.000000,228.650218,3635.297360
8,Proposed,800,8846079333076.601562,100.000000,228.650218,3635.297360
8,Proposed,820,8846079333076.601562,100.000000,228.650218,3635.297360
8,Proposed,840,8846079333076.601562,100.000000,228.650218,3635.297360
8,Proposed,860,8846079333076.601562,100.000000,228.650218,3635.297360
8,Proposed,880,8846079333076.601562,100.000000,228.650218,3635.297360
8,Proposed,900,8846079333076.601562,100.000000,228.650218,3635.297360
8,Proposed,920,8846079333076.601562,100.000000,228.650218,3635.297360
8,Proposed,940,8846079333076.601562,100.000000,228.650218,3635.297360
8,Proposed,960,8846079333076.601562,100.000000,228.650218,3635.297360
8,Proposed,980,8846079333076.601562,100.000000,228.650218,3635.297360
8,Proposed,1000,8846079333076.601562,100.000000,228.650218,3635.297360
9,Baseline,20,7727519205953.867188,100.000000,3788.566446,8349.806014
9,Baseline,40,7839360675158.439453,100.000000,15433.383137,26004.844627
9,Baseline,60,7882009043390.305664,100.000000,11542.223677,16835.597094
9,Baseline,80,7901264696446.624023,100.000000,14971.239800,19877.356879
9,Baseline,100,7985134365988.439453,100.000000,11090.218324,18376.615069
9,Baseline,120,7985988458250.788086,100.000000,10735.829984,30224.792493
9,Baseline,140,7985994961689.778320,100.000000,9930.466560,31315.053939
9,Baseline,160,8034276439255.138672,100.000000,21841.994435,33575.927310
9,Baseline,180,8133351546679.811523,100.000000,14970.665005,20198.047552
9,Baseline,200,8133371394233.014648,100.000000,14968.383256,20202.555294
9,Baseline,220,8178310887846.388672,100.000000,15226.408605,33216.916305
9,Baseline,240,8180034234045.565430,100.000000,15762.972399,31835.754910
9,Baseline,260,8226831020570.163086,100.000000,12916.203141,27197.456217
9,Baseline,280,8229070289259.472656,100.000000,14364.505646,32885.397354
9,Baseline,300,8229193054167.124023,100.000000,14220.263980,33025.570539
9,Baseline,320,8246576976362.798828,100.000000,20323.494887,43588.650833
9,Baseline,340,8248265631944.581055,100.000000,23535.648068,81926.354047
9,Baseline,360,8248525184339.021484,100.000000,18182.098191,65625.070095
9,Baseline,380,8303238372545.271484,100.000000,22128.166303,38313.466206
9,Baseline,400,8349699345248.283203,100.000000,19750.299600,32125.963827
9,Baseline,420,8350683096484.499023,100.000000,26682.837429,53448.052082
9,Baseline,440,8371998798816.086914,100.000000,23755.866041,21781.975383
9,Baseline,460,8372059713355.228516,100.000000,25268.405492,23894.541140
9,Baseline,480,8373028840465.799805,100.000000,21675.939637,49357.120040
9,Baseline,500,8404226497408.523438,100.000000,27684.377608,32426.077104
9,Baseline,520,8404226497408.523438,100.000000,27684.377608,32426.077104
9,Baseline,540,8404226726730.096680,100.000000,27666.361862,32413.317959
9,Baseline,560,8404226726730.096680,100.000000,27666.361862,32413.317959
9,Baseline,580,8404226726730.096680,100.000000,27666.361862,32413.317959
9,Baseline,600,8404226726730.096680,100.000000,27666.361862,32413.317959
9,Baseline,620,8404226726730.096680,100.000000,27666.361862,32413.317959
9,Baseline,640,8404248404551.651367,100.000000,27745.429644,32402.980181
9,Baseline,660,8405754520125.923828,100.000000,26294.477714,55708.976768
9,Baseline,680,8419438425745.494141,100.000000,26803.514944,34111.790467
9,Baseline,700,8419491209604.541992,100.000000,26828.687236,34093.076022
9,Baseline,720,8419491209604.541992,100.000000,26828.687236,34093.076022
9,Baseline,740,8419675193626.787109,100.000000,25787.475448,30544.163853
9,Baseline,760,8419675193626.787109,100.000000,25787.475448,30544.163853
9,Baseline,780,8419678091529.846680,100.000000,26459.856915,31037.169949
9,Baseline,800,8420783172888.798828,100.000000,25363.875414,62137.721738
9,Baseline,820,8432468447721.515625,100.000000,33646.846886,35667.907781
9,Baseline,840,8432491004939.451172,100.000000,33636.973838,35656.946874
9,Baseline,860,8432491453666.634766,100.000000,34067.538781,35902.909013
9,Baseline,880,8432491453666.634766,100.000000,34067.538781,35902.909013
9,Baseline,900,8432494481400.369141,100.000000,34076.958586,35902.506997
9,Baseline,920,8432506999171.001953,100.000000,33717.086693,35653.732832
9,Baseline,940,8432506999171.001953,100.000000,33717.086693,35653.732832
9,Baseline,960,8432506999171.001953,100.000000,33717.086693,35653.732832
9,Baseline,980,8432506999171.001953,100.000000,33717.086693,35653.732832
9,Baseline,1000,8432506999171.001953,100.000000,33717.086693,35653.732832
9,Baseline,1020,8432506999171.001953,100.000000,33717.086693,35653.732832
9,Baseline,1040,8432509310996.533203,100.000000,34038.894357,35864.605284
9,Baseline,1060,8432905140512.342773,100.000000,27281.521706,67969.934619
9,Baseline,1080,8432957547481.371094,100.000000,27299.444050,67329.621184
9,Baseline,1100,8446701085196.385742,100.000000,35371.573556,41738.367049
9,Baseline,1120,8446701085196.385742,100.000000,32113.126580,31234.439452
9,Baseline,1140,8446703952093.953125,100.000000,32090.384710,31216.084682
9,Baseline,1160,8446703952093.953125,100.000000,32090.384710,31216.084682
9,Baseline,1180,8446704548524.818359,100.000000,32354.274731,31373.295229
9,Baseline,1200,8446708315576.867188,100.000000,33180.690429,31873.656172
9,Baseline,1220,8446722874014.966797,100.000000,33663.156995,32202.976097
9,Baseline,1240,8446722874014.966797,100.000000,33808.759622,32296.214285
9,Baseline,1260,8446722874014.966797,100.000000,33808.759622,32296.214285
9,Baseline,1280,8446731200003.181641,100.000000,34052.072534,32436.280037
9,Baseline,1300,8446731200003.181641,100.000000,34052.072534,32436.280037
9,Baseline,1320,8446733889414.251953,100.000000,35095.817807,33171.292381
9,Baseline,1340,8446733942432.486328,100.000000,35096.233540,33151.882707
9,Baseline,1360,8446733942432.486328,100.000000,35096.233540,33151.882707
9,Baseline,1380,8446735304856.361328,100.000000,36006.585984,35429.561973
9,Baseline,1400,8446740793423.767578,100.000000,36361.560860,35662.311664
9,Baseline,1420,8446745870868.683594,100.000000,36379.655418,35673.078731
9,Baseline,1440,8446762947739.822266,100.000000,35586.081172,34994.234048
9,Baseline,1460,8446771648081.907227,100.000000,35993.242428,36058.618296
9,Baseline,1480,8452298271821.677734,100.000000,36824.545796,40519.499973
9,Baseline,1500,8452298271821.677734,100.000000,36824.545796,40519.499973
9,Baseline,1520,8452298271821.677734,100.000000,36824.545796,40519.499973
9,Baseline,1540,8452420442078.052734,100.000000,36075.754553,37519.015502
9,Baseline,1560,8463644955420.343750,100.000000,36898.881931,41397.371875
9,Baseline,1580,8463666968548.233398,100.000000,36402.063096,41024.175135
9,Baseline,1600,8463666968548.233398,100.000000,36542.781925,41086.384015
9,Baseline,1620,8477420751562.044922,100.000000,34887.306342,33333.855841
9,Baseline,1640,8561945586347.552734,100.000000,35947.480356,35123.419210
9,Baseline,1660,8561945586347.552734,100.000000,35947.480356,35123.419210
9,Baseline,1680,8561945586347.552734,100.000000,35947.480356,35123.419210
9,Baseline,1700,8561947011064.970703,100.000000,36603.660844,35796.697697
9,Baseline,1720,8561965478452.658203,100.000000,36633.889127,35793.435980
9,Baseline,1740,8561972612389.669922,100.000000,36247.440571,35549.021900
9,Baseline,1760,8562012324559.244141,100.000000,36317.647623,35603.556132
9,Baseline,1780,8562067251449.246094,100.000000,36098.808309,35409.032697
9,Baseline,1800,8562067251449.246094,100.000000,36098.808309,35409.032697
9,Baseline,1820,8562069000146.922852,100.000000,36300.865618,35505.100170
9,Baseline,1840,8562069000146.922852,100.000000,36300.865618,35505.100170
9,Baseline,1860,8562069000146.922852,100.000000,36300.865618,35505.100170
9,Baseline,1880,8562153328266.714844,100.000000,36478.920670,35667.630982
9,Baseline,1900,8562154054705.289062,100.000000,36897.492994,36245.030428
9,Baseline,1920,8562154054705.289062,100.000000,37307.269970,36808.328986
9,Baseline,1940,8562154054705.289062,100.000000,37307.269970,36808.328986
9,Baseline,1960,8562155828569.689453,100.000000,37610.174015,36956.828303
9,Baseline,1980,8604675164826.083984,100.000000,38556.450949,38021.761081
9,Baseline,2000,8604681813665.114258,100.000000,38553.194743,38027.522195
9,Proposed,20,8872984493495.072266,100.000000,1105.744221,19356.674248
9,Proposed,40,8872984493495.072266,100.000000,1123.738222,18066.542810
9,Proposed,60,8872984493495.072266,100.000000,1136.430974,18021.831951
9,Proposed,80,8872984493495.072266,100.000000,1023.830327,18143.410632
9,Proposed,100,8872984493495.072266,100.000000,1068.515053,16986.667238
9,Proposed,120,8872984493495.072266,100.000000,726.094091,14580.634434
9,Proposed,140,8872984493495.072266,100.000000,782.055192,12681.355048
9,Proposed,160,8872984493495.072266,100.000000,498.178699,12224.249277
9,Proposed,180,8872984493495.072266,100.000000,505.634332,3305.033991
9,Proposed,200,8872984493495.072266,100.000000,549.155339,3608.878374
9,Proposed,220,8872984493495.072266,100.000000,552.056202,3129.660619
9,Proposed,240,8872984493495.072266,100.000000,600.610223,3057.557613
9,Proposed,260,8872984493495.072266,100.000000,655.165093,3257.390852
9,Proposed,280,8872984493495.072266,100.000000,599.815055,3214.430490
9,Proposed,300,8872984493495.072266,100.000000,449.093662,2658.245156
9,Proposed,320,8872984493495.072266,100.000000,433.144558,2738.050178
9,Proposed,340,8872984493495.072266,100.000000,334.555723,2352.223323
9,Proposed,360,8872984493495.072266,100.000000,384.138267,2710.569545
9,Proposed,380,8872984493495.072266,100.000000,424.923549,3006.777931
9,Proposed,400,8872984493495.072266,100.000000,442.681474,3136.582312
9,Proposed,420,8872984493495.072266,100.000000,482.730921,3429.644023
9,Proposed,440,8872984493495.072266,100.000000,514.629716,3670.694232
9,Proposed,460,8872984493495.072266,100.000000,491.198595,3501.745472
9,Proposed,480,8872984493495.072266,100.000000,393.220759,2792.366810
9,Proposed,500,8872984493495.072266,100.000000,128.054517,834.347457
9,Proposed,520,8872984493495.072266,100.000000,128.054517,834.347457
9,Proposed,540,8872984493495.072266,100.000000,128.054517,834.347457
9,Proposed,560,8872984493495.072266,100.000000,128.054517,834.347457
9,Proposed,580,8872984493495.072266,100.000000,128.054517,834.347457
9,Proposed,600,8872984493495.072266,100.000000,128.054517,834.347457
9,Proposed,620,8872984493495.072266,100.000000,128.054517,834.347457
9,Proposed,640,8872984493495.072266,100.000000,128.054517,834.347457
9,Proposed,660,8872984493495.072266,100.000000,128.054517,834.347457
9,Proposed,680,8872984493495.072266,100.000000,128.054517,834.347457
9,Proposed,700,8872984493495.072266,100.000000,128.054517,834.347457
9,Proposed,720,8872984493495.072266,100.000000,128.054517,834.347457
9,Proposed,740,8872984493495.072266,100.000000,128.054517,834.347457
9,Proposed,760,8872984493495.072266,100.000000,128.054517,834.347457
9,Proposed,780,8872984493495.072266,100.000000,128.054517,834.347457
9,Proposed,800,8872984493495.072266,100.000000,128.054517,834.347457
9,Proposed,820,8872984493495.072266,100.000000,128.054517,834.347457
9,Proposed,840,8872984493495.072266,100.000000,128.054517,834.347457
9,Proposed,860,8872984493495.072266,100.000000,128.054517,834.347457
9,Proposed,880,8872984493495.072266,100.000000,128.054517,834.347457
9,Proposed,900,8872984493495.072266,100.000000,128.054517,834.347457
9,Proposed,920,8872984493495.072266,100.000000,128.054517,834.347457
9,Proposed,940,8872984493495.072266,100.000000,128.054517,834.347457
9,Proposed,960,8872984493495.072266,100.000000,128.054517,834.347457
9,Proposed,980,8872984493495.072266,100.000000,128.054517,834.347457
9,Proposed,1000,8872984493495.072266,100.000000,128.054517,834.347457
10,Baseline,20,7621767197066.458984,100.000000,2053.081311,5686.879103
10,Baseline,40,7693020445040.041016,100.000000,1995.822314,3339.554172
10,Baseline,60,7751415597867.688477,100.000000,7802.313556,13407.227259
10,Baseline,80,7753606819740.681641,100.000000,5155.471958,11627.615926
10,Baseline,100,7753611510174.350586,100.000000,5579.213278,12514.825443
10,Baseline,120,7798501690111.648438,100.000000,3119.731805,10195.182724
10,Baseline,140,7854406953307.275391,100.000000,6087.063129,13236.248279
10,Baseline,160,8040257752965.815430,100.000000,10730.554073,25298.461224
10,Baseline,180,8043930669371.021484,100.000000,15738.775234,46661.548438
10,Baseline,200,8060768650110.367188,100.000000,9559.994981,38232.093491
10,Baseline,220,8158169189200.403320,100.000000,16482.931667,41167.446705
10,Baseline,240,8279636002697.015625,100.000000,9197.926693,25896.758228
10,Baseline,260,8280629558429.034180,100.000000,11517.742099,56448.283315
10,Baseline,280,8319856552494.417969,100.000000,11715.505589,86318.289914
10,Baseline,300,8319917253399.479492,100.000000,12060.849031,69994.685293
10,Baseline,320,8319945837914.949219,100.000000,11958.118486,68818.183122
10,Baseline,340,8319947206229.876953,100.000000,11955.975390,68825.103606
10,Baseline,360,8320022434823.166016,100.000000,11942.794144,68949.761687
10,Baseline,380,8370073073371.724609,100.000000,12758.991154,38806.721513
10,Baseline,400,8371358986829.357422,100.000000,12643.816275,66093.953686
10,Baseline,420,8383259416191.906250,100.000000,16294.895450,82361.816260
10,Baseline,440,8383389084393.443359,100.000000,22196.906378,74960.899064
10,Baseline,460,8383438528152.740234,100.000000,13951.382196,61809.325447
10,Baseline,480,8383438845338.605469,100.000000,13944.076660,61859.659574
10,Baseline,500,8383498305491.599609,100.000000,13954.355353,61778.854312
10,Baseline,520,8383498305491.599609,100.000000,13954.355353,61778.854312
10,Baseline,540,8383520376250.228516,100.000000,14270.691182,63509.292912
10,Baseline,560,8383520376250.228516,100.000000,14270.691182,63509.292912
10,Baseline,580,8383578812195.681641,100.000000,14266.852787,63472.196138
10,Baseline,600,8383653073002.250977,100.000000,14162.915660,62581.197180
10,Baseline,620,8383653460698.021484,100.000000,14269.395889,63613.465747
10,Baseline,640,8383653460698.021484,100.000000,14269.395889,63613.465747
10,Baseline,660,8383663894955.273438,100.000000,14502.131076,64956.933083
10,Baseline,680,8383663894955.273438,100.000000,14502.131076,64956.933083
10,Baseline,700,8383663894955.273438,100.000000,14502.131076,64956.933083
10,Baseline,720,8383667498356.347656,100.000000,14488.153828,64975.515306
10,Baseline,740,8383679339257.457031,100.000000,14195.029807,63910.775777
10,Baseline,760,8383679339257.457031,100.000000,14195.029807,63910.775777
10,Baseline,780,8383679339257.457031,100.000000,14195.029807,63910.775777
10,Baseline,800,8383687341770.878906,100.000000,14188.717392,63919.506700
10,Baseline,820,8383687341770.878906,100.000000,14188.717392,63919.506700
10,Baseline,840,8383781543774.478516,100.000000,14020.949864,62086.732052
10,Baseline,860,8383781543774.478516,100.000000,14020.949864,62086.732052
10,Baseline,880,8383789656329.507812,100.000000,14456.516895,65075.217857
10,Baseline,900,8383789656329.507812,100.000000,14456.516895,65075.217857
10,Baseline,920,8383795820068.020508,100.000000,14422.678221,65118.273537
10,Baseline,940,8383805121441.949219,100.000000,14490.923030,66167.272840
10,Baseline,960,8383813580906.568359,100.000000,14381.461847,65185.411053
10,Baseline,980,8383825435182.539062,100.000000,14352.530025,65196.015785
10,Baseline,1000,8383825435182.539062,100.000000,14352.530025,65196.015785
10,Baseline,1020,8383825435182.539062,100.000000,14352.530025,65196.015785
10,Baseline,1040,8383830230599.197266,100.000000,14794.861651,66779.131766
10,Baseline,1060,8383938694097.210938,100.000000,14323.423508,62999.823097
10,Baseline,1080,8383938694097.210938,100.000000,14343.543823,63613.677830
10,Baseline,1100,8383938694097.210938,100.000000,14343.543823,63613.677830
10,Baseline,1120,8383944139962.131836,100.000000,14346.576406,63586.869371
10,Baseline,1140,8383944139962.131836,100.000000,14343.547061,63629.030300
10,Baseline,1160,8383956545633.895508,100.000000,14342.821839,63798.860183
10,Baseline,1180,8383956545633.895508,100.000000,14342.024954,63966.089287
10,Baseline,1200,8383963696677.613281,100.000000,14330.961501,63625.315261
10,Baseline,1220,8383963696677.613281,100.000000,14330.961501,63625.315261
10,Baseline,1240,8383981677975.567383,100.000000,14362.167804,65218.571213
10,Baseline,1260,8383981677975.567383,100.000000,14371.960037,65688.323171
10,Baseline,1280,8383981677975.567383,100.000000,14371.960037,65688.323171
10,Baseline,1300,8383981677975.567383,100.000000,14371.960037,65688.323171
10,Baseline,1320,8383994765693.856445,100.000000,13828.288700,64071.309344
10,Baseline,1340,8384001399783.423828,100.000000,13189.380609,62309.925990
10,Baseline,1360,8384001399783.423828,100.000000,13189.380609,62309.925990
10,Baseline,1380,8384001399783.423828,100.000000,13189.380609,62309.925990
10,Baseline,1400,8384001399783.423828,100.000000,13189.380609,62309.925990
10,Baseline,1420,8384001399783.423828,100.000000,13189.380609,62309.925990
10,Baseline,1440,8384001399783.423828,100.000000,13189.380609,62309.925990
10,Baseline,1460,8384001399783.423828,100.000000,13189.380609,62309.925990
10,Baseline,1480,8384024460859.891602,100.000000,13097.019013,62330.309794
10,Baseline,1500,8384024460859.891602,100.000000,13097.019013,62330.309794
10,Baseline,1520,8384024460859.891602,100.000000,13097.019013,62330.309794
10,Baseline,1540,8384024460859.891602,100.000000,13097.019013,62330.309794
10,Baseline,1560,8384024460859.891602,100.000000,13097.019013,62330.309794
10,Baseline,1580,8384024460859.891602,100.000000,13097.019013,62330.309794
10,Baseline,1600,8384024460859.891602,100.000000,13097.019013,62330.309794
10,Baseline,1620,8384024669152.893555,100.000000,13249.419043,62979.738568
10,Baseline,1640,8384055970745.956055,100.000000,13367.005664,64015.211410
10,Baseline,1660,8384255368155.486328,100.000000,12644.851152,62288.626140
10,Baseline,1680,8384261201138.599609,100.000000,12602.760379,62317.474254
10,Baseline,1700,8384261201138.599609,100.000000,12602.760379,62317.474254
10,Baseline,1720,8384261201138.599609,100.000000,12602.760379,62317.474254
10,Baseline,1740,8384261201138.599609,100.000000,12602.760379,62317.474254
10,Baseline,1760,8384262518190.066406,100.000000,12824.619067,63573.580927
10,Baseline,1780,8384262518190.066406,100.000000,12824.619067,63573.580927
10,Baseline,1800,8384262518190.066406,100.000000,12824.619067,63573.580927
10,Baseline,1820,8384264326193.292969,100.000000,13040.650579,64814.182886
10,Baseline,1840,8384264326193.292969,100.000000,13040.650579,64814.182886
10,Baseline,1860,8384264326193.292969,100.000000,13040.650579,64814.182886
10,Baseline,1880,8384307714463.844727,100.000000,12583.375227,63292.830651
10,Baseline,1900,8384307714463.844727,100.000000,12583.375227,63292.830651
10,Baseline,1920,8384307714463.844727,100.000000,12583.375227,63292.830651
10,Baseline,1940,8384307714463.844727,100.000000,12583.375227,63292.830651
10,Baseline,1960,8384312196063.298828,100.000000,12579.780031,63263.864046
10,Baseline,1980,8384312196063.298828,100.000000,12579.780031,63263.864046
10,Baseline,2000,8384312196063.298828,100.000000,12579.780031,63263.864046
10,Proposed,20,8894587875858.941406,100.000000,980.878326,15141.886417
10,Proposed,40,8894587875858.941406,100.000000,937.278676,14226.219580
10,Proposed,60,8894587875858.941406,100.000000,969.327963,15277.747794
10,Proposed,80,8894587875858.941406,100.000000,925.872367,15789.241232
10,Proposed,100,8894587875858.941406,100.000000,907.007454,16052.558092
10,Proposed,120,8894587875858.941406,100.000000,799.791684,16172.693071
10,Proposed,140,8894587875858.941406,100.000000,811.008533,15415.448259
10,Proposed,160,8894587875858.941406,100.000000,776.656770,14233.891121
10,Proposed,180,8894587875858.941406,100.000000,661.579461,12447.263075
10,Proposed,200,8894587875858.941406,100.000000,501.891235,10574.638743
10,Proposed,220,8894587875858.941406,100.000000,392.505471,2263.842230
10,Proposed,240,8894587875858.941406,100.000000,420.781393,2444.893451
10,Proposed,260,8894587875858.941406,100.000000,447.401118,2561.041381
10,Proposed,280,8894587875858.941406,100.000000,443.346766,2801.783939
10,Proposed,300,8894587875858.941406,100.000000,480.297409,3043.897816
10,Proposed,320,8894587875858.941406,100.000000,555.050696,3527.693727
10,Proposed,340,8894587875858.941406,100.000000,610.560935,3936.465183
10,Proposed,360,8894587875858.941406,100.000000,667.657926,4385.821312
10,Proposed,380,8894587875858.941406,100.000000,663.933271,4389.996039
10,Proposed,400,8894587875858.941406,100.000000,441.640877,2878.907581
10,Proposed,420,8894587875858.941406,100.000000,149.870053,792.638001
10,Proposed,440,8894587875858.941406,100.000000,149.870053,792.638001
10,Proposed,460,8894587875858.941406,100.000000,149.870053,792.638001
10,Proposed,480,8894587875858.941406,100.000000,149.870053,792.638001
10,Proposed,500,8894587875858.941406,100.000000,149.870053,792.638001
10,Proposed,520,8894587875858.941406,100.000000,149.870053,792.638001
10,Proposed,540,8894587875858.941406,100.000000,149.870053,792.638001
10,Proposed,560,8894587875858.941406,100.000000,149.870053,792.638001
10,Proposed,580,8894587875858.941406,100.000000,149.870053,792.638001
10,Proposed,600,8894587875858.941406,100.000000,149.870053,792.638001
10,Proposed,620,8894587875858.941406,100.000000,149.870053,792.638001
10,Proposed,640,8894587875858.941406,100.000000,149.870053,792.638001
10,Proposed,660,8894587875858.941406,100.000000,149.870053,792.638001
10,Proposed,680,8894587875858.941406,100.000000,149.870053,792.638001
10,Proposed,700,8894587875858.941406,100.000000,149.870053,792.638001
10,Proposed,720,8894587875858.941406,100.000000,149.870053,792.638001
10,Proposed,740,8894587875858.941406,100.000000,149.870053,792.638001
10,Proposed,760,8894587875858.941406,100.000000,149.870053,792.638001
10,Proposed,780,8894587875858.941406,100.000000,149.870053,792.638001
10,Proposed,800,8894587875858.941406,100.000000,149.870053,792.638001
10,Proposed,820,8894587875858.941406,100.000000,149.870053,792.638001
10,Proposed,840,8894587875858.941406,100.000000,149.870053,792.638001
10,Proposed,860,8894587875858.941406,100.000000,149.870053,792.638001
10,Proposed,880,8894587875858.941406,100.000000,149.870053,792.638001
10,Proposed,900,8894587875858.941406,100.000000,149.870053,792.638001
10,Proposed,920,8894587875858.941406,100.000000,149.870053,792.638001
10,Proposed,940,8894587875858.941406,100.000000,149.870053,792.638001
10,Proposed,960,8894587875858.941406,100.000000,149.870053,792.638001
10,Proposed,980,8894587875858.941406,100.000000,149.870053,792.638001
10,Proposed,1000,8894587875858.941406,100.000000,149.870053,792.638001
11,Baseline,20,7735264966515.917969,100.000000,1324.962786,4574.381969
11,Baseline,40,7768133483676.575195,100.000000,6684.201312,7530.318363
11,Baseline,60,7816739379203.490234,100.000000,11942.310484,14629.659087
11,Baseline,80,7837021119944.182617,100.000000,2918.239701,4351.692014
11,Baseline,100,7991986320122.544922,100.000000,5493.687792,7645.527368
11,Baseline,120,7992000567667.299805,100.000000,5479.053328,7719.285120
11,Baseline,140,7992002304318.242188,100.000000,5594.766640,7836.714455
11,Baseline,160,7992003284669.022461,100.000000,5592.683485,7836.775111
11,Baseline,180,7992005891861.807617,100.000000,5604.012512,7835.528997
11,Baseline,200,7992020189177.461914,100.000000,5689.286754,8032.232488
11,Baseline,220,8069185448636.049805,100.000000,16479.899324,23357.788772
11,Baseline,240,8069190248504.250977,100.000000,11229.604976,13782.035494
11,Baseline,260,8069199099001.105469,100.000000,11225.050698,13778.790169
11,Baseline,280,8069273946532.089844,100.000000,8868.239152,12839.386413
11,Baseline,300,8069273946532.089844,100.000000,8868.239152,12839.386413
11,Baseline,320,8069274822779.906250,100.000000,8865.947630,12836.007672
11,Baseline,340,8083064576344.310547,100.000000,12620.758003,16706.931118
11,Baseline,360,8153758471054.308594,100.000000,9950.176678,30867.922136
11,Baseline,380,8165158061149.406250,100.000000,15463.625244,46548.027672
11,Baseline,400,8165171248721.416016,100.000000,12023.457795,41016.824157
11,Baseline,420,8165243522387.706055,100.000000,11935.442246,40036.071496
11,Baseline,440,8165243522387.706055,100.000000,11935.442246,40036.071496
11,Baseline,460,8177260701075.737305,100.000000,17972.497158,58600.647633
11,Baseline,480,8208546094334.984375,100.000000,15545.952055,58708.094120
11,Baseline,500,8280736260606.703125,100.000000,20843.128809,59305.892167
11,Baseline,520,8280798264851.873047,100.000000,16514.567295,61164.233156
11,Baseline,540,8321385197015.441406,100.000000,17058.668178,60872.196729
11,Baseline,560,8340752782905.001953,100.000000,17369.422390,22655.569778
11,Baseline,580,8344541538791.458984,100.000000,20431.003315,24978.881640
11,Baseline,600,8344615405650.941406,100.000000,20355.403877,24938.070070
11,Baseline,620,8344675824787.218750,100.000000,21188.161471,32531.164794
11,Baseline,640,8379147732978.171875,100.000000,21593.076156,33058.420754
11,Baseline,660,8380790788595.195312,100.000000,29889.575504,102694.000350
11,Baseline,680,8386770756363.051758,100.000000,24604.026784,30646.760323
11,Baseline,700,8386770756363.051758,100.000000,24604.026784,30646.760323
11,Baseline,720,8386770756363.051758,100.000000,24604.026784,30646.760323
11,Baseline,740,8386812781343.938477,100.000000,24155.845217,29553.036406
11,Baseline,760,8386812781343.938477,100.000000,24615.555573,30369.966011
11,Baseline,780,8386840979368.514648,100.000000,24633.195132,30285.386710
11,Baseline,800,8386840979368.514648,100.000000,24633.195132,30285.386710
11,Baseline,820,8387774647187.230469,100.000000,26861.130404,44672.062717
11,Baseline,840,8451155338056.923828,100.000000,26426.872257,38042.921243
11,Baseline,860,8451166301305.765625,100.000000,26583.705803,38076.058764
11,Baseline,880,8462865804781.798828,100.000000,25863.416982,33420.561655
11,Baseline,900,8462878588297.576172,100.000000,25852.124182,33409.633797
11,Baseline,920,8462908781475.565430,100.000000,25866.333511,33125.201182
11,Baseline,940,8462908781475.565430,100.000000,25866.333511,33125.201182
11,Baseline,960,8462908985190.532227,100.000000,26388.778627,33689.328488
11,Baseline,980,8462908985190.532227,100.000000,26388.778627,33689.328488
11,Baseline,1000,8463233131120.277344,100.000000,31835.631229,41446.011126
11,Baseline,1020,8491461991965.585938,100.000000,34325.242335,66701.759264
11,Baseline,1040,8499053863990.000977,100.000000,32833.186182,62766.592723
11,Baseline,1060,8499053863990.000977,100.000000,26102.922193,38752.493747
11,Baseline,1080,8499095205451.104492,100.000000,25613.357728,37616.539250
11,Baseline,1100,8499112962856.339844,100.000000,25784.671000,37770.569140
11,Baseline,1120,8499209510943.886719,100.000000,24737.870923,37069.403508
11,Baseline,1140,8499256378856.019531,100.000000,25613.142961,38657.569229
11,Baseline,1160,8499260012214.488281,100.000000,26276.426868,39567.250833
11,Baseline,1180,8499261834134.277344,100.000000,27178.506852,40710.955414
11,Baseline,1200,8499265058010.165039,100.000000,27819.670871,41601.684046
11,Baseline,1220,8499291398114.157227,100.000000,27800.469785,41595.644999
11,Baseline,1240,8499293118556.498047,100.000000,27800.777643,41544.896764
11,Baseline,1260,8499305267489.829102,100.000000,27780.641042,41531.454265
11,Baseline,1280,8499323523881.213867,100.000000,28590.348639,42960.639578
11,Baseline,1300,8499323523881.213867,100.000000,28590.348639,42960.639578
11,Baseline,1320,8553315249850.662109,100.000000,28072.001746,39165.516881
11,Baseline,1340,8553326454049.356445,100.000000,28422.241456,40263.501116
11,Baseline,1360,8553327064717.662109,100.000000,29114.111714,41630.256161
11,Baseline,1380,8553327064717.662109,100.000000,29114.111714,41630.256161
11,Baseline,1400,8553352479702.267578,100.000000,29875.011976,43237.463279
11,Baseline,1420,8553409596445.619141,100.000000,29406.520130,42133.867263
11,Baseline,1440,8553411103042.134766,100.000000,29408.306781,42099.498075
11,Baseline,1460,8553416190225.101562,100.000000,29972.492867,42773.621100
11,Baseline,1480,8553416708108.244141,100.000000,30115.669092,42795.309646
11,Baseline,1500,8586217512308.633789,100.000000,28652.441803,39309.810668
11,Baseline,1520,8586217606603.750000,100.000000,29280.078869,40299.685997
11,Baseline,1540,8586231831077.100586,100.000000,27865.629210,37170.395500
11,Baseline,1560,8586231831077.100586,100.000000,27865.629210,37170.395500
11,Baseline,1580,8586240429838.227539,100.000000,27867.180772,36920.114197
11,Baseline,1600,8586240429838.227539,100.000000,27867.180772,36920.114197
11,Baseline,1620,8586240429838.227539,100.000000,27867.180772,36920.114197
11,Baseline,1640,8586240429838.227539,100.000000,27867.180772,36920.114197
11,Baseline,1660,8586240429838.227539,100.000000,27867.180772,36920.114197
11,Baseline,1680,8586240429838.227539,100.000000,27867.180772,36920.114197
11,Baseline,1700,8586240429838.227539,100.000000,27867.180772,36920.114197
11,Baseline,1720,8586250113269.645508,100.000000,26608.968891,34852.871687
11,Baseline,1740,8586250113269.645508,100.000000,26608.968891,34852.871687
11,Baseline,1760,8586250113269.645508,100.000000,26608.968891,34852.871687
11,Baseline,1780,8586250113269.645508,100.000000,26608.968891,34852.871687
11,Baseline,1800,8586276186899.999023,100.000000,27101.201299,35542.208168
11,Baseline,1820,8586276186899.999023,100.000000,27101.201299,35542.208168
11,Baseline,1840,8586385170715.165039,100.000000,26450.408174,35069.532400
11,Baseline,1860,8586385170715.165039,100.000000,26450.408174,35069.532400
11,Baseline,1880,8586386480805.049805,100.000000,26830.792408,35416.619967
11,Baseline,1900,8586444339919.899414,100.000000,24750.464448,32319.836791
11,Baseline,1920,8586444339919.899414,100.000000,24750.464448,32319.836791
11,Baseline,1940,8586444339919.899414,100.000000,24750.464448,32319.836791
11,Baseline,1960,8586444423749.039062,100.000000,25072.989880,32612.526147
11,Baseline,1980,8586444423749.039062,100.000000,25072.989880,32612.526147
11,Baseline,2000,8586444423749.039062,100.000000,25072.989880,32612.526147
11,Proposed,20,8876409818156.255859,100.000000,1368.007528,26332.910597
11,Proposed,40,8876409818156.255859,100.000000,1373.151689,23490.672424
11,Proposed,60,8876409818156.255859,100.000000,1352.187638,20691.249193
11,Proposed,80,8876409818156.255859,100.000000,1338.151733,20948.220116
11,Proposed,100,8876409818156.255859,100.000000,1215.201174,21087.598440
11,Proposed,120,8876409818156.255859,100.000000,1100.523153,19240.963872
11,Proposed,140,8876409818156.255859,100.000000,1027.006043,14700.660062
11,Proposed,160,8876409818156.255859,100.000000,949.972069,4255.628029
11,Proposed,180,8876409818156.255859,100.000000,947.701948,3649.270725
11,Proposed,200,8876409818156.255859,100.000000,1015.066829,3643.759571
11,Proposed,220,8876409818156.255859,100.000000,1115.393758,3676.735231
11,Proposed,240,8876409818156.255859,100.000000,1136.869271,3517.187771
11,Proposed,260,8876409818156.255859,100.000000,870.230096,3491.670479
11,Proposed,280,8876409818156.255859,100.000000,674.141553,3631.913289
11,Proposed,300,8876409818156.255859,100.000000,787.437116,4016.081653
11,Proposed,320,8876409818156.255859,100.000000,645.508353,3128.337356
11,Proposed,340,8876409818156.255859,100.000000,194.393377,1118.739564
11,Proposed,360,8876409818156.255859,100.000000,194.393377,1118.739564
11,Proposed,380,8876409818156.255859,100.000000,194.393377,1118.739564
11,Proposed,400,8876409818156.255859,100.000000,194.393377,1118.739564
11,Proposed,420,8876409818156.255859,100.000000,194.393377,1118.739564
11,Proposed,440,8876409818156.255859,100.000000,194.393377,1118.739564
11,Proposed,460,8876409818156.255859,100.000000,194.393377,1118.739564
11,Proposed,480,8876409818156.255859,100.000000,194.393377,1118.739564
11,Proposed,500,8876409818156.255859,100.000000,194.393377,1118.739564
11,Proposed,520,8876409818156.255859,100.000000,194.393377,1118.739564
11,Proposed,540,8876409818156.255859,100.000000,194.393377,1118.739564
11,Proposed,560,8992583683643.447266,100.000000,224.756211,13807.125467
11,Proposed,580,8995739084512.136719,100.000000,1107.011932,30243.486328
11,Proposed,600,8995757145566.003906,100.000000,925.676859,22519.259723
11,Proposed,620,8999041327397.453125,100.000000,684.566919,24679.424208
11,Proposed,640,8999042393407.246094,100.000000,798.513868,26503.565747
11,Proposed,660,8999782446513.333984,100.000000,1047.912737,29827.755569
11,Proposed,680,9003266938096.302734,100.000000,1560.908839,35801.904188
11,Proposed,700,9003318952539.486328,100.000000,1744.884223,37452.981494
11,Proposed,720,9004535727713.708984,100.000000,1324.495495,34468.455204
11,Proposed,740,9004536115553.429688,100.000000,1378.943709,35756.279969
11,Proposed,760,9009836187006.500000,100.000000,1715.439979,40172.107640
11,Proposed,780,9009874579163.074219,100.000000,1484.304309,35087.066321
11,Proposed,800,9011330119271.486328,100.000000,2067.104506,38372.580482
11,Proposed,820,9011339566470.234375,100.000000,2113.992239,40745.411717
11,Proposed,840,9011371095132.013672,100.000000,2107.886856,40954.159406
11,Proposed,860,9011387444632.203125,100.000000,2243.357521,47468.254825
11,Proposed,880,9011411295580.488281,100.000000,2100.373637,45391.668852
11,Proposed,900,9011424243878.677734,100.000000,2181.329105,47736.493483
11,Proposed,920,9013961641289.011719,100.000000,2058.028794,47922.129217
11,Proposed,940,9013961786018.791016,100.000000,2201.552031,51838.257050
11,Proposed,960,9013965129599.896484,100.000000,2282.208610,55362.590013
11,Proposed,980,9013998120210.128906,100.000000,2030.075751,50259.073157
11,Proposed,1000,9014000276365.466797,100.000000,2186.493360,52530.311373
12,Baseline,20,7696700313104.291992,100.000000,1053.009751,9320.604612
12,Baseline,40,7696931593632.431641,100.000000,897.778000,11509.912779
12,Baseline,60,7699110545054.933594,100.000000,2248.786396,13618.867773
12,Baseline,80,7735667146878.282227,100.000000,1885.225710,7862.106385
12,Baseline,100,7843734007722.412109,100.000000,8902.439073,29416.058901
12,Baseline,120,7987920458128.291992,100.000000,12545.423999,19132.537273
12,Baseline,140,8079992833072.796875,100.000000,17890.991749,52889.477541
12,Baseline,160,8132782561188.658203,100.000000,13803.196526,28449.206226
12,Baseline,180,8133953471086.152344,100.000000,9248.578606,35154.060504
12,Baseline,200,8146125370302.377930,100.000000,9325.808841,20708.486451
12,Baseline,220,8146179283413.761719,100.000000,10553.227715,38713.937300
12,Baseline,240,8219387159524.130859,100.000000,21749.060230,47143.791418
12,Baseline,260,8219563648244.193359,100.000000,15078.099105,38381.631464
12,Baseline,280,8228320179660.833008,100.000000,12810.066514,27351.594166
12,Baseline,300,8228321224612.372070,100.000000,12803.610469,27342.850223
12,Baseline,320,8228433128566.391602,100.000000,13352.213448,44840.266766
12,Baseline,340,8228456014563.345703,100.000000,13354.224920,44830.941520
12,Baseline,360,8228457527160.427734,100.000000,13405.067151,45121.702754
12,Baseline,380,8228457527160.427734,100.000000,13459.167121,45375.745051
12,Baseline,400,8228563981703.495117,100.000000,13474.439745,45475.099864
12,Baseline,420,8228563981703.495117,100.000000,13474.439745,45475.099864
12,Baseline,440,8228596312850.164062,100.000000,13244.196539,44788.422427
12,Baseline,460,8236739387411.092773,100.000000,25241.285791,48575.739321
12,Baseline,480,8236742162578.380859,100.000000,14145.936196,24112.933294
12,Baseline,500,8282433351656.927734,100.000000,13844.007672,42606.594549
12,Baseline,520,8282453915052.948242,100.000000,16545.333818,30202.775210
12,Baseline,540,8283224129495.779297,100.000000,16357.930271,50400.221130
12,Baseline,560,8283227107969.221680,100.000000,15093.783218,51364.720199
12,Baseline,580,8283295362701.131836,100.000000,14757.099574,49775.133660
12,Baseline,600,8283295362701.131836,100.000000,14757.099574,49775.133660
12,Baseline,620,8306767907111.074219,100.000000,20597.687715,65359.993339
12,Baseline,640,8306768833254.357422,100.000000,17803.541764,24745.226933
12,Baseline,660,8306777064939.070312,100.000000,18636.813420,26112.730572
12,Baseline,680,8307251567206.940430,100.000000,13480.556891,32936.984718
12,Baseline,700,8381784668762.689453,100.000000,14289.043255,26977.911418
12,Baseline,720,8381814246183.316406,100.000000,14310.647411,26815.052206
12,Baseline,740,8381827431873.095703,100.000000,14802.593285,27572.819294
12,Baseline,760,8381827849076.083984,100.000000,15186.519990,28478.562999
12,Baseline,780,8381827849076.083984,100.000000,15186.519990,28478.562999
12,Baseline,800,8381827849076.083984,100.000000,15186.519990,28478.562999
12,Baseline,820,8382395223772.622070,100.000000,15987.537408,32142.804370
12,Baseline,840,8382399075422.671875,100.000000,15975.620888,32134.621679
12,Baseline,860,8382399075422.671875,100.000000,15975.620888,32134.621679
12,Baseline,880,8382406352275.008789,100.000000,16128.422082,32471.030998
12,Baseline,900,8382484656883.717773,100.000000,14991.082867,30231.232866
12,Baseline,920,8382485748349.252930,100.000000,14982.328123,30222.406037
12,Baseline,940,8382763959871.312500,100.000000,14850.555362,30175.912101
12,Baseline,960,8391701614498.081055,100.000000,22752.799667,38309.521917
12,Baseline,980,8415778842491.632812,100.000000,21769.640469,58049.066086
12,Baseline,1000,8416341733178.345703,100.000000,17198.103627,32904.892966
12,Baseline,1020,8451212916516.544922,100.000000,23384.000138,56914.894288
12,Baseline,1040,8454255142521.693359,100.000000,21961.286045,32205.544195
12,Baseline,1060,8454308854494.336914,100.000000,18379.460492,44571.952005
12,Baseline,1080,8454308854494.336914,100.000000,18379.460492,44571.952005
12,Baseline,1100,8454308854494.336914,100.000000,18379.460492,44571.952005
12,Baseline,1120,8454308854494.336914,100.000000,18379.460492,44571.952005
12,Baseline,1140,8454308854494.336914,100.000000,18379.460492,44571.952005
12,Baseline,1160,8454308854494.336914,100.000000,18379.460492,44571.952005
12,Baseline,1180,8454308854494.336914,100.000000,18379.460492,44571.952005
12,Baseline,1200,8454308854494.336914,100.000000,18379.460492,44571.952005
12,Baseline,1220,8454308854494.336914,100.000000,18379.460492,44571.952005
12,Baseline,1240,8454308854494.336914,100.000000,18379.460492,44571.952005
12,Baseline,1260,8454308854494.336914,100.000000,18379.460492,44571.952005
12,Baseline,1280,8454308854494.336914,100.000000,18379.460492,44571.952005
12,Baseline,1300,8454308854494.336914,100.000000,18379.460492,44571.952005
12,Baseline,1320,8454308854494.336914,100.000000,18379.460492,44571.952005
12,Baseline,1340,8454308854494.336914,100.000000,18379.460492,44571.952005
12,Baseline,1360,8454308854494.336914,100.000000,18379.460492,44571.952005
12,Baseline,1380,8454308854494.336914,100.000000,18379.460492,44571.952005
12,Baseline,1400,8454308854494.336914,100.000000,18379.460492,44571.952005
12,Baseline,1420,8454308854494.336914,100.000000,18379.460492,44571.952005
12,Baseline,1440,8454321591344.625977,100.000000,18330.799586,44630.919791
12,Baseline,1460,8454324635152.740234,100.000000,18335.556021,44913.016663
12,Baseline,1480,8454324635152.740234,100.000000,18335.556021,44913.016663
12,Baseline,1500,8454324635152.740234,100.000000,18335.556021,44913.016663
12,Baseline,1520,8454324635152.740234,100.000000,18335.556021,44913.016663
12,Baseline,1540,8454324635152.740234,100.000000,18335.556021,44913.016663
12,Baseline,1560,8454324635152.740234,100.000000,18335.556021,44913.016663
12,Baseline,1580,8454324635152.740234,100.000000,18335.556021,44913.016663
12,Baseline,1600,8454324635152.740234,100.000000,18335.556021,44913.016663
12,Baseline,1620,8454327747679.763672,100.000000,18327.166965,45212.008225
12,Baseline,1640,8454327747679.763672,100.000000,18327.166965,45212.008225
12,Baseline,1660,8454327747679.763672,100.000000,18327.166965,45212.008225
12,Baseline,1680,8454396327257.747070,100.000000,18310.209304,45365.875950
12,Baseline,1700,8454396327257.747070,100.000000,18306.952434,45473.863846
12,Baseline,1720,8454520951800.339844,100.000000,18315.609584,45363.382255
12,Baseline,1740,8454520951800.339844,100.000000,18311.527107,45472.795744
12,Baseline,1760,8454520951800.339844,100.000000,18311.527107,45472.795744
12,Baseline,1780,8454525053853.514648,100.000000,18304.167098,45342.702804
12,Baseline,1800,8454525053853.514648,100.000000,18308.887289,45495.191886
12,Baseline,1820,8454525053853.514648,100.000000,18308.887289,45495.191886
12,Baseline,1840,8454525053853.514648,100.000000,18308.887289,45495.191886
12,Baseline,1860,8454525915193.072266,100.000000,18408.555780,45935.824962
12,Baseline,1880,8454535566625.432617,100.000000,18407.359922,46000.665459
12,Baseline,1900,8454537628931.352539,100.000000,18548.763514,46609.693427
12,Baseline,1920,8454537628931.352539,100.000000,18548.763514,46609.693427
12,Baseline,1940,8454537628931.352539,100.000000,18548.763514,46609.693427
12,Baseline,1960,8454537628931.352539,100.000000,18548.763514,46609.693427
12,Baseline,1980,8454537628931.352539,100.000000,18548.763514,46609.693427
12,Baseline,2000,8454539417145.285156,100.000000,18632.004102,47031.946155
12,Proposed,20,8848382579457.386719,100.000000,1226.392809,16654.346263
12,Proposed,40,8848382579457.386719,100.000000,943.080063,15494.461362
12,Proposed,60,8848382579457.386719,100.000000,795.770168,14170.391904
12,Proposed,80,8848382579457.386719,100.000000,708.543250,15252.005431
12,Proposed,100,8848382579457.386719,100.000000,650.534661,15630.873909
12,Proposed,120,8848382579457.386719,100.000000,548.199352,14684.241807
12,Proposed,140,8848382579457.386719,100.000000,474.251996,11160.556554
12,Proposed,160,8848382579457.386719,100.000000,474.910985,8191.943534
12,Proposed,180,8848382579457.386719,100.000000,499.532073,2540.350912
12,Proposed,200,8848382579457.386719,100.000000,498.682389,2570.954814
12,Proposed,220,8848382579457.386719,100.000000,534.163860,2705.142479
12,Proposed,240,8848382579457.386719,100.000000,316.044987,2520.887871
12,Proposed,260,8848382579457.386719,100.000000,250.025260,2404.515856
12,Proposed,280,8848382579457.386719,100.000000,278.316954,2416.542786
12,Proposed,300,8848382579457.386719,100.000000,295.996256,2131.081793
12,Proposed,320,8848382579457.386719,100.000000,355.263163,2595.835838
12,Proposed,340,8848382579457.386719,100.000000,392.551226,2907.604929
12,Proposed,360,8848382579457.386719,100.000000,432.399166,3267.123724
12,Proposed,380,8848382579457.386719,100.000000,473.911727,3580.127636
12,Proposed,400,8848382579457.386719,100.000000,486.946548,3678.708683
12,Proposed,420,8848382579457.386719,100.000000,455.262429,3440.689101
12,Proposed,440,8848382579457.386719,100.000000,268.450561,2037.666119
12,Proposed,460,8848382579457.386719,100.000000,119.756346,932.494102
12,Proposed,480,8848382579457.386719,100.000000,119.756346,932.494102
12,Proposed,500,8848382579457.386719,100.000000,119.756346,932.494102
12,Proposed,520,8848382579457.386719,100.000000,119.756346,932.494102
12,Proposed,540,8848382579457.386719,100.000000,119.756346,932.494102
12,Proposed,560,8848382579457.386719,100.000000,119.756346,932.494102
12,Proposed,580,8848382579457.386719,100.000000,119.756346,932.494102
12,Proposed,600,8848382579457.386719,100.000000,119.756346,932.494102
12,Proposed,620,8848382579457.386719,100.000000,119.756346,932.494102
12,Proposed,640,8848382579457.386719,100.000000,119.756346,932.494102
12,Proposed,660,8848382579457.386719,100.000000,119.756346,932.494102
12,Proposed,680,8848382579457.386719,100.000000,119.756346,932.494102
12,Proposed,700,8848382579457.386719,100.000000,119.756346,932.494102
12,Proposed,720,8848382579457.386719,100.000000,119.756346,932.494102
12,Proposed,740,8848382579457.386719,100.000000,119.756346,932.494102
12,Proposed,760,8848382579457.386719,100.000000,119.756346,932.494102
12,Proposed,780,8848382579457.386719,100.000000,119.756346,932.494102
12,Proposed,800,8848382579457.386719,100.000000,119.756346,932.494102
12,Proposed,820,8848382579457.386719,100.000000,119.756346,932.494102
12,Proposed,840,8848382579457.386719,100.000000,119.756346,932.494102
12,Proposed,860,8848382579457.386719,100.000000,119.756346,932.494102
12,Proposed,880,8848382579457.386719,100.000000,119.756346,932.494102
12,Proposed,900,8848382579457.386719,100.000000,119.756346,932.494102
12,Proposed,920,8848382579457.386719,100.000000,119.756346,932.494102
12,Proposed,940,8848382579457.386719,100.000000,119.756346,932.494102
12,Proposed,960,8848382579457.386719,100.000000,119.756346,932.494102
12,Proposed,980,8848382579457.386719,100.000000,119.756346,932.494102
12,Proposed,1000,8848382579457.386719,100.000000,119.756346,932.494102
13,Baseline,20,7769399836969.565430,100.000000,2971.497714,10166.017559
13,Baseline,40,7796607780985.642578,100.000000,4454.854223,18695.423130
13,Baseline,60,7854000179207.259766,100.000000,15535.288087,38064.692871
13,Baseline,80,7971560438916.113281,100.000000,14099.672824,36831.069076
13,Baseline,100,7989014001636.191406,100.000000,19055.440599,39593.884140
13,Baseline,120,7999471971489.133789,100.000000,13111.596040,37228.288657
13,Baseline,140,8074635423873.905273,100.000000,22476.666558,56247.323506
13,Baseline,160,8082761023680.827148,100.000000,6705.424306,28369.579381
13,Baseline,180,8157191858418.390625,100.000000,14300.304200,33127.247445
13,Baseline,200,8159284750360.919922,100.000000,18891.126571,64242.418251
13,Baseline,220,8183636095099.129883,100.000000,14035.753253,29666.279516
13,Baseline,240,8197210779385.855469,100.000000,25217.585818,60482.712589
13,Baseline,260,8272048974792.272461,100.000000,21629.671968,86520.612172
13,Baseline,280,8272325807195.337891,100.000000,18780.111512,26226.901500
13,Baseline,300,8273140566613.210938,100.000000,26411.817158,38921.632119
13,Baseline,320,8288494387309.222656,100.000000,20718.266947,33137.328727
13,Baseline,340,8288704389764.121094,100.000000,18361.705291,45706.128116
13,Baseline,360,8288735824624.234375,100.000000,18476.829460,46405.042869
13,Baseline,380,8306831736899.730469,100.000000,28682.402673,40547.226474
13,Baseline,400,8311829165424.443359,100.000000,23143.390677,32862.522044
13,Baseline,420,8311943980943.931641,100.000000,19401.462904,50851.592240
13,Baseline,440,8322843521704.228516,100.000000,26864.295440,36102.978124
13,Baseline,460,8327466375215.183594,100.000000,22107.012157,34816.973106
13,Baseline,480,8356041913630.417969,100.000000,29642.742057,32835.954709
13,Baseline,500,8356087007946.250000,100.000000,26113.414104,34582.086040
13,Baseline,520,8356101736503.366211,100.000000,27803.529990,36500.581227
13,Baseline,540,8356101736503.366211,100.000000,27803.529990,36500.581227
13,Baseline,560,8356116394566.114258,100.000000,27727.126378,36471.420194
13,Baseline,580,8356121593380.071289,100.000000,27776.591496,36431.494621
13,Baseline,600,8356133730925.334961,100.000000,27822.276479,36427.758972
13,Baseline,620,8356133730925.334961,100.000000,27822.276479,36427.758972
13,Baseline,640,8356172172582.304688,100.000000,25993.142486,33651.947023
13,Baseline,660,8356183386211.746094,100.000000,26325.368128,33776.181262
13,Baseline,680,8356183386211.746094,100.000000,26325.368128,33776.181262
13,Baseline,700,8356187232175.307617,100.000000,26401.000293,33793.296987
13,Baseline,720,8356199129016.182617,100.000000,26452.136349,33790.838678
13,Baseline,740,8356203011725.779297,100.000000,26453.499236,33748.555114
13,Baseline,760,8374764311026.412109,100.000000,26503.844733,32884.629123
13,Baseline,780,8374767936227.435547,100.000000,27213.077730,33938.341090
13,Baseline,800,8374848384942.812500,100.000000,27224.712329,33909.475057
13,Baseline,820,8374911487645.029297,100.000000,26647.958698,32007.006544
13,Baseline,840,8374916647175.036133,100.000000,26667.762877,32024.418427
13,Baseline,860,8374924413011.510742,100.000000,26377.078764,31563.199487
13,Baseline,880,8374924479662.985352,100.000000,27044.945534,32358.735364
13,Baseline,900,8374924479662.985352,100.000000,27044.945534,32358.735364
13,Baseline,920,8374956013697.000977,100.000000,26984.207967,32306.412857
13,Baseline,940,8374956013697.000977,100.000000,27095.738751,32320.152683
13,Baseline,960,8374956013697.000977,100.000000,27095.738751,32320.152683
13,Baseline,980,8374956142502.228516,100.000000,27319.620003,32584.140009
13,Baseline,1000,8374957550272.061523,100.000000,27537.260621,32841.521853
13,Baseline,1020,8374957550272.061523,100.000000,27537.260621,32841.521853
13,Baseline,1040,8374980255082.629883,100.000000,27120.405342,32270.629711
13,Baseline,1060,8374980255082.629883,100.000000,27120.405342,32270.629711
13,Baseline,1080,8374980255082.629883,100.000000,27120.405342,32270.629711
13,Baseline,1100,8374980255082.629883,100.000000,27120.405342,32270.629711
13,Baseline,1120,8375028335184.458008,100.000000,26916.629458,32218.662625
13,Baseline,1140,8375030645453.861328,100.000000,27574.993248,32697.205784
13,Baseline,1160,8375030645453.861328,100.000000,27574.993248,32697.205784
13,Baseline,1180,8375034074957.675781,100.000000,27554.224722,32689.768881
13,Baseline,1200,8375034074957.675781,100.000000,27554.224722,32689.768881
13,Baseline,1220,8375034074957.675781,100.000000,27554.224722,32689.768881
13,Baseline,1240,8375531356004.837891,100.000000,24241.221177,48328.896487
13,Baseline,1260,8383617058919.347656,100.000000,27658.410187,55807.307749
13,Baseline,1280,8405159235654.528320,100.000000,28053.695894,45978.348064
13,Baseline,1300,8405182014905.666992,100.000000,27055.582621,45083.529686
13,Baseline,1320,8405206102501.866211,100.000000,27061.629457,45028.723435
13,Baseline,1340,8423279053512.986328,100.000000,25050.062837,33704.760846
13,Baseline,1360,8430187539808.165039,100.000000,25287.139352,33147.361712
13,Baseline,1380,8430191822556.916016,100.000000,25289.136783,33147.316355
13,Baseline,1400,8430191822556.916016,100.000000,25289.136783,33147.316355
13,Baseline,1420,8430419253853.359375,100.000000,22011.385707,29324.461157
13,Baseline,1440,8430419253853.359375,100.000000,22405.506174,29561.104504
13,Baseline,1460,8430419253853.359375,100.000000,22405.506174,29561.104504
13,Baseline,1480,8430425888390.170898,100.000000,23418.313729,32254.642955
13,Baseline,1500,8430425888390.170898,100.000000,23418.313729,32254.642955
13,Baseline,1520,8430425888390.170898,100.000000,23418.313729,32254.642955
13,Baseline,1540,8430425888390.170898,100.000000,23418.313729,32254.642955
13,Baseline,1560,8430425888390.170898,100.000000,23418.313729,32254.642955
13,Baseline,1580,8430425888390.170898,100.000000,23418.313729,32254.642955
13,Baseline,1600,8430425888390.170898,100.000000,23418.313729,32254.642955
13,Baseline,1620,8430425888390.170898,100.000000,23418.313729,32254.642955
13,Baseline,1640,8430430436229.625000,100.000000,23465.028857,32250.367891
13,Baseline,1660,8430433090535.004883,100.000000,23492.351699,32246.265850
13,Baseline,1680,8430433090535.004883,100.000000,23492.351699,32246.265850
13,Baseline,1700,8430433090535.004883,100.000000,23492.351699,32246.265850
13,Baseline,1720,8430433090535.004883,100.000000,23492.351699,32246.265850
13,Baseline,1740,8430433090535.004883,100.000000,23492.351699,32246.265850
13,Baseline,1760,8430465090128.442383,100.000000,23987.090963,32573.447721
13,Baseline,1780,8430465901082.514648,100.000000,24394.589935,32862.553121
13,Baseline,1800,8430465901082.514648,100.000000,24394.589935,32862.553121
13,Baseline,1820,8430465901082.514648,100.000000,24394.589935,32862.553121
13,Baseline,1840,8430465901082.514648,100.000000,24394.589935,32862.553121
13,Baseline,1860,8430465901082.514648,100.000000,24394.589935,32862.553121
13,Baseline,1880,8430466401128.338867,100.000000,24403.127566,32853.623844
13,Baseline,1900,8430467713967.383789,100.000000,24566.285915,32938.705587
13,Baseline,1920,8430467713967.383789,100.000000,24726.708408,33022.562601
13,Baseline,1940,8430467713967.383789,100.000000,24726.708408,33022.562601
13,Baseline,1960,8430467713967.383789,100.000000,24726.708408,33022.562601
13,Baseline,1980,8430467713967.383789,100.000000,24726.708408,33022.562601
13,Baseline,2000,8430468904312.172852,100.000000,25437.812220,34263.143161
13,Proposed,20,8871538844789.941406,100.000000,941.310476,20796.075577
13,Proposed,40,8871538844789.941406,100.000000,871.000169,18770.610527
13,Proposed,60,8871538844789.941406,100.000000,908.574478,14916.807389
13,Proposed,80,8871538844789.941406,100.000000,743.632458,17001.829617
13,Proposed,100,8871538844789.941406,100.000000,689.928373,18348.638387
13,Proposed,120,8871538844789.941406,100.000000,731.664012,18198.607284
13,Proposed,140,8871538844789.941406,100.000000,707.773081,17074.375538
13,Proposed,160,8871538844789.941406,100.000000,703.878741,14253.505442
13,Proposed,180,8871538844789.941406,100.000000,657.668191,13020.167401
13,Proposed,200,8871538844789.941406,100.000000,603.513246,13667.342705
13,Proposed,220,8871538844789.941406,100.000000,445.574941,14938.439983
13,Proposed,240,8871538844789.941406,100.000000,466.649459,13282.281906
13,Proposed,260,8871538844789.941406,100.000000,496.568630,4194.906556
13,Proposed,280,8871538844789.941406,100.000000,471.583371,4284.287193
13,Proposed,300,8871538844789.941406,100.000000,431.064117,4362.291939
13,Proposed,320,8871538844789.941406,100.000000,332.410768,2467.330298
13,Proposed,340,8871538844789.941406,100.000000,362.351053,2814.456721
13,Proposed,360,8871538844789.941406,100.000000,401.119064,3052.003074
13,Proposed,380,8871538844789.941406,100.000000,472.152283,3380.276647
13,Proposed,400,8871538844789.941406,100.000000,523.835223,3602.044326
13,Proposed,420,8871538844789.941406,100.000000,597.490129,3820.471937
13,Proposed,440,8871538844789.941406,100.000000,690.955399,3937.006668
13,Proposed,460,8871538844789.941406,100.000000,394.253804,2253.772054
13,Proposed,480,8871538844789.941406,100.000000,127.762231,885.896608
13,Proposed,500,8871538844789.941406,100.000000,127.762231,885.896608
13,Proposed,520,8871538844789.941406,100.000000,127.762231,885.896608
13,Proposed,540,8871538844789.941406,100.000000,127.762231,885.896608
13,Proposed,560,8871538844789.941406,100.000000,127.762231,885.896608
13,Proposed,580,8871538844789.941406,100.000000,127.762231,885.896608
13,Proposed,600,8871538844789.941406,100.000000,127.762231,885.896608
13,Proposed,620,8871538844789.941406,100.000000,127.762231,885.896608
13,Proposed,640,8871538844789.941406,100.000000,127.762231,885.896608
13,Proposed,660,8871538844789.941406,100.000000,127.762231,885.896608
13,Proposed,680,8871538844789.941406,100.000000,127.762231,885.896608
13,Proposed,700,8871538844789.941406,100.000000,127.762231,885.896608
13,Proposed,720,8871538844789.941406,100.000000,127.762231,885.896608
13,Proposed,740,8871538844789.941406,100.000000,127.762231,885.896608
13,Proposed,760,8871538844789.941406,100.000000,127.762231,885.896608
13,Proposed,780,8871538844789.941406,100.000000,127.762231,885.896608
13,Proposed,800,8871538844789.941406,100.000000,127.762231,885.896608
13,Proposed,820,8871538844789.941406,100.000000,127.762231,885.896608
13,Proposed,840,8871538844789.941406,100.000000,127.762231,885.896608
13,Proposed,860,8871538844789.941406,100.000000,127.762231,885.896608
13,Proposed,880,8871538844789.941406,100.000000,127.762231,885.896608
13,Proposed,900,8871538844789.941406,100.000000,127.762231,885.896608
13,Proposed,920,8871538844789.941406,100.000000,127.762231,885.896608
13,Proposed,940,8871538844789.941406,100.000000,127.762231,885.896608
13,Proposed,960,8871538844789.941406,100.000000,127.762231,885.896608
13,Proposed,980,8871538844789.941406,100.000000,127.762231,885.896608
13,Proposed,1000,8871538844789.941406,100.000000,127.762231,885.896608
14,Baseline,20,7759142901785.800781,100.000000,5364.112196,10215.418818
14,Baseline,40,7784128983777.748047,100.000000,6380.474541,38395.392697
14,Baseline,60,7813525878861.965820,100.000000,4264.018420,44357.081555
14,Baseline,80,7904397305000.775391,100.000000,5334.383978,8335.634484
14,Baseline,100,7908111627994.131836,100.000000,5664.511029,10147.854759
14,Baseline,120,7925998816575.085938,100.000000,8265.651122,10530.782721
14,Baseline,140,7928055409336.830078,100.000000,20345.102120,38256.135843
14,Baseline,160,7984085707065.895508,100.000000,8244.167658,19376.266324
14,Baseline,180,8026906939650.429688,100.000000,10697.959239,27442.959465
14,Baseline,200,8044124674637.571289,100.000000,12823.071277,14409.656365
14,Baseline,220,8044788593653.626953,100.000000,20122.269461,23896.392909
14,Baseline,240,8174719001313.014648,100.000000,13858.513710,22035.496004
14,Baseline,260,8190165017685.509766,100.000000,14096.692738,57166.858294
14,Baseline,280,8245222904876.351562,100.000000,17297.927515,32855.340884
14,Baseline,300,8245869135736.621094,100.000000,16316.128263,58483.207453
14,Baseline,320,8317209760988.085938,100.000000,20885.832681,37502.697298
14,Baseline,340,8317236738779.985352,100.000000,20954.333513,37508.677912
14,Baseline,360,8318931117077.595703,100.000000,15359.056136,62305.412466
14,Baseline,380,8318998855229.692383,100.000000,15354.135095,62422.425782
14,Baseline,400,8319048981053.457031,100.000000,15254.909225,61809.845794
14,Baseline,420,8319127099814.230469,100.000000,15284.782991,62046.184680
14,Baseline,440,8319231986017.124023,100.000000,15337.682692,62976.530247
14,Baseline,460,8362744046839.464844,100.000000,19081.699940,42979.019112
14,Baseline,480,8362782093783.715820,100.000000,18865.779799,42694.896829
14,Baseline,500,8362787529613.945312,100.000000,19323.170035,43288.335585
14,Baseline,520,8362789230449.636719,100.000000,19323.714643,43276.317402
14,Baseline,540,8362827470897.431641,100.000000,19345.684710,43220.966350
14,Baseline,560,8362841961700.512695,100.000000,19199.767995,42996.221552
14,Baseline,580,8362963379253.855469,100.000000,18331.244056,39324.572400
14,Baseline,600,8362963379253.855469,100.000000,18331.244056,39324.572400
14,Baseline,620,8362965158015.176758,100.000000,18519.894249,39518.816572
14,Baseline,640,8363438459306.539062,100.000000,31093.603611,93978.931116
14,Baseline,660,8368149696359.539062,100.000000,23634.299136,34104.787964
14,Baseline,680,8368150903424.933594,100.000000,23751.226547,34235.149379
14,Baseline,700,8368157252218.373047,100.000000,23890.590397,34316.316269
14,Baseline,720,8368164192349.261719,100.000000,24433.408194,34828.428549
14,Baseline,740,8368425682801.589844,100.000000,22640.116335,33267.891951
14,Baseline,760,8449620380664.329102,100.000000,21608.174447,27742.154817
14,Baseline,780,8449622733081.368164,100.000000,22070.523163,28367.635864
14,Baseline,800,8449638341965.759766,100.000000,23219.181011,30032.817184
14,Baseline,820,8449659465308.922852,100.000000,24240.350538,31399.849907
14,Baseline,840,8449694093907.109375,100.000000,22088.915571,27906.445923
14,Baseline,860,8449702974851.378906,100.000000,22053.786688,27739.198227
14,Baseline,880,8449742030878.682617,100.000000,21339.838227,26296.155971
14,Baseline,900,8449753717747.154297,100.000000,20702.922595,25172.077924
14,Baseline,920,8449753717747.154297,100.000000,20702.922595,25172.077924
14,Baseline,940,8449764745675.165039,100.000000,21113.774508,25705.084807
14,Baseline,960,8449787709348.517578,100.000000,21467.103488,26116.487347
14,Baseline,980,8449787929570.152344,100.000000,22142.716438,27047.021881
14,Baseline,1000,8449800353795.007812,100.000000,22152.884833,27014.690658
14,Baseline,1020,8458108884291.231445,100.000000,22585.465734,27934.329461
14,Baseline,1040,8458133462068.414062,100.000000,22871.058706,28463.046206
14,Baseline,1060,8458137852121.876953,100.000000,23108.005583,28682.686326
14,Baseline,1080,8458199939629.947266,100.000000,23990.534569,29736.089027
14,Baseline,1100,8458207121178.167969,100.000000,24018.536955,29732.484284
14,Baseline,1120,8458211619619.829102,100.000000,24028.418511,29726.715292
14,Baseline,1140,8458222482398.751953,100.000000,24131.564043,29672.182215
14,Baseline,1160,8458256226583.648438,100.000000,22125.897586,26754.667627
14,Baseline,1180,8458916530468.189453,100.000000,19253.437602,37447.349362
14,Baseline,1200,8466396004019.673828,100.000000,24361.068692,45906.465539
14,Baseline,1220,8466435965153.455078,100.000000,22316.935373,30414.788258
14,Baseline,1240,8466459262518.812500,100.000000,21756.385756,29499.054097
14,Baseline,1260,8466511816943.654297,100.000000,22173.351453,29966.067342
14,Baseline,1280,8466514846715.785156,100.000000,22738.337226,30684.134762
14,Baseline,1300,8466521673159.212891,100.000000,23488.425497,31684.281832
14,Baseline,1320,8466521673159.212891,100.000000,23488.425497,31684.281832
14,Baseline,1340,8466521673159.212891,100.000000,23488.425497,31684.281832
14,Baseline,1360,8507876923120.789062,100.000000,22036.776754,28108.974722
14,Baseline,1380,8527231313707.182617,100.000000,18132.539898,29551.373774
14,Baseline,1400,8602888232159.452148,100.000000,21638.081601,32347.181973
14,Baseline,1420,8602891726717.894531,100.000000,21648.184286,32333.252888
14,Baseline,1440,8602891827834.023438,100.000000,22059.943068,32917.989986
14,Baseline,1460,8602891827834.023438,100.000000,22059.943068,32917.989986
14,Baseline,1480,8602928843620.394531,100.000000,22800.219851,33793.019482
14,Baseline,1500,8602951596438.317383,100.000000,21613.767974,31761.157952
14,Baseline,1520,8602972435373.558594,100.000000,21631.395231,31685.847935
14,Baseline,1540,8602980657050.257812,100.000000,21638.749247,31653.219034
14,Baseline,1560,8602980657050.257812,100.000000,21638.749247,31653.219034
14,Baseline,1580,8602980657050.257812,100.000000,21638.749247,31653.219034
14,Baseline,1600,8602980657050.257812,100.000000,21638.749247,31653.219034
14,Baseline,1620,8602982538891.563477,100.000000,21784.971315,31810.072949
14,Baseline,1640,8604241335759.990234,100.000000,20845.518098,35337.571903
14,Baseline,1660,8609325887090.439453,100.000000,26925.529616,35891.468472
14,Baseline,1680,8609326802080.308594,100.000000,27311.616755,36388.549435
14,Baseline,1700,8609326802080.308594,100.000000,27311.616755,36388.549435
14,Baseline,1720,8609335567442.358398,100.000000,27311.517786,36393.272881
14,Baseline,1740,8609335567442.358398,100.000000,27311.517786,36393.272881
14,Baseline,1760,8609335567442.358398,100.000000,27311.517786,36393.272881
14,Baseline,1780,8609343355907.677734,100.000000,26973.283515,35945.062019
14,Baseline,1800,8609347439365.861328,100.000000,27548.540763,36690.889606
14,Baseline,1820,8609354101556.333984,100.000000,27448.878925,36572.622312
14,Baseline,1840,8609354101556.333984,100.000000,27448.878925,36572.622312
14,Baseline,1860,8609388809416.325195,100.000000,27421.381823,36444.823267
14,Baseline,1880,8609388820572.820312,100.000000,27938.762469,37113.971779
14,Baseline,1900,8609389802266.882812,100.000000,28529.781327,38090.925022
14,Baseline,1920,8609390065693.183594,100.000000,29314.863461,39250.787823
14,Baseline,1940,8609402376078.837891,100.000000,28994.600261,38578.143625
14,Baseline,1960,8609410392316.425781,100.000000,29610.055053,39242.112984
14,Baseline,1980,8609410593632.318359,100.000000,29683.915116,39312.502828
14,Baseline,2000,8609410600440.963867,100.000000,29803.193757,39449.402080
14,Proposed,20,8913436734552.416016,100.000000,2420.091154,26283.554492
14,Proposed,40,8913436734552.416016,100.000000,2336.225798,23693.581485
14,Proposed,60,8913436734552.416016,100.000000,2011.551399,20733.159386
14,Proposed,80,8913436734552.416016,100.000000,1869.996744,20231.604854
14,Proposed,100,8913436734552.416016,100.000000,1698.114899,21184.921837
14,Proposed,120,8913436734552.416016,100.000000,1569.917162,21532.217230
14,Proposed,140,8913436734552.416016,100.000000,1633.480300,22190.053686
14,Proposed,160,8913436734552.416016,100.000000,1610.449920,24169.659133
14,Proposed,180,8913436734552.416016,100.000000,1321.600470,24277.516243
14,Proposed,200,8913436734552.416016,100.000000,1029.996440,24809.312723
14,Proposed,220,8913436734552.416016,100.000000,1067.714798,23954.057877
14,Proposed,240,8913436734552.416016,100.000000,1201.620711,23612.907368
14,Proposed,260,8913436734552.416016,100.000000,1356.167825,25519.644931
14,Proposed,280,8913436734552.416016,100.000000,1309.734181,22658.639770
14,Proposed,300,8913436734552.416016,100.000000,986.023109,14398.695160
14,Proposed,320,8913436734552.416016,100.000000,1134.051103,16477.778761
14,Proposed,340,8913436734552.416016,100.000000,1250.287369,18215.965217
14,Proposed,360,8913436734552.416016,100.000000,1399.030942,20225.341638
14,Proposed,380,8913436734552.416016,100.000000,1562.160311,22346.490731
14,Proposed,400,8913436734552.416016,100.000000,1721.594177,24832.584482
14,Proposed,420,8913436734552.416016,100.000000,1905.760522,26203.204763
14,Proposed,440,8913436734552.416016,100.000000,2017.921061,26783.999757
14,Proposed,460,8913436734552.416016,100.000000,923.851881,12567.260582
14,Proposed,480,8913436734552.416016,100.000000,617.275241,8713.558538
14,Proposed,500,8913436734552.416016,100.000000,617.275241,8713.558538
14,Proposed,520,8913436734552.416016,100.000000,617.275241,8713.558538
14,Proposed,540,8913436734552.416016,100.000000,617.275241,8713.558538
14,Proposed,560,8913436734552.416016,100.000000,617.275241,8713.558538
14,Proposed,580,8913436734552.416016,100.000000,617.275241,8713.558538
14,Proposed,600,8913436734552.416016,100.000000,617.275241,8713.558538
14,Proposed,620,8913436734552.416016,100.000000,617.275241,8713.558538
14,Proposed,640,8913436734552.416016,100.000000,617.275241,8713.558538
14,Proposed,660,8913436734552.416016,100.000000,617.275241,8713.558538
14,Proposed,680,8913436734552.416016,100.000000,617.275241,8713.558538
14,Proposed,700,8913436734552.416016,100.000000,617.275241,8713.558538
14,Proposed,720,8913436734552.416016,100.000000,617.275241,8713.558538
14,Proposed,740,8913436734552.416016,100.000000,617.275241,8713.558538
14,Proposed,760,8913436734552.416016,100.000000,617.275241,8713.558538
14,Proposed,780,8913436734552.416016,100.000000,617.275241,8713.558538
14,Proposed,800,8913436734552.416016,100.000000,617.275241,8713.558538
14,Proposed,820,8913436734552.416016,100.000000,617.275241,8713.558538
14,Proposed,840,8913436734552.416016,100.000000,617.275241,8713.558538
14,Proposed,860,8913436734552.416016,100.000000,617.275241,8713.558538
14,Proposed,880,8913436734552.416016,100.000000,617.275241,8713.558538
14,Proposed,900,8913436734552.416016,100.000000,617.275241,8713.558538
14,Proposed,920,8913436734552.416016,100.000000,617.275241,8713.558538
14,Proposed,940,8913436734552.416016,100.000000,617.275241,8713.558538
14,Proposed,960,8913436734552.416016,100.000000,617.275241,8713.558538
14,Proposed,980,8913436734552.416016,100.000000,617.275241,8713.558538
14,Proposed,1000,8913436734552.416016,100.000000,617.275241,8713.558538
15,Baseline,20,7702302966955.453125,100.000000,8300.607452,40616.773078
15,Baseline,40,7796284432563.564453,100.000000,2577.151954,6510.258980
15,Baseline,60,7818790546819.523438,100.000000,3823.783012,5639.519760
15,Baseline,80,7819561208654.175781,100.000000,7943.498427,14706.951371
15,Baseline,100,7849959421511.623047,100.000000,8278.418539,19210.791625
15,Baseline,120,7874460520279.952148,100.000000,8911.602788,41176.526576
15,Baseline,140,7896593508746.830078,100.000000,7295.073094,23655.958420
15,Baseline,160,7913499274912.342773,100.000000,8208.427376,27941.680076
15,Baseline,180,7986693522023.407227,100.000000,8309.980884,27516.033052
15,Baseline,200,7988396813126.046875,100.000000,8474.534434,39581.889228
15,Baseline,220,8046409492985.970703,100.000000,11766.088377,27094.961309
15,Baseline,240,8047765666977.753906,100.000000,8164.039453,28958.725547
15,Baseline,260,8047958251543.562500,100.000000,8197.000109,29770.021472
15,Baseline,280,8077577280559.004883,100.000000,21796.228130,54043.536110
15,Baseline,300,8079018520654.726562,100.000000,26536.482527,70250.421033
15,Baseline,320,8110233508347.318359,100.000000,15077.515527,36129.993264
15,Baseline,340,8110233508347.318359,100.000000,15077.515527,36129.993264
15,Baseline,360,8110249394176.786133,100.000000,15074.254852,36129.930299
15,Baseline,380,8110249394176.786133,100.000000,15070.980912,36129.867332
15,Baseline,400,8110253313993.875977,100.000000,15069.651943,36120.550806
15,Baseline,420,8110260861110.481445,100.000000,14980.416087,35908.680103
15,Baseline,440,8124376713112.218750,100.000000,11888.690308,22863.678135
15,Baseline,460,8226237945213.525391,100.000000,9737.804188,19172.696255
15,Baseline,480,8227583301248.726562,100.000000,17502.678439,31932.000903
15,Baseline,500,8227724185475.857422,100.000000,12334.399028,25694.077757
15,Baseline,520,8227738354772.426758,100.000000,12337.682615,25676.316947
15,Baseline,540,8297990137083.196289,100.000000,23514.926975,44391.412467
15,Baseline,560,8297990137083.196289,100.000000,16028.985807,30405.034138
15,Baseline,580,8297990137083.196289,100.000000,16028.985807,30405.034138
15,Baseline,600,8297990137083.196289,100.000000,16028.985807,30405.034138
15,Baseline,620,8297990718878.308594,100.000000,16578.250936,31547.104248
15,Baseline,640,8297991090138.313477,100.000000,16344.568803,31006.560355
15,Baseline,660,8297993161983.226562,100.000000,16754.193321,31719.168577
15,Baseline,680,8297993223413.632812,100.000000,17318.784088,32764.637996
15,Baseline,700,8297995883291.097656,100.000000,17451.205627,33025.196179
15,Baseline,720,8298022181592.192383,100.000000,16403.305917,30499.836586
15,Baseline,740,8298022181592.192383,100.000000,16437.455915,30601.303888
15,Baseline,760,8299085191850.614258,100.000000,16641.229746,30926.355949
15,Baseline,780,8299111884425.289062,100.000000,14217.128645,28586.251650
15,Baseline,800,8299111884425.289062,100.000000,14217.128645,28586.251650
15,Baseline,820,8299111884425.289062,100.000000,14217.128645,28586.251650
15,Baseline,840,8371065563062.557617,100.000000,17581.456191,33206.072073
15,Baseline,860,8371065573452.616211,100.000000,18049.243725,34234.669513
15,Baseline,880,8371067082927.186523,100.000000,18616.832697,35312.531168
15,Baseline,900,8371074800984.236328,100.000000,17724.110448,33259.769662
15,Baseline,920,8371074818404.739258,100.000000,18281.314953,34385.547665
15,Baseline,940,8371074818404.739258,100.000000,18281.314953,34385.547665
15,Baseline,960,8371074818404.739258,100.000000,18281.314953,34385.547665
15,Baseline,980,8371075383561.610352,100.000000,18281.372046,34371.847142
15,Baseline,1000,8371075383561.610352,100.000000,18281.372046,34371.847142
15,Baseline,1020,8371102209201.496094,100.000000,17740.238809,33051.879796
15,Baseline,1040,8371102209201.496094,100.000000,17740.238809,33051.879796
15,Baseline,1060,8371102209201.496094,100.000000,17740.238809,33051.879796
15,Baseline,1080,8371121797760.690430,100.000000,15892.956003,28799.190927
15,Baseline,1100,8371127873898.564453,100.000000,16287.060466,29806.634600
15,Baseline,1120,8371679708883.458984,100.000000,16650.273713,39759.117576
15,Baseline,1140,8389995732280.603516,100.000000,17182.699150,36102.631856
15,Baseline,1160,8389995766625.059570,100.000000,17370.478185,36391.537219
15,Baseline,1180,8389995766625.059570,100.000000,17370.478185,36391.537219
15,Baseline,1200,8389995766625.059570,100.000000,17370.478185,36391.537219
15,Baseline,1220,8389995766625.059570,100.000000,17370.478185,36391.537219
15,Baseline,1240,8389998108681.640625,100.000000,17720.599474,37266.128063
15,Baseline,1260,8390012302064.013672,100.000000,18577.638559,38910.536022
15,Baseline,1280,8390022770854.569336,100.000000,18578.212814,38656.624460
15,Baseline,1300,8390022770854.569336,100.000000,18578.212814,38656.624460
15,Baseline,1320,8390022770854.569336,100.000000,18578.212814,38656.624460
15,Baseline,1340,8390022770854.569336,100.000000,18578.212814,38656.624460
15,Baseline,1360,8390022770854.569336,100.000000,18578.212814,38656.624460
15,Baseline,1380,8390022770854.569336,100.000000,18578.212814,38656.624460
15,Baseline,1400,8390022770854.569336,100.000000,18578.212814,38656.624460
15,Baseline,1420,8390022770854.569336,100.000000,18578.212814,38656.624460
15,Baseline,1440,8390022770854.569336,100.000000,18578.212814,38656.624460
15,Baseline,1460,8390022770854.569336,100.000000,18578.212814,38656.624460
15,Baseline,1480,8390031603487.563477,100.000000,18599.298258,38645.444593
15,Baseline,1500,8390031603487.563477,100.000000,18599.298258,38645.444593
15,Baseline,1520,8390031603487.563477,100.000000,18599.298258,38645.444593
15,Baseline,1540,8390031603487.563477,100.000000,18599.298258,38645.444593
15,Baseline,1560,8390031603487.563477,100.000000,18599.298258,38645.444593
15,Baseline,1580,8390034642049.914062,100.000000,18330.224163,38113.808366
15,Baseline,1600,8390034642049.914062,100.000000,18605.276879,38577.734622
15,Baseline,1620,8390034642049.914062,100.000000,18605.276879,38577.734622
15,Baseline,1640,8390034642049.914062,100.000000,18605.276879,38577.734622
15,Baseline,1660,8390035326503.859375,100.000000,18952.214354,39236.474242
15,Baseline,1680,8390035326503.859375,100.000000,18952.214354,39236.474242
15,Baseline,1700,8390035326503.859375,100.000000,18952.214354,39236.474242
15,Baseline,1720,8390035326503.859375,100.000000,18952.214354,39236.474242
15,Baseline,1740,8390043846753.359375,100.000000,18948.839122,39247.844808
15,Baseline,1760,8390043846753.359375,100.000000,18948.839122,39247.844808
15,Baseline,1780,8390043846753.359375,100.000000,18948.839122,39247.844808
15,Baseline,1800,8390043852266.486328,100.000000,19527.774478,40312.265021
15,Baseline,1820,8390043852266.486328,100.000000,19527.774478,40312.265021
15,Baseline,1840,8390043852266.486328,100.000000,19527.774478,40312.265021
15,Baseline,1860,8390043852266.486328,100.000000,19527.774478,40312.265021
15,Baseline,1880,8390043852266.486328,100.000000,19527.774478,40312.265021
15,Baseline,1900,8390044118326.369141,100.000000,19612.471462,40434.128208
15,Baseline,1920,8390057001177.508789,100.000000,19696.006283,40545.814766
15,Baseline,1940,8390057001177.508789,100.000000,19696.006283,40545.814766
15,Baseline,1960,8390057001177.508789,100.000000,19696.006283,40545.814766
15,Baseline,1980,8390057001177.508789,100.000000,19696.006283,40545.814766
15,Baseline,2000,8390057675545.907227,100.000000,19860.457683,40873.840373
15,Proposed,20,8835445889364.037109,100.000000,14414.602952,30018.077475
15,Proposed,40,8835445889364.037109,100.000000,2075.840420,25678.147006
15,Proposed,60,8835445889364.037109,100.000000,2050.540171,20724.970406
15,Proposed,80,8835445889364.037109,100.000000,2123.861837,17736.016698
15,Proposed,100,8835445889364.037109,100.000000,2152.644974,18124.937167
15,Proposed,120,8835445889364.037109,100.000000,1579.288726,19385.630744
15,Proposed,140,8835445889364.037109,100.000000,893.169810,20299.362952
15,Proposed,160,8835445889364.037109,100.000000,685.675165,21068.639055
15,Proposed,180,8835445889364.037109,100.000000,634.174517,21353.243707
15,Proposed,200,8835445889364.037109,100.000000,672.530706,20206.940468
15,Proposed,220,8835445889364.037109,100.000000,756.384576,16476.251684
15,Proposed,240,8835445889364.037109,100.000000,862.901432,10639.355037
15,Proposed,260,8835445889364.037109,100.000000,977.329453,8173.163572
15,Proposed,280,8835445889364.037109,100.000000,1022.137044,4448.598695
15,Proposed,300,8835445889364.037109,100.000000,1150.312982,1945.197606
15,Proposed,320,8835445889364.037109,100.000000,886.923113,2177.608700
15,Proposed,340,8835445889364.037109,100.000000,823.326540,2100.810045
15,Proposed,360,8835445889364.037109,100.000000,595.252297,1509.172052
15,Proposed,380,8835445889364.037109,100.000000,196.918226,446.806014
15,Proposed,400,8835445889364.037109,100.000000,196.918226,446.806014
15,Proposed,420,8835445889364.037109,100.000000,196.918226,446.806014
15,Proposed,440,8835445889364.037109,100.000000,196.918226,446.806014
15,Proposed,460,8835445889364.037109,100.000000,196.918226,446.806014
15,Proposed,480,8835445889364.037109,100.000000,196.918226,446.806014
15,Proposed,500,8835445889364.037109,100.000000,196.918226,446.806014
15,Proposed,520,8835445889364.037109,100.000000,196.918226,446.806014
15,Proposed,540,8835445889364.037109,100.000000,196.918226,446.806014
15,Proposed,560,8835445889364.037109,100.000000,196.918226,446.806014
15,Proposed,580,8835445889364.037109,100.000000,196.918226,446.806014
15,Proposed,600,8835445889364.037109,100.000000,196.918226,446.806014
15,Proposed,620,8835445889364.037109,100.000000,196.918226,446.806014
15,Proposed,640,8835445889364.037109,100.000000,196.918226,446.806014
15,Proposed,660,8835445889364.037109,100.000000,196.918226,446.806014
15,Proposed,680,8835445889364.037109,100.000000,196.918226,446.806014
15,Proposed,700,8835445889364.037109,100.000000,196.918226,446.806014
15,Proposed,720,8835445889364.037109,100.000000,196.918226,446.806014
15,Proposed,740,8835445889364.037109,100.000000,196.918226,446.806014
15,Proposed,760,8835445889364.037109,100.000000,196.918226,446.806014
15,Proposed,780,8835445889364.037109,100.000000,196.918226,446.806014
15,Proposed,800,8835445889364.037109,100.000000,196.918226,446.806014
15,Proposed,820,8835445889364.037109,100.000000,196.918226,446.806014
15,Proposed,840,8835445889364.037109,100.000000,196.918226,446.806014
15,Proposed,860,8835445889364.037109,100.000000,196.918226,446.806014
15,Proposed,880,8835445889364.037109,100.000000,196.918226,446.806014
15,Proposed,900,8835445889364.037109,100.000000,196.918226,446.806014
15,Proposed,920,8835445889364.037109,100.000000,196.918226,446.806014
15,Proposed,940,8835445889364.037109,100.000000,196.918226,446.806014
15,Proposed,960,8835445889364.037109,100.000000,196.918226,446.806014
15,Proposed,980,8835445889364.037109,100.000000,196.918226,446.806014
15,Proposed,1000,8835445889364.037109,100.000000,196.918226,446.806014
16,Baseline,20,7723685649896.920898,100.000000,4917.335242,12406.309120
16,Baseline,40,7896321034479.030273,100.000000,5602.796785,8028.229697
16,Baseline,60,7901295610430.575195,100.000000,5820.217345,10915.097629
16,Baseline,80,7901296462042.266602,100.000000,5819.646102,10914.471336
16,Baseline,100,7901297167442.218750,100.000000,5821.097418,10912.702773
16,Baseline,120,7902464952655.340820,100.000000,7068.736107,12120.972012
16,Baseline,140,7902749737600.375977,100.000000,6714.683092,12146.734434
16,Baseline,160,7929657701301.166992,100.000000,12560.062295,20725.685524
16,Baseline,180,7929730503063.708008,100.000000,11936.414132,13917.628027
16,Baseline,200,7932292893774.863281,100.000000,8779.765424,17159.104193
16,Baseline,220,7932293445615.760742,100.000000,8779.589822,17159.794157
16,Baseline,240,7944163363027.610352,100.000000,22548.928689,36631.147695
16,Baseline,260,7944163365693.306641,100.000000,11781.161895,17084.307982
16,Baseline,280,7944163365693.306641,100.000000,11799.197998,17088.043676
16,Baseline,300,7944163365693.306641,100.000000,11799.197998,17088.043676
16,Baseline,320,7944167763395.284180,100.000000,11799.073090,17083.164424
16,Baseline,340,7944167763395.284180,100.000000,11799.073090,17083.164424
16,Baseline,360,7944167763395.284180,100.000000,11799.073090,17083.164424
16,Baseline,380,7944167763395.284180,100.000000,11799.073090,17083.164424
16,Baseline,400,7945760628729.788086,100.000000,19090.091762,27926.435503
16,Baseline,420,7990899484169.512695,100.000000,18041.885312,19920.021307
16,Baseline,440,7990899484169.512695,100.000000,18112.353359,19925.896990
16,Baseline,460,7991062616767.231445,100.000000,33848.228116,42464.621214
16,Baseline,480,8038709088071.290039,100.000000,20233.996873,22042.967606
16,Baseline,500,8038758319414.462891,100.000000,20235.680755,22034.092640
16,Baseline,520,8117096802952.402344,100.000000,26849.275126,35623.858674
16,Baseline,540,8122610140164.278320,100.000000,19180.311235,24635.939564
16,Baseline,560,8122623539011.849609,100.000000,18996.804205,26418.494902
16,Baseline,580,8128040200446.509766,100.000000,22429.312580,54270.593272
16,Baseline,600,8129742168691.338867,100.000000,29207.034399,45062.816839
16,Baseline,620,8177180997067.960938,100.000000,22111.838953,25678.515888
16,Baseline,640,8177192018083.009766,100.000000,22872.402781,26946.135366
16,Baseline,660,8177198180516.716797,100.000000,22866.529766,26944.474616
16,Baseline,680,8177198180516.716797,100.000000,22866.529766,26944.474616
16,Baseline,700,8177198180516.716797,100.000000,22866.529766,26944.474616
16,Baseline,720,8177198180516.716797,100.000000,22866.529766,26944.474616
16,Baseline,740,8245415360899.796875,100.000000,17471.461569,33926.222437
16,Baseline,760,8245415360899.796875,100.000000,24586.847611,32397.677749
16,Baseline,780,8245418368144.437500,100.000000,24580.939741,32391.075932
16,Baseline,800,8245420313588.893555,100.000000,25165.145360,33372.475113
16,Baseline,820,8245420313588.893555,100.000000,25165.145360,33372.475113
16,Baseline,840,8245481746114.373047,100.000000,25210.808203,33401.360476
16,Baseline,860,8245533989100.605469,100.000000,26036.000946,35035.901928
16,Baseline,880,8245538465922.720703,100.000000,26709.262609,36224.314563
16,Baseline,900,8245538465922.720703,100.000000,26709.262609,36224.314563
16,Baseline,920,8245552011367.593750,100.000000,27396.105480,37239.939855
16,Baseline,940,8245564309545.923828,100.000000,28131.874715,38153.727852
16,Baseline,960,8245590879755.308594,100.000000,28940.457137,39476.849396
16,Baseline,980,8245591165777.972656,100.000000,28942.926555,39469.779488
16,Baseline,1000,8245605291130.576172,100.000000,28744.951562,39100.025447
16,Baseline,1020,8245718818268.508789,100.000000,23872.473360,29895.128821
16,Baseline,1040,8263694166436.608398,100.000000,25666.396204,38103.367109
16,Baseline,1060,8263696767741.488281,100.000000,25676.976176,38072.414066
16,Baseline,1080,8263696767741.488281,100.000000,25676.976176,38072.414066
16,Baseline,1100,8263697011445.657227,100.000000,25676.897014,38072.805670
16,Baseline,1120,8271876294233.982422,100.000000,23914.661230,29718.503113
16,Baseline,1140,8311461632769.140625,100.000000,24907.267561,31666.204340
16,Baseline,1160,8311461632769.140625,100.000000,24907.267561,31666.204340
16,Baseline,1180,8311461632769.140625,100.000000,24907.267561,31666.204340
16,Baseline,1200,8311467020960.556641,100.000000,24253.336672,30623.970650
16,Baseline,1220,8311490250331.156250,100.000000,24299.630616,30589.165828
16,Baseline,1240,8311495953405.600586,100.000000,24537.477767,30669.744919
16,Baseline,1260,8311495953405.600586,100.000000,24537.477767,30669.744919
16,Baseline,1280,8311499465510.148438,100.000000,24859.039792,31148.169127
16,Baseline,1300,8311499465510.148438,100.000000,25173.665225,31615.408961
16,Baseline,1320,8311516004255.048828,100.000000,25870.671743,32559.235583
16,Baseline,1340,8311516004255.048828,100.000000,25870.671743,32559.235583
16,Baseline,1360,8311550729213.931641,100.000000,25631.854790,31978.092766
16,Baseline,1380,8311551095293.231445,100.000000,26183.130465,32502.426345
16,Baseline,1400,8311568314016.481445,100.000000,26199.409233,32517.366514
16,Baseline,1420,8311568314016.481445,100.000000,26199.409233,32517.366514
16,Baseline,1440,8311575033760.501953,100.000000,26216.606225,32494.803366
16,Baseline,1460,8311575033760.501953,100.000000,26216.606225,32494.803366
16,Baseline,1480,8311575033760.501953,100.000000,26216.606225,32494.803366
16,Baseline,1500,8311575033760.501953,100.000000,26216.606225,32494.803366
16,Baseline,1520,8311575033760.501953,100.000000,26216.606225,32494.803366
16,Baseline,1540,8311575033760.501953,100.000000,26216.606225,32494.803366
16,Baseline,1560,8311575033760.501953,100.000000,26216.606225,32494.803366
16,Baseline,1580,8311575033760.501953,100.000000,26216.606225,32494.803366
16,Baseline,1600,8311575449544.162109,100.000000,26200.911797,32480.822259
16,Baseline,1620,8311642106301.949219,100.000000,25306.546863,32095.961093
16,Baseline,1640,8311642106301.949219,100.000000,25306.546863,32095.961093
16,Baseline,1660,8311654927123.251953,100.000000,23556.081878,28275.735203
16,Baseline,1680,8311658979912.895508,100.000000,23546.718025,28268.123391
16,Baseline,1700,8311658979912.895508,100.000000,23546.718025,28268.123391
16,Baseline,1720,8311662130779.290039,100.000000,23858.226687,28725.354310
16,Baseline,1740,8311670608907.734375,100.000000,24583.786942,29334.932396
16,Baseline,1760,8311670608907.734375,100.000000,24583.786942,29334.932396
16,Baseline,1780,8311671818610.539062,100.000000,25749.163891,31553.404607
16,Baseline,1800,8311671818610.539062,100.000000,25980.816482,31893.436239
16,Baseline,1820,8311672750110.041016,100.000000,26506.512299,32670.703116
16,Baseline,1840,8311673389860.056641,100.000000,27333.734922,34155.349724
16,Baseline,1860,8311722588318.623047,100.000000,26401.481780,32713.057792
16,Baseline,1880,8311740596655.317383,100.000000,26409.141395,32493.710938
16,Baseline,1900,8311752338453.420898,100.000000,25608.613868,31299.388261
16,Baseline,1920,8311752338453.420898,100.000000,25884.194124,31664.120480
16,Baseline,1940,8311752338453.420898,100.000000,25884.194124,31664.120480
16,Baseline,1960,8337411818826.894531,100.000000,26793.395849,35218.444311
16,Baseline,1980,8337459318234.129883,100.000000,27918.184984,37264.100416
16,Baseline,2000,8337463106692.635742,100.000000,28366.458177,37806.834442
16,Proposed,20,8830591703020.718750,100.000000,98188.061357,99215.865049
16,Proposed,40,8830591703020.718750,100.000000,42306.495910,44715.366264
16,Proposed,60,8830591703020.718750,100.000000,21700.947889,25447.618160
16,Proposed,80,8830591703020.718750,100.000000,11130.618539,20001.088605
16,Proposed,100,8830591703020.718750,100.000000,8488.414829,19452.462776
16,Proposed,120,8830591703020.718750,100.000000,6552.963078,19384.248438
16,Proposed,140,8830591703020.718750,100.000000,7136.351440,14848.016030
16,Proposed,160,8830591703020.718750,100.000000,4990.895084,14369.284913
16,Proposed,180,8830591703020.718750,100.000000,3495.879422,16107.845054
16,Proposed,200,8830591703020.718750,100.000000,3639.124111,16856.710955
16,Proposed,220,8830591703020.718750,100.000000,3799.252008,17794.984376
16,Proposed,240,8830591703020.718750,100.000000,3329.810536,17003.889388
16,Proposed,260,8830591703020.718750,100.000000,1289.374919,13689.947218
16,Proposed,280,8830591703020.718750,100.000000,646.661545,15382.413974
16,Proposed,300,8830591703020.718750,100.000000,695.822826,17353.921156
16,Proposed,320,8830591703020.718750,100.000000,728.414271,18712.337748
16,Proposed,340,8830591703020.718750,100.000000,712.513249,20725.808666
16,Proposed,360,8830591703020.718750,100.000000,570.936354,16437.247569
16,Proposed,380,8830591703020.718750,100.000000,168.476414,3511.714298
16,Proposed,400,8830591703020.718750,100.000000,168.476414,3511.714298
16,Proposed,420,8830591703020.718750,100.000000,168.476414,3511.714298
16,Proposed,440,8830591703020.718750,100.000000,168.476414,3511.714298
16,Proposed,460,8830591703020.718750,100.000000,168.476414,3511.714298
16,Proposed,480,8830591703020.718750,100.000000,168.476414,3511.714298
16,Proposed,500,8830591703020.718750,100.000000,168.476414,3511.714298
16,Proposed,520,8830591703020.718750,100.000000,168.476414,3511.714298
16,Proposed,540,8830591703020.718750,100.000000,168.476414,3511.714298
16,Proposed,560,8830591703020.718750,100.000000,168.476414,3511.714298
16,Proposed,580,8830591703020.718750,100.000000,168.476414,3511.714298
16,Proposed,600,8830591703020.718750,100.000000,168.476414,3511.714298
16,Proposed,620,8830591703020.718750,100.000000,168.476414,3511.714298
16,Proposed,640,8830591703020.718750,100.000000,168.476414,3511.714298
16,Proposed,660,8830591703020.718750,100.000000,168.476414,3511.714298
16,Proposed,680,8830591703020.718750,100.000000,168.476414,3511.714298
16,Proposed,700,8830591703020.718750,100.000000,168.476414,3511.714298
16,Proposed,720,8830591703020.718750,100.000000,168.476414,3511.714298
16,Proposed,740,8830591703020.718750,100.000000,168.476414,3511.714298
16,Proposed,760,8830591703020.718750,100.000000,168.476414,3511.714298
16,Proposed,780,8830591703020.718750,100.000000,168.476414,3511.714298
16,Proposed,800,8830591703020.718750,100.000000,168.476414,3511.714298
16,Proposed,820,8830591703020.718750,100.000000,168.476414,3511.714298
16,Proposed,840,8830591703020.718750,100.000000,168.476414,3511.714298
16,Proposed,860,8830591703020.718750,100.000000,168.476414,3511.714298
16,Proposed,880,8830591703020.718750,100.000000,168.476414,3511.714298
16,Proposed,900,8830591703020.718750,100.000000,168.476414,3511.714298
16,Proposed,920,8830591703020.718750,100.000000,168.476414,3511.714298
16,Proposed,940,8830591703020.718750,100.000000,168.476414,3511.714298
16,Proposed,960,8830591703020.718750,100.000000,168.476414,3511.714298
16,Proposed,980,8830591703020.718750,100.000000,168.476414,3511.714298
16,Proposed,1000,8830591703020.718750,100.000000,168.476414,3511.714298
17,Baseline,20,7718709749843.695312,100.000000,3768.557747,23394.059276
17,Baseline,40,7818086460266.593750,100.000000,4115.936723,10120.103372
17,Baseline,60,7818493031044.823242,100.000000,5931.430646,30167.113896
17,Baseline,80,7867360558129.117188,100.000000,5515.390659,8088.667869
17,Baseline,100,7903064680934.555664,100.000000,21565.926604,39226.827186
17,Baseline,120,7903073357922.545898,100.000000,8632.655591,10446.018189
17,Baseline,140,7931235047292.480469,100.000000,15198.365209,42703.514817
17,Baseline,160,7944956891251.013672,100.000000,9814.110122,16360.356764
17,Baseline,180,7947755738903.625000,100.000000,17842.372710,38483.689855
17,Baseline,200,8072881198495.466797,100.000000,14065.878670,20428.536452
17,Baseline,220,8073154083701.652344,100.000000,13038.384605,37262.799857
17,Baseline,240,8143793460699.158203,100.000000,15229.525614,16829.753564
17,Baseline,260,8143802071424.031250,100.000000,15268.976053,16827.784896
17,Baseline,280,8143888481971.536133,100.000000,22940.776212,36519.130017
17,Baseline,300,8143934822527.811523,100.000000,14511.958158,31645.231554
17,Baseline,320,8144088640706.449219,100.000000,14265.270669,31930.857417
17,Baseline,340,8166887561009.373047,100.000000,28721.864588,25746.792808
17,Baseline,360,8166900976523.246094,100.000000,18382.265072,22103.418321
17,Baseline,380,8169338565781.393555,100.000000,16808.769168,38975.181954
17,Baseline,400,8206314747756.027344,100.000000,18520.367509,18333.395156
17,Baseline,420,8206339278187.537109,100.000000,18513.767990,18329.149319
17,Baseline,440,8206339278187.537109,100.000000,18513.767990,18329.149319
17,Baseline,460,8206342601075.162109,100.000000,18518.428326,18326.022953
17,Baseline,480,8206366118022.365234,100.000000,17438.227925,17842.343363
17,Baseline,500,8206714746059.528320,100.000000,18283.966004,36819.143846
17,Baseline,520,8217266067625.197266,100.000000,19369.282275,39152.818185
17,Baseline,540,8217266551649.013672,100.000000,20418.923769,27402.067864
17,Baseline,560,8217266551649.013672,100.000000,20418.923769,27402.067864
17,Baseline,580,8217325252572.008789,100.000000,20445.929268,27422.431888
17,Baseline,600,8217325252572.008789,100.000000,20445.396633,27419.245679
17,Baseline,620,8217325252572.008789,100.000000,20445.396633,27419.245679
17,Baseline,640,8217335034752.824219,100.000000,20441.129471,27420.088282
17,Baseline,660,8217335034752.824219,100.000000,20437.492733,27417.283324
17,Baseline,680,8217335034752.824219,100.000000,20437.492733,27417.283324
17,Baseline,700,8217342655399.578125,100.000000,20629.242211,27447.730111
17,Baseline,720,8217715159237.947266,100.000000,18824.758362,49716.077715
17,Baseline,740,8217785235835.155273,100.000000,18828.348120,49761.875808
17,Baseline,760,8217785235835.155273,100.000000,18828.348120,49761.875808
17,Baseline,780,8217788729782.146484,100.000000,18821.294671,49936.451515
17,Baseline,800,8241011863740.233398,100.000000,26664.887882,34856.814419
17,Baseline,820,8264908710677.727539,100.000000,29647.762541,41128.867655
17,Baseline,840,8268344988081.736328,100.000000,20924.519772,21259.243401
17,Baseline,860,8268344988081.736328,100.000000,20924.519772,21259.243401
17,Baseline,880,8268344988081.736328,100.000000,20924.519772,21259.243401
17,Baseline,900,8268344988081.736328,100.000000,20924.519772,21259.243401
17,Baseline,920,8268344988081.736328,100.000000,20924.519772,21259.243401
17,Baseline,940,8272285263933.146484,100.000000,22928.634331,22180.034027
17,Baseline,960,8272285263933.146484,100.000000,22928.634331,22180.034027
17,Baseline,980,8276537593423.866211,100.000000,23855.571752,24309.507921
17,Baseline,1000,8276547836379.797852,100.000000,23886.587719,24282.956775
17,Baseline,1020,8276563539210.494141,100.000000,23928.867473,24260.403840
17,Baseline,1040,8276563698121.711914,100.000000,23916.567801,24249.425609
17,Baseline,1060,8276573657163.706055,100.000000,24668.865424,25156.402330
17,Baseline,1080,8276573657163.706055,100.000000,24668.865424,25156.402330
17,Baseline,1100,8276573657163.706055,100.000000,24668.865424,25156.402330
17,Baseline,1120,8276692471528.626953,100.000000,24200.646518,24301.692110
17,Baseline,1140,8276692471528.626953,100.000000,24200.646518,24301.692110
17,Baseline,1160,8281824304296.312500,100.000000,25106.665971,27066.369731
17,Baseline,1180,8281824304296.312500,100.000000,25106.665971,27066.369731
17,Baseline,1200,8281888852817.442383,100.000000,24502.803387,26307.582136
17,Baseline,1220,8281898976347.238281,100.000000,24506.965561,26316.121955
17,Baseline,1240,8281911678470.509766,100.000000,24492.533357,26328.583184
17,Baseline,1260,8296556284657.200195,100.000000,25365.338240,32086.724205
17,Baseline,1280,8297237467653.658203,100.000000,22359.956431,68397.396487
17,Baseline,1300,8315086923505.500000,100.000000,36532.062420,75431.876418
17,Baseline,1320,8315124512686.402344,100.000000,26529.276427,44659.402454
17,Baseline,1340,8315128888621.144531,100.000000,26528.502695,44660.712801
17,Baseline,1360,8315145304037.559570,100.000000,26619.999752,44656.504698
17,Baseline,1380,8362195557151.417969,100.000000,23042.035041,22442.350401
17,Baseline,1400,8362444299167.023438,100.000000,25149.927339,57323.634832
17,Baseline,1420,8362454398317.789062,100.000000,25264.823582,57884.503177
17,Baseline,1440,8422117659117.929688,100.000000,32882.805513,30996.899278
17,Baseline,1460,8422137545487.292969,100.000000,32118.651189,29977.431843
17,Baseline,1480,8422138524990.067383,100.000000,32995.732983,31039.253652
17,Baseline,1500,8422138524990.067383,100.000000,32995.732983,31039.253652
17,Baseline,1520,8422138524990.067383,100.000000,32995.732983,31039.253652
17,Baseline,1540,8422138524990.067383,100.000000,32995.732983,31039.253652
17,Baseline,1560,8422138524990.067383,100.000000,32995.732983,31039.253652
17,Baseline,1580,8422160340495.384766,100.000000,33005.940106,30124.589365
17,Baseline,1600,8422160340495.384766,100.000000,33005.940106,30124.589365
17,Baseline,1620,8422160340495.384766,100.000000,33005.940106,30124.589365
17,Baseline,1640,8422160340495.384766,100.000000,33005.940106,30124.589365
17,Baseline,1660,8422162932027.792969,100.000000,33385.645545,30475.909617
17,Baseline,1680,8422162932027.792969,100.000000,33757.462004,30820.151874
17,Baseline,1700,8422162932027.792969,100.000000,33757.462004,30820.151874
17,Baseline,1720,8422162932027.792969,100.000000,33757.462004,30820.151874
17,Baseline,1740,8422166680837.108398,100.000000,33730.436384,30813.851953
17,Baseline,1760,8422167540949.687500,100.000000,33782.764196,30809.569295
17,Baseline,1780,8422177111034.398438,100.000000,34201.993666,31523.936355
17,Baseline,1800,8422181594882.733398,100.000000,35575.849469,33004.462904
17,Baseline,1820,8422232684937.282227,100.000000,35555.648653,32014.683971
17,Baseline,1840,8422232684937.282227,100.000000,35955.293693,32937.164436
17,Baseline,1860,8422233722908.939453,100.000000,36523.414772,33336.147771
17,Baseline,1880,8422928781400.016602,100.000000,34093.280107,52276.785260
17,Baseline,1900,8482985225863.212891,100.000000,32706.934967,31159.285271
17,Baseline,1920,8482987496665.824219,100.000000,33432.179265,32667.956290
17,Baseline,1940,8482996362534.572266,100.000000,34318.604730,33767.541533
17,Baseline,1960,8482996362534.572266,100.000000,34318.604730,33767.541533
17,Baseline,1980,8482996362534.572266,100.000000,34318.604730,33767.541533
17,Baseline,2000,8483012336488.132812,100.000000,34302.566442,33748.516660
17,Proposed,20,8848027774432.876953,100.000000,1309.895406,14949.933858
17,Proposed,40,8848027774432.876953,100.000000,1191.397582,12869.879510
17,Proposed,60,8848027774432.876953,100.000000,1076.210352,12454.339360
17,Proposed,80,8848027774432.876953,100.000000,1040.598405,13145.302849
17,Proposed,100,8848027774432.876953,100.000000,1108.531338,14200.512044
17,Proposed,120,8848027774432.876953,100.000000,1182.351307,15023.389447
17,Proposed,140,8848027774432.876953,100.000000,1217.688074,15645.417669
17,Proposed,160,8848027774432.876953,100.000000,1235.058215,14791.752537
17,Proposed,180,8848027774432.876953,100.000000,1039.641121,14473.376518
17,Proposed,200,8848027774432.876953,100.000000,939.761666,14468.206270
17,Proposed,220,8848027774432.876953,100.000000,839.510178,14963.332998
17,Proposed,240,8848027774432.876953,100.000000,956.958321,15123.060353
17,Proposed,260,8848027774432.876953,100.000000,1087.304233,13393.419786
17,Proposed,280,8848027774432.876953,100.000000,1061.150866,8418.688330
17,Proposed,300,8848027774432.876953,100.000000,625.194300,8874.158015
17,Proposed,320,8848027774432.876953,100.000000,694.411828,8779.640048
17,Proposed,340,8848027774432.876953,100.000000,744.086710,8365.133596
17,Proposed,360,8848027774432.876953,100.000000,817.959539,7970.303597
17,Proposed,380,8848027774432.876953,100.000000,868.560955,8788.492212
17,Proposed,400,8848027774432.876953,100.000000,872.607654,10097.922564
17,Proposed,420,8848027774432.876953,100.000000,859.430572,12156.817954
17,Proposed,440,8848027774432.876953,100.000000,957.491348,13499.911191
17,Proposed,460,8848027774432.876953,100.000000,1035.412174,14675.915048
17,Proposed,480,8848027774432.876953,100.000000,1122.882504,16028.433641
17,Proposed,500,8848027774432.876953,100.000000,1160.413040,16699.242343
17,Proposed,520,8848027774432.876953,100.000000,1082.070029,15690.765031
17,Proposed,540,8848027774432.876953,100.000000,209.632804,4543.339230
17,Proposed,560,8848027774432.876953,100.000000,209.632804,4543.339230
17,Proposed,580,8848027774432.876953,100.000000,209.632804,4543.339230
17,Proposed,600,8848027774432.876953,100.000000,209.632804,4543.339230
17,Proposed,620,8848027774432.876953,100.000000,209.632804,4543.339230
17,Proposed,640,8848027774432.876953,100.000000,209.632804,4543.339230
17,Proposed,660,8848027774432.876953,100.000000,209.632804,4543.339230
17,Proposed,680,8848027774432.876953,100.000000,209.632804,4543.339230
17,Proposed,700,8848027774432.876953,100.000000,209.632804,4543.339230
17,Proposed,720,8848027774432.876953,100.000000,209.632804,4543.339230
17,Proposed,740,8848027774432.876953,100.000000,209.632804,4543.339230
17,Proposed,760,8848027774432.876953,100.000000,209.632804,4543.339230
17,Proposed,780,8848027774432.876953,100.000000,209.632804,4543.339230
17,Proposed,800,8848027774432.876953,100.000000,209.632804,4543.339230
17,Proposed,820,8848027774432.876953,100.000000,209.632804,4543.339230
17,Proposed,840,8848027774432.876953,100.000000,209.632804,4543.339230
17,Proposed,860,8848027774432.876953,100.000000,209.632804,4543.339230
17,Proposed,880,8848027774432.876953,100.000000,209.632804,4543.339230
17,Proposed,900,8848027774432.876953,100.000000,209.632804,4543.339230
17,Proposed,920,8848027774432.876953,100.000000,209.632804,4543.339230
17,Proposed,940,8848027774432.876953,100.000000,209.632804,4543.339230
17,Proposed,960,8848027774432.876953,100.000000,209.632804,4543.339230
17,Proposed,980,8848027774432.876953,100.000000,209.632804,4543.339230
17,Proposed,1000,8848027774432.876953,100.000000,209.632804,4543.339230
18,Baseline,20,7777098741631.815430,100.000000,1937.097071,11828.089163
18,Baseline,40,7857930315236.348633,100.000000,6608.902406,27925.130331
18,Baseline,60,7902614184690.545898,100.000000,10930.687269,52212.602320
18,Baseline,80,7941374536300.468750,100.000000,5751.985291,9517.602191
18,Baseline,100,7966679141742.198242,100.000000,6467.869139,12105.525403
18,Baseline,120,8002814015899.146484,100.000000,15276.320359,26934.220495
18,Baseline,140,8111356632989.962891,100.000000,8915.300345,21098.871425
18,Baseline,160,8172276110018.780273,100.000000,14895.273983,38495.070137
18,Baseline,180,8226339135246.558594,100.000000,28787.023062,46314.915687
18,Baseline,200,8227283267009.656250,100.000000,12999.970219,46924.659476
18,Baseline,220,8250224218270.013672,100.000000,20949.525060,63134.385418
18,Baseline,240,8252658312483.507812,100.000000,34861.056426,96947.769666
18,Baseline,260,8268561552326.433594,100.000000,18093.935928,28974.267270
18,Baseline,280,8268561552326.433594,100.000000,18093.935928,28974.267270
18,Baseline,300,8268661824983.628906,100.000000,18122.024212,28965.243191
18,Baseline,320,8268742145870.094727,100.000000,24636.303034,36434.005045
18,Baseline,340,8320048244309.409180,100.000000,21953.422856,85387.804290
18,Baseline,360,8320180093555.505859,100.000000,22983.611942,40052.090932
18,Baseline,380,8320211354686.531250,100.000000,22989.249633,39493.290817
18,Baseline,400,8321509541443.406250,100.000000,17503.895414,70220.596588
18,Baseline,420,8321717595069.257812,100.000000,22510.416624,45501.021188
18,Baseline,440,8321756264805.519531,100.000000,22530.854670,45510.358316
18,Baseline,460,8321756591736.872070,100.000000,22525.368258,45489.974973
18,Baseline,480,8321756591736.872070,100.000000,22525.368258,45489.974973
18,Baseline,500,8431596523368.418945,100.000000,19898.213920,37519.270214
18,Baseline,520,8431597099471.732422,100.000000,19979.838672,81197.764295
18,Baseline,540,8431771104679.810547,100.000000,19506.992769,79591.917832
18,Baseline,560,8431785480925.843750,100.000000,19501.595390,79546.126250
18,Baseline,580,8431792259914.719727,100.000000,19494.320404,79483.571185
18,Baseline,600,8436668518339.702148,100.000000,24578.867802,40837.455067
18,Baseline,620,8436668518339.702148,100.000000,24578.867802,40837.455067
18,Baseline,640,8436671895910.783203,100.000000,24581.103515,40837.728502
18,Baseline,660,8481386153023.590820,100.000000,28347.526772,43085.829503
18,Baseline,680,8481414212613.582031,100.000000,28527.651505,43088.105078
18,Baseline,700,8481415719803.635742,100.000000,28613.966721,43072.522054
18,Baseline,720,8481415719803.635742,100.000000,28613.966721,43072.522054
18,Baseline,740,8482037899822.525391,100.000000,25344.895825,65202.445223
18,Baseline,760,8500731059944.755859,100.000000,35732.704450,67840.721570
18,Baseline,780,8503198416886.206055,100.000000,32378.670622,50111.611044
18,Baseline,800,8503198416886.206055,100.000000,32378.670622,50111.611044
18,Baseline,820,8503642588857.242188,100.000000,28439.905097,68423.980604
18,Baseline,840,8513380985573.814453,100.000000,40555.242225,93910.421725
18,Baseline,860,8513380985573.814453,100.000000,29678.387632,49186.790830
18,Baseline,880,8513385494814.791992,100.000000,29628.674677,49159.682449
18,Baseline,900,8513393873983.108398,100.000000,29601.514138,49149.402123
18,Baseline,920,8513393931651.429688,100.000000,29585.905069,49139.384928
18,Baseline,940,8513393931651.429688,100.000000,29585.905069,49139.384928
18,Baseline,960,8513393931651.429688,100.000000,29585.905069,49139.384928
18,Baseline,980,8513394161616.688477,100.000000,29571.928995,49130.095403
18,Baseline,1000,8513394161616.688477,100.000000,29571.928995,49130.095403
18,Baseline,1020,8513394161616.688477,100.000000,29571.928995,49130.095403
18,Baseline,1040,8513399952535.256836,100.000000,29578.915998,49104.088792
18,Baseline,1060,8513399952535.256836,100.000000,29578.915998,49104.088792
18,Baseline,1080,8513404636990.973633,100.000000,29797.753932,49181.067003
18,Baseline,1100,8514080435514.048828,100.000000,27505.505634,65158.653171
18,Baseline,1120,8514120212660.661133,100.000000,24221.615374,87165.754939
18,Baseline,1140,8564701749590.718750,100.000000,27422.542862,50734.825097
18,Baseline,1160,8564701749590.718750,100.000000,27422.542862,50734.825097
18,Baseline,1180,8564721203193.829102,100.000000,27327.320437,50669.695053
18,Baseline,1200,8564721222300.966797,100.000000,27977.859615,52358.553278
18,Baseline,1220,8564721222300.966797,100.000000,27977.859615,52358.553278
18,Baseline,1240,8564776161826.118164,100.000000,28010.473922,52275.560968
18,Baseline,1260,8564807028998.660156,100.000000,28257.880152,52358.201179
18,Baseline,1280,8564807771958.684570,100.000000,28257.093950,52358.657943
18,Baseline,1300,8564810533800.272461,100.000000,28722.062168,53148.156773
18,Baseline,1320,8564813787967.200195,100.000000,28726.987585,53147.334082
18,Baseline,1340,8564813787967.200195,100.000000,28726.987585,53147.334082
18,Baseline,1360,8564813787967.200195,100.000000,28726.987585,53147.334082
18,Baseline,1380,8564906145205.794922,100.000000,24631.367608,71068.863717
18,Baseline,1400,8593170182728.246094,100.000000,31929.901008,56391.887247
18,Baseline,1420,8594274627758.388672,100.000000,26879.307803,87188.751827
18,Baseline,1440,8594275891521.920898,100.000000,26864.811244,87323.975149
18,Baseline,1460,8649136766378.846680,100.000000,31731.057830,73079.799798
18,Baseline,1480,8649241555768.671875,100.000000,32198.160011,58456.526319
18,Baseline,1500,8649356278324.352539,100.000000,31080.434208,56439.985184
18,Baseline,1520,8649365376121.518555,100.000000,31826.293823,59279.798962
18,Baseline,1540,8649368318903.950195,100.000000,32605.128752,62260.747726
18,Baseline,1560,8649368318903.950195,100.000000,32605.128752,62260.747726
18,Baseline,1580,8649368318903.950195,100.000000,32605.128752,62260.747726
18,Baseline,1600,8649368318903.950195,100.000000,32605.128752,62260.747726
18,Baseline,1620,8649368620106.452148,100.000000,32605.655445,62253.956094
18,Baseline,1640,8649418215951.125000,100.000000,31217.894587,60122.287909
18,Baseline,1660,8649418215951.125000,100.000000,31217.894587,60122.287909
18,Baseline,1680,8649418215951.125000,100.000000,31217.894587,60122.287909
18,Baseline,1700,8649460108703.660156,100.000000,31496.025681,60116.745704
18,Baseline,1720,8649460782895.713867,100.000000,32649.492779,62525.678901
18,Baseline,1740,8649460782895.713867,100.000000,32649.492779,62525.678901
18,Baseline,1760,8649461234877.887695,100.000000,32960.313940,62734.655288
18,Baseline,1780,8649470690317.718750,100.000000,31911.145774,60361.792578
18,Baseline,1800,8649478494760.385742,100.000000,31314.060641,59049.589716
18,Baseline,1820,8649478494760.385742,100.000000,31314.060641,59049.589716
18,Baseline,1840,8649478494760.385742,100.000000,31314.060641,59049.589716
18,Baseline,1860,8649479337988.701172,100.000000,31689.280369,59243.529500
18,Baseline,1880,8649481341610.343750,100.000000,31707.297910,59280.236438
18,Baseline,1900,8649481341610.343750,100.000000,31707.297910,59280.236438
18,Baseline,1920,8649481588833.624023,100.000000,31703.012046,59243.525307
18,Baseline,1940,8649481588833.624023,100.000000,31703.012046,59243.525307
18,Baseline,1960,8649481588833.624023,100.000000,31703.012046,59243.525307
18,Baseline,1980,8649521099785.242188,100.000000,31985.432565,59357.882030
18,Baseline,2000,8649523705603.868164,100.000000,32125.699414,59337.752721
18,Proposed,20,8887638153252.402344,100.000000,1034.604179,18557.163701
18,Proposed,40,8887638153252.402344,100.000000,949.638559,18041.356606
18,Proposed,60,8887638153252.402344,100.000000,824.031274,18165.637649
18,Proposed,80,8887638153252.402344,100.000000,778.360153,19589.954920
18,Proposed,100,8887638153252.402344,100.000000,698.504338,19485.329036
18,Proposed,120,8887638153252.402344,100.000000,618.234226,18740.342496
18,Proposed,140,8887638153252.402344,100.000000,656.596873,16942.960226
18,Proposed,160,8887638153252.402344,100.000000,618.317315,14983.241325
18,Proposed,180,8887638153252.402344,100.000000,584.205471,8253.055905
18,Proposed,200,8887638153252.402344,100.000000,358.992357,2085.267698
18,Proposed,220,8887638153252.402344,100.000000,302.580764,2107.181789
18,Proposed,240,8887638153252.402344,100.000000,256.528649,2102.394292
18,Proposed,260,8887638153252.402344,100.000000,267.221449,1681.382281
18,Proposed,280,8887638153252.402344,100.000000,310.207165,1910.127579
18,Proposed,300,8887638153252.402344,100.000000,358.508768,2223.031725
18,Proposed,320,8887638153252.402344,100.000000,390.474750,2454.162867
18,Proposed,340,8887638153252.402344,100.000000,419.172363,2673.814590
18,Proposed,360,8887638153252.402344,100.000000,106.349512,706.864813
18,Proposed,380,8887638153252.402344,100.000000,106.349512,706.864813
18,Proposed,400,8887638153252.402344,100.000000,106.349512,706.864813
18,Proposed,420,8887638153252.402344,100.000000,106.349512,706.864813
18,Proposed,440,8887638153252.402344,100.000000,106.349512,706.864813
18,Proposed,460,8887638153252.402344,100.000000,106.349512,706.864813
18,Proposed,480,8887638153252.402344,100.000000,106.349512,706.864813
18,Proposed,500,8887638153252.402344,100.000000,106.349512,706.864813
18,Proposed,520,8887638153252.402344,100.000000,106.349512,706.864813
18,Proposed,540,8887638153252.402344,100.000000,106.349512,706.864813
18,Proposed,560,8887638153252.402344,100.000000,106.349512,706.864813
18,Proposed,580,8887638153252.402344,100.000000,106.349512,706.864813
18,Proposed,600,8887638153252.402344,100.000000,106.349512,706.864813
18,Proposed,620,8887638153252.402344,100.000000,106.349512,706.864813
18,Proposed,640,8887638153252.402344,100.000000,106.349512,706.864813
18,Proposed,660,8887638153252.402344,100.000000,106.349512,706.864813
18,Proposed,680,8887638153252.402344,100.000000,106.349512,706.864813
18,Proposed,700,8887638153252.402344,100.000000,106.349512,706.864813
18,Proposed,720,8887638153252.402344,100.000000,106.349512,706.864813
18,Proposed,740,8887638153252.402344,100.000000,106.349512,706.864813
18,Proposed,760,8887638153252.402344,100.000000,106.349512,706.864813
18,Proposed,780,8887638153252.402344,100.000000,106.349512,706.864813
18,Proposed,800,8887638153252.402344,100.000000,106.349512,706.864813
18,Proposed,820,8887638153252.402344,100.000000,106.349512,706.864813
18,Proposed,840,8887638153252.402344,100.000000,106.349512,706.864813
18,Proposed,860,8887638153252.402344,100.000000,106.349512,706.864813
18,Proposed,880,8887638153252.402344,100.000000,106.349512,706.864813
18,Proposed,900,8887638153252.402344,100.000000,106.349512,706.864813
18,Proposed,920,8887638153252.402344,100.000000,106.349512,706.864813
18,Proposed,940,8887638153252.402344,100.000000,106.349512,706.864813
18,Proposed,960,8887638153252.402344,100.000000,106.349512,706.864813
18,Proposed,980,8887638153252.402344,100.000000,106.349512,706.864813
18,Proposed,1000,8887638153252.402344,100.000000,106.349512,706.864813
19,Baseline,20,7787452341527.152344,100.000000,1664.176938,3263.488341
19,Baseline,40,7810229289433.871094,100.000000,2612.591162,13061.040196
19,Baseline,60,7846085367583.462891,100.000000,2599.162896,13494.830063
19,Baseline,80,7848654066556.442383,100.000000,2593.347706,11440.904334
19,Baseline,100,7895858062923.639648,100.000000,7700.313237,36895.512180
19,Baseline,120,7895858062923.639648,100.000000,2464.381169,14538.758659
19,Baseline,140,7902252363239.161133,100.000000,5560.451351,23443.054134
19,Baseline,160,7922321464741.477539,100.000000,6867.339356,25816.057106
19,Baseline,180,7956475833539.859375,100.000000,11377.606332,33482.578291
19,Baseline,200,8068411706080.689453,100.000000,12228.095718,45191.750618
19,Baseline,220,8096800007752.653320,100.000000,12733.488909,18757.944777
19,Baseline,240,8138326427228.311523,100.000000,11713.186067,21237.318398
19,Baseline,260,8188871152371.974609,100.000000,18495.451503,36419.670787
19,Baseline,280,8188896362910.175781,100.000000,13707.414138,23920.699316
19,Baseline,300,8189022577214.382812,100.000000,12128.749037,20829.495689
19,Baseline,320,8297793092092.617188,100.000000,27220.256954,56206.515200
19,Baseline,340,8300837357316.865234,100.000000,20233.108447,36023.163498
19,Baseline,360,8306426045203.503906,100.000000,29322.582388,60528.276253
19,Baseline,380,8306919849583.198242,100.000000,16143.426521,43768.363197
19,Baseline,400,8306922895721.575195,100.000000,16516.326603,44907.250765
19,Baseline,420,8306924826988.281250,100.000000,16665.549979,45475.001646
19,Baseline,440,8306948760918.142578,100.000000,16664.101234,45453.697421
19,Baseline,460,8307500061848.750000,100.000000,17734.561754,28110.153127
19,Baseline,480,8307527815898.369141,100.000000,17707.296473,28083.704345
19,Baseline,500,8307534900531.974609,100.000000,18048.371058,28510.983749
19,Baseline,520,8307554641025.777344,100.000000,18340.386526,28965.959670
19,Baseline,540,8307558474364.190430,100.000000,18592.134030,29388.413595
19,Baseline,560,8307567250370.150391,100.000000,18591.878271,29392.514940
19,Baseline,580,8307585906252.506836,100.000000,18635.051894,29389.232123
19,Baseline,600,8307589642116.478516,100.000000,18996.841020,29926.495501
19,Baseline,620,8307603742121.923828,100.000000,18993.688414,29927.451611
19,Baseline,640,8307603742121.923828,100.000000,18993.688414,29927.451611
19,Baseline,660,8307623063209.746094,100.000000,19061.847138,29898.243920
19,Baseline,680,8307648816750.395508,100.000000,19078.903638,29923.234149
19,Baseline,700,8307669163642.853516,100.000000,18890.233005,29519.855351
19,Baseline,720,8307797627536.029297,100.000000,23828.913441,41098.128670
19,Baseline,740,8307817910959.784180,100.000000,14834.658561,34713.609973
19,Baseline,760,8307830762633.146484,100.000000,14817.183126,34712.647303
19,Baseline,780,8307830762633.146484,100.000000,14817.183126,34712.647303
19,Baseline,800,8307839668459.782227,100.000000,14807.078093,34604.977403
19,Baseline,820,8307847952747.033203,100.000000,14806.208272,34558.648428
19,Baseline,840,8380589577947.662109,100.000000,16045.811010,37177.920416
19,Baseline,860,8380624472622.484375,100.000000,16711.862242,31973.243002
19,Baseline,880,8380632437308.657227,100.000000,16730.571275,31940.975510
19,Baseline,900,8380639046035.421875,100.000000,17008.672992,33378.416992
19,Baseline,920,8382377261841.865234,100.000000,21094.782865,50305.450761
19,Baseline,940,8395413878824.377930,100.000000,22601.691839,36208.338612
19,Baseline,960,8395413878824.377930,100.000000,22601.691839,36208.338612
19,Baseline,980,8395421047727.433594,100.000000,22543.114915,36187.149109
19,Baseline,1000,8395421047727.433594,100.000000,22543.114915,36187.149109
19,Baseline,1020,8395421047727.433594,100.000000,22543.114915,36187.149109
19,Baseline,1040,8395429389300.119141,100.000000,22673.176247,36297.616033
19,Baseline,1060,8395441333080.676758,100.000000,24553.237245,42191.116287
19,Baseline,1080,8403031687283.391602,100.000000,32223.850136,70091.357491
19,Baseline,1100,8403034964708.470703,100.000000,25800.653626,42409.573219
19,Baseline,1120,8403034964708.470703,100.000000,25800.653626,42409.573219
19,Baseline,1140,8403034964708.470703,100.000000,25800.653626,42409.573219
19,Baseline,1160,8403034964708.470703,100.000000,25800.653626,42409.573219
19,Baseline,1180,8403302669504.460938,100.000000,16665.979672,67934.731234
19,Baseline,1200,8403302669504.460938,100.000000,16665.979672,67934.731234
19,Baseline,1220,8403351184530.099609,100.000000,16675.779751,68017.168718
19,Baseline,1240,8403359836218.467773,100.000000,16671.781908,68032.392008
19,Baseline,1260,8437313182083.390625,100.000000,25704.534463,44521.293945
19,Baseline,1280,8437325220423.237305,100.000000,26288.270799,47523.460444
19,Baseline,1300,8437333458425.510742,100.000000,26269.200222,47512.311891
19,Baseline,1320,8460794370631.818359,100.000000,18863.091234,82218.407649
19,Baseline,1340,8463889338684.669922,100.000000,23280.260017,51619.991624
19,Baseline,1360,8463910666419.725586,100.000000,23090.821850,51325.278641
19,Baseline,1380,8464009036226.419922,100.000000,27101.937166,67963.213796
19,Baseline,1400,8465325479526.916016,100.000000,27740.184006,50952.652577
19,Baseline,1420,8465727810661.078125,100.000000,17712.953201,79488.527499
19,Baseline,1440,8523572235451.879883,100.000000,27132.762830,44193.108907
19,Baseline,1460,8523584040063.843750,100.000000,26919.370697,43840.707733
19,Baseline,1480,8550684263674.713867,100.000000,28944.062847,43528.972562
19,Baseline,1500,8566168832509.750977,100.000000,24565.567310,78072.710952
19,Baseline,1520,8575732400160.345703,100.000000,31807.232788,49176.196883
19,Baseline,1540,8575735947896.642578,100.000000,31835.424942,49172.640716
19,Baseline,1560,8575749298693.319336,100.000000,32360.770304,50436.052042
19,Baseline,1580,8575854671203.334961,100.000000,30290.194230,45713.597416
19,Baseline,1600,8575869926840.155273,100.000000,30295.934643,45349.068407
19,Baseline,1620,8575869926840.155273,100.000000,30295.934643,45349.068407
19,Baseline,1640,8575870194437.588867,100.000000,30292.788303,45342.287966
19,Baseline,1660,8575870194437.588867,100.000000,30289.640250,45335.499817
19,Baseline,1680,8575884804059.228516,100.000000,29905.637526,44902.288681
19,Baseline,1700,8575895915216.708984,100.000000,29907.141092,44843.151542
19,Baseline,1720,8575905688050.554688,100.000000,29925.686603,44823.141017
19,Baseline,1740,8575905688050.554688,100.000000,29925.686603,44823.141017
19,Baseline,1760,8575970021366.111328,100.000000,29113.400370,44042.539208
19,Baseline,1780,8575970021366.111328,100.000000,29303.731416,44155.794443
19,Baseline,1800,8575977617938.067383,100.000000,29632.495485,44349.846923
19,Baseline,1820,8575977617938.067383,100.000000,29632.495485,44349.846923
19,Baseline,1840,8575977617938.067383,100.000000,29632.495485,44349.846923
19,Baseline,1860,8575977617938.067383,100.000000,29632.495485,44349.846923
19,Baseline,1880,8575990320159.888672,100.000000,29644.585666,44233.602204
19,Baseline,1900,8575990320159.888672,100.000000,29644.585666,44233.602204
19,Baseline,1920,8575990320159.888672,100.000000,29644.585666,44233.602204
19,Baseline,1940,8576012854180.490234,100.000000,29468.020687,44061.442517
19,Baseline,1960,8576012854180.490234,100.000000,29468.020687,44061.442517
19,Baseline,1980,8576012854180.490234,100.000000,29468.020687,44061.442517
19,Baseline,2000,8576012854180.490234,100.000000,29468.020687,44061.442517
19,Proposed,20,8830678234726.751953,100.000000,9911.667989,17855.827124
19,Proposed,40,8830678234726.751953,100.000000,3093.649615,10884.029992
19,Proposed,60,8830678234726.751953,100.000000,1819.278468,8365.991590
19,Proposed,80,8830678234726.751953,100.000000,1220.475888,6015.218533
19,Proposed,100,8830678234726.751953,100.000000,1221.110172,5015.562642
19,Proposed,120,8830678234726.751953,100.000000,1309.754811,5180.927905
19,Proposed,140,8830678234726.751953,100.000000,1481.108280,4537.440616
19,Proposed,160,8830678234726.751953,100.000000,1408.423673,4443.861868
19,Proposed,180,8830678234726.751953,100.000000,1072.877832,3883.451015
19,Proposed,200,8830678234726.751953,100.000000,939.751233,3958.321473
19,Proposed,220,8830678234726.751953,100.000000,842.523183,1682.780230
19,Proposed,240,8830678234726.751953,100.000000,874.545690,1662.153836
19,Proposed,260,8830678234726.751953,100.000000,981.425421,1847.644350
19,Proposed,280,8830678234726.751953,100.000000,799.148612,2112.197497
19,Proposed,300,8830678234726.751953,100.000000,345.811878,2192.541520
19,Proposed,320,8830678234726.751953,100.000000,412.094981,2620.864426
19,Proposed,340,8830678234726.751953,100.000000,453.253566,2932.058746
19,Proposed,360,8830678234726.751953,100.000000,225.355515,1486.835498
19,Proposed,380,8830678234726.751953,100.000000,90.069970,637.572659
19,Proposed,400,8830678234726.751953,100.000000,90.069970,637.572659
19,Proposed,420,8830678234726.751953,100.000000,90.069970,637.572659
19,Proposed,440,8830678234726.751953,100.000000,90.069970,637.572659
19,Proposed,460,8830678234726.751953,100.000000,90.069970,637.572659
19,Proposed,480,8830678234726.751953,100.000000,90.069970,637.572659
19,Proposed,500,8830678234726.751953,100.000000,90.069970,637.572659
19,Proposed,520,8830678234726.751953,100.000000,90.069970,637.572659
19,Proposed,540,8830678234726.751953,100.000000,90.069970,637.572659
19,Proposed,560,8830678234726.751953,100.000000,90.069970,637.572659
19,Proposed,580,8830678234726.751953,100.000000,90.069970,637.572659
19,Proposed,600,8830678234726.751953,100.000000,90.069970,637.572659
19,Proposed,620,8830678234726.751953,100.000000,90.069970,637.572659
19,Proposed,640,8830678234726.751953,100.000000,90.069970,637.572659
19,Proposed,660,8830678234726.751953,100.000000,90.069970,637.572659
19,Proposed,680,8830678234726.751953,100.000000,90.069970,637.572659
19,Proposed,700,8830678234726.751953,100.000000,90.069970,637.572659
19,Proposed,720,8830678234726.751953,100.000000,90.069970,637.572659
19,Proposed,740,8830678234726.751953,100.000000,90.069970,637.572659
19,Proposed,760,8830678234726.751953,100.000000,90.069970,637.572659
19,Proposed,780,8830678234726.751953,100.000000,90.069970,637.572659
19,Proposed,800,8830678234726.751953,100.000000,90.069970,637.572659
19,Proposed,820,8830678234726.751953,100.000000,90.069970,637.572659
19,Proposed,840,8830678234726.751953,100.000000,90.069970,637.572659
19,Proposed,860,8830678234726.751953,100.000000,90.069970,637.572659
19,Proposed,880,8830678234726.751953,100.000000,90.069970,637.572659
19,Proposed,900,8830678234726.751953,100.000000,90.069970,637.572659
19,Proposed,920,8830678234726.751953,100.000000,90.069970,637.572659
19,Proposed,940,8830678234726.751953,100.000000,90.069970,637.572659
19,Proposed,960,8830678234726.751953,100.000000,90.069970,637.572659
19,Proposed,980,8830678234726.751953,100.000000,90.069970,637.572659
19,Proposed,1000,8830678234726.751953,100.000000,90.069970,637.572659
20,Baseline,20,7780075197324.834961,100.000000,2338.031718,8600.164532
20,Baseline,40,7782616782016.023438,100.000000,1575.724209,13319.185185
20,Baseline,60,7788206834749.409180,100.000000,1083.962999,9982.501461
20,Baseline,80,7866924178477.216797,100.000000,1212.471337,15057.240633
20,Baseline,100,7871929890621.772461,100.000000,3633.187842,26128.525003
20,Baseline,120,7875058160771.023438,100.000000,12380.445854,48100.150687
20,Baseline,140,7875080985171.305664,100.000000,5437.313855,29739.347208
20,Baseline,160,7875084765272.263672,100.000000,5362.905995,29770.877895
20,Baseline,180,7875084765272.263672,100.000000,5362.905995,29770.877895
20,Baseline,200,7904545607337.983398,100.000000,2946.439402,12208.603178
20,Baseline,220,7910418345659.539062,100.000000,14102.547707,24416.930622
20,Baseline,240,7925794296380.021484,100.000000,17211.563945,26910.698499
20,Baseline,260,7974437342164.739258,100.000000,7685.755153,17024.235495
20,Baseline,280,7974437342164.739258,100.000000,7685.755153,17024.235495
20,Baseline,300,7974437342164.739258,100.000000,7685.755153,17024.235495
20,Baseline,320,8023843139035.915039,100.000000,16470.321990,29012.366615
20,Baseline,340,8146883688741.486328,100.000000,22849.749447,31213.690779
20,Baseline,360,8159462654917.066406,100.000000,14887.207235,20808.450190
20,Baseline,380,8159473387410.049805,100.000000,14746.640087,20658.224124
20,Baseline,400,8160269540786.535156,100.000000,15227.610421,21338.283862
20,Baseline,420,8161566873237.959961,100.000000,12433.098036,26664.137781
20,Baseline,440,8268883159426.578125,100.000000,26584.511568,50434.797254
20,Baseline,460,8268896034056.687500,100.000000,16382.581277,26032.843962
20,Baseline,480,8268962675835.175781,100.000000,15921.976146,24605.789706
20,Baseline,500,8268981068974.489258,100.000000,15972.700056,24583.462324
20,Baseline,520,8268982575648.898438,100.000000,16267.993126,25087.537349
20,Baseline,540,8268997986736.789062,100.000000,15668.179776,23956.734092
20,Baseline,560,8268998248878.078125,100.000000,15667.256161,23954.247291
20,Baseline,580,8268998509324.263672,100.000000,15660.071413,23944.692377
20,Baseline,600,8269002470808.295898,100.000000,15654.675525,23935.547459
20,Baseline,620,8269002470808.295898,100.000000,15654.675525,23935.547459
20,Baseline,640,8269002470808.295898,100.000000,15654.675525,23935.547459
20,Baseline,660,8269002513597.520508,100.000000,16261.049745,25153.431032
20,Baseline,680,8269287638045.476562,100.000000,18566.774127,39130.871337
20,Baseline,700,8269287995633.041016,100.000000,16546.169194,34636.925335
20,Baseline,720,8269294811912.900391,100.000000,16710.608891,35039.494254
20,Baseline,740,8269294811912.900391,100.000000,16710.608891,35039.494254
20,Baseline,760,8269294811912.900391,100.000000,16710.608891,35039.494254
20,Baseline,780,8269295378847.892578,100.000000,16750.891386,35168.920108
20,Baseline,800,8269295378847.892578,100.000000,16750.891386,35168.920108
20,Baseline,820,8269295506586.531250,100.000000,17099.608729,35860.352509
20,Baseline,840,8269308870097.960938,100.000000,17088.791301,35887.870896
20,Baseline,860,8269309506170.419922,100.000000,17088.755613,35889.938536
20,Baseline,880,8269310736562.933594,100.000000,16834.292821,35492.742571
20,Baseline,900,8269310736562.933594,100.000000,17058.355665,35899.820931
20,Baseline,920,8269310736562.933594,100.000000,17058.355665,35899.820931
20,Baseline,940,8269317404567.973633,100.000000,17241.013395,36432.224628
20,Baseline,960,8269317404567.973633,100.000000,17241.013395,36432.224628
20,Baseline,980,8269317404567.973633,100.000000,17241.013395,36432.224628
20,Baseline,1000,8269320042551.935547,100.000000,17358.094087,36732.046027
20,Baseline,1020,8269328950623.145508,100.000000,17354.703149,36717.769248
20,Baseline,1040,8269363874413.843750,100.000000,17377.477742,36761.036139
20,Baseline,1060,8269363874413.843750,100.000000,17377.477742,36761.036139
20,Baseline,1080,8269363874413.843750,100.000000,17377.477742,36761.036139
20,Baseline,1100,8269363874413.843750,100.000000,17377.477742,36761.036139
20,Baseline,1120,8269366531688.135742,100.000000,16702.522856,35444.309908
20,Baseline,1140,8269366531688.135742,100.000000,16702.522856,35444.309908
20,Baseline,1160,8269366531688.135742,100.000000,16702.522856,35444.309908
20,Baseline,1180,8269366531688.135742,100.000000,16702.522856,35444.309908
20,Baseline,1200,8269420987572.995117,100.000000,16688.583700,35506.610001
20,Baseline,1220,8269420987572.995117,100.000000,16705.716231,35612.379573
20,Baseline,1240,8269420987572.995117,100.000000,16705.716231,35612.379573
20,Baseline,1260,8269420987572.995117,100.000000,16705.716231,35612.379573
20,Baseline,1280,8269420987572.995117,100.000000,16705.716231,35612.379573
20,Baseline,1300,8269420987572.995117,100.000000,16705.716231,35612.379573
20,Baseline,1320,8269420987572.995117,100.000000,16705.716231,35612.379573
20,Baseline,1340,8269420987572.995117,100.000000,16705.716231,35612.379573
20,Baseline,1360,8269463906016.638672,100.000000,16715.184357,35644.464430
20,Baseline,1380,8269464697832.601562,100.000000,16712.330256,35620.356329
20,Baseline,1400,8269507422912.765625,100.000000,17074.943904,36303.866214
20,Baseline,1420,8269507422912.765625,100.000000,17074.943904,36303.866214
20,Baseline,1440,8269507422912.765625,100.000000,17074.943904,36303.866214
20,Baseline,1460,8269507422912.765625,100.000000,17074.943904,36303.866214
20,Baseline,1480,8269524986885.713867,100.000000,17407.194247,37165.824234
20,Baseline,1500,8269524986885.713867,100.000000,17407.194247,37165.824234
20,Baseline,1520,8269533778097.697266,100.000000,16511.560557,35656.998259
20,Baseline,1540,8269533778097.697266,100.000000,16511.560557,35656.998259
20,Baseline,1560,8269560613851.360352,100.000000,16484.233010,35569.193679
20,Baseline,1580,8269560613851.360352,100.000000,16492.784546,35691.089502
20,Baseline,1600,8269560613851.360352,100.000000,16492.784546,35691.089502
20,Baseline,1620,8269560613851.360352,100.000000,16492.784546,35691.089502
20,Baseline,1640,8269560613851.360352,100.000000,16492.784546,35691.089502
20,Baseline,1660,8269560613851.360352,100.000000,16492.784546,35691.089502
20,Baseline,1680,8269560636893.005859,100.000000,16492.529945,35736.099513
20,Baseline,1700,8269560636893.005859,100.000000,16492.150745,35780.217273
20,Baseline,1720,8269567538555.011719,100.000000,16487.772070,35809.814461
20,Baseline,1740,8269567538555.011719,100.000000,16487.772070,35809.814461
20,Baseline,1760,8269576297122.867188,100.000000,16468.462409,35846.849207
20,Baseline,1780,8269576297122.867188,100.000000,16468.462409,35846.849207
20,Baseline,1800,8269576297122.867188,100.000000,16468.462409,35846.849207
20,Baseline,1820,8269576772590.205078,100.000000,16460.955308,35847.457007
20,Baseline,1840,8269576772590.205078,100.000000,16460.955308,35847.457007
20,Baseline,1860,8269576772590.205078,100.000000,16460.955308,35847.457007
20,Baseline,1880,8269615101887.095703,100.000000,16487.302314,35970.141769
20,Baseline,1900,8269615101887.095703,100.000000,16487.302314,35970.141769
20,Baseline,1920,8269622252009.582031,100.000000,16485.190684,35998.402621
20,Baseline,1940,8269622252009.582031,100.000000,16485.190684,35998.402621
20,Baseline,1960,8269622252009.582031,100.000000,16485.190684,35998.402621
20,Baseline,1980,8269622252009.582031,100.000000,16485.190684,35998.402621
20,Baseline,2000,8269622252009.582031,100.000000,16485.190684,35998.402621
20,Proposed,20,8883814171597.724609,100.000000,2320.783638,19154.525538
20,Proposed,40,8883814171597.724609,100.000000,3114.031409,20617.053014
20,Proposed,60,8883814171597.724609,100.000000,2974.734244,21436.426814
20,Proposed,80,8883814171597.724609,100.000000,3334.581160,21280.797282
20,Proposed,100,8883814171597.724609,100.000000,1162.397719,19907.921797
20,Proposed,120,8883814171597.724609,100.000000,1120.676172,18724.185652
20,Proposed,140,8883814171597.724609,100.000000,1140.569992,14113.779270
20,Proposed,160,8883814171597.724609,100.000000,1202.911013,9002.088651
20,Proposed,180,8883814171597.724609,100.000000,1203.202658,4078.672242
20,Proposed,200,8883814171597.724609,100.000000,1074.386190,2526.644336
20,Proposed,220,8883814171597.724609,100.000000,1156.690392,2688.115675
20,Proposed,240,8883814171597.724609,100.000000,1250.826603,2835.704910
20,Proposed,260,8883814171597.724609,100.000000,1387.116718,2744.978166
20,Proposed,280,8883814171597.724609,100.000000,1223.375171,2347.371926
20,Proposed,300,8883814171597.724609,100.000000,1344.770002,2638.452143
20,Proposed,320,8883814171597.724609,100.000000,1297.400770,2751.184786
20,Proposed,340,8883814171597.724609,100.000000,1040.622093,1839.333727
20,Proposed,360,8883814171597.724609,100.000000,971.688005,1351.826737
20,Proposed,380,8883814171597.724609,100.000000,957.448790,1420.777201
20,Proposed,400,8883814171597.724609,100.000000,970.603961,1566.622275
20,Proposed,420,8883814171597.724609,100.000000,1130.583792,1849.021732
20,Proposed,440,8883814171597.724609,100.000000,1290.829013,2175.276505
20,Proposed,460,8883814171597.724609,100.000000,1410.291885,2434.307756
20,Proposed,480,8883814171597.724609,100.000000,1545.678341,2772.136420
20,Proposed,500,8883814171597.724609,100.000000,1727.307175,3201.628453
20,Proposed,520,8883814171597.724609,100.000000,1884.382178,3493.911800
20,Proposed,540,8883814171597.724609,100.000000,1988.395819,3688.155243
20,Proposed,560,8883814171597.724609,100.000000,2001.926171,3715.585367
20,Proposed,580,8883814171597.724609,100.000000,1747.372742,3249.365698
20,Proposed,600,8883814171597.724609,100.000000,716.484619,1369.505958
20,Proposed,620,8883814171597.724609,100.000000,503.586417,993.395837
20,Proposed,640,8883814171597.724609,100.000000,503.586417,993.395837
20,Proposed,660,8883814171597.724609,100.000000,503.586417,993.395837
20,Proposed,680,8883814171597.724609,100.000000,503.586417,993.395837
20,Proposed,700,8883814171597.724609,100.000000,503.586417,993.395837
20,Proposed,720,8883814171597.724609,100.000000,503.586417,993.395837
20,Proposed,740,8883814171597.724609,100.000000,503.586417,993.395837
20,Proposed,760,8883814171597.724609,100.000000,503.586417,993.395837
20,Proposed,780,8883814171597.724609,100.000000,503.586417,993.395837
20,Proposed,800,8883814171597.724609,100.000000,503.586417,993.395837
20,Proposed,820,8883814171597.724609,100.000000,503.586417,993.395837
20,Proposed,840,8883814171597.724609,100.000000,503.586417,993.395837
20,Proposed,860,8883814171597.724609,100.000000,503.586417,993.395837
20,Proposed,880,8883814171597.724609,100.000000,503.586417,993.395837
20,Proposed,900,8883814171597.724609,100.000000,503.586417,993.395837
20,Proposed,920,8883814171597.724609,100.000000,503.586417,993.395837
20,Proposed,940,8883814171597.724609,100.000000,503.586417,993.395837
20,Proposed,960,8883814171597.724609,100.000000,503.586417,993.395837
20,Proposed,980,8883814171597.724609,100.000000,503.586417,993.395837
20,Proposed,1000,8883814171597.724609,100.000000,503.586417,993.395837
