Solution,AEP_Liquido_MWh,Custo_USD,Perdas_Joule_MWh,N_Grupos,File
32,419811.60,161892.73,984.15,8,pareto_front_results/solution_32_coords.txt
1,419811.60,161892.73,984.15,8,pareto_front_results/solution_1_coords.txt
31,419811.60,161892.73,984.15,8,pareto_front_results/solution_31_coords.txt
14,419811.60,161892.73,984.15,8,pareto_front_results/solution_14_coords.txt
13,419811.60,161892.73,984.15,8,pareto_front_results/solution_13_coords.txt
12,419811.60,161892.73,984.15,8,pareto_front_results/solution_12_coords.txt
11,419811.60,161892.73,984.15,8,pareto_front_results/solution_11_coords.txt
10,419811.60,161892.73,984.15,8,pareto_front_results/solution_10_coords.txt
9,419811.60,161892.73,984.15,8,pareto_front_results/solution_9_coords.txt
8,419811.60,161892.73,984.15,8,pareto_front_results/solution_8_coords.txt
7,419811.60,161892.73,984.15,8,pareto_front_results/solution_7_coords.txt
6,419811.60,161892.73,984.15,8,pareto_front_results/solution_6_coords.txt
5,419811.60,161892.73,984.15,8,pareto_front_results/solution_5_coords.txt
4,419811.60,161892.73,984.15,8,pareto_front_results/solution_4_coords.txt
3,419811.60,161892.73,984.15,8,pareto_front_results/solution_3_coords.txt
2,419811.60,161892.73,984.15,8,pareto_front_results/solution_2_coords.txt
46,419811.60,161892.73,984.15,8,pareto_front_results/solution_46_coords.txt
45,419811.60,161892.73,984.15,8,pareto_front_results/solution_45_coords.txt
44,419811.60,161892.73,984.15,8,pareto_front_results/solution_44_coords.txt
43,419811.60,161892.73,984.15,8,pareto_front_results/solution_43_coords.txt
42,419811.60,161892.73,984.15,8,pareto_front_results/solution_42_coords.txt
41,419811.60,161892.73,984.15,8,pareto_front_results/solution_41_coords.txt
40,419811.60,161892.73,984.15,8,pareto_front_results/solution_40_coords.txt
39,419811.60,161892.73,984.15,8,pareto_front_results/solution_39_coords.txt
38,419811.60,161892.73,984.15,8,pareto_front_results/solution_38_coords.txt
37,419811.60,161892.73,984.15,8,pareto_front_results/solution_37_coords.txt
36,419811.60,161892.73,984.15,8,pareto_front_results/solution_36_coords.txt
35,419811.60,161892.73,984.15,8,pareto_front_results/solution_35_coords.txt
34,419811.60,161892.73,984.15,8,pareto_front_results/solution_34_coords.txt
33,419811.60,161892.73,984.15,8,pareto_front_results/solution_33_coords.txt
62,419811.60,161892.73,984.15,8,pareto_front_results/solution_62_coords.txt
61,419811.60,161892.73,984.15,8,pareto_front_results/solution_61_coords.txt
60,419811.60,161892.73,984.15,8,pareto_front_results/solution_60_coords.txt
59,419811.60,161892.73,984.15,8,pareto_front_results/solution_59_coords.txt
58,419811.60,161892.73,984.15,8,pareto_front_results/solution_58_coords.txt
57,419811.60,161892.73,984.15,8,pareto_front_results/solution_57_coords.txt
56,419811.60,161892.73,984.15,8,pareto_front_results/solution_56_coords.txt
55,419811.60,161892.73,984.15,8,pareto_front_results/solution_55_coords.txt
54,419811.60,161892.73,984.15,8,pareto_front_results/solution_54_coords.txt
53,419811.60,161892.73,984.15,8,pareto_front_results/solution_53_coords.txt
52,419811.60,161892.73,984.15,8,pareto_front_results/solution_52_coords.txt
51,419811.60,161892.73,984.15,8,pareto_front_results/solution_51_coords.txt
50,419811.60,161892.73,984.15,8,pareto_front_results/solution_50_coords.txt
49,419811.60,161892.73,984.15,8,pareto_front_results/solution_49_coords.txt
48,419811.60,161892.73,984.15,8,pareto_front_results/solution_48_coords.txt
47,419811.60,161892.73,984.15,8,pareto_front_results/solution_47_coords.txt
78,419811.60,161892.73,984.15,8,pareto_front_results/solution_78_coords.txt
77,419811.60,161892.73,984.15,8,pareto_front_results/solution_77_coords.txt
76,419811.60,161892.73,984.15,8,pareto_front_results/solution_76_coords.txt
75,419811.60,161892.73,984.15,8,pareto_front_results/solution_75_coords.txt
74,419811.60,161892.73,984.15,8,pareto_front_results/solution_74_coords.txt
73,419811.60,161892.73,984.15,8,pareto_front_results/solution_73_coords.txt
72,419811.60,161892.73,984.15,8,pareto_front_results/solution_72_coords.txt
71,419811.60,161892.73,984.15,8,pareto_front_results/solution_71_coords.txt
70,419811.60,161892.73,984.15,8,pareto_front_results/solution_70_coords.txt
69,419811.60,161892.73,984.15,8,pareto_front_results/solution_69_coords.txt
68,419811.60,161892.73,984.15,8,pareto_front_results/solution_68_coords.txt
67,419811.60,161892.73,984.15,8,pareto_front_results/solution_67_coords.txt
66,419811.60,161892.73,984.15,8,pareto_front_results/solution_66_coords.txt
65,419811.60,161892.73,984.15,8,pareto_front_results/solution_65_coords.txt
64,419811.60,161892.73,984.15,8,pareto_front_results/solution_64_coords.txt
63,419811.60,161892.73,984.15,8,pareto_front_results/solution_63_coords.txt
94,419811.60,161892.73,984.15,8,pareto_front_results/solution_94_coords.txt
93,419811.60,161892.73,984.15,8,pareto_front_results/solution_93_coords.txt
92,419811.60,161892.73,984.15,8,pareto_front_results/solution_92_coords.txt
91,419811.60,161892.73,984.15,8,pareto_front_results/solution_91_coords.txt
90,419811.60,161892.73,984.15,8,pareto_front_results/solution_90_coords.txt
89,419811.60,161892.73,984.15,8,pareto_front_results/solution_89_coords.txt
88,419811.60,161892.73,984.15,8,pareto_front_results/solution_88_coords.txt
87,419811.60,161892.73,984.15,8,pareto_front_results/solution_87_coords.txt
86,419811.60,161892.73,984.15,8,pareto_front_results/solution_86_coords.txt
85,419811.60,161892.73,984.15,8,pareto_front_results/solution_85_coords.txt
84,419811.60,161892.73,984.15,8,pareto_front_results/solution_84_coords.txt
83,419811.60,161892.73,984.15,8,pareto_front_results/solution_83_coords.txt
82,419811.60,161892.73,984.15,8,pareto_front_results/solution_82_coords.txt
81,419811.60,161892.73,984.15,8,pareto_front_results/solution_81_coords.txt
80,419811.60,161892.73,984.15,8,pareto_front_results/solution_80_coords.txt
79,419811.60,161892.73,984.15,8,pareto_front_results/solution_79_coords.txt
110,419811.60,161892.73,984.15,8,pareto_front_results/solution_110_coords.txt
109,419811.60,161892.73,984.15,8,pareto_front_results/solution_109_coords.txt
108,419811.60,161892.73,984.15,8,pareto_front_results/solution_108_coords.txt
107,419811.60,161892.73,984.15,8,pareto_front_results/solution_107_coords.txt
106,419811.60,161892.73,984.15,8,pareto_front_results/solution_106_coords.txt
105,419811.60,161892.73,984.15,8,pareto_front_results/solution_105_coords.txt
104,419811.60,161892.73,984.15,8,pareto_front_results/solution_104_coords.txt
103,419811.60,161892.73,984.15,8,pareto_front_results/solution_103_coords.txt
102,419811.60,161892.73,984.15,8,pareto_front_results/solution_102_coords.txt
101,419811.60,161892.73,984.15,8,pareto_front_results/solution_101_coords.txt
100,419811.60,161892.73,984.15,8,pareto_front_results/solution_100_coords.txt
99,419811.60,161892.73,984.15,8,pareto_front_results/solution_99_coords.txt
98,419811.60,161892.73,984.15,8,pareto_front_results/solution_98_coords.txt
97,419811.60,161892.73,984.15,8,pareto_front_results/solution_97_coords.txt
96,419811.60,161892.73,984.15,8,pareto_front_results/solution_96_coords.txt
95,419811.60,161892.73,984.15,8,pareto_front_results/solution_95_coords.txt
126,419811.60,161892.73,984.15,8,pareto_front_results/solution_126_coords.txt
125,419811.60,161892.73,984.15,8,pareto_front_results/solution_125_coords.txt
124,419811.60,161892.73,984.15,8,pareto_front_results/solution_124_coords.txt
123,419811.60,161892.73,984.15,8,pareto_front_results/solution_123_coords.txt
122,419811.60,161892.73,984.15,8,pareto_front_results/solution_122_coords.txt
121,419811.60,161892.73,984.15,8,pareto_front_results/solution_121_coords.txt
120,419811.60,161892.73,984.15,8,pareto_front_results/solution_120_coords.txt
119,419811.60,161892.73,984.15,8,pareto_front_results/solution_119_coords.txt
118,419811.60,161892.73,984.15,8,pareto_front_results/solution_118_coords.txt
117,419811.60,161892.73,984.15,8,pareto_front_results/solution_117_coords.txt
116,419811.60,161892.73,984.15,8,pareto_front_results/solution_116_coords.txt
115,419811.60,161892.73,984.15,8,pareto_front_results/solution_115_coords.txt
114,419811.60,161892.73,984.15,8,pareto_front_results/solution_114_coords.txt
113,419811.60,161892.73,984.15,8,pareto_front_results/solution_113_coords.txt
112,419811.60,161892.73,984.15,8,pareto_front_results/solution_112_coords.txt
111,419811.60,161892.73,984.15,8,pareto_front_results/solution_111_coords.txt
142,419811.60,161892.73,984.15,8,pareto_front_results/solution_142_coords.txt
141,419811.60,161892.73,984.15,8,pareto_front_results/solution_141_coords.txt
140,419811.60,161892.73,984.15,8,pareto_front_results/solution_140_coords.txt
139,419811.60,161892.73,984.15,8,pareto_front_results/solution_139_coords.txt
138,419811.60,161892.73,984.15,8,pareto_front_results/solution_138_coords.txt
137,419811.60,161892.73,984.15,8,pareto_front_results/solution_137_coords.txt
136,419811.60,161892.73,984.15,8,pareto_front_results/solution_136_coords.txt
135,419811.60,161892.73,984.15,8,pareto_front_results/solution_135_coords.txt
134,419811.60,161892.73,984.15,8,pareto_front_results/solution_134_coords.txt
133,419811.60,161892.73,984.15,8,pareto_front_results/solution_133_coords.txt
132,419811.60,161892.73,984.15,8,pareto_front_results/solution_132_coords.txt
131,419811.60,161892.73,984.15,8,pareto_front_results/solution_131_coords.txt
130,419811.60,161892.73,984.15,8,pareto_front_results/solution_130_coords.txt
129,419811.60,161892.73,984.15,8,pareto_front_results/solution_129_coords.txt
128,419811.60,161892.73,984.15,8,pareto_front_results/solution_128_coords.txt
127,419811.60,161892.73,984.15,8,pareto_front_results/solution_127_coords.txt
158,419811.60,161892.73,984.15,8,pareto_front_results/solution_158_coords.txt
157,419811.60,161892.73,984.15,8,pareto_front_results/solution_157_coords.txt
156,419811.60,161892.73,984.15,8,pareto_front_results/solution_156_coords.txt
155,419811.60,161892.73,984.15,8,pareto_front_results/solution_155_coords.txt
154,419811.60,161892.73,984.15,8,pareto_front_results/solution_154_coords.txt
153,419811.60,161892.73,984.15,8,pareto_front_results/solution_153_coords.txt
152,419811.60,161892.73,984.15,8,pareto_front_results/solution_152_coords.txt
151,419811.60,161892.73,984.15,8,pareto_front_results/solution_151_coords.txt
150,419811.60,161892.73,984.15,8,pareto_front_results/solution_150_coords.txt
149,419811.60,161892.73,984.15,8,pareto_front_results/solution_149_coords.txt
148,419811.60,161892.73,984.15,8,pareto_front_results/solution_148_coords.txt
147,419811.60,161892.73,984.15,8,pareto_front_results/solution_147_coords.txt
146,419811.60,161892.73,984.15,8,pareto_front_results/solution_146_coords.txt
145,419811.60,161892.73,984.15,8,pareto_front_results/solution_145_coords.txt
144,419811.60,161892.73,984.15,8,pareto_front_results/solution_144_coords.txt
143,419811.60,161892.73,984.15,8,pareto_front_results/solution_143_coords.txt
174,419811.60,161892.73,984.15,8,pareto_front_results/solution_174_coords.txt
173,419811.60,161892.73,984.15,8,pareto_front_results/solution_173_coords.txt
172,419811.60,161892.73,984.15,8,pareto_front_results/solution_172_coords.txt
171,419811.60,161892.73,984.15,8,pareto_front_results/solution_171_coords.txt
170,419811.60,161892.73,984.15,8,pareto_front_results/solution_170_coords.txt
169,419811.60,161892.73,984.15,8,pareto_front_results/solution_169_coords.txt
168,419811.60,161892.73,984.15,8,pareto_front_results/solution_168_coords.txt
167,419811.60,161892.73,984.15,8,pareto_front_results/solution_167_coords.txt
166,419811.60,161892.73,984.15,8,pareto_front_results/solution_166_coords.txt
165,419811.60,161892.73,984.15,8,pareto_front_results/solution_165_coords.txt
164,419811.60,161892.73,984.15,8,pareto_front_results/solution_164_coords.txt
163,419811.60,161892.73,984.15,8,pareto_front_results/solution_163_coords.txt
162,419811.60,161892.73,984.15,8,pareto_front_results/solution_162_coords.txt
161,419811.60,161892.73,984.15,8,pareto_front_results/solution_161_coords.txt
160,419811.60,161892.73,984.15,8,pareto_front_results/solution_160_coords.txt
159,419811.60,161892.73,984.15,8,pareto_front_results/solution_159_coords.txt
190,419811.60,161892.73,984.15,8,pareto_front_results/solution_190_coords.txt
189,419811.60,161892.73,984.15,8,pareto_front_results/solution_189_coords.txt
188,419811.60,161892.73,984.15,8,pareto_front_results/solution_188_coords.txt
187,419811.60,161892.73,984.15,8,pareto_front_results/solution_187_coords.txt
186,419811.60,161892.73,984.15,8,pareto_front_results/solution_186_coords.txt
185,419811.60,161892.73,984.15,8,pareto_front_results/solution_185_coords.txt
184,419811.60,161892.73,984.15,8,pareto_front_results/solution_184_coords.txt
183,419811.60,161892.73,984.15,8,pareto_front_results/solution_183_coords.txt
182,419811.60,161892.73,984.15,8,pareto_front_results/solution_182_coords.txt
181,419811.60,161892.73,984.15,8,pareto_front_results/solution_181_coords.txt
180,419811.60,161892.73,984.15,8,pareto_front_results/solution_180_coords.txt
179,419811.60,161892.73,984.15,8,pareto_front_results/solution_179_coords.txt
178,419811.60,161892.73,984.15,8,pareto_front_results/solution_178_coords.txt
177,419811.60,161892.73,984.15,8,pareto_front_results/solution_177_coords.txt
176,419811.60,161892.73,984.15,8,pareto_front_results/solution_176_coords.txt
175,419811.60,161892.73,984.15,8,pareto_front_results/solution_175_coords.txt
206,419811.60,161892.73,984.15,8,pareto_front_results/solution_206_coords.txt
205,419811.60,161892.73,984.15,8,pareto_front_results/solution_205_coords.txt
204,419811.60,161892.73,984.15,8,pareto_front_results/solution_204_coords.txt
203,419811.60,161892.73,984.15,8,pareto_front_results/solution_203_coords.txt
202,419811.60,161892.73,984.15,8,pareto_front_results/solution_202_coords.txt
201,419811.60,161892.73,984.15,8,pareto_front_results/solution_201_coords.txt
200,419811.60,161892.73,984.15,8,pareto_front_results/solution_200_coords.txt
199,419811.60,161892.73,984.15,8,pareto_front_results/solution_199_coords.txt
198,419811.60,161892.73,984.15,8,pareto_front_results/solution_198_coords.txt
197,419811.60,161892.73,984.15,8,pareto_front_results/solution_197_coords.txt
196,419811.60,161892.73,984.15,8,pareto_front_results/solution_196_coords.txt
195,419811.60,161892.73,984.15,8,pareto_front_results/solution_195_coords.txt
194,419811.60,161892.73,984.15,8,pareto_front_results/solution_194_coords.txt
193,419811.60,161892.73,984.15,8,pareto_front_results/solution_193_coords.txt
192,419811.60,161892.73,984.15,8,pareto_front_results/solution_192_coords.txt
191,419811.60,161892.73,984.15,8,pareto_front_results/solution_191_coords.txt
222,419811.60,161892.73,984.15,8,pareto_front_results/solution_222_coords.txt
221,419811.60,161892.73,984.15,8,pareto_front_results/solution_221_coords.txt
220,419811.60,161892.73,984.15,8,pareto_front_results/solution_220_coords.txt
219,419811.60,161892.73,984.15,8,pareto_front_results/solution_219_coords.txt
218,419811.60,161892.73,984.15,8,pareto_front_results/solution_218_coords.txt
217,419811.60,161892.73,984.15,8,pareto_front_results/solution_217_coords.txt
216,419811.60,161892.73,984.15,8,pareto_front_results/solution_216_coords.txt
215,419811.60,161892.73,984.15,8,pareto_front_results/solution_215_coords.txt
214,419811.60,161892.73,984.15,8,pareto_front_results/solution_214_coords.txt
213,419811.60,161892.73,984.15,8,pareto_front_results/solution_213_coords.txt
212,419811.60,161892.73,984.15,8,pareto_front_results/solution_212_coords.txt
211,419811.60,161892.73,984.15,8,pareto_front_results/solution_211_coords.txt
210,419811.60,161892.73,984.15,8,pareto_front_results/solution_210_coords.txt
209,419811.60,161892.73,984.15,8,pareto_front_results/solution_209_coords.txt
208,419811.60,161892.73,984.15,8,pareto_front_results/solution_208_coords.txt
207,419811.60,161892.73,984.15,8,pareto_front_results/solution_207_coords.txt
238,419811.60,161892.73,984.15,8,pareto_front_results/solution_238_coords.txt
237,419811.60,161892.73,984.15,8,pareto_front_results/solution_237_coords.txt
236,419811.60,161892.73,984.15,8,pareto_front_results/solution_236_coords.txt
235,419811.60,161892.73,984.15,8,pareto_front_results/solution_235_coords.txt
234,419811.60,161892.73,984.15,8,pareto_front_results/solution_234_coords.txt
233,419811.60,161892.73,984.15,8,pareto_front_results/solution_233_coords.txt
232,419811.60,161892.73,984.15,8,pareto_front_results/solution_232_coords.txt
231,419811.60,161892.73,984.15,8,pareto_front_results/solution_231_coords.txt
230,419811.60,161892.73,984.15,8,pareto_front_results/solution_230_coords.txt
229,419811.60,161892.73,984.15,8,pareto_front_results/solution_229_coords.txt
228,419811.60,161892.73,984.15,8,pareto_front_results/solution_228_coords.txt
227,419811.60,161892.73,984.15,8,pareto_front_results/solution_227_coords.txt
226,419811.60,161892.73,984.15,8,pareto_front_results/solution_226_coords.txt
225,419811.60,161892.73,984.15,8,pareto_front_results/solution_225_coords.txt
224,419811.60,161892.73,984.15,8,pareto_front_results/solution_224_coords.txt
223,419811.60,161892.73,984.15,8,pareto_front_results/solution_223_coords.txt
254,419811.60,161892.73,984.15,8,pareto_front_results/solution_254_coords.txt
253,419811.60,161892.73,984.15,8,pareto_front_results/solution_253_coords.txt
252,419811.60,161892.73,984.15,8,pareto_front_results/solution_252_coords.txt
251,419811.60,161892.73,984.15,8,pareto_front_results/solution_251_coords.txt
250,419811.60,161892.73,984.15,8,pareto_front_results/solution_250_coords.txt
249,419811.60,161892.73,984.15,8,pareto_front_results/solution_249_coords.txt
248,419811.60,161892.73,984.15,8,pareto_front_results/solution_248_coords.txt
247,419811.60,161892.73,984.15,8,pareto_front_results/solution_247_coords.txt
246,419811.60,161892.73,984.15,8,pareto_front_results/solution_246_coords.txt
245,419811.60,161892.73,984.15,8,pareto_front_results/solution_245_coords.txt
244,419811.60,161892.73,984.15,8,pareto_front_results/solution_244_coords.txt
243,419811.60,161892.73,984.15,8,pareto_front_results/solution_243_coords.txt
242,419811.60,161892.73,984.15,8,pareto_front_results/solution_242_coords.txt
241,419811.60,161892.73,984.15,8,pareto_front_results/solution_241_coords.txt
240,419811.60,161892.73,984.15,8,pareto_front_results/solution_240_coords.txt
239,419811.60,161892.73,984.15,8,pareto_front_results/solution_239_coords.txt
270,419811.60,161892.73,984.15,8,pareto_front_results/solution_270_coords.txt
269,419811.60,161892.73,984.15,8,pareto_front_results/solution_269_coords.txt
268,419811.60,161892.73,984.15,8,pareto_front_results/solution_268_coords.txt
267,419811.60,161892.73,984.15,8,pareto_front_results/solution_267_coords.txt
266,419811.60,161892.73,984.15,8,pareto_front_results/solution_266_coords.txt
265,419811.60,161892.73,984.15,8,pareto_front_results/solution_265_coords.txt
264,419811.60,161892.73,984.15,8,pareto_front_results/solution_264_coords.txt
263,419811.60,161892.73,984.15,8,pareto_front_results/solution_263_coords.txt
262,419811.60,161892.73,984.15,8,pareto_front_results/solution_262_coords.txt
261,419811.60,161892.73,984.15,8,pareto_front_results/solution_261_coords.txt
260,419811.60,161892.73,984.15,8,pareto_front_results/solution_260_coords.txt
259,419811.60,161892.73,984.15,8,pareto_front_results/solution_259_coords.txt
258,419811.60,161892.73,984.15,8,pareto_front_results/solution_258_coords.txt
257,419811.60,161892.73,984.15,8,pareto_front_results/solution_257_coords.txt
256,419811.60,161892.73,984.15,8,pareto_front_results/solution_256_coords.txt
255,419811.60,161892.73,984.15,8,pareto_front_results/solution_255_coords.txt
273,419811.60,161892.73,984.15,8,pareto_front_results/solution_273_coords.txt
272,419811.60,161892.73,984.15,8,pareto_front_results/solution_272_coords.txt
271,419811.60,161892.73,984.15,8,pareto_front_results/solution_271_coords.txt
30,419811.60,161892.73,984.15,8,pareto_front_results/solution_30_coords.txt
29,419811.60,161892.73,984.15,8,pareto_front_results/solution_29_coords.txt
28,419811.60,161892.73,984.15,8,pareto_front_results/solution_28_coords.txt
27,419811.60,161892.73,984.15,8,pareto_front_results/solution_27_coords.txt
26,419811.60,161892.73,984.15,8,pareto_front_results/solution_26_coords.txt
25,419811.60,161892.73,984.15,8,pareto_front_results/solution_25_coords.txt
24,419811.60,161892.73,984.15,8,pareto_front_results/solution_24_coords.txt
23,419811.60,161892.73,984.15,8,pareto_front_results/solution_23_coords.txt
22,419811.60,161892.73,984.15,8,pareto_front_results/solution_22_coords.txt
21,419811.60,161892.73,984.15,8,pareto_front_results/solution_21_coords.txt
20,419811.60,161892.73,984.15,8,pareto_front_results/solution_20_coords.txt
19,419811.60,161892.73,984.15,8,pareto_front_results/solution_19_coords.txt
18,419811.60,161892.73,984.15,8,pareto_front_results/solution_18_coords.txt
17,419811.60,161892.73,984.15,8,pareto_front_results/solution_17_coords.txt
16,419811.60,161892.73,984.15,8,pareto_front_results/solution_16_coords.txt
15,419811.60,161892.73,984.15,8,pareto_front_results/solution_15_coords.txt
549,389410.21,153782.59,984.53,8,pareto_front_results/solution_549_coords.txt
547,389410.21,153782.59,984.53,8,pareto_front_results/solution_547_coords.txt
546,389410.21,153782.59,984.53,8,pareto_front_results/solution_546_coords.txt
529,389410.21,153782.59,984.53,8,pareto_front_results/solution_529_coords.txt
277,389410.21,153782.59,984.53,8,pareto_front_results/solution_277_coords.txt
276,389410.21,153782.59,984.53,8,pareto_front_results/solution_276_coords.txt
275,389410.21,153782.59,984.53,8,pareto_front_results/solution_275_coords.txt
274,389410.21,153782.59,984.53,8,pareto_front_results/solution_274_coords.txt
526,389410.21,153782.59,984.53,8,pareto_front_results/solution_526_coords.txt
525,389410.21,153782.59,984.53,8,pareto_front_results/solution_525_coords.txt
524,389410.21,153782.59,984.53,8,pareto_front_results/solution_524_coords.txt
523,389410.21,153782.59,984.53,8,pareto_front_results/solution_523_coords.txt
522,389410.21,153782.59,984.53,8,pareto_front_results/solution_522_coords.txt
521,389410.21,153782.59,984.53,8,pareto_front_results/solution_521_coords.txt
520,389410.21,153782.59,984.53,8,pareto_front_results/solution_520_coords.txt
519,389410.21,153782.59,984.53,8,pareto_front_results/solution_519_coords.txt
518,389410.21,153782.59,984.53,8,pareto_front_results/solution_518_coords.txt
517,389410.21,153782.59,984.53,8,pareto_front_results/solution_517_coords.txt
516,389410.21,153782.59,984.53,8,pareto_front_results/solution_516_coords.txt
515,389410.21,153782.59,984.53,8,pareto_front_results/solution_515_coords.txt
306,389410.21,153782.59,984.53,8,pareto_front_results/solution_306_coords.txt
305,389410.21,153782.59,984.53,8,pareto_front_results/solution_305_coords.txt
304,389410.21,153782.59,984.53,8,pareto_front_results/solution_304_coords.txt
303,389410.21,153782.59,984.53,8,pareto_front_results/solution_303_coords.txt
302,389410.21,153782.59,984.53,8,pareto_front_results/solution_302_coords.txt
301,389410.21,153782.59,984.53,8,pareto_front_results/solution_301_coords.txt
300,389410.21,153782.59,984.53,8,pareto_front_results/solution_300_coords.txt
299,389410.21,153782.59,984.53,8,pareto_front_results/solution_299_coords.txt
298,389410.21,153782.59,984.53,8,pareto_front_results/solution_298_coords.txt
297,389410.21,153782.59,984.53,8,pareto_front_results/solution_297_coords.txt
296,389410.21,153782.59,984.53,8,pareto_front_results/solution_296_coords.txt
295,389410.21,153782.59,984.53,8,pareto_front_results/solution_295_coords.txt
294,389410.21,153782.59,984.53,8,pareto_front_results/solution_294_coords.txt
293,389410.21,153782.59,984.53,8,pareto_front_results/solution_293_coords.txt
292,389410.21,153782.59,984.53,8,pareto_front_results/solution_292_coords.txt
291,389410.21,153782.59,984.53,8,pareto_front_results/solution_291_coords.txt
322,389410.21,153782.59,984.53,8,pareto_front_results/solution_322_coords.txt
321,389410.21,153782.59,984.53,8,pareto_front_results/solution_321_coords.txt
320,389410.21,153782.59,984.53,8,pareto_front_results/solution_320_coords.txt
319,389410.21,153782.59,984.53,8,pareto_front_results/solution_319_coords.txt
318,389410.21,153782.59,984.53,8,pareto_front_results/solution_318_coords.txt
317,389410.21,153782.59,984.53,8,pareto_front_results/solution_317_coords.txt
316,389410.21,153782.59,984.53,8,pareto_front_results/solution_316_coords.txt
315,389410.21,153782.59,984.53,8,pareto_front_results/solution_315_coords.txt
314,389410.21,153782.59,984.53,8,pareto_front_results/solution_314_coords.txt
313,389410.21,153782.59,984.53,8,pareto_front_results/solution_313_coords.txt
312,389410.21,153782.59,984.53,8,pareto_front_results/solution_312_coords.txt
311,389410.21,153782.59,984.53,8,pareto_front_results/solution_311_coords.txt
310,389410.21,153782.59,984.53,8,pareto_front_results/solution_310_coords.txt
309,389410.21,153782.59,984.53,8,pareto_front_results/solution_309_coords.txt
308,389410.21,153782.59,984.53,8,pareto_front_results/solution_308_coords.txt
307,389410.21,153782.59,984.53,8,pareto_front_results/solution_307_coords.txt
338,389410.21,153782.59,984.53,8,pareto_front_results/solution_338_coords.txt
337,389410.21,153782.59,984.53,8,pareto_front_results/solution_337_coords.txt
336,389410.21,153782.59,984.53,8,pareto_front_results/solution_336_coords.txt
335,389410.21,153782.59,984.53,8,pareto_front_results/solution_335_coords.txt
334,389410.21,153782.59,984.53,8,pareto_front_results/solution_334_coords.txt
333,389410.21,153782.59,984.53,8,pareto_front_results/solution_333_coords.txt
332,389410.21,153782.59,984.53,8,pareto_front_results/solution_332_coords.txt
331,389410.21,153782.59,984.53,8,pareto_front_results/solution_331_coords.txt
330,389410.21,153782.59,984.53,8,pareto_front_results/solution_330_coords.txt
329,389410.21,153782.59,984.53,8,pareto_front_results/solution_329_coords.txt
328,389410.21,153782.59,984.53,8,pareto_front_results/solution_328_coords.txt
327,389410.21,153782.59,984.53,8,pareto_front_results/solution_327_coords.txt
326,389410.21,153782.59,984.53,8,pareto_front_results/solution_326_coords.txt
325,389410.21,153782.59,984.53,8,pareto_front_results/solution_325_coords.txt
324,389410.21,153782.59,984.53,8,pareto_front_results/solution_324_coords.txt
323,389410.21,153782.59,984.53,8,pareto_front_results/solution_323_coords.txt
354,389410.21,153782.59,984.53,8,pareto_front_results/solution_354_coords.txt
353,389410.21,153782.59,984.53,8,pareto_front_results/solution_353_coords.txt
352,389410.21,153782.59,984.53,8,pareto_front_results/solution_352_coords.txt
351,389410.21,153782.59,984.53,8,pareto_front_results/solution_351_coords.txt
350,389410.21,153782.59,984.53,8,pareto_front_results/solution_350_coords.txt
349,389410.21,153782.59,984.53,8,pareto_front_results/solution_349_coords.txt
348,389410.21,153782.59,984.53,8,pareto_front_results/solution_348_coords.txt
347,389410.21,153782.59,984.53,8,pareto_front_results/solution_347_coords.txt
346,389410.21,153782.59,984.53,8,pareto_front_results/solution_346_coords.txt
345,389410.21,153782.59,984.53,8,pareto_front_results/solution_345_coords.txt
344,389410.21,153782.59,984.53,8,pareto_front_results/solution_344_coords.txt
343,389410.21,153782.59,984.53,8,pareto_front_results/solution_343_coords.txt
342,389410.21,153782.59,984.53,8,pareto_front_results/solution_342_coords.txt
341,389410.21,153782.59,984.53,8,pareto_front_results/solution_341_coords.txt
340,389410.21,153782.59,984.53,8,pareto_front_results/solution_340_coords.txt
339,389410.21,153782.59,984.53,8,pareto_front_results/solution_339_coords.txt
370,389410.21,153782.59,984.53,8,pareto_front_results/solution_370_coords.txt
369,389410.21,153782.59,984.53,8,pareto_front_results/solution_369_coords.txt
368,389410.21,153782.59,984.53,8,pareto_front_results/solution_368_coords.txt
367,389410.21,153782.59,984.53,8,pareto_front_results/solution_367_coords.txt
366,389410.21,153782.59,984.53,8,pareto_front_results/solution_366_coords.txt
365,389410.21,153782.59,984.53,8,pareto_front_results/solution_365_coords.txt
364,389410.21,153782.59,984.53,8,pareto_front_results/solution_364_coords.txt
363,389410.21,153782.59,984.53,8,pareto_front_results/solution_363_coords.txt
362,389410.21,153782.59,984.53,8,pareto_front_results/solution_362_coords.txt
361,389410.21,153782.59,984.53,8,pareto_front_results/solution_361_coords.txt
360,389410.21,153782.59,984.53,8,pareto_front_results/solution_360_coords.txt
359,389410.21,153782.59,984.53,8,pareto_front_results/solution_359_coords.txt
358,389410.21,153782.59,984.53,8,pareto_front_results/solution_358_coords.txt
357,389410.21,153782.59,984.53,8,pareto_front_results/solution_357_coords.txt
356,389410.21,153782.59,984.53,8,pareto_front_results/solution_356_coords.txt
355,389410.21,153782.59,984.53,8,pareto_front_results/solution_355_coords.txt
386,389410.21,153782.59,984.53,8,pareto_front_results/solution_386_coords.txt
385,389410.21,153782.59,984.53,8,pareto_front_results/solution_385_coords.txt
384,389410.21,153782.59,984.53,8,pareto_front_results/solution_384_coords.txt
383,389410.21,153782.59,984.53,8,pareto_front_results/solution_383_coords.txt
382,389410.21,153782.59,984.53,8,pareto_front_results/solution_382_coords.txt
381,389410.21,153782.59,984.53,8,pareto_front_results/solution_381_coords.txt
380,389410.21,153782.59,984.53,8,pareto_front_results/solution_380_coords.txt
379,389410.21,153782.59,984.53,8,pareto_front_results/solution_379_coords.txt
378,389410.21,153782.59,984.53,8,pareto_front_results/solution_378_coords.txt
377,389410.21,153782.59,984.53,8,pareto_front_results/solution_377_coords.txt
376,389410.21,153782.59,984.53,8,pareto_front_results/solution_376_coords.txt
375,389410.21,153782.59,984.53,8,pareto_front_results/solution_375_coords.txt
374,389410.21,153782.59,984.53,8,pareto_front_results/solution_374_coords.txt
373,389410.21,153782.59,984.53,8,pareto_front_results/solution_373_coords.txt
372,389410.21,153782.59,984.53,8,pareto_front_results/solution_372_coords.txt
371,389410.21,153782.59,984.53,8,pareto_front_results/solution_371_coords.txt
402,389410.21,153782.59,984.53,8,pareto_front_results/solution_402_coords.txt
401,389410.21,153782.59,984.53,8,pareto_front_results/solution_401_coords.txt
400,389410.21,153782.59,984.53,8,pareto_front_results/solution_400_coords.txt
399,389410.21,153782.59,984.53,8,pareto_front_results/solution_399_coords.txt
398,389410.21,153782.59,984.53,8,pareto_front_results/solution_398_coords.txt
397,389410.21,153782.59,984.53,8,pareto_front_results/solution_397_coords.txt
396,389410.21,153782.59,984.53,8,pareto_front_results/solution_396_coords.txt
395,389410.21,153782.59,984.53,8,pareto_front_results/solution_395_coords.txt
394,389410.21,153782.59,984.53,8,pareto_front_results/solution_394_coords.txt
393,389410.21,153782.59,984.53,8,pareto_front_results/solution_393_coords.txt
392,389410.21,153782.59,984.53,8,pareto_front_results/solution_392_coords.txt
391,389410.21,153782.59,984.53,8,pareto_front_results/solution_391_coords.txt
390,389410.21,153782.59,984.53,8,pareto_front_results/solution_390_coords.txt
389,389410.21,153782.59,984.53,8,pareto_front_results/solution_389_coords.txt
388,389410.21,153782.59,984.53,8,pareto_front_results/solution_388_coords.txt
387,389410.21,153782.59,984.53,8,pareto_front_results/solution_387_coords.txt
418,389410.21,153782.59,984.53,8,pareto_front_results/solution_418_coords.txt
417,389410.21,153782.59,984.53,8,pareto_front_results/solution_417_coords.txt
416,389410.21,153782.59,984.53,8,pareto_front_results/solution_416_coords.txt
415,389410.21,153782.59,984.53,8,pareto_front_results/solution_415_coords.txt
414,389410.21,153782.59,984.53,8,pareto_front_results/solution_414_coords.txt
413,389410.21,153782.59,984.53,8,pareto_front_results/solution_413_coords.txt
412,389410.21,153782.59,984.53,8,pareto_front_results/solution_412_coords.txt
411,389410.21,153782.59,984.53,8,pareto_front_results/solution_411_coords.txt
410,389410.21,153782.59,984.53,8,pareto_front_results/solution_410_coords.txt
409,389410.21,153782.59,984.53,8,pareto_front_results/solution_409_coords.txt
408,389410.21,153782.59,984.53,8,pareto_front_results/solution_408_coords.txt
407,389410.21,153782.59,984.53,8,pareto_front_results/solution_407_coords.txt
406,389410.21,153782.59,984.53,8,pareto_front_results/solution_406_coords.txt
405,389410.21,153782.59,984.53,8,pareto_front_results/solution_405_coords.txt
404,389410.21,153782.59,984.53,8,pareto_front_results/solution_404_coords.txt
403,389410.21,153782.59,984.53,8,pareto_front_results/solution_403_coords.txt
434,389410.21,153782.59,984.53,8,pareto_front_results/solution_434_coords.txt
433,389410.21,153782.59,984.53,8,pareto_front_results/solution_433_coords.txt
432,389410.21,153782.59,984.53,8,pareto_front_results/solution_432_coords.txt
431,389410.21,153782.59,984.53,8,pareto_front_results/solution_431_coords.txt
430,389410.21,153782.59,984.53,8,pareto_front_results/solution_430_coords.txt
429,389410.21,153782.59,984.53,8,pareto_front_results/solution_429_coords.txt
428,389410.21,153782.59,984.53,8,pareto_front_results/solution_428_coords.txt
427,389410.21,153782.59,984.53,8,pareto_front_results/solution_427_coords.txt
426,389410.21,153782.59,984.53,8,pareto_front_results/solution_426_coords.txt
425,389410.21,153782.59,984.53,8,pareto_front_results/solution_425_coords.txt
424,389410.21,153782.59,984.53,8,pareto_front_results/solution_424_coords.txt
423,389410.21,153782.59,984.53,8,pareto_front_results/solution_423_coords.txt
422,389410.21,153782.59,984.53,8,pareto_front_results/solution_422_coords.txt
421,389410.21,153782.59,984.53,8,pareto_front_results/solution_421_coords.txt
420,389410.21,153782.59,984.53,8,pareto_front_results/solution_420_coords.txt
419,389410.21,153782.59,984.53,8,pareto_front_results/solution_419_coords.txt
450,389410.21,153782.59,984.53,8,pareto_front_results/solution_450_coords.txt
449,389410.21,153782.59,984.53,8,pareto_front_results/solution_449_coords.txt
448,389410.21,153782.59,984.53,8,pareto_front_results/solution_448_coords.txt
447,389410.21,153782.59,984.53,8,pareto_front_results/solution_447_coords.txt
446,389410.21,153782.59,984.53,8,pareto_front_results/solution_446_coords.txt
445,389410.21,153782.59,984.53,8,pareto_front_results/solution_445_coords.txt
444,389410.21,153782.59,984.53,8,pareto_front_results/solution_444_coords.txt
443,389410.21,153782.59,984.53,8,pareto_front_results/solution_443_coords.txt
442,389410.21,153782.59,984.53,8,pareto_front_results/solution_442_coords.txt
441,389410.21,153782.59,984.53,8,pareto_front_results/solution_441_coords.txt
440,389410.21,153782.59,984.53,8,pareto_front_results/solution_440_coords.txt
439,389410.21,153782.59,984.53,8,pareto_front_results/solution_439_coords.txt
438,389410.21,153782.59,984.53,8,pareto_front_results/solution_438_coords.txt
437,389410.21,153782.59,984.53,8,pareto_front_results/solution_437_coords.txt
436,389410.21,153782.59,984.53,8,pareto_front_results/solution_436_coords.txt
435,389410.21,153782.59,984.53,8,pareto_front_results/solution_435_coords.txt
466,389410.21,153782.59,984.53,8,pareto_front_results/solution_466_coords.txt
465,389410.21,153782.59,984.53,8,pareto_front_results/solution_465_coords.txt
464,389410.21,153782.59,984.53,8,pareto_front_results/solution_464_coords.txt
463,389410.21,153782.59,984.53,8,pareto_front_results/solution_463_coords.txt
462,389410.21,153782.59,984.53,8,pareto_front_results/solution_462_coords.txt
461,389410.21,153782.59,984.53,8,pareto_front_results/solution_461_coords.txt
460,389410.21,153782.59,984.53,8,pareto_front_results/solution_460_coords.txt
459,389410.21,153782.59,984.53,8,pareto_front_results/solution_459_coords.txt
458,389410.21,153782.59,984.53,8,pareto_front_results/solution_458_coords.txt
457,389410.21,153782.59,984.53,8,pareto_front_results/solution_457_coords.txt
456,389410.21,153782.59,984.53,8,pareto_front_results/solution_456_coords.txt
455,389410.21,153782.59,984.53,8,pareto_front_results/solution_455_coords.txt
454,389410.21,153782.59,984.53,8,pareto_front_results/solution_454_coords.txt
453,389410.21,153782.59,984.53,8,pareto_front_results/solution_453_coords.txt
452,389410.21,153782.59,984.53,8,pareto_front_results/solution_452_coords.txt
451,389410.21,153782.59,984.53,8,pareto_front_results/solution_451_coords.txt
482,389410.21,153782.59,984.53,8,pareto_front_results/solution_482_coords.txt
481,389410.21,153782.59,984.53,8,pareto_front_results/solution_481_coords.txt
480,389410.21,153782.59,984.53,8,pareto_front_results/solution_480_coords.txt
479,389410.21,153782.59,984.53,8,pareto_front_results/solution_479_coords.txt
478,389410.21,153782.59,984.53,8,pareto_front_results/solution_478_coords.txt
477,389410.21,153782.59,984.53,8,pareto_front_results/solution_477_coords.txt
476,389410.21,153782.59,984.53,8,pareto_front_results/solution_476_coords.txt
475,389410.21,153782.59,984.53,8,pareto_front_results/solution_475_coords.txt
474,389410.21,153782.59,984.53,8,pareto_front_results/solution_474_coords.txt
473,389410.21,153782.59,984.53,8,pareto_front_results/solution_473_coords.txt
472,389410.21,153782.59,984.53,8,pareto_front_results/solution_472_coords.txt
471,389410.21,153782.59,984.53,8,pareto_front_results/solution_471_coords.txt
470,389410.21,153782.59,984.53,8,pareto_front_results/solution_470_coords.txt
469,389410.21,153782.59,984.53,8,pareto_front_results/solution_469_coords.txt
468,389410.21,153782.59,984.53,8,pareto_front_results/solution_468_coords.txt
467,389410.21,153782.59,984.53,8,pareto_front_results/solution_467_coords.txt
498,389410.21,153782.59,984.53,8,pareto_front_results/solution_498_coords.txt
497,389410.21,153782.59,984.53,8,pareto_front_results/solution_497_coords.txt
496,389410.21,153782.59,984.53,8,pareto_front_results/solution_496_coords.txt
495,389410.21,153782.59,984.53,8,pareto_front_results/solution_495_coords.txt
494,389410.21,153782.59,984.53,8,pareto_front_results/solution_494_coords.txt
493,389410.21,153782.59,984.53,8,pareto_front_results/solution_493_coords.txt
492,389410.21,153782.59,984.53,8,pareto_front_results/solution_492_coords.txt
491,389410.21,153782.59,984.53,8,pareto_front_results/solution_491_coords.txt
490,389410.21,153782.59,984.53,8,pareto_front_results/solution_490_coords.txt
489,389410.21,153782.59,984.53,8,pareto_front_results/solution_489_coords.txt
488,389410.21,153782.59,984.53,8,pareto_front_results/solution_488_coords.txt
487,389410.21,153782.59,984.53,8,pareto_front_results/solution_487_coords.txt
486,389410.21,153782.59,984.53,8,pareto_front_results/solution_486_coords.txt
485,389410.21,153782.59,984.53,8,pareto_front_results/solution_485_coords.txt
484,389410.21,153782.59,984.53,8,pareto_front_results/solution_484_coords.txt
483,389410.21,153782.59,984.53,8,pareto_front_results/solution_483_coords.txt
514,389410.21,153782.59,984.53,8,pareto_front_results/solution_514_coords.txt
513,389410.21,153782.59,984.53,8,pareto_front_results/solution_513_coords.txt
512,389410.21,153782.59,984.53,8,pareto_front_results/solution_512_coords.txt
511,389410.21,153782.59,984.53,8,pareto_front_results/solution_511_coords.txt
510,389410.21,153782.59,984.53,8,pareto_front_results/solution_510_coords.txt
509,389410.21,153782.59,984.53,8,pareto_front_results/solution_509_coords.txt
508,389410.21,153782.59,984.53,8,pareto_front_results/solution_508_coords.txt
507,389410.21,153782.59,984.53,8,pareto_front_results/solution_507_coords.txt
506,389410.21,153782.59,984.53,8,pareto_front_results/solution_506_coords.txt
505,389410.21,153782.59,984.53,8,pareto_front_results/solution_505_coords.txt
504,389410.21,153782.59,984.53,8,pareto_front_results/solution_504_coords.txt
503,389410.21,153782.59,984.53,8,pareto_front_results/solution_503_coords.txt
502,389410.21,153782.59,984.53,8,pareto_front_results/solution_502_coords.txt
501,389410.21,153782.59,984.53,8,pareto_front_results/solution_501_coords.txt
500,389410.21,153782.59,984.53,8,pareto_front_results/solution_500_coords.txt
499,389410.21,153782.59,984.53,8,pareto_front_results/solution_499_coords.txt
530,389410.21,153782.59,984.53,8,pareto_front_results/solution_530_coords.txt
548,389410.21,153782.59,984.53,8,pareto_front_results/solution_548_coords.txt
545,389410.21,153782.59,984.53,8,pareto_front_results/solution_545_coords.txt
528,389410.21,153782.59,984.53,8,pareto_front_results/solution_528_coords.txt
527,389410.21,153782.59,984.53,8,pareto_front_results/solution_527_coords.txt
544,389410.21,153782.59,984.53,8,pareto_front_results/solution_544_coords.txt
543,389410.21,153782.59,984.53,8,pareto_front_results/solution_543_coords.txt
286,389410.21,153782.59,984.53,8,pareto_front_results/solution_286_coords.txt
285,389410.21,153782.59,984.53,8,pareto_front_results/solution_285_coords.txt
284,389410.21,153782.59,984.53,8,pareto_front_results/solution_284_coords.txt
283,389410.21,153782.59,984.53,8,pareto_front_results/solution_283_coords.txt
282,389410.21,153782.59,984.53,8,pareto_front_results/solution_282_coords.txt
281,389410.21,153782.59,984.53,8,pareto_front_results/solution_281_coords.txt
280,389410.21,153782.59,984.53,8,pareto_front_results/solution_280_coords.txt
279,389410.21,153782.59,984.53,8,pareto_front_results/solution_279_coords.txt
278,389410.21,153782.59,984.53,8,pareto_front_results/solution_278_coords.txt
290,389410.21,153782.59,984.53,8,pareto_front_results/solution_290_coords.txt
289,389410.21,153782.59,984.53,8,pareto_front_results/solution_289_coords.txt
288,389410.21,153782.59,984.53,8,pareto_front_results/solution_288_coords.txt
287,389410.21,153782.59,984.53,8,pareto_front_results/solution_287_coords.txt
542,389410.21,153782.59,984.53,8,pareto_front_results/solution_542_coords.txt
541,389410.21,153782.59,984.53,8,pareto_front_results/solution_541_coords.txt
540,389410.21,153782.59,984.53,8,pareto_front_results/solution_540_coords.txt
539,389410.21,153782.59,984.53,8,pareto_front_results/solution_539_coords.txt
538,389410.21,153782.59,984.53,8,pareto_front_results/solution_538_coords.txt
537,389410.21,153782.59,984.53,8,pareto_front_results/solution_537_coords.txt
536,389410.21,153782.59,984.53,8,pareto_front_results/solution_536_coords.txt
535,389410.21,153782.59,984.53,8,pareto_front_results/solution_535_coords.txt
534,389410.21,153782.59,984.53,8,pareto_front_results/solution_534_coords.txt
533,389410.21,153782.59,984.53,8,pareto_front_results/solution_533_coords.txt
532,389410.21,153782.59,984.53,8,pareto_front_results/solution_532_coords.txt
531,389410.21,153782.59,984.53,8,pareto_front_results/solution_531_coords.txt
551,373097.23,146239.58,904.38,8,pareto_front_results/solution_551_coords.txt
585,373097.23,146239.58,904.38,8,pareto_front_results/solution_585_coords.txt
581,373097.23,146239.58,904.38,8,pareto_front_results/solution_581_coords.txt
580,373097.23,146239.58,904.38,8,pareto_front_results/solution_580_coords.txt
579,373097.23,146239.58,904.38,8,pareto_front_results/solution_579_coords.txt
578,373097.23,146239.58,904.38,8,pareto_front_results/solution_578_coords.txt
577,373097.23,146239.58,904.38,8,pareto_front_results/solution_577_coords.txt
576,373097.23,146239.58,904.38,8,pareto_front_results/solution_576_coords.txt
575,373097.23,146239.58,904.38,8,pareto_front_results/solution_575_coords.txt
574,373097.23,146239.58,904.38,8,pareto_front_results/solution_574_coords.txt
573,373097.23,146239.58,904.38,8,pareto_front_results/solution_573_coords.txt
572,373097.23,146239.58,904.38,8,pareto_front_results/solution_572_coords.txt
571,373097.23,146239.58,904.38,8,pareto_front_results/solution_571_coords.txt
552,373097.23,146239.58,904.38,8,pareto_front_results/solution_552_coords.txt
569,373097.23,146239.58,904.38,8,pareto_front_results/solution_569_coords.txt
568,373097.23,146239.58,904.38,8,pareto_front_results/solution_568_coords.txt
567,373097.23,146239.58,904.38,8,pareto_front_results/solution_567_coords.txt
566,373097.23,146239.58,904.38,8,pareto_front_results/solution_566_coords.txt
582,373097.23,146239.58,904.38,8,pareto_front_results/solution_582_coords.txt
583,373097.23,146239.58,904.38,8,pareto_front_results/solution_583_coords.txt
584,373097.23,146239.58,904.38,8,pareto_front_results/solution_584_coords.txt
591,373097.23,146239.58,904.38,8,pareto_front_results/solution_591_coords.txt
590,373097.23,146239.58,904.38,8,pareto_front_results/solution_590_coords.txt
589,373097.23,146239.58,904.38,8,pareto_front_results/solution_589_coords.txt
588,373097.23,146239.58,904.38,8,pareto_front_results/solution_588_coords.txt
587,373097.23,146239.58,904.38,8,pareto_front_results/solution_587_coords.txt
586,373097.23,146239.58,904.38,8,pareto_front_results/solution_586_coords.txt
570,373097.23,146239.58,904.38,8,pareto_front_results/solution_570_coords.txt
550,373097.23,146239.58,904.38,8,pareto_front_results/solution_550_coords.txt
565,373097.23,146239.58,904.38,8,pareto_front_results/solution_565_coords.txt
564,373097.23,146239.58,904.38,8,pareto_front_results/solution_564_coords.txt
563,373097.23,146239.58,904.38,8,pareto_front_results/solution_563_coords.txt
562,373097.23,146239.58,904.38,8,pareto_front_results/solution_562_coords.txt
561,373097.23,146239.58,904.38,8,pareto_front_results/solution_561_coords.txt
560,373097.23,146239.58,904.38,8,pareto_front_results/solution_560_coords.txt
559,373097.23,146239.58,904.38,8,pareto_front_results/solution_559_coords.txt
558,373097.23,146239.58,904.38,8,pareto_front_results/solution_558_coords.txt
557,373097.23,146239.58,904.38,8,pareto_front_results/solution_557_coords.txt
556,373097.23,146239.58,904.38,8,pareto_front_results/solution_556_coords.txt
555,373097.23,146239.58,904.38,8,pareto_front_results/solution_555_coords.txt
554,373097.23,146239.58,904.38,8,pareto_front_results/solution_554_coords.txt
553,373097.23,146239.58,904.38,8,pareto_front_results/solution_553_coords.txt
991,371913.48,138781.08,847.82,8,pareto_front_results/solution_991_coords.txt
984,371913.48,138781.08,847.82,8,pareto_front_results/solution_984_coords.txt
985,371913.48,138781.08,847.82,8,pareto_front_results/solution_985_coords.txt
986,371913.48,138781.08,847.82,8,pareto_front_results/solution_986_coords.txt
987,371913.48,138781.08,847.82,8,pareto_front_results/solution_987_coords.txt
988,371913.48,138781.08,847.82,8,pareto_front_results/solution_988_coords.txt
989,371913.48,138781.08,847.82,8,pareto_front_results/solution_989_coords.txt
990,371913.48,138781.08,847.82,8,pareto_front_results/solution_990_coords.txt
967,371913.48,138781.08,847.82,8,pareto_front_results/solution_967_coords.txt
966,371913.48,138781.08,847.82,8,pareto_front_results/solution_966_coords.txt
997,371913.48,138781.08,847.82,8,pareto_front_results/solution_997_coords.txt
992,371913.48,138781.08,847.82,8,pareto_front_results/solution_992_coords.txt
993,371913.48,138781.08,847.82,8,pareto_front_results/solution_993_coords.txt
994,371913.48,138781.08,847.82,8,pareto_front_results/solution_994_coords.txt
995,371913.48,138781.08,847.82,8,pareto_front_results/solution_995_coords.txt
996,371913.48,138781.08,847.82,8,pareto_front_results/solution_996_coords.txt
982,371913.48,138781.08,847.82,8,pareto_front_results/solution_982_coords.txt
956,371913.48,138781.08,847.82,8,pareto_front_results/solution_956_coords.txt
954,371913.48,138781.08,847.82,8,pareto_front_results/solution_954_coords.txt
953,371913.48,138781.08,847.82,8,pareto_front_results/solution_953_coords.txt
952,371913.48,138781.08,847.82,8,pareto_front_results/solution_952_coords.txt
951,371913.48,138781.08,847.82,8,pareto_front_results/solution_951_coords.txt
950,371913.48,138781.08,847.82,8,pareto_front_results/solution_950_coords.txt
981,371913.48,138781.08,847.82,8,pareto_front_results/solution_981_coords.txt
980,371913.48,138781.08,847.82,8,pareto_front_results/solution_980_coords.txt
979,371913.48,138781.08,847.82,8,pareto_front_results/solution_979_coords.txt
983,371913.48,138781.08,847.82,8,pareto_front_results/solution_983_coords.txt
977,371913.48,138781.08,847.82,8,pareto_front_results/solution_977_coords.txt
976,371913.48,138781.08,847.82,8,pareto_front_results/solution_976_coords.txt
975,371913.48,138781.08,847.82,8,pareto_front_results/solution_975_coords.txt
974,371913.48,138781.08,847.82,8,pareto_front_results/solution_974_coords.txt
973,371913.48,138781.08,847.82,8,pareto_front_results/solution_973_coords.txt
972,371913.48,138781.08,847.82,8,pareto_front_results/solution_972_coords.txt
971,371913.48,138781.08,847.82,8,pareto_front_results/solution_971_coords.txt
970,371913.48,138781.08,847.82,8,pareto_front_results/solution_970_coords.txt
969,371913.48,138781.08,847.82,8,pareto_front_results/solution_969_coords.txt
968,371913.48,138781.08,847.82,8,pareto_front_results/solution_968_coords.txt
978,371913.48,138781.08,847.82,8,pareto_front_results/solution_978_coords.txt
1026,371913.48,138781.08,847.82,8,pareto_front_results/solution_1026_coords.txt
1025,371913.48,138781.08,847.82,8,pareto_front_results/solution_1025_coords.txt
1024,371913.48,138781.08,847.82,8,pareto_front_results/solution_1024_coords.txt
1023,371913.48,138781.08,847.82,8,pareto_front_results/solution_1023_coords.txt
1022,371913.48,138781.08,847.82,8,pareto_front_results/solution_1022_coords.txt
1021,371913.48,138781.08,847.82,8,pareto_front_results/solution_1021_coords.txt
1020,371913.48,138781.08,847.82,8,pareto_front_results/solution_1020_coords.txt
1019,371913.48,138781.08,847.82,8,pareto_front_results/solution_1019_coords.txt
955,371913.48,138781.08,847.82,8,pareto_front_results/solution_955_coords.txt
1017,371913.48,138781.08,847.82,8,pareto_front_results/solution_1017_coords.txt
1016,371913.48,138781.08,847.82,8,pareto_front_results/solution_1016_coords.txt
1015,371913.48,138781.08,847.82,8,pareto_front_results/solution_1015_coords.txt
1014,371913.48,138781.08,847.82,8,pareto_front_results/solution_1014_coords.txt
1045,371913.48,138781.08,847.82,8,pareto_front_results/solution_1045_coords.txt
1044,371913.48,138781.08,847.82,8,pareto_front_results/solution_1044_coords.txt
1043,371913.48,138781.08,847.82,8,pareto_front_results/solution_1043_coords.txt
1042,371913.48,138781.08,847.82,8,pareto_front_results/solution_1042_coords.txt
1041,371913.48,138781.08,847.82,8,pareto_front_results/solution_1041_coords.txt
1018,371913.48,138781.08,847.82,8,pareto_front_results/solution_1018_coords.txt
1013,371913.48,138781.08,847.82,8,pareto_front_results/solution_1013_coords.txt
1012,371913.48,138781.08,847.82,8,pareto_front_results/solution_1012_coords.txt
1011,371913.48,138781.08,847.82,8,pareto_front_results/solution_1011_coords.txt
1010,371913.48,138781.08,847.82,8,pareto_front_results/solution_1010_coords.txt
1009,371913.48,138781.08,847.82,8,pareto_front_results/solution_1009_coords.txt
1008,371913.48,138781.08,847.82,8,pareto_front_results/solution_1008_coords.txt
1007,371913.48,138781.08,847.82,8,pareto_front_results/solution_1007_coords.txt
1006,371913.48,138781.08,847.82,8,pareto_front_results/solution_1006_coords.txt
1027,371913.48,138781.08,847.82,8,pareto_front_results/solution_1027_coords.txt
1004,371913.48,138781.08,847.82,8,pareto_front_results/solution_1004_coords.txt
1003,371913.48,138781.08,847.82,8,pareto_front_results/solution_1003_coords.txt
1002,371913.48,138781.08,847.82,8,pareto_front_results/solution_1002_coords.txt
1001,371913.48,138781.08,847.82,8,pareto_front_results/solution_1001_coords.txt
1000,371913.48,138781.08,847.82,8,pareto_front_results/solution_1000_coords.txt
999,371913.48,138781.08,847.82,8,pareto_front_results/solution_999_coords.txt
998,371913.48,138781.08,847.82,8,pareto_front_results/solution_998_coords.txt
1029,371913.48,138781.08,847.82,8,pareto_front_results/solution_1029_coords.txt
1028,371913.48,138781.08,847.82,8,pareto_front_results/solution_1028_coords.txt
1005,371913.48,138781.08,847.82,8,pareto_front_results/solution_1005_coords.txt
916,371913.48,138781.08,847.82,8,pareto_front_results/solution_916_coords.txt
915,371913.48,138781.08,847.82,8,pareto_front_results/solution_915_coords.txt
914,371913.48,138781.08,847.82,8,pareto_front_results/solution_914_coords.txt
913,371913.48,138781.08,847.82,8,pareto_front_results/solution_913_coords.txt
912,371913.48,138781.08,847.82,8,pareto_front_results/solution_912_coords.txt
911,371913.48,138781.08,847.82,8,pareto_front_results/solution_911_coords.txt
910,371913.48,138781.08,847.82,8,pareto_front_results/solution_910_coords.txt
909,371913.48,138781.08,847.82,8,pareto_front_results/solution_909_coords.txt
945,371913.48,138781.08,847.82,8,pareto_front_results/solution_945_coords.txt
907,371913.48,138781.08,847.82,8,pareto_front_results/solution_907_coords.txt
906,371913.48,138781.08,847.82,8,pareto_front_results/solution_906_coords.txt
905,371913.48,138781.08,847.82,8,pareto_front_results/solution_905_coords.txt
904,371913.48,138781.08,847.82,8,pareto_front_results/solution_904_coords.txt
903,371913.48,138781.08,847.82,8,pareto_front_results/solution_903_coords.txt
902,371913.48,138781.08,847.82,8,pareto_front_results/solution_902_coords.txt
933,371913.48,138781.08,847.82,8,pareto_front_results/solution_933_coords.txt
932,371913.48,138781.08,847.82,8,pareto_front_results/solution_932_coords.txt
931,371913.48,138781.08,847.82,8,pareto_front_results/solution_931_coords.txt
908,371913.48,138781.08,847.82,8,pareto_front_results/solution_908_coords.txt
871,371913.48,138781.08,847.82,8,pareto_front_results/solution_871_coords.txt
870,371913.48,138781.08,847.82,8,pareto_front_results/solution_870_coords.txt
901,371913.48,138781.08,847.82,8,pareto_front_results/solution_901_coords.txt
900,371913.48,138781.08,847.82,8,pareto_front_results/solution_900_coords.txt
899,371913.48,138781.08,847.82,8,pareto_front_results/solution_899_coords.txt
898,371913.48,138781.08,847.82,8,pareto_front_results/solution_898_coords.txt
897,371913.48,138781.08,847.82,8,pareto_front_results/solution_897_coords.txt
896,371913.48,138781.08,847.82,8,pareto_front_results/solution_896_coords.txt
917,371913.48,138781.08,847.82,8,pareto_front_results/solution_917_coords.txt
894,371913.48,138781.08,847.82,8,pareto_front_results/solution_894_coords.txt
893,371913.48,138781.08,847.82,8,pareto_front_results/solution_893_coords.txt
892,371913.48,138781.08,847.82,8,pareto_front_results/solution_892_coords.txt
891,371913.48,138781.08,847.82,8,pareto_front_results/solution_891_coords.txt
890,371913.48,138781.08,847.82,8,pareto_front_results/solution_890_coords.txt
889,371913.48,138781.08,847.82,8,pareto_front_results/solution_889_coords.txt
888,371913.48,138781.08,847.82,8,pareto_front_results/solution_888_coords.txt
887,371913.48,138781.08,847.82,8,pareto_front_results/solution_887_coords.txt
886,371913.48,138781.08,847.82,8,pareto_front_results/solution_886_coords.txt
895,371913.48,138781.08,847.82,8,pareto_front_results/solution_895_coords.txt
942,371913.48,138781.08,847.82,8,pareto_front_results/solution_942_coords.txt
941,371913.48,138781.08,847.82,8,pareto_front_results/solution_941_coords.txt
940,371913.48,138781.08,847.82,8,pareto_front_results/solution_940_coords.txt
939,371913.48,138781.08,847.82,8,pareto_front_results/solution_939_coords.txt
938,371913.48,138781.08,847.82,8,pareto_front_results/solution_938_coords.txt
937,371913.48,138781.08,847.82,8,pareto_front_results/solution_937_coords.txt
936,371913.48,138781.08,847.82,8,pareto_front_results/solution_936_coords.txt
935,371913.48,138781.08,847.82,8,pareto_front_results/solution_935_coords.txt
930,371913.48,138781.08,847.82,8,pareto_front_results/solution_930_coords.txt
965,371913.48,138781.08,847.82,8,pareto_front_results/solution_965_coords.txt
964,371913.48,138781.08,847.82,8,pareto_front_results/solution_964_coords.txt
963,371913.48,138781.08,847.82,8,pareto_front_results/solution_963_coords.txt
962,371913.48,138781.08,847.82,8,pareto_front_results/solution_962_coords.txt
961,371913.48,138781.08,847.82,8,pareto_front_results/solution_961_coords.txt
960,371913.48,138781.08,847.82,8,pareto_front_results/solution_960_coords.txt
959,371913.48,138781.08,847.82,8,pareto_front_results/solution_959_coords.txt
958,371913.48,138781.08,847.82,8,pareto_front_results/solution_958_coords.txt
957,371913.48,138781.08,847.82,8,pareto_front_results/solution_957_coords.txt
934,371913.48,138781.08,847.82,8,pareto_front_results/solution_934_coords.txt
929,371913.48,138781.08,847.82,8,pareto_front_results/solution_929_coords.txt
928,371913.48,138781.08,847.82,8,pareto_front_results/solution_928_coords.txt
927,371913.48,138781.08,847.82,8,pareto_front_results/solution_927_coords.txt
926,371913.48,138781.08,847.82,8,pareto_front_results/solution_926_coords.txt
925,371913.48,138781.08,847.82,8,pareto_front_results/solution_925_coords.txt
924,371913.48,138781.08,847.82,8,pareto_front_results/solution_924_coords.txt
923,371913.48,138781.08,847.82,8,pareto_front_results/solution_923_coords.txt
922,371913.48,138781.08,847.82,8,pareto_front_results/solution_922_coords.txt
943,371913.48,138781.08,847.82,8,pareto_front_results/solution_943_coords.txt
920,371913.48,138781.08,847.82,8,pareto_front_results/solution_920_coords.txt
919,371913.48,138781.08,847.82,8,pareto_front_results/solution_919_coords.txt
918,371913.48,138781.08,847.82,8,pareto_front_results/solution_918_coords.txt
949,371913.48,138781.08,847.82,8,pareto_front_results/solution_949_coords.txt
948,371913.48,138781.08,847.82,8,pareto_front_results/solution_948_coords.txt
947,371913.48,138781.08,847.82,8,pareto_front_results/solution_947_coords.txt
946,371913.48,138781.08,847.82,8,pareto_front_results/solution_946_coords.txt
1040,371913.48,138781.08,847.82,8,pareto_front_results/solution_1040_coords.txt
944,371913.48,138781.08,847.82,8,pareto_front_results/solution_944_coords.txt
921,371913.48,138781.08,847.82,8,pareto_front_results/solution_921_coords.txt
1135,371913.48,138781.08,847.82,8,pareto_front_results/solution_1135_coords.txt
1134,371913.48,138781.08,847.82,8,pareto_front_results/solution_1134_coords.txt
1133,371913.48,138781.08,847.82,8,pareto_front_results/solution_1133_coords.txt
1132,371913.48,138781.08,847.82,8,pareto_front_results/solution_1132_coords.txt
1131,371913.48,138781.08,847.82,8,pareto_front_results/solution_1131_coords.txt
1130,371913.48,138781.08,847.82,8,pareto_front_results/solution_1130_coords.txt
1129,371913.48,138781.08,847.82,8,pareto_front_results/solution_1129_coords.txt
1128,371913.48,138781.08,847.82,8,pareto_front_results/solution_1128_coords.txt
1051,371913.48,138781.08,847.82,8,pareto_front_results/solution_1051_coords.txt
1126,371913.48,138781.08,847.82,8,pareto_front_results/solution_1126_coords.txt
1157,371913.48,138781.08,847.82,8,pareto_front_results/solution_1157_coords.txt
1156,371913.48,138781.08,847.82,8,pareto_front_results/solution_1156_coords.txt
1155,371913.48,138781.08,847.82,8,pareto_front_results/solution_1155_coords.txt
1154,371913.48,138781.08,847.82,8,pareto_front_results/solution_1154_coords.txt
1153,371913.48,138781.08,847.82,8,pareto_front_results/solution_1153_coords.txt
1152,371913.48,138781.08,847.82,8,pareto_front_results/solution_1152_coords.txt
1151,371913.48,138781.08,847.82,8,pareto_front_results/solution_1151_coords.txt
1150,371913.48,138781.08,847.82,8,pareto_front_results/solution_1150_coords.txt
1127,371913.48,138781.08,847.82,8,pareto_front_results/solution_1127_coords.txt
1122,371913.48,138781.08,847.82,8,pareto_front_results/solution_1122_coords.txt
1121,371913.48,138781.08,847.82,8,pareto_front_results/solution_1121_coords.txt
1120,371913.48,138781.08,847.82,8,pareto_front_results/solution_1120_coords.txt
1119,371913.48,138781.08,847.82,8,pareto_front_results/solution_1119_coords.txt
1118,371913.48,138781.08,847.82,8,pareto_front_results/solution_1118_coords.txt
1117,371913.48,138781.08,847.82,8,pareto_front_results/solution_1117_coords.txt
1116,371913.48,138781.08,847.82,8,pareto_front_results/solution_1116_coords.txt
1115,371913.48,138781.08,847.82,8,pareto_front_results/solution_1115_coords.txt
1136,371913.48,138781.08,847.82,8,pareto_front_results/solution_1136_coords.txt
1113,371913.48,138781.08,847.82,8,pareto_front_results/solution_1113_coords.txt
1112,371913.48,138781.08,847.82,8,pareto_front_results/solution_1112_coords.txt
1111,371913.48,138781.08,847.82,8,pareto_front_results/solution_1111_coords.txt
1110,371913.48,138781.08,847.82,8,pareto_front_results/solution_1110_coords.txt
1141,371913.48,138781.08,847.82,8,pareto_front_results/solution_1141_coords.txt
1140,371913.48,138781.08,847.82,8,pareto_front_results/solution_1140_coords.txt
1139,371913.48,138781.08,847.82,8,pareto_front_results/solution_1139_coords.txt
1138,371913.48,138781.08,847.82,8,pareto_front_results/solution_1138_coords.txt
1137,371913.48,138781.08,847.82,8,pareto_front_results/solution_1137_coords.txt
1114,371913.48,138781.08,847.82,8,pareto_front_results/solution_1114_coords.txt
1161,371913.48,138781.08,847.82,8,pareto_front_results/solution_1161_coords.txt
1160,371913.48,138781.08,847.82,8,pareto_front_results/solution_1160_coords.txt
1159,371913.48,138781.08,847.82,8,pareto_front_results/solution_1159_coords.txt
1174,371913.48,138781.08,847.82,8,pareto_front_results/solution_1174_coords.txt
1188,371913.48,138781.08,847.82,8,pareto_front_results/solution_1188_coords.txt
1187,371913.48,138781.08,847.82,8,pareto_front_results/solution_1187_coords.txt
1186,371913.48,138781.08,847.82,8,pareto_front_results/solution_1186_coords.txt
1185,371913.48,138781.08,847.82,8,pareto_front_results/solution_1185_coords.txt
1149,371913.48,138781.08,847.82,8,pareto_front_results/solution_1149_coords.txt
1183,371913.48,138781.08,847.82,8,pareto_front_results/solution_1183_coords.txt
1182,371913.48,138781.08,847.82,8,pareto_front_results/solution_1182_coords.txt
1181,371913.48,138781.08,847.82,8,pareto_front_results/solution_1181_coords.txt
1180,371913.48,138781.08,847.82,8,pareto_front_results/solution_1180_coords.txt
1179,371913.48,138781.08,847.82,8,pareto_front_results/solution_1179_coords.txt
1178,371913.48,138781.08,847.82,8,pareto_front_results/solution_1178_coords.txt
1177,371913.48,138781.08,847.82,8,pareto_front_results/solution_1177_coords.txt
1176,371913.48,138781.08,847.82,8,pareto_front_results/solution_1176_coords.txt
1175,371913.48,138781.08,847.82,8,pareto_front_results/solution_1175_coords.txt
1184,371913.48,138781.08,847.82,8,pareto_front_results/solution_1184_coords.txt
1148,371913.48,138781.08,847.82,8,pareto_front_results/solution_1148_coords.txt
1147,371913.48,138781.08,847.82,8,pareto_front_results/solution_1147_coords.txt
1146,371913.48,138781.08,847.82,8,pareto_front_results/solution_1146_coords.txt
1145,371913.48,138781.08,847.82,8,pareto_front_results/solution_1145_coords.txt
1144,371913.48,138781.08,847.82,8,pareto_front_results/solution_1144_coords.txt
1143,371913.48,138781.08,847.82,8,pareto_front_results/solution_1143_coords.txt
1142,371913.48,138781.08,847.82,8,pareto_front_results/solution_1142_coords.txt
1189,371913.48,138781.08,847.82,8,pareto_front_results/solution_1189_coords.txt
1162,371913.48,138781.08,847.82,8,pareto_front_results/solution_1162_coords.txt
1171,371913.48,138781.08,847.82,8,pareto_front_results/solution_1171_coords.txt
1170,371913.48,138781.08,847.82,8,pareto_front_results/solution_1170_coords.txt
1169,371913.48,138781.08,847.82,8,pareto_front_results/solution_1169_coords.txt
1168,371913.48,138781.08,847.82,8,pareto_front_results/solution_1168_coords.txt
1167,371913.48,138781.08,847.82,8,pareto_front_results/solution_1167_coords.txt
1166,371913.48,138781.08,847.82,8,pareto_front_results/solution_1166_coords.txt
1165,371913.48,138781.08,847.82,8,pareto_front_results/solution_1165_coords.txt
1164,371913.48,138781.08,847.82,8,pareto_front_results/solution_1164_coords.txt
1163,371913.48,138781.08,847.82,8,pareto_front_results/solution_1163_coords.txt
1172,371913.48,138781.08,847.82,8,pareto_front_results/solution_1172_coords.txt
1052,371913.48,138781.08,847.82,8,pareto_front_results/solution_1052_coords.txt
872,371913.48,138781.08,847.82,8,pareto_front_results/solution_872_coords.txt
1050,371913.48,138781.08,847.82,8,pareto_front_results/solution_1050_coords.txt
1049,371913.48,138781.08,847.82,8,pareto_front_results/solution_1049_coords.txt
1048,371913.48,138781.08,847.82,8,pareto_front_results/solution_1048_coords.txt
1047,371913.48,138781.08,847.82,8,pareto_front_results/solution_1047_coords.txt
1046,371913.48,138781.08,847.82,8,pareto_front_results/solution_1046_coords.txt
1077,371913.48,138781.08,847.82,8,pareto_front_results/solution_1077_coords.txt
1123,371913.48,138781.08,847.82,8,pareto_front_results/solution_1123_coords.txt
1075,371913.48,138781.08,847.82,8,pareto_front_results/solution_1075_coords.txt
1074,371913.48,138781.08,847.82,8,pareto_front_results/solution_1074_coords.txt
1073,371913.48,138781.08,847.82,8,pareto_front_results/solution_1073_coords.txt
1072,371913.48,138781.08,847.82,8,pareto_front_results/solution_1072_coords.txt
1071,371913.48,138781.08,847.82,8,pareto_front_results/solution_1071_coords.txt
1070,371913.48,138781.08,847.82,8,pareto_front_results/solution_1070_coords.txt
1069,371913.48,138781.08,847.82,8,pareto_front_results/solution_1069_coords.txt
1068,371913.48,138781.08,847.82,8,pareto_front_results/solution_1068_coords.txt
1067,371913.48,138781.08,847.82,8,pareto_front_results/solution_1067_coords.txt
1076,371913.48,138781.08,847.82,8,pareto_front_results/solution_1076_coords.txt
1039,371913.48,138781.08,847.82,8,pareto_front_results/solution_1039_coords.txt
1038,371913.48,138781.08,847.82,8,pareto_front_results/solution_1038_coords.txt
1037,371913.48,138781.08,847.82,8,pareto_front_results/solution_1037_coords.txt
1036,371913.48,138781.08,847.82,8,pareto_front_results/solution_1036_coords.txt
1035,371913.48,138781.08,847.82,8,pareto_front_results/solution_1035_coords.txt
1034,371913.48,138781.08,847.82,8,pareto_front_results/solution_1034_coords.txt
1033,371913.48,138781.08,847.82,8,pareto_front_results/solution_1033_coords.txt
1032,371913.48,138781.08,847.82,8,pareto_front_results/solution_1032_coords.txt
1053,371913.48,138781.08,847.82,8,pareto_front_results/solution_1053_coords.txt
1030,371913.48,138781.08,847.82,8,pareto_front_results/solution_1030_coords.txt
1061,371913.48,138781.08,847.82,8,pareto_front_results/solution_1061_coords.txt
1060,371913.48,138781.08,847.82,8,pareto_front_results/solution_1060_coords.txt
1059,371913.48,138781.08,847.82,8,pareto_front_results/solution_1059_coords.txt
1058,371913.48,138781.08,847.82,8,pareto_front_results/solution_1058_coords.txt
1057,371913.48,138781.08,847.82,8,pareto_front_results/solution_1057_coords.txt
1056,371913.48,138781.08,847.82,8,pareto_front_results/solution_1056_coords.txt
1055,371913.48,138781.08,847.82,8,pareto_front_results/solution_1055_coords.txt
1054,371913.48,138781.08,847.82,8,pareto_front_results/solution_1054_coords.txt
1031,371913.48,138781.08,847.82,8,pareto_front_results/solution_1031_coords.txt
1109,371913.48,138781.08,847.82,8,pareto_front_results/solution_1109_coords.txt
1108,371913.48,138781.08,847.82,8,pareto_front_results/solution_1108_coords.txt
1107,371913.48,138781.08,847.82,8,pareto_front_results/solution_1107_coords.txt
1106,371913.48,138781.08,847.82,8,pareto_front_results/solution_1106_coords.txt
1105,371913.48,138781.08,847.82,8,pareto_front_results/solution_1105_coords.txt
1104,371913.48,138781.08,847.82,8,pareto_front_results/solution_1104_coords.txt
1103,371913.48,138781.08,847.82,8,pareto_front_results/solution_1103_coords.txt
1102,371913.48,138781.08,847.82,8,pareto_front_results/solution_1102_coords.txt
1066,371913.48,138781.08,847.82,8,pareto_front_results/solution_1066_coords.txt
1100,371913.48,138781.08,847.82,8,pareto_front_results/solution_1100_coords.txt
1099,371913.48,138781.08,847.82,8,pareto_front_results/solution_1099_coords.txt
1098,371913.48,138781.08,847.82,8,pareto_front_results/solution_1098_coords.txt
1097,371913.48,138781.08,847.82,8,pareto_front_results/solution_1097_coords.txt
1096,371913.48,138781.08,847.82,8,pareto_front_results/solution_1096_coords.txt
1095,371913.48,138781.08,847.82,8,pareto_front_results/solution_1095_coords.txt
1094,371913.48,138781.08,847.82,8,pareto_front_results/solution_1094_coords.txt
1125,371913.48,138781.08,847.82,8,pareto_front_results/solution_1125_coords.txt
1124,371913.48,138781.08,847.82,8,pareto_front_results/solution_1124_coords.txt
1101,371913.48,138781.08,847.82,8,pareto_front_results/solution_1101_coords.txt
1065,371913.48,138781.08,847.82,8,pareto_front_results/solution_1065_coords.txt
1064,371913.48,138781.08,847.82,8,pareto_front_results/solution_1064_coords.txt
1063,371913.48,138781.08,847.82,8,pareto_front_results/solution_1063_coords.txt
1062,371913.48,138781.08,847.82,8,pareto_front_results/solution_1062_coords.txt
1093,371913.48,138781.08,847.82,8,pareto_front_results/solution_1093_coords.txt
1092,371913.48,138781.08,847.82,8,pareto_front_results/solution_1092_coords.txt
1091,371913.48,138781.08,847.82,8,pareto_front_results/solution_1091_coords.txt
1090,371913.48,138781.08,847.82,8,pareto_front_results/solution_1090_coords.txt
1089,371913.48,138781.08,847.82,8,pareto_front_results/solution_1089_coords.txt
1078,371913.48,138781.08,847.82,8,pareto_front_results/solution_1078_coords.txt
1087,371913.48,138781.08,847.82,8,pareto_front_results/solution_1087_coords.txt
1086,371913.48,138781.08,847.82,8,pareto_front_results/solution_1086_coords.txt
1085,371913.48,138781.08,847.82,8,pareto_front_results/solution_1085_coords.txt
1084,371913.48,138781.08,847.82,8,pareto_front_results/solution_1084_coords.txt
1083,371913.48,138781.08,847.82,8,pareto_front_results/solution_1083_coords.txt
1082,371913.48,138781.08,847.82,8,pareto_front_results/solution_1082_coords.txt
1081,371913.48,138781.08,847.82,8,pareto_front_results/solution_1081_coords.txt
1080,371913.48,138781.08,847.82,8,pareto_front_results/solution_1080_coords.txt
1079,371913.48,138781.08,847.82,8,pareto_front_results/solution_1079_coords.txt
1088,371913.48,138781.08,847.82,8,pareto_front_results/solution_1088_coords.txt
666,371913.48,138781.08,847.82,8,pareto_front_results/solution_666_coords.txt
665,371913.48,138781.08,847.82,8,pareto_front_results/solution_665_coords.txt
664,371913.48,138781.08,847.82,8,pareto_front_results/solution_664_coords.txt
663,371913.48,138781.08,847.82,8,pareto_front_results/solution_663_coords.txt
662,371913.48,138781.08,847.82,8,pareto_front_results/solution_662_coords.txt
693,371913.48,138781.08,847.82,8,pareto_front_results/solution_693_coords.txt
692,371913.48,138781.08,847.82,8,pareto_front_results/solution_692_coords.txt
691,371913.48,138781.08,847.82,8,pareto_front_results/solution_691_coords.txt
861,371913.48,138781.08,847.82,8,pareto_front_results/solution_861_coords.txt
689,371913.48,138781.08,847.82,8,pareto_front_results/solution_689_coords.txt
688,371913.48,138781.08,847.82,8,pareto_front_results/solution_688_coords.txt
687,371913.48,138781.08,847.82,8,pareto_front_results/solution_687_coords.txt
686,371913.48,138781.08,847.82,8,pareto_front_results/solution_686_coords.txt
685,371913.48,138781.08,847.82,8,pareto_front_results/solution_685_coords.txt
684,371913.48,138781.08,847.82,8,pareto_front_results/solution_684_coords.txt
683,371913.48,138781.08,847.82,8,pareto_front_results/solution_683_coords.txt
682,371913.48,138781.08,847.82,8,pareto_front_results/solution_682_coords.txt
681,371913.48,138781.08,847.82,8,pareto_front_results/solution_681_coords.txt
690,371913.48,138781.08,847.82,8,pareto_front_results/solution_690_coords.txt
653,371913.48,138781.08,847.82,8,pareto_front_results/solution_653_coords.txt
652,371913.48,138781.08,847.82,8,pareto_front_results/solution_652_coords.txt
651,371913.48,138781.08,847.82,8,pareto_front_results/solution_651_coords.txt
650,371913.48,138781.08,847.82,8,pareto_front_results/solution_650_coords.txt
649,371913.48,138781.08,847.82,8,pareto_front_results/solution_649_coords.txt
648,371913.48,138781.08,847.82,8,pareto_front_results/solution_648_coords.txt
647,371913.48,138781.08,847.82,8,pareto_front_results/solution_647_coords.txt
646,371913.48,138781.08,847.82,8,pareto_front_results/solution_646_coords.txt
667,371913.48,138781.08,847.82,8,pareto_front_results/solution_667_coords.txt
676,371913.48,138781.08,847.82,8,pareto_front_results/solution_676_coords.txt
675,371913.48,138781.08,847.82,8,pareto_front_results/solution_675_coords.txt
674,371913.48,138781.08,847.82,8,pareto_front_results/solution_674_coords.txt
673,371913.48,138781.08,847.82,8,pareto_front_results/solution_673_coords.txt
672,371913.48,138781.08,847.82,8,pareto_front_results/solution_672_coords.txt
671,371913.48,138781.08,847.82,8,pareto_front_results/solution_671_coords.txt
670,371913.48,138781.08,847.82,8,pareto_front_results/solution_670_coords.txt
669,371913.48,138781.08,847.82,8,pareto_front_results/solution_669_coords.txt
668,371913.48,138781.08,847.82,8,pareto_front_results/solution_668_coords.txt
677,371913.48,138781.08,847.82,8,pareto_front_results/solution_677_coords.txt
724,371913.48,138781.08,847.82,8,pareto_front_results/solution_724_coords.txt
723,371913.48,138781.08,847.82,8,pareto_front_results/solution_723_coords.txt
722,371913.48,138781.08,847.82,8,pareto_front_results/solution_722_coords.txt
721,371913.48,138781.08,847.82,8,pareto_front_results/solution_721_coords.txt
720,371913.48,138781.08,847.82,8,pareto_front_results/solution_720_coords.txt
719,371913.48,138781.08,847.82,8,pareto_front_results/solution_719_coords.txt
718,371913.48,138781.08,847.82,8,pareto_front_results/solution_718_coords.txt
717,371913.48,138781.08,847.82,8,pareto_front_results/solution_717_coords.txt
680,371913.48,138781.08,847.82,8,pareto_front_results/solution_680_coords.txt
715,371913.48,138781.08,847.82,8,pareto_front_results/solution_715_coords.txt
714,371913.48,138781.08,847.82,8,pareto_front_results/solution_714_coords.txt
713,371913.48,138781.08,847.82,8,pareto_front_results/solution_713_coords.txt
712,371913.48,138781.08,847.82,8,pareto_front_results/solution_712_coords.txt
711,371913.48,138781.08,847.82,8,pareto_front_results/solution_711_coords.txt
710,371913.48,138781.08,847.82,8,pareto_front_results/solution_710_coords.txt
741,371913.48,138781.08,847.82,8,pareto_front_results/solution_741_coords.txt
740,371913.48,138781.08,847.82,8,pareto_front_results/solution_740_coords.txt
739,371913.48,138781.08,847.82,8,pareto_front_results/solution_739_coords.txt
716,371913.48,138781.08,847.82,8,pareto_front_results/solution_716_coords.txt
679,371913.48,138781.08,847.82,8,pareto_front_results/solution_679_coords.txt
678,371913.48,138781.08,847.82,8,pareto_front_results/solution_678_coords.txt
709,371913.48,138781.08,847.82,8,pareto_front_results/solution_709_coords.txt
708,371913.48,138781.08,847.82,8,pareto_front_results/solution_708_coords.txt
707,371913.48,138781.08,847.82,8,pareto_front_results/solution_707_coords.txt
706,371913.48,138781.08,847.82,8,pareto_front_results/solution_706_coords.txt
705,371913.48,138781.08,847.82,8,pareto_front_results/solution_705_coords.txt
704,371913.48,138781.08,847.82,8,pareto_front_results/solution_704_coords.txt
725,371913.48,138781.08,847.82,8,pareto_front_results/solution_725_coords.txt
702,371913.48,138781.08,847.82,8,pareto_front_results/solution_702_coords.txt
701,371913.48,138781.08,847.82,8,pareto_front_results/solution_701_coords.txt
700,371913.48,138781.08,847.82,8,pareto_front_results/solution_700_coords.txt
699,371913.48,138781.08,847.82,8,pareto_front_results/solution_699_coords.txt
698,371913.48,138781.08,847.82,8,pareto_front_results/solution_698_coords.txt
697,371913.48,138781.08,847.82,8,pareto_front_results/solution_697_coords.txt
696,371913.48,138781.08,847.82,8,pareto_front_results/solution_696_coords.txt
695,371913.48,138781.08,847.82,8,pareto_front_results/solution_695_coords.txt
694,371913.48,138781.08,847.82,8,pareto_front_results/solution_694_coords.txt
703,371913.48,138781.08,847.82,8,pareto_front_results/solution_703_coords.txt
593,371913.48,138781.08,847.82,8,pareto_front_results/solution_593_coords.txt
592,371913.48,138781.08,847.82,8,pareto_front_results/solution_592_coords.txt
613,371913.48,138781.08,847.82,8,pareto_front_results/solution_613_coords.txt
612,371913.48,138781.08,847.82,8,pareto_front_results/solution_612_coords.txt
611,371913.48,138781.08,847.82,8,pareto_front_results/solution_611_coords.txt
610,371913.48,138781.08,847.82,8,pareto_front_results/solution_610_coords.txt
609,371913.48,138781.08,847.82,8,pareto_front_results/solution_609_coords.txt
608,371913.48,138781.08,847.82,8,pareto_front_results/solution_608_coords.txt
654,371913.48,138781.08,847.82,8,pareto_front_results/solution_654_coords.txt
606,371913.48,138781.08,847.82,8,pareto_front_results/solution_606_coords.txt
605,371913.48,138781.08,847.82,8,pareto_front_results/solution_605_coords.txt
604,371913.48,138781.08,847.82,8,pareto_front_results/solution_604_coords.txt
603,371913.48,138781.08,847.82,8,pareto_front_results/solution_603_coords.txt
602,371913.48,138781.08,847.82,8,pareto_front_results/solution_602_coords.txt
601,371913.48,138781.08,847.82,8,pareto_front_results/solution_601_coords.txt
600,371913.48,138781.08,847.82,8,pareto_front_results/solution_600_coords.txt
599,371913.48,138781.08,847.82,8,pareto_front_results/solution_599_coords.txt
598,371913.48,138781.08,847.82,8,pareto_front_results/solution_598_coords.txt
607,371913.48,138781.08,847.82,8,pareto_front_results/solution_607_coords.txt
1201,371913.48,138781.08,847.82,8,pareto_front_results/solution_1201_coords.txt
1200,371913.48,138781.08,847.82,8,pareto_front_results/solution_1200_coords.txt
1199,371913.48,138781.08,847.82,8,pareto_front_results/solution_1199_coords.txt
1198,371913.48,138781.08,847.82,8,pareto_front_results/solution_1198_coords.txt
1197,371913.48,138781.08,847.82,8,pareto_front_results/solution_1197_coords.txt
1196,371913.48,138781.08,847.82,8,pareto_front_results/solution_1196_coords.txt
1195,371913.48,138781.08,847.82,8,pareto_front_results/solution_1195_coords.txt
1194,371913.48,138781.08,847.82,8,pareto_front_results/solution_1194_coords.txt
594,371913.48,138781.08,847.82,8,pareto_front_results/solution_594_coords.txt
1192,371913.48,138781.08,847.82,8,pareto_front_results/solution_1192_coords.txt
1191,371913.48,138781.08,847.82,8,pareto_front_results/solution_1191_coords.txt
1190,371913.48,138781.08,847.82,8,pareto_front_results/solution_1190_coords.txt
1173,371913.48,138781.08,847.82,8,pareto_front_results/solution_1173_coords.txt
1203,371913.48,138781.08,847.82,8,pareto_front_results/solution_1203_coords.txt
1158,371913.48,138781.08,847.82,8,pareto_front_results/solution_1158_coords.txt
597,371913.48,138781.08,847.82,8,pareto_front_results/solution_597_coords.txt
596,371913.48,138781.08,847.82,8,pareto_front_results/solution_596_coords.txt
595,371913.48,138781.08,847.82,8,pareto_front_results/solution_595_coords.txt
1193,371913.48,138781.08,847.82,8,pareto_front_results/solution_1193_coords.txt
640,371913.48,138781.08,847.82,8,pareto_front_results/solution_640_coords.txt
639,371913.48,138781.08,847.82,8,pareto_front_results/solution_639_coords.txt
638,371913.48,138781.08,847.82,8,pareto_front_results/solution_638_coords.txt
637,371913.48,138781.08,847.82,8,pareto_front_results/solution_637_coords.txt
636,371913.48,138781.08,847.82,8,pareto_front_results/solution_636_coords.txt
635,371913.48,138781.08,847.82,8,pareto_front_results/solution_635_coords.txt
634,371913.48,138781.08,847.82,8,pareto_front_results/solution_634_coords.txt
633,371913.48,138781.08,847.82,8,pareto_front_results/solution_633_coords.txt
629,371913.48,138781.08,847.82,8,pareto_front_results/solution_629_coords.txt
631,371913.48,138781.08,847.82,8,pareto_front_results/solution_631_coords.txt
630,371913.48,138781.08,847.82,8,pareto_front_results/solution_630_coords.txt
661,371913.48,138781.08,847.82,8,pareto_front_results/solution_661_coords.txt
660,371913.48,138781.08,847.82,8,pareto_front_results/solution_660_coords.txt
659,371913.48,138781.08,847.82,8,pareto_front_results/solution_659_coords.txt
658,371913.48,138781.08,847.82,8,pareto_front_results/solution_658_coords.txt
657,371913.48,138781.08,847.82,8,pareto_front_results/solution_657_coords.txt
656,371913.48,138781.08,847.82,8,pareto_front_results/solution_656_coords.txt
655,371913.48,138781.08,847.82,8,pareto_front_results/solution_655_coords.txt
632,371913.48,138781.08,847.82,8,pareto_front_results/solution_632_coords.txt
628,371913.48,138781.08,847.82,8,pareto_front_results/solution_628_coords.txt
627,371913.48,138781.08,847.82,8,pareto_front_results/solution_627_coords.txt
626,371913.48,138781.08,847.82,8,pareto_front_results/solution_626_coords.txt
625,371913.48,138781.08,847.82,8,pareto_front_results/solution_625_coords.txt
624,371913.48,138781.08,847.82,8,pareto_front_results/solution_624_coords.txt
623,371913.48,138781.08,847.82,8,pareto_front_results/solution_623_coords.txt
622,371913.48,138781.08,847.82,8,pareto_front_results/solution_622_coords.txt
621,371913.48,138781.08,847.82,8,pareto_front_results/solution_621_coords.txt
620,371913.48,138781.08,847.82,8,pareto_front_results/solution_620_coords.txt
641,371913.48,138781.08,847.82,8,pareto_front_results/solution_641_coords.txt
618,371913.48,138781.08,847.82,8,pareto_front_results/solution_618_coords.txt
617,371913.48,138781.08,847.82,8,pareto_front_results/solution_617_coords.txt
616,371913.48,138781.08,847.82,8,pareto_front_results/solution_616_coords.txt
615,371913.48,138781.08,847.82,8,pareto_front_results/solution_615_coords.txt
614,371913.48,138781.08,847.82,8,pareto_front_results/solution_614_coords.txt
645,371913.48,138781.08,847.82,8,pareto_front_results/solution_645_coords.txt
644,371913.48,138781.08,847.82,8,pareto_front_results/solution_644_coords.txt
643,371913.48,138781.08,847.82,8,pareto_front_results/solution_643_coords.txt
642,371913.48,138781.08,847.82,8,pareto_front_results/solution_642_coords.txt
619,371913.48,138781.08,847.82,8,pareto_front_results/solution_619_coords.txt
833,371913.48,138781.08,847.82,8,pareto_front_results/solution_833_coords.txt
832,371913.48,138781.08,847.82,8,pareto_front_results/solution_832_coords.txt
831,371913.48,138781.08,847.82,8,pareto_front_results/solution_831_coords.txt
830,371913.48,138781.08,847.82,8,pareto_front_results/solution_830_coords.txt
829,371913.48,138781.08,847.82,8,pareto_front_results/solution_829_coords.txt
828,371913.48,138781.08,847.82,8,pareto_front_results/solution_828_coords.txt
827,371913.48,138781.08,847.82,8,pareto_front_results/solution_827_coords.txt
826,371913.48,138781.08,847.82,8,pareto_front_results/solution_826_coords.txt
738,371913.48,138781.08,847.82,8,pareto_front_results/solution_738_coords.txt
824,371913.48,138781.08,847.82,8,pareto_front_results/solution_824_coords.txt
823,371913.48,138781.08,847.82,8,pareto_front_results/solution_823_coords.txt
822,371913.48,138781.08,847.82,8,pareto_front_results/solution_822_coords.txt
853,371913.48,138781.08,847.82,8,pareto_front_results/solution_853_coords.txt
852,371913.48,138781.08,847.82,8,pareto_front_results/solution_852_coords.txt
851,371913.48,138781.08,847.82,8,pareto_front_results/solution_851_coords.txt
850,371913.48,138781.08,847.82,8,pareto_front_results/solution_850_coords.txt
849,371913.48,138781.08,847.82,8,pareto_front_results/solution_849_coords.txt
848,371913.48,138781.08,847.82,8,pareto_front_results/solution_848_coords.txt
825,371913.48,138781.08,847.82,8,pareto_front_results/solution_825_coords.txt
820,371913.48,138781.08,847.82,8,pareto_front_results/solution_820_coords.txt
819,371913.48,138781.08,847.82,8,pareto_front_results/solution_819_coords.txt
818,371913.48,138781.08,847.82,8,pareto_front_results/solution_818_coords.txt
817,371913.48,138781.08,847.82,8,pareto_front_results/solution_817_coords.txt
816,371913.48,138781.08,847.82,8,pareto_front_results/solution_816_coords.txt
815,371913.48,138781.08,847.82,8,pareto_front_results/solution_815_coords.txt
814,371913.48,138781.08,847.82,8,pareto_front_results/solution_814_coords.txt
813,371913.48,138781.08,847.82,8,pareto_front_results/solution_813_coords.txt
834,371913.48,138781.08,847.82,8,pareto_front_results/solution_834_coords.txt
811,371913.48,138781.08,847.82,8,pareto_front_results/solution_811_coords.txt
810,371913.48,138781.08,847.82,8,pareto_front_results/solution_810_coords.txt
809,371913.48,138781.08,847.82,8,pareto_front_results/solution_809_coords.txt
808,371913.48,138781.08,847.82,8,pareto_front_results/solution_808_coords.txt
807,371913.48,138781.08,847.82,8,pareto_front_results/solution_807_coords.txt
806,371913.48,138781.08,847.82,8,pareto_front_results/solution_806_coords.txt
837,371913.48,138781.08,847.82,8,pareto_front_results/solution_837_coords.txt
836,371913.48,138781.08,847.82,8,pareto_front_results/solution_836_coords.txt
835,371913.48,138781.08,847.82,8,pareto_front_results/solution_835_coords.txt
812,371913.48,138781.08,847.82,8,pareto_front_results/solution_812_coords.txt
858,371913.48,138781.08,847.82,8,pareto_front_results/solution_858_coords.txt
857,371913.48,138781.08,847.82,8,pareto_front_results/solution_857_coords.txt
856,371913.48,138781.08,847.82,8,pareto_front_results/solution_856_coords.txt
855,371913.48,138781.08,847.82,8,pareto_front_results/solution_855_coords.txt
854,371913.48,138781.08,847.82,8,pareto_front_results/solution_854_coords.txt
885,371913.48,138781.08,847.82,8,pareto_front_results/solution_885_coords.txt
884,371913.48,138781.08,847.82,8,pareto_front_results/solution_884_coords.txt
883,371913.48,138781.08,847.82,8,pareto_front_results/solution_883_coords.txt
847,371913.48,138781.08,847.82,8,pareto_front_results/solution_847_coords.txt
881,371913.48,138781.08,847.82,8,pareto_front_results/solution_881_coords.txt
880,371913.48,138781.08,847.82,8,pareto_front_results/solution_880_coords.txt
879,371913.48,138781.08,847.82,8,pareto_front_results/solution_879_coords.txt
878,371913.48,138781.08,847.82,8,pareto_front_results/solution_878_coords.txt
877,371913.48,138781.08,847.82,8,pareto_front_results/solution_877_coords.txt
876,371913.48,138781.08,847.82,8,pareto_front_results/solution_876_coords.txt
875,371913.48,138781.08,847.82,8,pareto_front_results/solution_875_coords.txt
874,371913.48,138781.08,847.82,8,pareto_front_results/solution_874_coords.txt
873,371913.48,138781.08,847.82,8,pareto_front_results/solution_873_coords.txt
882,371913.48,138781.08,847.82,8,pareto_front_results/solution_882_coords.txt
846,371913.48,138781.08,847.82,8,pareto_front_results/solution_846_coords.txt
845,371913.48,138781.08,847.82,8,pareto_front_results/solution_845_coords.txt
844,371913.48,138781.08,847.82,8,pareto_front_results/solution_844_coords.txt
843,371913.48,138781.08,847.82,8,pareto_front_results/solution_843_coords.txt
842,371913.48,138781.08,847.82,8,pareto_front_results/solution_842_coords.txt
841,371913.48,138781.08,847.82,8,pareto_front_results/solution_841_coords.txt
840,371913.48,138781.08,847.82,8,pareto_front_results/solution_840_coords.txt
839,371913.48,138781.08,847.82,8,pareto_front_results/solution_839_coords.txt
838,371913.48,138781.08,847.82,8,pareto_front_results/solution_838_coords.txt
859,371913.48,138781.08,847.82,8,pareto_front_results/solution_859_coords.txt
868,371913.48,138781.08,847.82,8,pareto_front_results/solution_868_coords.txt
867,371913.48,138781.08,847.82,8,pareto_front_results/solution_867_coords.txt
866,371913.48,138781.08,847.82,8,pareto_front_results/solution_866_coords.txt
865,371913.48,138781.08,847.82,8,pareto_front_results/solution_865_coords.txt
864,371913.48,138781.08,847.82,8,pareto_front_results/solution_864_coords.txt
863,371913.48,138781.08,847.82,8,pareto_front_results/solution_863_coords.txt
862,371913.48,138781.08,847.82,8,pareto_front_results/solution_862_coords.txt
1202,371913.48,138781.08,847.82,8,pareto_front_results/solution_1202_coords.txt
860,371913.48,138781.08,847.82,8,pareto_front_results/solution_860_coords.txt
869,371913.48,138781.08,847.82,8,pareto_front_results/solution_869_coords.txt
750,371913.48,138781.08,847.82,8,pareto_front_results/solution_750_coords.txt
749,371913.48,138781.08,847.82,8,pareto_front_results/solution_749_coords.txt
748,371913.48,138781.08,847.82,8,pareto_front_results/solution_748_coords.txt
747,371913.48,138781.08,847.82,8,pareto_front_results/solution_747_coords.txt
746,371913.48,138781.08,847.82,8,pareto_front_results/solution_746_coords.txt
745,371913.48,138781.08,847.82,8,pareto_front_results/solution_745_coords.txt
744,371913.48,138781.08,847.82,8,pareto_front_results/solution_744_coords.txt
743,371913.48,138781.08,847.82,8,pareto_front_results/solution_743_coords.txt
821,371913.48,138781.08,847.82,8,pareto_front_results/solution_821_coords.txt
773,371913.48,138781.08,847.82,8,pareto_front_results/solution_773_coords.txt
772,371913.48,138781.08,847.82,8,pareto_front_results/solution_772_coords.txt
771,371913.48,138781.08,847.82,8,pareto_front_results/solution_771_coords.txt
770,371913.48,138781.08,847.82,8,pareto_front_results/solution_770_coords.txt
769,371913.48,138781.08,847.82,8,pareto_front_results/solution_769_coords.txt
768,371913.48,138781.08,847.82,8,pareto_front_results/solution_768_coords.txt
767,371913.48,138781.08,847.82,8,pareto_front_results/solution_767_coords.txt
766,371913.48,138781.08,847.82,8,pareto_front_results/solution_766_coords.txt
765,371913.48,138781.08,847.82,8,pareto_front_results/solution_765_coords.txt
742,371913.48,138781.08,847.82,8,pareto_front_results/solution_742_coords.txt
737,371913.48,138781.08,847.82,8,pareto_front_results/solution_737_coords.txt
736,371913.48,138781.08,847.82,8,pareto_front_results/solution_736_coords.txt
735,371913.48,138781.08,847.82,8,pareto_front_results/solution_735_coords.txt
734,371913.48,138781.08,847.82,8,pareto_front_results/solution_734_coords.txt
733,371913.48,138781.08,847.82,8,pareto_front_results/solution_733_coords.txt
732,371913.48,138781.08,847.82,8,pareto_front_results/solution_732_coords.txt
731,371913.48,138781.08,847.82,8,pareto_front_results/solution_731_coords.txt
730,371913.48,138781.08,847.82,8,pareto_front_results/solution_730_coords.txt
751,371913.48,138781.08,847.82,8,pareto_front_results/solution_751_coords.txt
728,371913.48,138781.08,847.82,8,pareto_front_results/solution_728_coords.txt
727,371913.48,138781.08,847.82,8,pareto_front_results/solution_727_coords.txt
726,371913.48,138781.08,847.82,8,pareto_front_results/solution_726_coords.txt
757,371913.48,138781.08,847.82,8,pareto_front_results/solution_757_coords.txt
756,371913.48,138781.08,847.82,8,pareto_front_results/solution_756_coords.txt
755,371913.48,138781.08,847.82,8,pareto_front_results/solution_755_coords.txt
754,371913.48,138781.08,847.82,8,pareto_front_results/solution_754_coords.txt
753,371913.48,138781.08,847.82,8,pareto_front_results/solution_753_coords.txt
752,371913.48,138781.08,847.82,8,pareto_front_results/solution_752_coords.txt
729,371913.48,138781.08,847.82,8,pareto_front_results/solution_729_coords.txt
775,371913.48,138781.08,847.82,8,pareto_front_results/solution_775_coords.txt
774,371913.48,138781.08,847.82,8,pareto_front_results/solution_774_coords.txt
805,371913.48,138781.08,847.82,8,pareto_front_results/solution_805_coords.txt
804,371913.48,138781.08,847.82,8,pareto_front_results/solution_804_coords.txt
803,371913.48,138781.08,847.82,8,pareto_front_results/solution_803_coords.txt
802,371913.48,138781.08,847.82,8,pareto_front_results/solution_802_coords.txt
801,371913.48,138781.08,847.82,8,pareto_front_results/solution_801_coords.txt
800,371913.48,138781.08,847.82,8,pareto_front_results/solution_800_coords.txt
764,371913.48,138781.08,847.82,8,pareto_front_results/solution_764_coords.txt
798,371913.48,138781.08,847.82,8,pareto_front_results/solution_798_coords.txt
797,371913.48,138781.08,847.82,8,pareto_front_results/solution_797_coords.txt
796,371913.48,138781.08,847.82,8,pareto_front_results/solution_796_coords.txt
795,371913.48,138781.08,847.82,8,pareto_front_results/solution_795_coords.txt
794,371913.48,138781.08,847.82,8,pareto_front_results/solution_794_coords.txt
793,371913.48,138781.08,847.82,8,pareto_front_results/solution_793_coords.txt
792,371913.48,138781.08,847.82,8,pareto_front_results/solution_792_coords.txt
791,371913.48,138781.08,847.82,8,pareto_front_results/solution_791_coords.txt
790,371913.48,138781.08,847.82,8,pareto_front_results/solution_790_coords.txt
799,371913.48,138781.08,847.82,8,pareto_front_results/solution_799_coords.txt
763,371913.48,138781.08,847.82,8,pareto_front_results/solution_763_coords.txt
762,371913.48,138781.08,847.82,8,pareto_front_results/solution_762_coords.txt
761,371913.48,138781.08,847.82,8,pareto_front_results/solution_761_coords.txt
760,371913.48,138781.08,847.82,8,pareto_front_results/solution_760_coords.txt
759,371913.48,138781.08,847.82,8,pareto_front_results/solution_759_coords.txt
758,371913.48,138781.08,847.82,8,pareto_front_results/solution_758_coords.txt
789,371913.48,138781.08,847.82,8,pareto_front_results/solution_789_coords.txt
788,371913.48,138781.08,847.82,8,pareto_front_results/solution_788_coords.txt
787,371913.48,138781.08,847.82,8,pareto_front_results/solution_787_coords.txt
776,371913.48,138781.08,847.82,8,pareto_front_results/solution_776_coords.txt
785,371913.48,138781.08,847.82,8,pareto_front_results/solution_785_coords.txt
784,371913.48,138781.08,847.82,8,pareto_front_results/solution_784_coords.txt
783,371913.48,138781.08,847.82,8,pareto_front_results/solution_783_coords.txt
782,371913.48,138781.08,847.82,8,pareto_front_results/solution_782_coords.txt
781,371913.48,138781.08,847.82,8,pareto_front_results/solution_781_coords.txt
780,371913.48,138781.08,847.82,8,pareto_front_results/solution_780_coords.txt
779,371913.48,138781.08,847.82,8,pareto_front_results/solution_779_coords.txt
778,371913.48,138781.08,847.82,8,pareto_front_results/solution_778_coords.txt
777,371913.48,138781.08,847.82,8,pareto_front_results/solution_777_coords.txt
786,371913.48,138781.08,847.82,8,pareto_front_results/solution_786_coords.txt
1607,369337.91,131511.14,802.65,8,pareto_front_results/solution_1607_coords.txt
1585,369337.91,131511.14,802.65,8,pareto_front_results/solution_1585_coords.txt
1586,369337.91,131511.14,802.65,8,pareto_front_results/solution_1586_coords.txt
1587,369337.91,131511.14,802.65,8,pareto_front_results/solution_1587_coords.txt
1559,369337.91,131511.14,802.65,8,pareto_front_results/solution_1559_coords.txt
1558,369337.91,131511.14,802.65,8,pareto_front_results/solution_1558_coords.txt
1557,369337.91,131511.14,802.65,8,pareto_front_results/solution_1557_coords.txt
1556,369337.91,131511.14,802.65,8,pareto_front_results/solution_1556_coords.txt
1555,369337.91,131511.14,802.65,8,pareto_front_results/solution_1555_coords.txt
1554,369337.91,131511.14,802.65,8,pareto_front_results/solution_1554_coords.txt
1553,369337.91,131511.14,802.65,8,pareto_front_results/solution_1553_coords.txt
1552,369337.91,131511.14,802.65,8,pareto_front_results/solution_1552_coords.txt
1551,369337.91,131511.14,802.65,8,pareto_front_results/solution_1551_coords.txt
1550,369337.91,131511.14,802.65,8,pareto_front_results/solution_1550_coords.txt
1549,369337.91,131511.14,802.65,8,pareto_front_results/solution_1549_coords.txt
1548,369337.91,131511.14,802.65,8,pareto_front_results/solution_1548_coords.txt
1547,369337.91,131511.14,802.65,8,pareto_front_results/solution_1547_coords.txt
1546,369337.91,131511.14,802.65,8,pareto_front_results/solution_1546_coords.txt
1545,369337.91,131511.14,802.65,8,pareto_front_results/solution_1545_coords.txt
1544,369337.91,131511.14,802.65,8,pareto_front_results/solution_1544_coords.txt
1207,369337.91,131511.14,802.65,8,pareto_front_results/solution_1207_coords.txt
1206,369337.91,131511.14,802.65,8,pareto_front_results/solution_1206_coords.txt
1205,369337.91,131511.14,802.65,8,pareto_front_results/solution_1205_coords.txt
1204,369337.91,131511.14,802.65,8,pareto_front_results/solution_1204_coords.txt
1605,369337.91,131511.14,802.65,8,pareto_front_results/solution_1605_coords.txt
1604,369337.91,131511.14,802.65,8,pareto_front_results/solution_1604_coords.txt
1603,369337.91,131511.14,802.65,8,pareto_front_results/solution_1603_coords.txt
1602,369337.91,131511.14,802.65,8,pareto_front_results/solution_1602_coords.txt
1601,369337.91,131511.14,802.65,8,pareto_front_results/solution_1601_coords.txt
1584,369337.91,131511.14,802.65,8,pareto_front_results/solution_1584_coords.txt
1583,369337.91,131511.14,802.65,8,pareto_front_results/solution_1583_coords.txt
1582,369337.91,131511.14,802.65,8,pareto_front_results/solution_1582_coords.txt
1581,369337.91,131511.14,802.65,8,pareto_front_results/solution_1581_coords.txt
1580,369337.91,131511.14,802.65,8,pareto_front_results/solution_1580_coords.txt
1579,369337.91,131511.14,802.65,8,pareto_front_results/solution_1579_coords.txt
1578,369337.91,131511.14,802.65,8,pareto_front_results/solution_1578_coords.txt
1223,369337.91,131511.14,802.65,8,pareto_front_results/solution_1223_coords.txt
1222,369337.91,131511.14,802.65,8,pareto_front_results/solution_1222_coords.txt
1221,369337.91,131511.14,802.65,8,pareto_front_results/solution_1221_coords.txt
1220,369337.91,131511.14,802.65,8,pareto_front_results/solution_1220_coords.txt
1219,369337.91,131511.14,802.65,8,pareto_front_results/solution_1219_coords.txt
1218,369337.91,131511.14,802.65,8,pareto_front_results/solution_1218_coords.txt
1217,369337.91,131511.14,802.65,8,pareto_front_results/solution_1217_coords.txt
1216,369337.91,131511.14,802.65,8,pareto_front_results/solution_1216_coords.txt
1215,369337.91,131511.14,802.65,8,pareto_front_results/solution_1215_coords.txt
1214,369337.91,131511.14,802.65,8,pareto_front_results/solution_1214_coords.txt
1213,369337.91,131511.14,802.65,8,pareto_front_results/solution_1213_coords.txt
1212,369337.91,131511.14,802.65,8,pareto_front_results/solution_1212_coords.txt
1211,369337.91,131511.14,802.65,8,pareto_front_results/solution_1211_coords.txt
1210,369337.91,131511.14,802.65,8,pareto_front_results/solution_1210_coords.txt
1209,369337.91,131511.14,802.65,8,pareto_front_results/solution_1209_coords.txt
1208,369337.91,131511.14,802.65,8,pareto_front_results/solution_1208_coords.txt
1239,369337.91,131511.14,802.65,8,pareto_front_results/solution_1239_coords.txt
1238,369337.91,131511.14,802.65,8,pareto_front_results/solution_1238_coords.txt
1237,369337.91,131511.14,802.65,8,pareto_front_results/solution_1237_coords.txt
1236,369337.91,131511.14,802.65,8,pareto_front_results/solution_1236_coords.txt
1235,369337.91,131511.14,802.65,8,pareto_front_results/solution_1235_coords.txt
1234,369337.91,131511.14,802.65,8,pareto_front_results/solution_1234_coords.txt
1233,369337.91,131511.14,802.65,8,pareto_front_results/solution_1233_coords.txt
1232,369337.91,131511.14,802.65,8,pareto_front_results/solution_1232_coords.txt
1231,369337.91,131511.14,802.65,8,pareto_front_results/solution_1231_coords.txt
1230,369337.91,131511.14,802.65,8,pareto_front_results/solution_1230_coords.txt
1229,369337.91,131511.14,802.65,8,pareto_front_results/solution_1229_coords.txt
1228,369337.91,131511.14,802.65,8,pareto_front_results/solution_1228_coords.txt
1227,369337.91,131511.14,802.65,8,pareto_front_results/solution_1227_coords.txt
1226,369337.91,131511.14,802.65,8,pareto_front_results/solution_1226_coords.txt
1225,369337.91,131511.14,802.65,8,pareto_front_results/solution_1225_coords.txt
1224,369337.91,131511.14,802.65,8,pareto_front_results/solution_1224_coords.txt
1255,369337.91,131511.14,802.65,8,pareto_front_results/solution_1255_coords.txt
1254,369337.91,131511.14,802.65,8,pareto_front_results/solution_1254_coords.txt
1253,369337.91,131511.14,802.65,8,pareto_front_results/solution_1253_coords.txt
1252,369337.91,131511.14,802.65,8,pareto_front_results/solution_1252_coords.txt
1251,369337.91,131511.14,802.65,8,pareto_front_results/solution_1251_coords.txt
1250,369337.91,131511.14,802.65,8,pareto_front_results/solution_1250_coords.txt
1249,369337.91,131511.14,802.65,8,pareto_front_results/solution_1249_coords.txt
1248,369337.91,131511.14,802.65,8,pareto_front_results/solution_1248_coords.txt
1247,369337.91,131511.14,802.65,8,pareto_front_results/solution_1247_coords.txt
1246,369337.91,131511.14,802.65,8,pareto_front_results/solution_1246_coords.txt
1245,369337.91,131511.14,802.65,8,pareto_front_results/solution_1245_coords.txt
1244,369337.91,131511.14,802.65,8,pareto_front_results/solution_1244_coords.txt
1243,369337.91,131511.14,802.65,8,pareto_front_results/solution_1243_coords.txt
1242,369337.91,131511.14,802.65,8,pareto_front_results/solution_1242_coords.txt
1241,369337.91,131511.14,802.65,8,pareto_front_results/solution_1241_coords.txt
1240,369337.91,131511.14,802.65,8,pareto_front_results/solution_1240_coords.txt
1271,369337.91,131511.14,802.65,8,pareto_front_results/solution_1271_coords.txt
1270,369337.91,131511.14,802.65,8,pareto_front_results/solution_1270_coords.txt
1269,369337.91,131511.14,802.65,8,pareto_front_results/solution_1269_coords.txt
1268,369337.91,131511.14,802.65,8,pareto_front_results/solution_1268_coords.txt
1267,369337.91,131511.14,802.65,8,pareto_front_results/solution_1267_coords.txt
1266,369337.91,131511.14,802.65,8,pareto_front_results/solution_1266_coords.txt
1265,369337.91,131511.14,802.65,8,pareto_front_results/solution_1265_coords.txt
1264,369337.91,131511.14,802.65,8,pareto_front_results/solution_1264_coords.txt
1263,369337.91,131511.14,802.65,8,pareto_front_results/solution_1263_coords.txt
1262,369337.91,131511.14,802.65,8,pareto_front_results/solution_1262_coords.txt
1261,369337.91,131511.14,802.65,8,pareto_front_results/solution_1261_coords.txt
1260,369337.91,131511.14,802.65,8,pareto_front_results/solution_1260_coords.txt
1259,369337.91,131511.14,802.65,8,pareto_front_results/solution_1259_coords.txt
1258,369337.91,131511.14,802.65,8,pareto_front_results/solution_1258_coords.txt
1257,369337.91,131511.14,802.65,8,pareto_front_results/solution_1257_coords.txt
1256,369337.91,131511.14,802.65,8,pareto_front_results/solution_1256_coords.txt
1287,369337.91,131511.14,802.65,8,pareto_front_results/solution_1287_coords.txt
1286,369337.91,131511.14,802.65,8,pareto_front_results/solution_1286_coords.txt
1285,369337.91,131511.14,802.65,8,pareto_front_results/solution_1285_coords.txt
1284,369337.91,131511.14,802.65,8,pareto_front_results/solution_1284_coords.txt
1283,369337.91,131511.14,802.65,8,pareto_front_results/solution_1283_coords.txt
1282,369337.91,131511.14,802.65,8,pareto_front_results/solution_1282_coords.txt
1281,369337.91,131511.14,802.65,8,pareto_front_results/solution_1281_coords.txt
1280,369337.91,131511.14,802.65,8,pareto_front_results/solution_1280_coords.txt
1279,369337.91,131511.14,802.65,8,pareto_front_results/solution_1279_coords.txt
1278,369337.91,131511.14,802.65,8,pareto_front_results/solution_1278_coords.txt
1277,369337.91,131511.14,802.65,8,pareto_front_results/solution_1277_coords.txt
1276,369337.91,131511.14,802.65,8,pareto_front_results/solution_1276_coords.txt
1275,369337.91,131511.14,802.65,8,pareto_front_results/solution_1275_coords.txt
1274,369337.91,131511.14,802.65,8,pareto_front_results/solution_1274_coords.txt
1273,369337.91,131511.14,802.65,8,pareto_front_results/solution_1273_coords.txt
1272,369337.91,131511.14,802.65,8,pareto_front_results/solution_1272_coords.txt
1303,369337.91,131511.14,802.65,8,pareto_front_results/solution_1303_coords.txt
1302,369337.91,131511.14,802.65,8,pareto_front_results/solution_1302_coords.txt
1301,369337.91,131511.14,802.65,8,pareto_front_results/solution_1301_coords.txt
1300,369337.91,131511.14,802.65,8,pareto_front_results/solution_1300_coords.txt
1299,369337.91,131511.14,802.65,8,pareto_front_results/solution_1299_coords.txt
1298,369337.91,131511.14,802.65,8,pareto_front_results/solution_1298_coords.txt
1297,369337.91,131511.14,802.65,8,pareto_front_results/solution_1297_coords.txt
1296,369337.91,131511.14,802.65,8,pareto_front_results/solution_1296_coords.txt
1295,369337.91,131511.14,802.65,8,pareto_front_results/solution_1295_coords.txt
1294,369337.91,131511.14,802.65,8,pareto_front_results/solution_1294_coords.txt
1293,369337.91,131511.14,802.65,8,pareto_front_results/solution_1293_coords.txt
1292,369337.91,131511.14,802.65,8,pareto_front_results/solution_1292_coords.txt
1291,369337.91,131511.14,802.65,8,pareto_front_results/solution_1291_coords.txt
1290,369337.91,131511.14,802.65,8,pareto_front_results/solution_1290_coords.txt
1289,369337.91,131511.14,802.65,8,pareto_front_results/solution_1289_coords.txt
1288,369337.91,131511.14,802.65,8,pareto_front_results/solution_1288_coords.txt
1319,369337.91,131511.14,802.65,8,pareto_front_results/solution_1319_coords.txt
1318,369337.91,131511.14,802.65,8,pareto_front_results/solution_1318_coords.txt
1317,369337.91,131511.14,802.65,8,pareto_front_results/solution_1317_coords.txt
1316,369337.91,131511.14,802.65,8,pareto_front_results/solution_1316_coords.txt
1315,369337.91,131511.14,802.65,8,pareto_front_results/solution_1315_coords.txt
1314,369337.91,131511.14,802.65,8,pareto_front_results/solution_1314_coords.txt
1313,369337.91,131511.14,802.65,8,pareto_front_results/solution_1313_coords.txt
1312,369337.91,131511.14,802.65,8,pareto_front_results/solution_1312_coords.txt
1311,369337.91,131511.14,802.65,8,pareto_front_results/solution_1311_coords.txt
1310,369337.91,131511.14,802.65,8,pareto_front_results/solution_1310_coords.txt
1309,369337.91,131511.14,802.65,8,pareto_front_results/solution_1309_coords.txt
1308,369337.91,131511.14,802.65,8,pareto_front_results/solution_1308_coords.txt
1307,369337.91,131511.14,802.65,8,pareto_front_results/solution_1307_coords.txt
1306,369337.91,131511.14,802.65,8,pareto_front_results/solution_1306_coords.txt
1305,369337.91,131511.14,802.65,8,pareto_front_results/solution_1305_coords.txt
1304,369337.91,131511.14,802.65,8,pareto_front_results/solution_1304_coords.txt
1335,369337.91,131511.14,802.65,8,pareto_front_results/solution_1335_coords.txt
1334,369337.91,131511.14,802.65,8,pareto_front_results/solution_1334_coords.txt
1333,369337.91,131511.14,802.65,8,pareto_front_results/solution_1333_coords.txt
1332,369337.91,131511.14,802.65,8,pareto_front_results/solution_1332_coords.txt
1331,369337.91,131511.14,802.65,8,pareto_front_results/solution_1331_coords.txt
1330,369337.91,131511.14,802.65,8,pareto_front_results/solution_1330_coords.txt
1329,369337.91,131511.14,802.65,8,pareto_front_results/solution_1329_coords.txt
1328,369337.91,131511.14,802.65,8,pareto_front_results/solution_1328_coords.txt
1327,369337.91,131511.14,802.65,8,pareto_front_results/solution_1327_coords.txt
1326,369337.91,131511.14,802.65,8,pareto_front_results/solution_1326_coords.txt
1325,369337.91,131511.14,802.65,8,pareto_front_results/solution_1325_coords.txt
1324,369337.91,131511.14,802.65,8,pareto_front_results/solution_1324_coords.txt
1323,369337.91,131511.14,802.65,8,pareto_front_results/solution_1323_coords.txt
1322,369337.91,131511.14,802.65,8,pareto_front_results/solution_1322_coords.txt
1321,369337.91,131511.14,802.65,8,pareto_front_results/solution_1321_coords.txt
1320,369337.91,131511.14,802.65,8,pareto_front_results/solution_1320_coords.txt
1351,369337.91,131511.14,802.65,8,pareto_front_results/solution_1351_coords.txt
1350,369337.91,131511.14,802.65,8,pareto_front_results/solution_1350_coords.txt
1349,369337.91,131511.14,802.65,8,pareto_front_results/solution_1349_coords.txt
1348,369337.91,131511.14,802.65,8,pareto_front_results/solution_1348_coords.txt
1347,369337.91,131511.14,802.65,8,pareto_front_results/solution_1347_coords.txt
1346,369337.91,131511.14,802.65,8,pareto_front_results/solution_1346_coords.txt
1345,369337.91,131511.14,802.65,8,pareto_front_results/solution_1345_coords.txt
1344,369337.91,131511.14,802.65,8,pareto_front_results/solution_1344_coords.txt
1343,369337.91,131511.14,802.65,8,pareto_front_results/solution_1343_coords.txt
1342,369337.91,131511.14,802.65,8,pareto_front_results/solution_1342_coords.txt
1341,369337.91,131511.14,802.65,8,pareto_front_results/solution_1341_coords.txt
1340,369337.91,131511.14,802.65,8,pareto_front_results/solution_1340_coords.txt
1339,369337.91,131511.14,802.65,8,pareto_front_results/solution_1339_coords.txt
1338,369337.91,131511.14,802.65,8,pareto_front_results/solution_1338_coords.txt
1337,369337.91,131511.14,802.65,8,pareto_front_results/solution_1337_coords.txt
1336,369337.91,131511.14,802.65,8,pareto_front_results/solution_1336_coords.txt
1367,369337.91,131511.14,802.65,8,pareto_front_results/solution_1367_coords.txt
1366,369337.91,131511.14,802.65,8,pareto_front_results/solution_1366_coords.txt
1365,369337.91,131511.14,802.65,8,pareto_front_results/solution_1365_coords.txt
1364,369337.91,131511.14,802.65,8,pareto_front_results/solution_1364_coords.txt
1363,369337.91,131511.14,802.65,8,pareto_front_results/solution_1363_coords.txt
1362,369337.91,131511.14,802.65,8,pareto_front_results/solution_1362_coords.txt
1361,369337.91,131511.14,802.65,8,pareto_front_results/solution_1361_coords.txt
1360,369337.91,131511.14,802.65,8,pareto_front_results/solution_1360_coords.txt
1359,369337.91,131511.14,802.65,8,pareto_front_results/solution_1359_coords.txt
1358,369337.91,131511.14,802.65,8,pareto_front_results/solution_1358_coords.txt
1357,369337.91,131511.14,802.65,8,pareto_front_results/solution_1357_coords.txt
1356,369337.91,131511.14,802.65,8,pareto_front_results/solution_1356_coords.txt
1355,369337.91,131511.14,802.65,8,pareto_front_results/solution_1355_coords.txt
1354,369337.91,131511.14,802.65,8,pareto_front_results/solution_1354_coords.txt
1353,369337.91,131511.14,802.65,8,pareto_front_results/solution_1353_coords.txt
1352,369337.91,131511.14,802.65,8,pareto_front_results/solution_1352_coords.txt
1383,369337.91,131511.14,802.65,8,pareto_front_results/solution_1383_coords.txt
1382,369337.91,131511.14,802.65,8,pareto_front_results/solution_1382_coords.txt
1381,369337.91,131511.14,802.65,8,pareto_front_results/solution_1381_coords.txt
1380,369337.91,131511.14,802.65,8,pareto_front_results/solution_1380_coords.txt
1379,369337.91,131511.14,802.65,8,pareto_front_results/solution_1379_coords.txt
1378,369337.91,131511.14,802.65,8,pareto_front_results/solution_1378_coords.txt
1377,369337.91,131511.14,802.65,8,pareto_front_results/solution_1377_coords.txt
1376,369337.91,131511.14,802.65,8,pareto_front_results/solution_1376_coords.txt
1375,369337.91,131511.14,802.65,8,pareto_front_results/solution_1375_coords.txt
1374,369337.91,131511.14,802.65,8,pareto_front_results/solution_1374_coords.txt
1373,369337.91,131511.14,802.65,8,pareto_front_results/solution_1373_coords.txt
1372,369337.91,131511.14,802.65,8,pareto_front_results/solution_1372_coords.txt
1371,369337.91,131511.14,802.65,8,pareto_front_results/solution_1371_coords.txt
1370,369337.91,131511.14,802.65,8,pareto_front_results/solution_1370_coords.txt
1369,369337.91,131511.14,802.65,8,pareto_front_results/solution_1369_coords.txt
1368,369337.91,131511.14,802.65,8,pareto_front_results/solution_1368_coords.txt
1399,369337.91,131511.14,802.65,8,pareto_front_results/solution_1399_coords.txt
1398,369337.91,131511.14,802.65,8,pareto_front_results/solution_1398_coords.txt
1397,369337.91,131511.14,802.65,8,pareto_front_results/solution_1397_coords.txt
1396,369337.91,131511.14,802.65,8,pareto_front_results/solution_1396_coords.txt
1395,369337.91,131511.14,802.65,8,pareto_front_results/solution_1395_coords.txt
1394,369337.91,131511.14,802.65,8,pareto_front_results/solution_1394_coords.txt
1393,369337.91,131511.14,802.65,8,pareto_front_results/solution_1393_coords.txt
1392,369337.91,131511.14,802.65,8,pareto_front_results/solution_1392_coords.txt
1391,369337.91,131511.14,802.65,8,pareto_front_results/solution_1391_coords.txt
1390,369337.91,131511.14,802.65,8,pareto_front_results/solution_1390_coords.txt
1389,369337.91,131511.14,802.65,8,pareto_front_results/solution_1389_coords.txt
1388,369337.91,131511.14,802.65,8,pareto_front_results/solution_1388_coords.txt
1387,369337.91,131511.14,802.65,8,pareto_front_results/solution_1387_coords.txt
1386,369337.91,131511.14,802.65,8,pareto_front_results/solution_1386_coords.txt
1385,369337.91,131511.14,802.65,8,pareto_front_results/solution_1385_coords.txt
1384,369337.91,131511.14,802.65,8,pareto_front_results/solution_1384_coords.txt
1415,369337.91,131511.14,802.65,8,pareto_front_results/solution_1415_coords.txt
1414,369337.91,131511.14,802.65,8,pareto_front_results/solution_1414_coords.txt
1413,369337.91,131511.14,802.65,8,pareto_front_results/solution_1413_coords.txt
1412,369337.91,131511.14,802.65,8,pareto_front_results/solution_1412_coords.txt
1411,369337.91,131511.14,802.65,8,pareto_front_results/solution_1411_coords.txt
1410,369337.91,131511.14,802.65,8,pareto_front_results/solution_1410_coords.txt
1409,369337.91,131511.14,802.65,8,pareto_front_results/solution_1409_coords.txt
1408,369337.91,131511.14,802.65,8,pareto_front_results/solution_1408_coords.txt
1407,369337.91,131511.14,802.65,8,pareto_front_results/solution_1407_coords.txt
1406,369337.91,131511.14,802.65,8,pareto_front_results/solution_1406_coords.txt
1405,369337.91,131511.14,802.65,8,pareto_front_results/solution_1405_coords.txt
1404,369337.91,131511.14,802.65,8,pareto_front_results/solution_1404_coords.txt
1403,369337.91,131511.14,802.65,8,pareto_front_results/solution_1403_coords.txt
1402,369337.91,131511.14,802.65,8,pareto_front_results/solution_1402_coords.txt
1401,369337.91,131511.14,802.65,8,pareto_front_results/solution_1401_coords.txt
1400,369337.91,131511.14,802.65,8,pareto_front_results/solution_1400_coords.txt
1431,369337.91,131511.14,802.65,8,pareto_front_results/solution_1431_coords.txt
1430,369337.91,131511.14,802.65,8,pareto_front_results/solution_1430_coords.txt
1429,369337.91,131511.14,802.65,8,pareto_front_results/solution_1429_coords.txt
1428,369337.91,131511.14,802.65,8,pareto_front_results/solution_1428_coords.txt
1427,369337.91,131511.14,802.65,8,pareto_front_results/solution_1427_coords.txt
1426,369337.91,131511.14,802.65,8,pareto_front_results/solution_1426_coords.txt
1425,369337.91,131511.14,802.65,8,pareto_front_results/solution_1425_coords.txt
1424,369337.91,131511.14,802.65,8,pareto_front_results/solution_1424_coords.txt
1423,369337.91,131511.14,802.65,8,pareto_front_results/solution_1423_coords.txt
1422,369337.91,131511.14,802.65,8,pareto_front_results/solution_1422_coords.txt
1421,369337.91,131511.14,802.65,8,pareto_front_results/solution_1421_coords.txt
1420,369337.91,131511.14,802.65,8,pareto_front_results/solution_1420_coords.txt
1419,369337.91,131511.14,802.65,8,pareto_front_results/solution_1419_coords.txt
1418,369337.91,131511.14,802.65,8,pareto_front_results/solution_1418_coords.txt
1417,369337.91,131511.14,802.65,8,pareto_front_results/solution_1417_coords.txt
1416,369337.91,131511.14,802.65,8,pareto_front_results/solution_1416_coords.txt
1447,369337.91,131511.14,802.65,8,pareto_front_results/solution_1447_coords.txt
1446,369337.91,131511.14,802.65,8,pareto_front_results/solution_1446_coords.txt
1445,369337.91,131511.14,802.65,8,pareto_front_results/solution_1445_coords.txt
1444,369337.91,131511.14,802.65,8,pareto_front_results/solution_1444_coords.txt
1443,369337.91,131511.14,802.65,8,pareto_front_results/solution_1443_coords.txt
1442,369337.91,131511.14,802.65,8,pareto_front_results/solution_1442_coords.txt
1441,369337.91,131511.14,802.65,8,pareto_front_results/solution_1441_coords.txt
1440,369337.91,131511.14,802.65,8,pareto_front_results/solution_1440_coords.txt
1439,369337.91,131511.14,802.65,8,pareto_front_results/solution_1439_coords.txt
1438,369337.91,131511.14,802.65,8,pareto_front_results/solution_1438_coords.txt
1437,369337.91,131511.14,802.65,8,pareto_front_results/solution_1437_coords.txt
1436,369337.91,131511.14,802.65,8,pareto_front_results/solution_1436_coords.txt
1435,369337.91,131511.14,802.65,8,pareto_front_results/solution_1435_coords.txt
1434,369337.91,131511.14,802.65,8,pareto_front_results/solution_1434_coords.txt
1433,369337.91,131511.14,802.65,8,pareto_front_results/solution_1433_coords.txt
1432,369337.91,131511.14,802.65,8,pareto_front_results/solution_1432_coords.txt
1463,369337.91,131511.14,802.65,8,pareto_front_results/solution_1463_coords.txt
1462,369337.91,131511.14,802.65,8,pareto_front_results/solution_1462_coords.txt
1461,369337.91,131511.14,802.65,8,pareto_front_results/solution_1461_coords.txt
1460,369337.91,131511.14,802.65,8,pareto_front_results/solution_1460_coords.txt
1459,369337.91,131511.14,802.65,8,pareto_front_results/solution_1459_coords.txt
1458,369337.91,131511.14,802.65,8,pareto_front_results/solution_1458_coords.txt
1457,369337.91,131511.14,802.65,8,pareto_front_results/solution_1457_coords.txt
1456,369337.91,131511.14,802.65,8,pareto_front_results/solution_1456_coords.txt
1455,369337.91,131511.14,802.65,8,pareto_front_results/solution_1455_coords.txt
1454,369337.91,131511.14,802.65,8,pareto_front_results/solution_1454_coords.txt
1453,369337.91,131511.14,802.65,8,pareto_front_results/solution_1453_coords.txt
1452,369337.91,131511.14,802.65,8,pareto_front_results/solution_1452_coords.txt
1451,369337.91,131511.14,802.65,8,pareto_front_results/solution_1451_coords.txt
1450,369337.91,131511.14,802.65,8,pareto_front_results/solution_1450_coords.txt
1449,369337.91,131511.14,802.65,8,pareto_front_results/solution_1449_coords.txt
1448,369337.91,131511.14,802.65,8,pareto_front_results/solution_1448_coords.txt
1479,369337.91,131511.14,802.65,8,pareto_front_results/solution_1479_coords.txt
1478,369337.91,131511.14,802.65,8,pareto_front_results/solution_1478_coords.txt
1477,369337.91,131511.14,802.65,8,pareto_front_results/solution_1477_coords.txt
1476,369337.91,131511.14,802.65,8,pareto_front_results/solution_1476_coords.txt
1475,369337.91,131511.14,802.65,8,pareto_front_results/solution_1475_coords.txt
1474,369337.91,131511.14,802.65,8,pareto_front_results/solution_1474_coords.txt
1473,369337.91,131511.14,802.65,8,pareto_front_results/solution_1473_coords.txt
1472,369337.91,131511.14,802.65,8,pareto_front_results/solution_1472_coords.txt
1471,369337.91,131511.14,802.65,8,pareto_front_results/solution_1471_coords.txt
1470,369337.91,131511.14,802.65,8,pareto_front_results/solution_1470_coords.txt
1469,369337.91,131511.14,802.65,8,pareto_front_results/solution_1469_coords.txt
1468,369337.91,131511.14,802.65,8,pareto_front_results/solution_1468_coords.txt
1467,369337.91,131511.14,802.65,8,pareto_front_results/solution_1467_coords.txt
1466,369337.91,131511.14,802.65,8,pareto_front_results/solution_1466_coords.txt
1465,369337.91,131511.14,802.65,8,pareto_front_results/solution_1465_coords.txt
1464,369337.91,131511.14,802.65,8,pareto_front_results/solution_1464_coords.txt
1495,369337.91,131511.14,802.65,8,pareto_front_results/solution_1495_coords.txt
1494,369337.91,131511.14,802.65,8,pareto_front_results/solution_1494_coords.txt
1493,369337.91,131511.14,802.65,8,pareto_front_results/solution_1493_coords.txt
1492,369337.91,131511.14,802.65,8,pareto_front_results/solution_1492_coords.txt
1491,369337.91,131511.14,802.65,8,pareto_front_results/solution_1491_coords.txt
1490,369337.91,131511.14,802.65,8,pareto_front_results/solution_1490_coords.txt
1489,369337.91,131511.14,802.65,8,pareto_front_results/solution_1489_coords.txt
1488,369337.91,131511.14,802.65,8,pareto_front_results/solution_1488_coords.txt
1487,369337.91,131511.14,802.65,8,pareto_front_results/solution_1487_coords.txt
1486,369337.91,131511.14,802.65,8,pareto_front_results/solution_1486_coords.txt
1485,369337.91,131511.14,802.65,8,pareto_front_results/solution_1485_coords.txt
1484,369337.91,131511.14,802.65,8,pareto_front_results/solution_1484_coords.txt
1483,369337.91,131511.14,802.65,8,pareto_front_results/solution_1483_coords.txt
1482,369337.91,131511.14,802.65,8,pareto_front_results/solution_1482_coords.txt
1481,369337.91,131511.14,802.65,8,pareto_front_results/solution_1481_coords.txt
1480,369337.91,131511.14,802.65,8,pareto_front_results/solution_1480_coords.txt
1511,369337.91,131511.14,802.65,8,pareto_front_results/solution_1511_coords.txt
1510,369337.91,131511.14,802.65,8,pareto_front_results/solution_1510_coords.txt
1509,369337.91,131511.14,802.65,8,pareto_front_results/solution_1509_coords.txt
1508,369337.91,131511.14,802.65,8,pareto_front_results/solution_1508_coords.txt
1507,369337.91,131511.14,802.65,8,pareto_front_results/solution_1507_coords.txt
1506,369337.91,131511.14,802.65,8,pareto_front_results/solution_1506_coords.txt
1505,369337.91,131511.14,802.65,8,pareto_front_results/solution_1505_coords.txt
1504,369337.91,131511.14,802.65,8,pareto_front_results/solution_1504_coords.txt
1503,369337.91,131511.14,802.65,8,pareto_front_results/solution_1503_coords.txt
1502,369337.91,131511.14,802.65,8,pareto_front_results/solution_1502_coords.txt
1501,369337.91,131511.14,802.65,8,pareto_front_results/solution_1501_coords.txt
1500,369337.91,131511.14,802.65,8,pareto_front_results/solution_1500_coords.txt
1499,369337.91,131511.14,802.65,8,pareto_front_results/solution_1499_coords.txt
1498,369337.91,131511.14,802.65,8,pareto_front_results/solution_1498_coords.txt
1497,369337.91,131511.14,802.65,8,pareto_front_results/solution_1497_coords.txt
1496,369337.91,131511.14,802.65,8,pareto_front_results/solution_1496_coords.txt
1527,369337.91,131511.14,802.65,8,pareto_front_results/solution_1527_coords.txt
1526,369337.91,131511.14,802.65,8,pareto_front_results/solution_1526_coords.txt
1525,369337.91,131511.14,802.65,8,pareto_front_results/solution_1525_coords.txt
1524,369337.91,131511.14,802.65,8,pareto_front_results/solution_1524_coords.txt
1523,369337.91,131511.14,802.65,8,pareto_front_results/solution_1523_coords.txt
1522,369337.91,131511.14,802.65,8,pareto_front_results/solution_1522_coords.txt
1521,369337.91,131511.14,802.65,8,pareto_front_results/solution_1521_coords.txt
1520,369337.91,131511.14,802.65,8,pareto_front_results/solution_1520_coords.txt
1519,369337.91,131511.14,802.65,8,pareto_front_results/solution_1519_coords.txt
1518,369337.91,131511.14,802.65,8,pareto_front_results/solution_1518_coords.txt
1517,369337.91,131511.14,802.65,8,pareto_front_results/solution_1517_coords.txt
1516,369337.91,131511.14,802.65,8,pareto_front_results/solution_1516_coords.txt
1515,369337.91,131511.14,802.65,8,pareto_front_results/solution_1515_coords.txt
1514,369337.91,131511.14,802.65,8,pareto_front_results/solution_1514_coords.txt
1513,369337.91,131511.14,802.65,8,pareto_front_results/solution_1513_coords.txt
1512,369337.91,131511.14,802.65,8,pareto_front_results/solution_1512_coords.txt
1543,369337.91,131511.14,802.65,8,pareto_front_results/solution_1543_coords.txt
1542,369337.91,131511.14,802.65,8,pareto_front_results/solution_1542_coords.txt
1541,369337.91,131511.14,802.65,8,pareto_front_results/solution_1541_coords.txt
1540,369337.91,131511.14,802.65,8,pareto_front_results/solution_1540_coords.txt
1539,369337.91,131511.14,802.65,8,pareto_front_results/solution_1539_coords.txt
1538,369337.91,131511.14,802.65,8,pareto_front_results/solution_1538_coords.txt
1537,369337.91,131511.14,802.65,8,pareto_front_results/solution_1537_coords.txt
1536,369337.91,131511.14,802.65,8,pareto_front_results/solution_1536_coords.txt
1535,369337.91,131511.14,802.65,8,pareto_front_results/solution_1535_coords.txt
1534,369337.91,131511.14,802.65,8,pareto_front_results/solution_1534_coords.txt
1533,369337.91,131511.14,802.65,8,pareto_front_results/solution_1533_coords.txt
1532,369337.91,131511.14,802.65,8,pareto_front_results/solution_1532_coords.txt
1531,369337.91,131511.14,802.65,8,pareto_front_results/solution_1531_coords.txt
1530,369337.91,131511.14,802.65,8,pareto_front_results/solution_1530_coords.txt
1529,369337.91,131511.14,802.65,8,pareto_front_results/solution_1529_coords.txt
1528,369337.91,131511.14,802.65,8,pareto_front_results/solution_1528_coords.txt
1588,369337.91,131511.14,802.65,8,pareto_front_results/solution_1588_coords.txt
1606,369337.91,131511.14,802.65,8,pareto_front_results/solution_1606_coords.txt
1573,369337.91,131511.14,802.65,8,pareto_front_results/solution_1573_coords.txt
1572,369337.91,131511.14,802.65,8,pareto_front_results/solution_1572_coords.txt
1571,369337.91,131511.14,802.65,8,pareto_front_results/solution_1571_coords.txt
1570,369337.91,131511.14,802.65,8,pareto_front_results/solution_1570_coords.txt
1569,369337.91,131511.14,802.65,8,pareto_front_results/solution_1569_coords.txt
1568,369337.91,131511.14,802.65,8,pareto_front_results/solution_1568_coords.txt
1567,369337.91,131511.14,802.65,8,pareto_front_results/solution_1567_coords.txt
1566,369337.91,131511.14,802.65,8,pareto_front_results/solution_1566_coords.txt
1565,369337.91,131511.14,802.65,8,pareto_front_results/solution_1565_coords.txt
1564,369337.91,131511.14,802.65,8,pareto_front_results/solution_1564_coords.txt
1563,369337.91,131511.14,802.65,8,pareto_front_results/solution_1563_coords.txt
1562,369337.91,131511.14,802.65,8,pareto_front_results/solution_1562_coords.txt
1561,369337.91,131511.14,802.65,8,pareto_front_results/solution_1561_coords.txt
1560,369337.91,131511.14,802.65,8,pareto_front_results/solution_1560_coords.txt
1577,369337.91,131511.14,802.65,8,pareto_front_results/solution_1577_coords.txt
1576,369337.91,131511.14,802.65,8,pareto_front_results/solution_1576_coords.txt
1575,369337.91,131511.14,802.65,8,pareto_front_results/solution_1575_coords.txt
1574,369337.91,131511.14,802.65,8,pareto_front_results/solution_1574_coords.txt
1600,369337.91,131511.14,802.65,8,pareto_front_results/solution_1600_coords.txt
1599,369337.91,131511.14,802.65,8,pareto_front_results/solution_1599_coords.txt
1598,369337.91,131511.14,802.65,8,pareto_front_results/solution_1598_coords.txt
1597,369337.91,131511.14,802.65,8,pareto_front_results/solution_1597_coords.txt
1596,369337.91,131511.14,802.65,8,pareto_front_results/solution_1596_coords.txt
1595,369337.91,131511.14,802.65,8,pareto_front_results/solution_1595_coords.txt
1594,369337.91,131511.14,802.65,8,pareto_front_results/solution_1594_coords.txt
1593,369337.91,131511.14,802.65,8,pareto_front_results/solution_1593_coords.txt
1592,369337.91,131511.14,802.65,8,pareto_front_results/solution_1592_coords.txt
1591,369337.91,131511.14,802.65,8,pareto_front_results/solution_1591_coords.txt
1590,369337.91,131511.14,802.65,8,pareto_front_results/solution_1590_coords.txt
1589,369337.91,131511.14,802.65,8,pareto_front_results/solution_1589_coords.txt
