Run_ID,Method,Generation,Hypervolume,Pop_Feasibility_Rate,Pop_Diversity_AEP,Pop_Diversity_Cost
1,Baseline,20,6779932079368.818359,100.000000,0.000000,0.000000
1,Baseline,40,6779932079368.818359,100.000000,0.000000,0.000000
1,Baseline,60,6779932079368.818359,100.000000,0.000000,0.000000
1,Baseline,80,6779932079368.818359,100.000000,0.000000,0.000000
1,Baseline,100,6779932079368.818359,100.000000,0.000000,0.000000
1,Baseline,120,6779932079368.818359,100.000000,0.000000,0.000000
1,Baseline,140,6779932079368.818359,100.000000,0.000000,0.000000
1,Baseline,160,6779932079368.818359,100.000000,0.000000,0.000000
1,Baseline,180,6779932079368.818359,100.000000,0.000000,0.000000
1,Baseline,200,6779932079368.818359,100.000000,0.000000,0.000000
1,Baseline,220,6779932079368.818359,100.000000,0.000000,0.000000
1,Baseline,240,6779932079368.818359,100.000000,0.000000,0.000000
1,Baseline,260,6779932079368.818359,100.000000,0.000000,0.000000
1,Baseline,280,6779932079368.818359,100.000000,0.000000,0.000000
1,Baseline,300,6779932079368.818359,100.000000,0.000000,0.000000
1,Baseline,320,6779932079368.818359,100.000000,0.000000,0.000000
1,Baseline,340,6779932079368.818359,100.000000,0.000000,0.000000
1,Baseline,360,6779932079368.818359,100.000000,0.000000,0.000000
1,Baseline,380,6779932079368.818359,100.000000,0.000000,0.000000
1,Baseline,400,6779932079368.818359,100.000000,0.000000,0.000000
1,Baseline,420,6779932079368.818359,100.000000,0.000000,0.000000
1,Baseline,440,6779932079368.818359,100.000000,0.000000,0.000000
1,Baseline,460,6779932079368.818359,100.000000,0.000000,0.000000
1,Baseline,480,6779932079368.818359,100.000000,0.000000,0.000000
1,Baseline,500,6779932079368.818359,100.000000,0.000000,0.000000
1,Baseline,520,6779932079368.818359,100.000000,0.000000,0.000000
1,Baseline,540,6779932079368.818359,100.000000,0.000000,0.000000
1,Baseline,560,6779932079368.818359,100.000000,0.000000,0.000000
1,Baseline,580,6779932079368.818359,100.000000,0.000000,0.000000
1,Baseline,600,6779932079368.818359,100.000000,0.000000,0.000000
1,Baseline,620,6779932079368.818359,100.000000,0.000000,0.000000
1,Baseline,640,6779932079368.818359,100.000000,0.000000,0.000000
1,Baseline,660,6779932079368.818359,100.000000,0.000000,0.000000
1,Baseline,680,6779932079368.818359,100.000000,0.000000,0.000000
1,Baseline,700,6779932079368.818359,100.000000,0.000000,0.000000
1,Baseline,720,6779932079368.818359,100.000000,0.000000,0.000000
1,Baseline,740,6779932079368.818359,100.000000,0.000000,0.000000
1,Baseline,760,6779932079368.818359,100.000000,0.000000,0.000000
1,Baseline,780,6779932079368.818359,100.000000,0.000000,0.000000
1,Baseline,800,6779932079368.818359,100.000000,0.000000,0.000000
1,Baseline,820,6779932079368.818359,100.000000,0.000000,0.000000
1,Baseline,840,6779932079368.818359,100.000000,0.000000,0.000000
1,Baseline,860,6779932079368.818359,100.000000,0.000000,0.000000
1,Baseline,880,6779932079368.818359,100.000000,0.000000,0.000000
1,Baseline,900,6779932079368.818359,100.000000,0.000000,0.000000
1,Baseline,920,6779932079368.818359,100.000000,0.000000,0.000000
1,Baseline,940,6779932079368.818359,100.000000,0.000000,0.000000
1,Baseline,960,6779932079368.818359,100.000000,0.000000,0.000000
1,Baseline,980,6779932079368.818359,100.000000,0.000000,0.000000
1,Baseline,1000,6779932079368.818359,100.000000,0.000000,0.000000
1,Baseline,1020,6779932079368.818359,100.000000,0.000000,0.000000
1,Baseline,1040,6779932079368.818359,100.000000,0.000000,0.000000
1,Baseline,1060,6779932079368.818359,100.000000,0.000000,0.000000
1,Baseline,1080,6779932079368.818359,100.000000,0.000000,0.000000
1,Baseline,1100,6779932079368.818359,100.000000,0.000000,0.000000
1,Baseline,1120,6779932079368.818359,100.000000,0.000000,0.000000
1,Baseline,1140,6779932079368.818359,100.000000,0.000000,0.000000
1,Baseline,1160,6779932079368.818359,100.000000,0.000000,0.000000
1,Baseline,1180,6779932079368.818359,100.000000,0.000000,0.000000
1,Baseline,1200,6779932079368.818359,100.000000,0.000000,0.000000
1,Baseline,1220,6779932079368.818359,100.000000,0.000000,0.000000
1,Baseline,1240,6779932079368.818359,100.000000,0.000000,0.000000
1,Baseline,1260,6779932079368.818359,100.000000,0.000000,0.000000
1,Baseline,1280,6779932079368.818359,100.000000,0.000000,0.000000
1,Baseline,1300,6779932079368.818359,100.000000,0.000000,0.000000
1,Baseline,1320,6779932079368.818359,100.000000,0.000000,0.000000
1,Baseline,1340,6779932079368.818359,100.000000,0.000000,0.000000
1,Baseline,1360,6779932079368.818359,100.000000,0.000000,0.000000
1,Baseline,1380,6779932079368.818359,100.000000,0.000000,0.000000
1,Baseline,1400,6779932079368.818359,100.000000,0.000000,0.000000
1,Baseline,1420,6779932079368.818359,100.000000,0.000000,0.000000
1,Baseline,1440,6779932079368.818359,100.000000,0.000000,0.000000
1,Baseline,1460,6779932079368.818359,100.000000,0.000000,0.000000
1,Baseline,1480,6779932079368.818359,100.000000,0.000000,0.000000
1,Baseline,1500,6779932079368.818359,100.000000,0.000000,0.000000
1,Baseline,1520,6779932079368.818359,100.000000,0.000000,0.000000
1,Baseline,1540,6779932079368.818359,100.000000,0.000000,0.000000
1,Baseline,1560,6779932079368.818359,100.000000,0.000000,0.000000
1,Baseline,1580,6779932079368.818359,100.000000,0.000000,0.000000
1,Baseline,1600,6779932079368.818359,100.000000,0.000000,0.000000
1,Baseline,1620,6779932079368.818359,100.000000,0.000000,0.000000
1,Baseline,1640,6779932079368.818359,100.000000,0.000000,0.000000
1,Baseline,1660,6779932079368.818359,100.000000,0.000000,0.000000
1,Baseline,1680,6779932079368.818359,100.000000,0.000000,0.000000
1,Baseline,1700,6779932079368.818359,100.000000,0.000000,0.000000
1,Baseline,1720,6779932079368.818359,100.000000,0.000000,0.000000
1,Baseline,1740,6779932079368.818359,100.000000,0.000000,0.000000
1,Baseline,1760,6779932079368.818359,100.000000,0.000000,0.000000
1,Baseline,1780,6779932079368.818359,100.000000,0.000000,0.000000
1,Baseline,1800,6779932079368.818359,100.000000,0.000000,0.000000
1,Baseline,1820,6779932079368.818359,100.000000,0.000000,0.000000
1,Baseline,1840,6779932079368.818359,100.000000,0.000000,0.000000
1,Baseline,1860,6779932079368.818359,100.000000,0.000000,0.000000
1,Baseline,1880,6779932079368.818359,100.000000,0.000000,0.000000
1,Baseline,1900,6779932079368.818359,100.000000,0.000000,0.000000
1,Baseline,1920,6779932079368.818359,100.000000,0.000000,0.000000
1,Baseline,1940,6779932079368.818359,100.000000,0.000000,0.000000
1,Baseline,1960,6779932079368.818359,100.000000,0.000000,0.000000
1,Baseline,1980,6779932079368.818359,100.000000,0.000000,0.000000
1,Baseline,2000,6779932079368.818359,100.000000,0.000000,0.000000
1,Proposed,20,23260668444302.582031,100.000000,86950.435483,93237.475612
1,Proposed,40,23260668444302.582031,100.000000,63732.865017,68711.099040
1,Proposed,60,23260668444302.582031,100.000000,10873.631642,11722.981235
1,Proposed,80,23260668444302.582031,100.000000,10873.631642,11722.981235
1,Proposed,100,23260668444302.582031,100.000000,10873.631642,11722.981235
1,Proposed,120,23260668444302.582031,100.000000,10873.631642,11722.981235
1,Proposed,140,23260668444302.582031,100.000000,10873.631642,11722.981235
1,Proposed,160,23260668444302.582031,100.000000,10873.631642,11722.981235
1,Proposed,180,23260668444302.582031,100.000000,10873.631642,11722.981235
1,Proposed,200,23260668444302.582031,100.000000,10873.631642,11722.981235
1,Proposed,220,23260668444302.582031,100.000000,10873.631642,11722.981235
1,Proposed,240,23260668444302.582031,100.000000,10873.631642,11722.981235
1,Proposed,260,23260668444302.582031,100.000000,10873.631642,11722.981235
1,Proposed,280,23260668444302.582031,100.000000,10873.631642,11722.981235
1,Proposed,300,23260668444302.582031,100.000000,10873.631642,11722.981235
1,Proposed,320,23260668444302.582031,100.000000,10873.631642,11722.981235
1,Proposed,340,23260668444302.582031,100.000000,10873.631642,11722.981235
1,Proposed,360,23260668444302.582031,100.000000,10873.631642,11722.981235
1,Proposed,380,23260668444302.582031,100.000000,10873.631642,11722.981235
1,Proposed,400,23260668444302.582031,100.000000,10873.631642,11722.981235
1,Proposed,420,23260668444302.582031,100.000000,10873.631642,11722.981235
1,Proposed,440,23260668444302.582031,100.000000,10873.631642,11722.981235
1,Proposed,460,23260668444302.582031,100.000000,10873.631642,11722.981235
1,Proposed,480,23260668444302.582031,100.000000,10873.631642,11722.981235
1,Proposed,500,23260668444302.582031,100.000000,10873.631642,11722.981235
1,Proposed,520,23260668444302.582031,100.000000,10873.631642,11722.981235
1,Proposed,540,23260668444302.582031,100.000000,10873.631642,11722.981235
1,Proposed,560,23260668444302.582031,100.000000,10873.631642,11722.981235
1,Proposed,580,23260668444302.582031,100.000000,10873.631642,11722.981235
1,Proposed,600,23260668444302.582031,100.000000,10873.631642,11722.981235
1,Proposed,620,23260668444302.582031,100.000000,10873.631642,11722.981235
1,Proposed,640,23260668444302.582031,100.000000,10873.631642,11722.981235
1,Proposed,660,23260668444302.582031,100.000000,10873.631642,11722.981235
1,Proposed,680,23260668444302.582031,100.000000,10873.631642,11722.981235
1,Proposed,700,23260668444302.582031,100.000000,10873.631642,11722.981235
1,Proposed,720,23260668444302.582031,100.000000,10873.631642,11722.981235
1,Proposed,740,23260668444302.582031,100.000000,10873.631642,11722.981235
1,Proposed,760,23260668444302.582031,100.000000,10873.631642,11722.981235
1,Proposed,780,23260668444302.582031,100.000000,10873.631642,11722.981235
1,Proposed,800,23260668444302.582031,100.000000,10873.631642,11722.981235
1,Proposed,820,23260668444302.582031,100.000000,10873.631642,11722.981235
1,Proposed,840,23260668444302.582031,100.000000,10873.631642,11722.981235
1,Proposed,860,23260668444302.582031,100.000000,10873.631642,11722.981235
1,Proposed,880,23260668444302.582031,100.000000,10873.631642,11722.981235
1,Proposed,900,23260668444302.582031,100.000000,10873.631642,11722.981235
1,Proposed,920,23260668444302.582031,100.000000,10873.631642,11722.981235
1,Proposed,940,23260668444302.582031,100.000000,10873.631642,11722.981235
1,Proposed,960,23260668444302.582031,100.000000,10873.631642,11722.981235
1,Proposed,980,23260668444302.582031,100.000000,10873.631642,11722.981235
1,Proposed,1000,23260668444302.582031,100.000000,10873.631642,11722.981235
2,Baseline,20,6779932079368.818359,100.000000,0.000000,0.000000
2,Baseline,40,6779932079368.818359,100.000000,0.000000,0.000000
2,Baseline,60,6779932079368.818359,100.000000,0.000000,0.000000
2,Baseline,80,6779932079368.818359,100.000000,0.000000,0.000000
2,Baseline,100,6779932079368.818359,100.000000,0.000000,0.000000
2,Baseline,120,6779932079368.818359,100.000000,0.000000,0.000000
2,Baseline,140,6779932079368.818359,100.000000,0.000000,0.000000
2,Baseline,160,6779932079368.818359,100.000000,0.000000,0.000000
2,Baseline,180,6779932079368.818359,100.000000,0.000000,0.000000
2,Baseline,200,6779932079368.818359,100.000000,0.000000,0.000000
2,Baseline,220,6779932079368.818359,100.000000,0.000000,0.000000
2,Baseline,240,6779932079368.818359,100.000000,0.000000,0.000000
2,Baseline,260,6779932079368.818359,100.000000,0.000000,0.000000
2,Baseline,280,6779932079368.818359,100.000000,0.000000,0.000000
2,Baseline,300,6779932079368.818359,100.000000,0.000000,0.000000
2,Baseline,320,6779932079368.818359,100.000000,0.000000,0.000000
2,Baseline,340,6779932079368.818359,100.000000,0.000000,0.000000
2,Baseline,360,6779932079368.818359,100.000000,0.000000,0.000000
2,Baseline,380,6779932079368.818359,100.000000,0.000000,0.000000
2,Baseline,400,6779932079368.818359,100.000000,0.000000,0.000000
2,Baseline,420,6779932079368.818359,100.000000,0.000000,0.000000
2,Baseline,440,6779932079368.818359,100.000000,0.000000,0.000000
2,Baseline,460,6779932079368.818359,100.000000,0.000000,0.000000
2,Baseline,480,6779932079368.818359,100.000000,0.000000,0.000000
2,Baseline,500,6779932079368.818359,100.000000,0.000000,0.000000
2,Baseline,520,6779932079368.818359,100.000000,0.000000,0.000000
2,Baseline,540,6779932079368.818359,100.000000,0.000000,0.000000
2,Baseline,560,6779932079368.818359,100.000000,0.000000,0.000000
2,Baseline,580,6779932079368.818359,100.000000,0.000000,0.000000
2,Baseline,600,6779932079368.818359,100.000000,0.000000,0.000000
2,Baseline,620,6779932079368.818359,100.000000,0.000000,0.000000
2,Baseline,640,6779932079368.818359,100.000000,0.000000,0.000000
2,Baseline,660,6779932079368.818359,100.000000,0.000000,0.000000
2,Baseline,680,6779932079368.818359,100.000000,0.000000,0.000000
2,Baseline,700,6779932079368.818359,100.000000,0.000000,0.000000
2,Baseline,720,6779932079368.818359,100.000000,0.000000,0.000000
2,Baseline,740,6779932079368.818359,100.000000,0.000000,0.000000
2,Baseline,760,6779932079368.818359,100.000000,0.000000,0.000000
2,Baseline,780,6779932079368.818359,100.000000,0.000000,0.000000
2,Baseline,800,6779932079368.818359,100.000000,0.000000,0.000000
2,Baseline,820,6779932079368.818359,100.000000,0.000000,0.000000
2,Baseline,840,6779932079368.818359,100.000000,0.000000,0.000000
2,Baseline,860,6779932079368.818359,100.000000,0.000000,0.000000
2,Baseline,880,6779932079368.818359,100.000000,0.000000,0.000000
2,Baseline,900,6779932079368.818359,100.000000,0.000000,0.000000
2,Baseline,920,6779932079368.818359,100.000000,0.000000,0.000000
2,Baseline,940,6779932079368.818359,100.000000,0.000000,0.000000
2,Baseline,960,6779932079368.818359,100.000000,0.000000,0.000000
2,Baseline,980,6779932079368.818359,100.000000,0.000000,0.000000
2,Baseline,1000,6779932079368.818359,100.000000,0.000000,0.000000
2,Baseline,1020,6779932079368.818359,100.000000,0.000000,0.000000
2,Baseline,1040,6779932079368.818359,100.000000,0.000000,0.000000
2,Baseline,1060,6779932079368.818359,100.000000,0.000000,0.000000
2,Baseline,1080,6779932079368.818359,100.000000,0.000000,0.000000
2,Baseline,1100,6779932079368.818359,100.000000,0.000000,0.000000
2,Baseline,1120,6779932079368.818359,100.000000,0.000000,0.000000
2,Baseline,1140,6779932079368.818359,100.000000,0.000000,0.000000
2,Baseline,1160,6779932079368.818359,100.000000,0.000000,0.000000
2,Baseline,1180,6779932079368.818359,100.000000,0.000000,0.000000
2,Baseline,1200,6779932079368.818359,100.000000,0.000000,0.000000
2,Baseline,1220,6779932079368.818359,100.000000,0.000000,0.000000
2,Baseline,1240,6779932079368.818359,100.000000,0.000000,0.000000
2,Baseline,1260,6779932079368.818359,100.000000,0.000000,0.000000
2,Baseline,1280,6779932079368.818359,100.000000,0.000000,0.000000
2,Baseline,1300,6779932079368.818359,100.000000,0.000000,0.000000
2,Baseline,1320,6779932079368.818359,100.000000,0.000000,0.000000
2,Baseline,1340,6779932079368.818359,100.000000,0.000000,0.000000
2,Baseline,1360,6779932079368.818359,100.000000,0.000000,0.000000
2,Baseline,1380,6779932079368.818359,100.000000,0.000000,0.000000
2,Baseline,1400,6779932079368.818359,100.000000,0.000000,0.000000
2,Baseline,1420,6779932079368.818359,100.000000,0.000000,0.000000
2,Baseline,1440,6779932079368.818359,100.000000,0.000000,0.000000
2,Baseline,1460,6779932079368.818359,100.000000,0.000000,0.000000
2,Baseline,1480,6779932079368.818359,100.000000,0.000000,0.000000
2,Baseline,1500,6779932079368.818359,100.000000,0.000000,0.000000
2,Baseline,1520,6779932079368.818359,100.000000,0.000000,0.000000
2,Baseline,1540,6779932079368.818359,100.000000,0.000000,0.000000
2,Baseline,1560,6779932079368.818359,100.000000,0.000000,0.000000
2,Baseline,1580,6779932079368.818359,100.000000,0.000000,0.000000
2,Baseline,1600,6779932079368.818359,100.000000,0.000000,0.000000
2,Baseline,1620,6779932079368.818359,100.000000,0.000000,0.000000
2,Baseline,1640,6779932079368.818359,100.000000,0.000000,0.000000
2,Baseline,1660,6779932079368.818359,100.000000,0.000000,0.000000
2,Baseline,1680,6779932079368.818359,100.000000,0.000000,0.000000
2,Baseline,1700,6779932079368.818359,100.000000,0.000000,0.000000
2,Baseline,1720,6779932079368.818359,100.000000,0.000000,0.000000
2,Baseline,1740,6779932079368.818359,100.000000,0.000000,0.000000
2,Baseline,1760,6779932079368.818359,100.000000,0.000000,0.000000
2,Baseline,1780,6779932079368.818359,100.000000,0.000000,0.000000
2,Baseline,1800,6779932079368.818359,100.000000,0.000000,0.000000
2,Baseline,1820,6779932079368.818359,100.000000,0.000000,0.000000
2,Baseline,1840,6779932079368.818359,100.000000,0.000000,0.000000
2,Baseline,1860,6779932079368.818359,100.000000,0.000000,0.000000
2,Baseline,1880,6779932079368.818359,100.000000,0.000000,0.000000
2,Baseline,1900,6779932079368.818359,100.000000,0.000000,0.000000
2,Baseline,1920,6779932079368.818359,100.000000,0.000000,0.000000
2,Baseline,1940,6779932079368.818359,100.000000,0.000000,0.000000
2,Baseline,1960,6779932079368.818359,100.000000,0.000000,0.000000
2,Baseline,1980,6779932079368.818359,100.000000,0.000000,0.000000
2,Baseline,2000,6779932079368.818359,100.000000,0.000000,0.000000
2,Proposed,20,22891568030254.648438,100.000000,54479.982781,121538.645507
2,Proposed,40,22891568030254.648438,100.000000,4405.166096,11418.417485
2,Proposed,60,22891568030254.648438,100.000000,4405.166096,11418.417485
2,Proposed,80,22891568030254.648438,100.000000,4405.166096,11418.417485
2,Proposed,100,22891568030254.648438,100.000000,4405.166096,11418.417485
2,Proposed,120,22891568030254.648438,100.000000,4405.166096,11418.417485
2,Proposed,140,22891568030254.648438,100.000000,4405.166096,11418.417485
2,Proposed,160,22891568030254.648438,100.000000,4405.166096,11418.417485
2,Proposed,180,22891568030254.648438,100.000000,4405.166096,11418.417485
2,Proposed,200,22891568030254.648438,100.000000,4405.166096,11418.417485
2,Proposed,220,22891568030254.648438,100.000000,4405.166096,11418.417485
2,Proposed,240,22891568030254.648438,100.000000,4405.166096,11418.417485
2,Proposed,260,22891568030254.648438,100.000000,4405.166096,11418.417485
2,Proposed,280,22891568030254.648438,100.000000,4405.166096,11418.417485
2,Proposed,300,22891568030254.648438,100.000000,4405.166096,11418.417485
2,Proposed,320,22891568030254.648438,100.000000,4405.166096,11418.417485
2,Proposed,340,22891568030254.648438,100.000000,4405.166096,11418.417485
2,Proposed,360,22891568030254.648438,100.000000,4405.166096,11418.417485
2,Proposed,380,22891568030254.648438,100.000000,4405.166096,11418.417485
2,Proposed,400,22891568030254.648438,100.000000,4405.166096,11418.417485
2,Proposed,420,22891568030254.648438,100.000000,4405.166096,11418.417485
2,Proposed,440,22891568030254.648438,100.000000,4405.166096,11418.417485
2,Proposed,460,22891568030254.648438,100.000000,4405.166096,11418.417485
2,Proposed,480,22891568030254.648438,100.000000,4405.166096,11418.417485
2,Proposed,500,22891568030254.648438,100.000000,4405.166096,11418.417485
2,Proposed,520,22891568030254.648438,100.000000,4405.166096,11418.417485
2,Proposed,540,22891568030254.648438,100.000000,4405.166096,11418.417485
2,Proposed,560,22891568030254.648438,100.000000,4405.166096,11418.417485
2,Proposed,580,22891568030254.648438,100.000000,4405.166096,11418.417485
2,Proposed,600,22891568030254.648438,100.000000,4405.166096,11418.417485
2,Proposed,620,22891568030254.648438,100.000000,4405.166096,11418.417485
2,Proposed,640,22891568030254.648438,100.000000,4405.166096,11418.417485
2,Proposed,660,22891568030254.648438,100.000000,4405.166096,11418.417485
2,Proposed,680,22891568030254.648438,100.000000,4405.166096,11418.417485
2,Proposed,700,22891568030254.648438,100.000000,4405.166096,11418.417485
2,Proposed,720,22891568030254.648438,100.000000,4405.166096,11418.417485
2,Proposed,740,22891568030254.648438,100.000000,4405.166096,11418.417485
2,Proposed,760,22891568030254.648438,100.000000,4405.166096,11418.417485
2,Proposed,780,22891568030254.648438,100.000000,4405.166096,11418.417485
2,Proposed,800,22891568030254.648438,100.000000,4405.166096,11418.417485
2,Proposed,820,22891568030254.648438,100.000000,4405.166096,11418.417485
2,Proposed,840,22891568030254.648438,100.000000,4405.166096,11418.417485
2,Proposed,860,22891568030254.648438,100.000000,4405.166096,11418.417485
2,Proposed,880,22891568030254.648438,100.000000,4405.166096,11418.417485
2,Proposed,900,22891568030254.648438,100.000000,4405.166096,11418.417485
2,Proposed,920,22891568030254.648438,100.000000,4405.166096,11418.417485
2,Proposed,940,22891568030254.648438,100.000000,4405.166096,11418.417485
2,Proposed,960,22891568030254.648438,100.000000,4405.166096,11418.417485
2,Proposed,980,22891568030254.648438,100.000000,4405.166096,11418.417485
2,Proposed,1000,22891568030254.648438,100.000000,4405.166096,11418.417485
3,Baseline,20,6779932079368.818359,100.000000,0.000000,0.000000
3,Baseline,40,6779932079368.818359,100.000000,0.000000,0.000000
3,Baseline,60,6779932079368.818359,100.000000,0.000000,0.000000
3,Baseline,80,6779932079368.818359,100.000000,0.000000,0.000000
3,Baseline,100,6779932079368.818359,100.000000,0.000000,0.000000
3,Baseline,120,6779932079368.818359,100.000000,0.000000,0.000000
3,Baseline,140,6779932079368.818359,100.000000,0.000000,0.000000
3,Baseline,160,6779932079368.818359,100.000000,0.000000,0.000000
3,Baseline,180,6779932079368.818359,100.000000,0.000000,0.000000
3,Baseline,200,6779932079368.818359,100.000000,0.000000,0.000000
3,Baseline,220,6779932079368.818359,100.000000,0.000000,0.000000
3,Baseline,240,6779932079368.818359,100.000000,0.000000,0.000000
3,Baseline,260,6779932079368.818359,100.000000,0.000000,0.000000
3,Baseline,280,6779932079368.818359,100.000000,0.000000,0.000000
3,Baseline,300,6779932079368.818359,100.000000,0.000000,0.000000
3,Baseline,320,6779932079368.818359,100.000000,0.000000,0.000000
3,Baseline,340,6779932079368.818359,100.000000,0.000000,0.000000
3,Baseline,360,6779932079368.818359,100.000000,0.000000,0.000000
3,Baseline,380,6779932079368.818359,100.000000,0.000000,0.000000
3,Baseline,400,6779932079368.818359,100.000000,0.000000,0.000000
3,Baseline,420,6779932079368.818359,100.000000,0.000000,0.000000
3,Baseline,440,6779932079368.818359,100.000000,0.000000,0.000000
3,Baseline,460,6779932079368.818359,100.000000,0.000000,0.000000
3,Baseline,480,6779932079368.818359,100.000000,0.000000,0.000000
3,Baseline,500,6779932079368.818359,100.000000,0.000000,0.000000
3,Baseline,520,6779932079368.818359,100.000000,0.000000,0.000000
3,Baseline,540,6779932079368.818359,100.000000,0.000000,0.000000
3,Baseline,560,6779932079368.818359,100.000000,0.000000,0.000000
3,Baseline,580,6779932079368.818359,100.000000,0.000000,0.000000
3,Baseline,600,6779932079368.818359,100.000000,0.000000,0.000000
3,Baseline,620,6779932079368.818359,100.000000,0.000000,0.000000
3,Baseline,640,6779932079368.818359,100.000000,0.000000,0.000000
3,Baseline,660,6779932079368.818359,100.000000,0.000000,0.000000
3,Baseline,680,6779932079368.818359,100.000000,0.000000,0.000000
3,Baseline,700,6779932079368.818359,100.000000,0.000000,0.000000
3,Baseline,720,6779932079368.818359,100.000000,0.000000,0.000000
3,Baseline,740,6779932079368.818359,100.000000,0.000000,0.000000
3,Baseline,760,6779932079368.818359,100.000000,0.000000,0.000000
3,Baseline,780,6779932079368.818359,100.000000,0.000000,0.000000
3,Baseline,800,6779932079368.818359,100.000000,0.000000,0.000000
3,Baseline,820,6779932079368.818359,100.000000,0.000000,0.000000
3,Baseline,840,6779932079368.818359,100.000000,0.000000,0.000000
3,Baseline,860,6779932079368.818359,100.000000,0.000000,0.000000
3,Baseline,880,6779932079368.818359,100.000000,0.000000,0.000000
3,Baseline,900,6779932079368.818359,100.000000,0.000000,0.000000
3,Baseline,920,6779932079368.818359,100.000000,0.000000,0.000000
3,Baseline,940,6779932079368.818359,100.000000,0.000000,0.000000
3,Baseline,960,6779932079368.818359,100.000000,0.000000,0.000000
3,Baseline,980,6779932079368.818359,100.000000,0.000000,0.000000
3,Baseline,1000,6779932079368.818359,100.000000,0.000000,0.000000
3,Baseline,1020,6779932079368.818359,100.000000,0.000000,0.000000
3,Baseline,1040,6779932079368.818359,100.000000,0.000000,0.000000
3,Baseline,1060,6779932079368.818359,100.000000,0.000000,0.000000
3,Baseline,1080,6779932079368.818359,100.000000,0.000000,0.000000
3,Baseline,1100,6779932079368.818359,100.000000,0.000000,0.000000
3,Baseline,1120,6779932079368.818359,100.000000,0.000000,0.000000
3,Baseline,1140,6779932079368.818359,100.000000,0.000000,0.000000
3,Baseline,1160,6779932079368.818359,100.000000,0.000000,0.000000
3,Baseline,1180,6779932079368.818359,100.000000,0.000000,0.000000
3,Baseline,1200,6779932079368.818359,100.000000,0.000000,0.000000
3,Baseline,1220,6779932079368.818359,100.000000,0.000000,0.000000
3,Baseline,1240,6779932079368.818359,100.000000,0.000000,0.000000
3,Baseline,1260,6779932079368.818359,100.000000,0.000000,0.000000
3,Baseline,1280,6779932079368.818359,100.000000,0.000000,0.000000
3,Baseline,1300,6779932079368.818359,100.000000,0.000000,0.000000
3,Baseline,1320,6779932079368.818359,100.000000,0.000000,0.000000
3,Baseline,1340,6779932079368.818359,100.000000,0.000000,0.000000
3,Baseline,1360,6779932079368.818359,100.000000,0.000000,0.000000
3,Baseline,1380,6779932079368.818359,100.000000,0.000000,0.000000
3,Baseline,1400,6779932079368.818359,100.000000,0.000000,0.000000
3,Baseline,1420,6779932079368.818359,100.000000,0.000000,0.000000
3,Baseline,1440,6779932079368.818359,100.000000,0.000000,0.000000
3,Baseline,1460,6779932079368.818359,100.000000,0.000000,0.000000
3,Baseline,1480,6779932079368.818359,100.000000,0.000000,0.000000
3,Baseline,1500,6779932079368.818359,100.000000,0.000000,0.000000
3,Baseline,1520,6779932079368.818359,100.000000,0.000000,0.000000
3,Baseline,1540,6779932079368.818359,100.000000,0.000000,0.000000
3,Baseline,1560,6779932079368.818359,100.000000,0.000000,0.000000
3,Baseline,1580,6779932079368.818359,100.000000,0.000000,0.000000
3,Baseline,1600,6779932079368.818359,100.000000,0.000000,0.000000
3,Baseline,1620,6779932079368.818359,100.000000,0.000000,0.000000
3,Baseline,1640,6779932079368.818359,100.000000,0.000000,0.000000
3,Baseline,1660,6779932079368.818359,100.000000,0.000000,0.000000
3,Baseline,1680,6779932079368.818359,100.000000,0.000000,0.000000
3,Baseline,1700,6779932079368.818359,100.000000,0.000000,0.000000
3,Baseline,1720,6779932079368.818359,100.000000,0.000000,0.000000
3,Baseline,1740,6779932079368.818359,100.000000,0.000000,0.000000
3,Baseline,1760,6779932079368.818359,100.000000,0.000000,0.000000
3,Baseline,1780,6779932079368.818359,100.000000,0.000000,0.000000
3,Baseline,1800,6779932079368.818359,100.000000,0.000000,0.000000
3,Baseline,1820,6779932079368.818359,100.000000,0.000000,0.000000
3,Baseline,1840,6779932079368.818359,100.000000,0.000000,0.000000
3,Baseline,1860,6779932079368.818359,100.000000,0.000000,0.000000
3,Baseline,1880,6779932079368.818359,100.000000,0.000000,0.000000
3,Baseline,1900,6779932079368.818359,100.000000,0.000000,0.000000
3,Baseline,1920,6779932079368.818359,100.000000,0.000000,0.000000
3,Baseline,1940,6779932079368.818359,100.000000,0.000000,0.000000
3,Baseline,1960,6779932079368.818359,100.000000,0.000000,0.000000
3,Baseline,1980,6779932079368.818359,100.000000,0.000000,0.000000
3,Baseline,2000,6779932079368.818359,100.000000,0.000000,0.000000
3,Proposed,20,23652273042865.753906,100.000000,72472.773199,84258.313095
3,Proposed,40,23652273042865.753906,100.000000,32179.528991,35165.148138
3,Proposed,60,23652273042865.753906,100.000000,0.000000,0.000000
3,Proposed,80,23652273042865.753906,100.000000,0.000000,0.000000
3,Proposed,100,23652273042865.753906,100.000000,0.000000,0.000000
3,Proposed,120,23652273042865.753906,100.000000,0.000000,0.000000
3,Proposed,140,23652273042865.753906,100.000000,0.000000,0.000000
3,Proposed,160,23652273042865.753906,100.000000,0.000000,0.000000
3,Proposed,180,23652273042865.753906,100.000000,0.000000,0.000000
3,Proposed,200,23652273042865.753906,100.000000,0.000000,0.000000
3,Proposed,220,23652273042865.753906,100.000000,0.000000,0.000000
3,Proposed,240,23652273042865.753906,100.000000,0.000000,0.000000
3,Proposed,260,23652273042865.753906,100.000000,0.000000,0.000000
3,Proposed,280,23652273042865.753906,100.000000,0.000000,0.000000
3,Proposed,300,23652273042865.753906,100.000000,0.000000,0.000000
3,Proposed,320,23652273042865.753906,100.000000,0.000000,0.000000
3,Proposed,340,23652273042865.753906,100.000000,0.000000,0.000000
3,Proposed,360,23652273042865.753906,100.000000,0.000000,0.000000
3,Proposed,380,23652273042865.753906,100.000000,0.000000,0.000000
3,Proposed,400,23652273042865.753906,100.000000,0.000000,0.000000
3,Proposed,420,23652273042865.753906,100.000000,0.000000,0.000000
3,Proposed,440,23652273042865.753906,100.000000,0.000000,0.000000
3,Proposed,460,23652273042865.753906,100.000000,0.000000,0.000000
3,Proposed,480,23652273042865.753906,100.000000,0.000000,0.000000
3,Proposed,500,23652273042865.753906,100.000000,0.000000,0.000000
3,Proposed,520,23652273042865.753906,100.000000,0.000000,0.000000
3,Proposed,540,23652273042865.753906,100.000000,0.000000,0.000000
3,Proposed,560,23652273042865.753906,100.000000,0.000000,0.000000
3,Proposed,580,23652273042865.753906,100.000000,0.000000,0.000000
3,Proposed,600,23652273042865.753906,100.000000,0.000000,0.000000
3,Proposed,620,23652273042865.753906,100.000000,0.000000,0.000000
3,Proposed,640,23652273042865.753906,100.000000,0.000000,0.000000
3,Proposed,660,23652273042865.753906,100.000000,0.000000,0.000000
3,Proposed,680,23652273042865.753906,100.000000,0.000000,0.000000
3,Proposed,700,23652273042865.753906,100.000000,0.000000,0.000000
3,Proposed,720,23652273042865.753906,100.000000,0.000000,0.000000
3,Proposed,740,23652273042865.753906,100.000000,0.000000,0.000000
3,Proposed,760,23652273042865.753906,100.000000,0.000000,0.000000
3,Proposed,780,23652273042865.753906,100.000000,0.000000,0.000000
3,Proposed,800,23652273042865.753906,100.000000,0.000000,0.000000
3,Proposed,820,23652273042865.753906,100.000000,0.000000,0.000000
3,Proposed,840,23652273042865.753906,100.000000,0.000000,0.000000
3,Proposed,860,23652273042865.753906,100.000000,0.000000,0.000000
3,Proposed,880,23652273042865.753906,100.000000,0.000000,0.000000
3,Proposed,900,23652273042865.753906,100.000000,0.000000,0.000000
3,Proposed,920,23652273042865.753906,100.000000,0.000000,0.000000
3,Proposed,940,23652273042865.753906,100.000000,0.000000,0.000000
3,Proposed,960,23652273042865.753906,100.000000,0.000000,0.000000
3,Proposed,980,23652273042865.753906,100.000000,0.000000,0.000000
3,Proposed,1000,23652273042865.753906,100.000000,0.000000,0.000000
4,Baseline,20,6779932079368.818359,100.000000,0.000000,0.000000
4,Baseline,40,6779932079368.818359,100.000000,0.000000,0.000000
4,Baseline,60,6779932079368.818359,100.000000,0.000000,0.000000
4,Baseline,80,6779932079368.818359,100.000000,0.000000,0.000000
4,Baseline,100,6779932079368.818359,100.000000,0.000000,0.000000
4,Baseline,120,6779932079368.818359,100.000000,0.000000,0.000000
4,Baseline,140,6779932079368.818359,100.000000,0.000000,0.000000
4,Baseline,160,6779932079368.818359,100.000000,0.000000,0.000000
4,Baseline,180,6779932079368.818359,100.000000,0.000000,0.000000
4,Baseline,200,6779932079368.818359,100.000000,0.000000,0.000000
4,Baseline,220,6779932079368.818359,100.000000,0.000000,0.000000
4,Baseline,240,6779932079368.818359,100.000000,0.000000,0.000000
4,Baseline,260,6779932079368.818359,100.000000,0.000000,0.000000
4,Baseline,280,6779932079368.818359,100.000000,0.000000,0.000000
4,Baseline,300,6779932079368.818359,100.000000,0.000000,0.000000
4,Baseline,320,6779932079368.818359,100.000000,0.000000,0.000000
4,Baseline,340,6779932079368.818359,100.000000,0.000000,0.000000
4,Baseline,360,6779932079368.818359,100.000000,0.000000,0.000000
4,Baseline,380,6779932079368.818359,100.000000,0.000000,0.000000
4,Baseline,400,6779932079368.818359,100.000000,0.000000,0.000000
4,Baseline,420,6779932079368.818359,100.000000,0.000000,0.000000
4,Baseline,440,6779932079368.818359,100.000000,0.000000,0.000000
4,Baseline,460,6779932079368.818359,100.000000,0.000000,0.000000
4,Baseline,480,6779932079368.818359,100.000000,0.000000,0.000000
4,Baseline,500,6779932079368.818359,100.000000,0.000000,0.000000
4,Baseline,520,6779932079368.818359,100.000000,0.000000,0.000000
4,Baseline,540,6779932079368.818359,100.000000,0.000000,0.000000
4,Baseline,560,6779932079368.818359,100.000000,0.000000,0.000000
4,Baseline,580,6779932079368.818359,100.000000,0.000000,0.000000
4,Baseline,600,6779932079368.818359,100.000000,0.000000,0.000000
4,Baseline,620,6779932079368.818359,100.000000,0.000000,0.000000
4,Baseline,640,6779932079368.818359,100.000000,0.000000,0.000000
4,Baseline,660,6779932079368.818359,100.000000,0.000000,0.000000
4,Baseline,680,6779932079368.818359,100.000000,0.000000,0.000000
4,Baseline,700,6779932079368.818359,100.000000,0.000000,0.000000
4,Baseline,720,6779932079368.818359,100.000000,0.000000,0.000000
4,Baseline,740,6779932079368.818359,100.000000,0.000000,0.000000
4,Baseline,760,6779932079368.818359,100.000000,0.000000,0.000000
4,Baseline,780,6779932079368.818359,100.000000,0.000000,0.000000
4,Baseline,800,6779932079368.818359,100.000000,0.000000,0.000000
4,Baseline,820,6779932079368.818359,100.000000,0.000000,0.000000
4,Baseline,840,6779932079368.818359,100.000000,0.000000,0.000000
4,Baseline,860,6779932079368.818359,100.000000,0.000000,0.000000
4,Baseline,880,6779932079368.818359,100.000000,0.000000,0.000000
4,Baseline,900,6779932079368.818359,100.000000,0.000000,0.000000
4,Baseline,920,6779932079368.818359,100.000000,0.000000,0.000000
4,Baseline,940,6779932079368.818359,100.000000,0.000000,0.000000
4,Baseline,960,6779932079368.818359,100.000000,0.000000,0.000000
4,Baseline,980,6779932079368.818359,100.000000,0.000000,0.000000
4,Baseline,1000,6779932079368.818359,100.000000,0.000000,0.000000
4,Baseline,1020,6779932079368.818359,100.000000,0.000000,0.000000
4,Baseline,1040,6779932079368.818359,100.000000,0.000000,0.000000
4,Baseline,1060,6779932079368.818359,100.000000,0.000000,0.000000
4,Baseline,1080,6779932079368.818359,100.000000,0.000000,0.000000
4,Baseline,1100,6779932079368.818359,100.000000,0.000000,0.000000
4,Baseline,1120,6779932079368.818359,100.000000,0.000000,0.000000
4,Baseline,1140,6779932079368.818359,100.000000,0.000000,0.000000
4,Baseline,1160,6779932079368.818359,100.000000,0.000000,0.000000
4,Baseline,1180,6779932079368.818359,100.000000,0.000000,0.000000
4,Baseline,1200,6779932079368.818359,100.000000,0.000000,0.000000
4,Baseline,1220,6779932079368.818359,100.000000,0.000000,0.000000
4,Baseline,1240,6779932079368.818359,100.000000,0.000000,0.000000
4,Baseline,1260,6779932079368.818359,100.000000,0.000000,0.000000
4,Baseline,1280,6779932079368.818359,100.000000,0.000000,0.000000
4,Baseline,1300,6779932079368.818359,100.000000,0.000000,0.000000
4,Baseline,1320,6779932079368.818359,100.000000,0.000000,0.000000
4,Baseline,1340,6779932079368.818359,100.000000,0.000000,0.000000
4,Baseline,1360,6779932079368.818359,100.000000,0.000000,0.000000
4,Baseline,1380,6779932079368.818359,100.000000,0.000000,0.000000
4,Baseline,1400,6779932079368.818359,100.000000,0.000000,0.000000
4,Baseline,1420,6779932079368.818359,100.000000,0.000000,0.000000
4,Baseline,1440,6779932079368.818359,100.000000,0.000000,0.000000
4,Baseline,1460,6779932079368.818359,100.000000,0.000000,0.000000
4,Baseline,1480,6779932079368.818359,100.000000,0.000000,0.000000
4,Baseline,1500,6779932079368.818359,100.000000,0.000000,0.000000
4,Baseline,1520,6779932079368.818359,100.000000,0.000000,0.000000
4,Baseline,1540,6779932079368.818359,100.000000,0.000000,0.000000
4,Baseline,1560,6779932079368.818359,100.000000,0.000000,0.000000
4,Baseline,1580,6779932079368.818359,100.000000,0.000000,0.000000
4,Baseline,1600,6779932079368.818359,100.000000,0.000000,0.000000
4,Baseline,1620,6779932079368.818359,100.000000,0.000000,0.000000
4,Baseline,1640,6779932079368.818359,100.000000,0.000000,0.000000
4,Baseline,1660,6779932079368.818359,100.000000,0.000000,0.000000
4,Baseline,1680,6779932079368.818359,100.000000,0.000000,0.000000
4,Baseline,1700,6779932079368.818359,100.000000,0.000000,0.000000
4,Baseline,1720,6779932079368.818359,100.000000,0.000000,0.000000
4,Baseline,1740,6779932079368.818359,100.000000,0.000000,0.000000
4,Baseline,1760,6779932079368.818359,100.000000,0.000000,0.000000
4,Baseline,1780,6779932079368.818359,100.000000,0.000000,0.000000
4,Baseline,1800,6779932079368.818359,100.000000,0.000000,0.000000
4,Baseline,1820,6779932079368.818359,100.000000,0.000000,0.000000
4,Baseline,1840,6779932079368.818359,100.000000,0.000000,0.000000
4,Baseline,1860,6779932079368.818359,100.000000,0.000000,0.000000
4,Baseline,1880,6779932079368.818359,100.000000,0.000000,0.000000
4,Baseline,1900,6779932079368.818359,100.000000,0.000000,0.000000
4,Baseline,1920,6779932079368.818359,100.000000,0.000000,0.000000
4,Baseline,1940,6779932079368.818359,100.000000,0.000000,0.000000
4,Baseline,1960,6779932079368.818359,100.000000,0.000000,0.000000
4,Baseline,1980,6779932079368.818359,100.000000,0.000000,0.000000
4,Baseline,2000,6779932079368.818359,100.000000,0.000000,0.000000
4,Proposed,20,23181854561633.820312,100.000000,40448.928489,109264.965532
4,Proposed,40,23181854561633.820312,100.000000,17368.669087,16094.620918
4,Proposed,60,23181854561633.820312,100.000000,4763.718050,5142.274257
4,Proposed,80,23181854561633.820312,100.000000,4763.718050,5142.274257
4,Proposed,100,23181854561633.820312,100.000000,4763.718050,5142.274257
4,Proposed,120,23181854561633.820312,100.000000,4763.718050,5142.274257
4,Proposed,140,23181854561633.820312,100.000000,4763.718050,5142.274257
4,Proposed,160,23181854561633.820312,100.000000,4763.718050,5142.274257
4,Proposed,180,23181854561633.820312,100.000000,4763.718050,5142.274257
4,Proposed,200,23181854561633.820312,100.000000,4763.718050,5142.274257
4,Proposed,220,23181854561633.820312,100.000000,4763.718050,5142.274257
4,Proposed,240,23181854561633.820312,100.000000,4763.718050,5142.274257
4,Proposed,260,23181854561633.820312,100.000000,4763.718050,5142.274257
4,Proposed,280,23181854561633.820312,100.000000,4763.718050,5142.274257
4,Proposed,300,23181854561633.820312,100.000000,4763.718050,5142.274257
4,Proposed,320,23181854561633.820312,100.000000,4763.718050,5142.274257
4,Proposed,340,23181854561633.820312,100.000000,4763.718050,5142.274257
4,Proposed,360,23181854561633.820312,100.000000,4763.718050,5142.274257
4,Proposed,380,23181854561633.820312,100.000000,4763.718050,5142.274257
4,Proposed,400,23181854561633.820312,100.000000,4763.718050,5142.274257
4,Proposed,420,23181854561633.820312,100.000000,4763.718050,5142.274257
4,Proposed,440,23181854561633.820312,100.000000,4763.718050,5142.274257
4,Proposed,460,23181854561633.820312,100.000000,4763.718050,5142.274257
4,Proposed,480,23181854561633.820312,100.000000,4763.718050,5142.274257
4,Proposed,500,23181854561633.820312,100.000000,4763.718050,5142.274257
4,Proposed,520,23181854561633.820312,100.000000,4763.718050,5142.274257
4,Proposed,540,23181854561633.820312,100.000000,4763.718050,5142.274257
4,Proposed,560,23181854561633.820312,100.000000,4763.718050,5142.274257
4,Proposed,580,23181854561633.820312,100.000000,4763.718050,5142.274257
4,Proposed,600,23181854561633.820312,100.000000,4763.718050,5142.274257
4,Proposed,620,23181854561633.820312,100.000000,4763.718050,5142.274257
4,Proposed,640,23181854561633.820312,100.000000,4763.718050,5142.274257
4,Proposed,660,23181854561633.820312,100.000000,4763.718050,5142.274257
4,Proposed,680,23181854561633.820312,100.000000,4763.718050,5142.274257
4,Proposed,700,23181854561633.820312,100.000000,4763.718050,5142.274257
4,Proposed,720,23181854561633.820312,100.000000,4763.718050,5142.274257
4,Proposed,740,23181854561633.820312,100.000000,4763.718050,5142.274257
4,Proposed,760,23181854561633.820312,100.000000,4763.718050,5142.274257
4,Proposed,780,23181854561633.820312,100.000000,4763.718050,5142.274257
4,Proposed,800,23181854561633.820312,100.000000,4763.718050,5142.274257
4,Proposed,820,23181854561633.820312,100.000000,4763.718050,5142.274257
4,Proposed,840,23181854561633.820312,100.000000,4763.718050,5142.274257
4,Proposed,860,23181854561633.820312,100.000000,4763.718050,5142.274257
4,Proposed,880,23181854561633.820312,100.000000,4763.718050,5142.274257
4,Proposed,900,23181854561633.820312,100.000000,4763.718050,5142.274257
4,Proposed,920,23181854561633.820312,100.000000,4763.718050,5142.274257
4,Proposed,940,23181854561633.820312,100.000000,4763.718050,5142.274257
4,Proposed,960,23181854561633.820312,100.000000,4763.718050,5142.274257
4,Proposed,980,23181854561633.820312,100.000000,4763.718050,5142.274257
4,Proposed,1000,23181854561633.820312,100.000000,4763.718050,5142.274257
5,Baseline,20,9569429170579.748047,100.000000,45530.774291,33836.934033
5,Baseline,40,9569429170579.748047,100.000000,0.000000,0.000000
5,Baseline,60,21649909942044.097656,100.000000,221124.010613,203322.639074
5,Baseline,80,23766531094705.558594,100.000000,0.000000,0.000000
5,Baseline,100,23766531094705.558594,100.000000,0.000000,0.000000
5,Baseline,120,23766531094705.558594,100.000000,0.000000,0.000000
5,Baseline,140,23766531094705.558594,100.000000,0.000000,0.000000
5,Baseline,160,23766531094705.558594,100.000000,0.000000,0.000000
5,Baseline,180,23783004246398.859375,100.000000,2494.461166,1019.009123
5,Baseline,200,23783004246398.859375,100.000000,2494.461166,1019.009123
5,Baseline,220,23783004246398.859375,100.000000,2494.461166,1019.009123
5,Baseline,240,23783004246398.859375,100.000000,2494.461166,1019.009123
5,Baseline,260,23783004246398.859375,100.000000,2494.461166,1019.009123
5,Baseline,280,23783004246398.859375,100.000000,2494.461166,1019.009123
5,Baseline,300,23783004246398.859375,100.000000,2494.461166,1019.009123
5,Baseline,320,23783004246398.859375,100.000000,2494.461166,1019.009123
5,Baseline,340,23783004246398.859375,100.000000,2494.461166,1019.009123
5,Baseline,360,23783004246398.859375,100.000000,2494.461166,1019.009123
5,Baseline,380,23783004246398.859375,100.000000,2494.461166,1019.009123
5,Baseline,400,23783004246398.859375,100.000000,2494.461166,1019.009123
5,Baseline,420,23783004246398.859375,100.000000,2494.461166,1019.009123
5,Baseline,440,23783004246398.859375,100.000000,2494.461166,1019.009123
5,Baseline,460,23783004246398.859375,100.000000,2494.461166,1019.009123
5,Baseline,480,23783004246398.859375,100.000000,2494.461166,1019.009123
5,Baseline,500,23783004246398.859375,100.000000,2494.461166,1019.009123
5,Baseline,520,23783004246398.859375,100.000000,2494.461166,1019.009123
5,Baseline,540,23783004246398.859375,100.000000,2494.461166,1019.009123
5,Baseline,560,23783004246398.859375,100.000000,2494.461166,1019.009123
5,Baseline,580,23783004246398.859375,100.000000,2494.461166,1019.009123
5,Baseline,600,23783004246398.859375,100.000000,2494.461166,1019.009123
5,Baseline,620,23783004246398.859375,100.000000,2494.461166,1019.009123
5,Baseline,640,23785659244369.855469,100.000000,3090.193375,1316.376262
5,Baseline,660,23785659244369.855469,100.000000,3585.207041,1556.474842
5,Baseline,680,23785659244369.855469,100.000000,3585.207041,1556.474842
5,Baseline,700,23785659244369.855469,100.000000,3585.207041,1556.474842
5,Baseline,720,23785659244369.855469,100.000000,3585.207041,1556.474842
5,Baseline,740,23785659244369.855469,100.000000,3585.207041,1556.474842
5,Baseline,760,23785659244369.855469,100.000000,3585.207041,1556.474842
5,Baseline,780,23785659244369.855469,100.000000,3585.207041,1556.474842
5,Baseline,800,23785659244369.855469,100.000000,3585.207041,1556.474842
5,Baseline,820,23785659244369.855469,100.000000,3585.207041,1556.474842
5,Baseline,840,23785659244369.855469,100.000000,3585.207041,1556.474842
5,Baseline,860,23785659244369.855469,100.000000,3585.207041,1556.474842
5,Baseline,880,23785659244369.855469,100.000000,3585.207041,1556.474842
5,Baseline,900,23785659244369.855469,100.000000,3585.207041,1556.474842
5,Baseline,920,23785659244369.855469,100.000000,3585.207041,1556.474842
5,Baseline,940,23785659244369.855469,100.000000,3585.207041,1556.474842
5,Baseline,960,23785659244369.855469,100.000000,3585.207041,1556.474842
5,Baseline,980,23785659244369.855469,100.000000,3585.207041,1556.474842
5,Baseline,1000,23785659244369.855469,100.000000,3585.207041,1556.474842
5,Baseline,1020,23785659244369.855469,100.000000,3585.207041,1556.474842
5,Baseline,1040,23785659244369.855469,100.000000,3585.207041,1556.474842
5,Baseline,1060,23785659244369.855469,100.000000,3585.207041,1556.474842
5,Baseline,1080,23785659244369.855469,100.000000,3585.207041,1556.474842
5,Baseline,1100,23785659244369.855469,100.000000,3585.207041,1556.474842
5,Baseline,1120,23785659244369.855469,100.000000,3585.207041,1556.474842
5,Baseline,1140,23785659244369.855469,100.000000,3585.207041,1556.474842
5,Baseline,1160,23785659244369.855469,100.000000,3585.207041,1556.474842
5,Baseline,1180,23785659244369.855469,100.000000,3585.207041,1556.474842
5,Baseline,1200,23785659244369.855469,100.000000,3585.207041,1556.474842
5,Baseline,1220,23785659244369.855469,100.000000,3585.207041,1556.474842
5,Baseline,1240,23785659244369.855469,100.000000,3585.207041,1556.474842
5,Baseline,1260,23785659244369.855469,100.000000,3585.207041,1556.474842
5,Baseline,1280,23785659244369.855469,100.000000,3585.207041,1556.474842
5,Baseline,1300,23785659244369.855469,100.000000,3585.207041,1556.474842
5,Baseline,1320,23785659244369.855469,100.000000,3585.207041,1556.474842
5,Baseline,1340,23785659244369.855469,100.000000,3585.207041,1556.474842
5,Baseline,1360,23785659244369.855469,100.000000,3585.207041,1556.474842
5,Baseline,1380,23785659244369.855469,100.000000,3585.207041,1556.474842
5,Baseline,1400,23785659244369.855469,100.000000,3585.207041,1556.474842
5,Baseline,1420,23785659244369.855469,100.000000,3585.207041,1556.474842
5,Baseline,1440,23785659244369.855469,100.000000,3585.207041,1556.474842
5,Baseline,1460,23785659244369.855469,100.000000,3585.207041,1556.474842
5,Baseline,1480,23785659244369.855469,100.000000,3585.207041,1556.474842
5,Baseline,1500,23785659244369.855469,100.000000,3585.207041,1556.474842
5,Baseline,1520,23785659244369.855469,100.000000,3585.207041,1556.474842
5,Baseline,1540,23785659244369.855469,100.000000,3585.207041,1556.474842
5,Baseline,1560,23785659244369.855469,100.000000,3585.207041,1556.474842
5,Baseline,1580,23785659244369.855469,100.000000,3585.207041,1556.474842
5,Baseline,1600,23785659244369.855469,100.000000,3585.207041,1556.474842
5,Baseline,1620,23785659244369.855469,100.000000,3585.207041,1556.474842
5,Baseline,1640,23785659244369.855469,100.000000,3585.207041,1556.474842
5,Baseline,1660,23785659244369.855469,100.000000,3585.207041,1556.474842
5,Baseline,1680,23785659244369.855469,100.000000,3585.207041,1556.474842
5,Baseline,1700,23785659244369.855469,100.000000,3585.207041,1556.474842
5,Baseline,1720,23785659244369.855469,100.000000,3585.207041,1556.474842
5,Baseline,1740,23785659244369.855469,100.000000,3585.207041,1556.474842
5,Baseline,1760,23785659244369.855469,100.000000,3585.207041,1556.474842
5,Baseline,1780,23785659244369.855469,100.000000,3585.207041,1556.474842
5,Baseline,1800,23785659244369.855469,100.000000,3585.207041,1556.474842
5,Baseline,1820,23785659244369.855469,100.000000,3585.207041,1556.474842
5,Baseline,1840,23785659244369.855469,100.000000,3585.207041,1556.474842
5,Baseline,1860,23785659244369.855469,100.000000,3585.207041,1556.474842
5,Baseline,1880,23785659244369.855469,100.000000,3585.207041,1556.474842
5,Baseline,1900,23785659244369.855469,100.000000,3585.207041,1556.474842
5,Baseline,1920,23785659244369.855469,100.000000,3585.207041,1556.474842
5,Baseline,1940,23785659244369.855469,100.000000,3585.207041,1556.474842
5,Baseline,1960,23785659244369.855469,100.000000,3585.207041,1556.474842
5,Baseline,1980,23785659244369.855469,100.000000,3585.207041,1556.474842
5,Baseline,2000,23785659244369.855469,100.000000,3585.207041,1556.474842
5,Proposed,20,22483817580353.531250,100.000000,80361.460028,94689.806159
5,Proposed,40,22483817580353.531250,100.000000,37471.227154,22948.684828
5,Proposed,60,22483817580353.531250,100.000000,0.000000,0.000000
5,Proposed,80,22483817580353.531250,100.000000,0.000000,0.000000
5,Proposed,100,22483817580353.531250,100.000000,0.000000,0.000000
5,Proposed,120,22483817580353.531250,100.000000,0.000000,0.000000
5,Proposed,140,22483817580353.531250,100.000000,0.000000,0.000000
5,Proposed,160,22483817580353.531250,100.000000,0.000000,0.000000
5,Proposed,180,22483817580353.531250,100.000000,0.000000,0.000000
5,Proposed,200,22483817580353.531250,100.000000,0.000000,0.000000
5,Proposed,220,22483817580353.531250,100.000000,0.000000,0.000000
5,Proposed,240,22483817580353.531250,100.000000,0.000000,0.000000
5,Proposed,260,22483817580353.531250,100.000000,0.000000,0.000000
5,Proposed,280,22483817580353.531250,100.000000,0.000000,0.000000
5,Proposed,300,22483817580353.531250,100.000000,0.000000,0.000000
5,Proposed,320,22483817580353.531250,100.000000,0.000000,0.000000
5,Proposed,340,22483817580353.531250,100.000000,0.000000,0.000000
5,Proposed,360,22483817580353.531250,100.000000,0.000000,0.000000
5,Proposed,380,22483817580353.531250,100.000000,0.000000,0.000000
5,Proposed,400,22483817580353.531250,100.000000,0.000000,0.000000
5,Proposed,420,22483817580353.531250,100.000000,0.000000,0.000000
5,Proposed,440,22483817580353.531250,100.000000,0.000000,0.000000
5,Proposed,460,22483817580353.531250,100.000000,0.000000,0.000000
5,Proposed,480,22483817580353.531250,100.000000,0.000000,0.000000
5,Proposed,500,22483817580353.531250,100.000000,0.000000,0.000000
5,Proposed,520,22483817580353.531250,100.000000,0.000000,0.000000
5,Proposed,540,22483817580353.531250,100.000000,0.000000,0.000000
5,Proposed,560,22483817580353.531250,100.000000,0.000000,0.000000
5,Proposed,580,22483817580353.531250,100.000000,0.000000,0.000000
5,Proposed,600,22483817580353.531250,100.000000,0.000000,0.000000
5,Proposed,620,22483817580353.531250,100.000000,0.000000,0.000000
5,Proposed,640,22483817580353.531250,100.000000,0.000000,0.000000
5,Proposed,660,22483817580353.531250,100.000000,0.000000,0.000000
5,Proposed,680,22483817580353.531250,100.000000,0.000000,0.000000
5,Proposed,700,22483817580353.531250,100.000000,0.000000,0.000000
5,Proposed,720,22483817580353.531250,100.000000,0.000000,0.000000
5,Proposed,740,22483817580353.531250,100.000000,0.000000,0.000000
5,Proposed,760,22483817580353.531250,100.000000,0.000000,0.000000
5,Proposed,780,22483817580353.531250,100.000000,0.000000,0.000000
5,Proposed,800,22483817580353.531250,100.000000,0.000000,0.000000
5,Proposed,820,22483817580353.531250,100.000000,0.000000,0.000000
5,Proposed,840,22483817580353.531250,100.000000,0.000000,0.000000
5,Proposed,860,22483817580353.531250,100.000000,0.000000,0.000000
5,Proposed,880,22483817580353.531250,100.000000,0.000000,0.000000
5,Proposed,900,22483817580353.531250,100.000000,0.000000,0.000000
5,Proposed,920,22483817580353.531250,100.000000,0.000000,0.000000
5,Proposed,940,22483817580353.531250,100.000000,0.000000,0.000000
5,Proposed,960,22483817580353.531250,100.000000,0.000000,0.000000
5,Proposed,980,22483817580353.531250,100.000000,0.000000,0.000000
5,Proposed,1000,22483817580353.531250,100.000000,0.000000,0.000000
6,Baseline,20,6779932079368.818359,100.000000,0.000000,0.000000
6,Baseline,40,6779932079368.818359,100.000000,0.000000,0.000000
6,Baseline,60,6779932079368.818359,100.000000,0.000000,0.000000
6,Baseline,80,6779932079368.818359,100.000000,0.000000,0.000000
6,Baseline,100,6779932079368.818359,100.000000,0.000000,0.000000
6,Baseline,120,6779932079368.818359,100.000000,0.000000,0.000000
6,Baseline,140,6779932079368.818359,100.000000,0.000000,0.000000
6,Baseline,160,6779932079368.818359,100.000000,0.000000,0.000000
6,Baseline,180,6779932079368.818359,100.000000,0.000000,0.000000
6,Baseline,200,6779932079368.818359,100.000000,0.000000,0.000000
6,Baseline,220,6779932079368.818359,100.000000,0.000000,0.000000
6,Baseline,240,6779932079368.818359,100.000000,0.000000,0.000000
6,Baseline,260,6779932079368.818359,100.000000,0.000000,0.000000
6,Baseline,280,6779932079368.818359,100.000000,0.000000,0.000000
6,Baseline,300,6779932079368.818359,100.000000,0.000000,0.000000
6,Baseline,320,6779932079368.818359,100.000000,0.000000,0.000000
6,Baseline,340,6779932079368.818359,100.000000,0.000000,0.000000
6,Baseline,360,6779932079368.818359,100.000000,0.000000,0.000000
6,Baseline,380,6779932079368.818359,100.000000,0.000000,0.000000
6,Baseline,400,6779932079368.818359,100.000000,0.000000,0.000000
6,Baseline,420,6779932079368.818359,100.000000,0.000000,0.000000
6,Baseline,440,6779932079368.818359,100.000000,0.000000,0.000000
6,Baseline,460,6779932079368.818359,100.000000,0.000000,0.000000
6,Baseline,480,6779932079368.818359,100.000000,0.000000,0.000000
6,Baseline,500,6779932079368.818359,100.000000,0.000000,0.000000
6,Baseline,520,6779932079368.818359,100.000000,0.000000,0.000000
6,Baseline,540,6779932079368.818359,100.000000,0.000000,0.000000
6,Baseline,560,6779932079368.818359,100.000000,0.000000,0.000000
6,Baseline,580,6779932079368.818359,100.000000,0.000000,0.000000
6,Baseline,600,6779932079368.818359,100.000000,0.000000,0.000000
6,Baseline,620,6779932079368.818359,100.000000,0.000000,0.000000
6,Baseline,640,6779932079368.818359,100.000000,0.000000,0.000000
6,Baseline,660,6779932079368.818359,100.000000,0.000000,0.000000
6,Baseline,680,6779932079368.818359,100.000000,0.000000,0.000000
6,Baseline,700,6779932079368.818359,100.000000,0.000000,0.000000
6,Baseline,720,6779932079368.818359,100.000000,0.000000,0.000000
6,Baseline,740,6779932079368.818359,100.000000,0.000000,0.000000
6,Baseline,760,6779932079368.818359,100.000000,0.000000,0.000000
6,Baseline,780,6779932079368.818359,100.000000,0.000000,0.000000
6,Baseline,800,6779932079368.818359,100.000000,0.000000,0.000000
6,Baseline,820,6779932079368.818359,100.000000,0.000000,0.000000
6,Baseline,840,6779932079368.818359,100.000000,0.000000,0.000000
6,Baseline,860,6779932079368.818359,100.000000,0.000000,0.000000
6,Baseline,880,6779932079368.818359,100.000000,0.000000,0.000000
6,Baseline,900,6779932079368.818359,100.000000,0.000000,0.000000
6,Baseline,920,6779932079368.818359,100.000000,0.000000,0.000000
6,Baseline,940,6779932079368.818359,100.000000,0.000000,0.000000
6,Baseline,960,6779932079368.818359,100.000000,0.000000,0.000000
6,Baseline,980,6779932079368.818359,100.000000,0.000000,0.000000
6,Baseline,1000,6779932079368.818359,100.000000,0.000000,0.000000
6,Baseline,1020,6779932079368.818359,100.000000,0.000000,0.000000
6,Baseline,1040,6779932079368.818359,100.000000,0.000000,0.000000
6,Baseline,1060,6779932079368.818359,100.000000,0.000000,0.000000
6,Baseline,1080,6779932079368.818359,100.000000,0.000000,0.000000
6,Baseline,1100,6779932079368.818359,100.000000,0.000000,0.000000
6,Baseline,1120,6779932079368.818359,100.000000,0.000000,0.000000
6,Baseline,1140,6779932079368.818359,100.000000,0.000000,0.000000
6,Baseline,1160,6779932079368.818359,100.000000,0.000000,0.000000
6,Baseline,1180,6779932079368.818359,100.000000,0.000000,0.000000
6,Baseline,1200,6779932079368.818359,100.000000,0.000000,0.000000
6,Baseline,1220,6779932079368.818359,100.000000,0.000000,0.000000
6,Baseline,1240,6779932079368.818359,100.000000,0.000000,0.000000
6,Baseline,1260,6779932079368.818359,100.000000,0.000000,0.000000
6,Baseline,1280,6779932079368.818359,100.000000,0.000000,0.000000
6,Baseline,1300,6779932079368.818359,100.000000,0.000000,0.000000
6,Baseline,1320,6779932079368.818359,100.000000,0.000000,0.000000
6,Baseline,1340,6779932079368.818359,100.000000,0.000000,0.000000
6,Baseline,1360,6779932079368.818359,100.000000,0.000000,0.000000
6,Baseline,1380,6779932079368.818359,100.000000,0.000000,0.000000
6,Baseline,1400,6779932079368.818359,100.000000,0.000000,0.000000
6,Baseline,1420,6779932079368.818359,100.000000,0.000000,0.000000
6,Baseline,1440,6779932079368.818359,100.000000,0.000000,0.000000
6,Baseline,1460,6779932079368.818359,100.000000,0.000000,0.000000
6,Baseline,1480,6779932079368.818359,100.000000,0.000000,0.000000
6,Baseline,1500,6779932079368.818359,100.000000,0.000000,0.000000
6,Baseline,1520,6779932079368.818359,100.000000,0.000000,0.000000
6,Baseline,1540,6779932079368.818359,100.000000,0.000000,0.000000
6,Baseline,1560,6779932079368.818359,100.000000,0.000000,0.000000
6,Baseline,1580,6779932079368.818359,100.000000,0.000000,0.000000
6,Baseline,1600,6779932079368.818359,100.000000,0.000000,0.000000
6,Baseline,1620,6779932079368.818359,100.000000,0.000000,0.000000
6,Baseline,1640,6779932079368.818359,100.000000,0.000000,0.000000
6,Baseline,1660,6779932079368.818359,100.000000,0.000000,0.000000
6,Baseline,1680,6779932079368.818359,100.000000,0.000000,0.000000
6,Baseline,1700,6779932079368.818359,100.000000,0.000000,0.000000
6,Baseline,1720,6779932079368.818359,100.000000,0.000000,0.000000
6,Baseline,1740,6779932079368.818359,100.000000,0.000000,0.000000
6,Baseline,1760,6779932079368.818359,100.000000,0.000000,0.000000
6,Baseline,1780,6779932079368.818359,100.000000,0.000000,0.000000
6,Baseline,1800,6779932079368.818359,100.000000,0.000000,0.000000
6,Baseline,1820,6779932079368.818359,100.000000,0.000000,0.000000
6,Baseline,1840,6779932079368.818359,100.000000,0.000000,0.000000
6,Baseline,1860,6779932079368.818359,100.000000,0.000000,0.000000
6,Baseline,1880,6779932079368.818359,100.000000,0.000000,0.000000
6,Baseline,1900,6779932079368.818359,100.000000,0.000000,0.000000
6,Baseline,1920,6779932079368.818359,100.000000,0.000000,0.000000
6,Baseline,1940,6779932079368.818359,100.000000,0.000000,0.000000
6,Baseline,1960,6779932079368.818359,100.000000,0.000000,0.000000
6,Baseline,1980,6779932079368.818359,100.000000,0.000000,0.000000
6,Baseline,2000,6779932079368.818359,100.000000,0.000000,0.000000
6,Proposed,20,22972692627163.839844,100.000000,51575.103778,73486.474888
6,Proposed,40,22972692627163.839844,100.000000,17622.679136,74928.541146
6,Proposed,60,22972692627163.839844,100.000000,0.000000,0.000000
6,Proposed,80,22972692627163.839844,100.000000,0.000000,0.000000
6,Proposed,100,22972692627163.839844,100.000000,0.000000,0.000000
6,Proposed,120,22972692627163.839844,100.000000,0.000000,0.000000
6,Proposed,140,22972692627163.839844,100.000000,0.000000,0.000000
6,Proposed,160,22972692627163.839844,100.000000,0.000000,0.000000
6,Proposed,180,22972692627163.839844,100.000000,0.000000,0.000000
6,Proposed,200,22972692627163.839844,100.000000,0.000000,0.000000
6,Proposed,220,22972692627163.839844,100.000000,0.000000,0.000000
6,Proposed,240,22972692627163.839844,100.000000,0.000000,0.000000
6,Proposed,260,22972692627163.839844,100.000000,0.000000,0.000000
6,Proposed,280,22972692627163.839844,100.000000,0.000000,0.000000
6,Proposed,300,22972692627163.839844,100.000000,0.000000,0.000000
6,Proposed,320,22972692627163.839844,100.000000,0.000000,0.000000
6,Proposed,340,22972692627163.839844,100.000000,0.000000,0.000000
6,Proposed,360,22972692627163.839844,100.000000,0.000000,0.000000
6,Proposed,380,22972692627163.839844,100.000000,0.000000,0.000000
6,Proposed,400,22972692627163.839844,100.000000,0.000000,0.000000
6,Proposed,420,22972692627163.839844,100.000000,0.000000,0.000000
6,Proposed,440,22972692627163.839844,100.000000,0.000000,0.000000
6,Proposed,460,22972692627163.839844,100.000000,0.000000,0.000000
6,Proposed,480,22972692627163.839844,100.000000,0.000000,0.000000
6,Proposed,500,22972692627163.839844,100.000000,0.000000,0.000000
6,Proposed,520,22972692627163.839844,100.000000,0.000000,0.000000
6,Proposed,540,22972692627163.839844,100.000000,0.000000,0.000000
6,Proposed,560,22972692627163.839844,100.000000,0.000000,0.000000
6,Proposed,580,22972692627163.839844,100.000000,0.000000,0.000000
6,Proposed,600,22972692627163.839844,100.000000,0.000000,0.000000
6,Proposed,620,22972692627163.839844,100.000000,0.000000,0.000000
6,Proposed,640,22972692627163.839844,100.000000,0.000000,0.000000
6,Proposed,660,22972692627163.839844,100.000000,0.000000,0.000000
6,Proposed,680,22972692627163.839844,100.000000,0.000000,0.000000
6,Proposed,700,22972692627163.839844,100.000000,0.000000,0.000000
6,Proposed,720,22972692627163.839844,100.000000,0.000000,0.000000
6,Proposed,740,22972692627163.839844,100.000000,0.000000,0.000000
6,Proposed,760,22972692627163.839844,100.000000,0.000000,0.000000
6,Proposed,780,22972692627163.839844,100.000000,0.000000,0.000000
6,Proposed,800,22972692627163.839844,100.000000,0.000000,0.000000
6,Proposed,820,22972692627163.839844,100.000000,0.000000,0.000000
6,Proposed,840,22972692627163.839844,100.000000,0.000000,0.000000
6,Proposed,860,22972692627163.839844,100.000000,0.000000,0.000000
6,Proposed,880,22972692627163.839844,100.000000,0.000000,0.000000
6,Proposed,900,22972692627163.839844,100.000000,0.000000,0.000000
6,Proposed,920,22972692627163.839844,100.000000,0.000000,0.000000
6,Proposed,940,22972692627163.839844,100.000000,0.000000,0.000000
6,Proposed,960,22972692627163.839844,100.000000,0.000000,0.000000
6,Proposed,980,22972692627163.839844,100.000000,0.000000,0.000000
6,Proposed,1000,22972692627163.839844,100.000000,0.000000,0.000000
7,Baseline,20,5616068009384.700195,100.000000,9246.812961,25684.125351
7,Baseline,40,5616068009384.700195,100.000000,7444.420628,19285.785232
7,Baseline,60,5625279103753.791016,100.000000,26982.258890,70395.447548
7,Baseline,80,5838732353601.576172,100.000000,21466.820817,112343.061785
7,Baseline,100,5838732353601.576172,100.000000,5290.375920,34638.607766
7,Baseline,120,5838732353601.576172,100.000000,5290.375920,34638.607766
7,Baseline,140,5838732353601.576172,100.000000,5290.375920,34638.607766
7,Baseline,160,5838732353601.576172,100.000000,5290.375920,34638.607766
7,Baseline,180,5838732353601.576172,100.000000,5290.375920,34638.607766
7,Baseline,200,5838732353601.576172,100.000000,5290.375920,34638.607766
7,Baseline,220,5838732353601.576172,100.000000,5290.375920,34638.607766
7,Baseline,240,5838732353601.576172,100.000000,5290.375920,34638.607766
7,Baseline,260,5838732353601.576172,100.000000,5290.375920,34638.607766
7,Baseline,280,5839655823230.445312,100.000000,5334.281998,34147.704816
7,Baseline,300,5839655823230.445312,100.000000,5334.281998,34147.704816
7,Baseline,320,5839655823230.445312,100.000000,5334.281998,34147.704816
7,Baseline,340,5839655823230.445312,100.000000,5334.281998,34147.704816
7,Baseline,360,5839655823230.445312,100.000000,5334.281998,34147.704816
7,Baseline,380,5839655823230.445312,100.000000,5334.281998,34147.704816
7,Baseline,400,5839655823230.445312,100.000000,5334.281998,34147.704816
7,Baseline,420,5839655823230.445312,100.000000,5334.281998,34147.704816
7,Baseline,440,5843915018823.169922,100.000000,5112.255462,22106.382670
7,Baseline,460,5843915018823.169922,100.000000,5112.255462,22106.382670
7,Baseline,480,5843915018823.169922,100.000000,5112.255462,22106.382670
7,Baseline,500,5843915018823.169922,100.000000,5112.255462,22106.382670
7,Baseline,520,5844094159306.503906,100.000000,5214.820329,21982.521306
7,Baseline,540,5844094159306.503906,100.000000,5214.820329,21982.521306
7,Baseline,560,5844094159306.503906,100.000000,5214.820329,21982.521306
7,Baseline,580,5844094159306.503906,100.000000,5214.820329,21982.521306
7,Baseline,600,5848144821475.373047,100.000000,4072.258690,30705.151203
7,Baseline,620,5892529253685.982422,100.000000,4322.545256,12358.808873
7,Baseline,640,5892529253685.982422,100.000000,4322.545256,12358.808873
7,Baseline,660,5892529253685.982422,100.000000,4322.545256,12358.808873
7,Baseline,680,5892529253685.982422,100.000000,4322.545256,12358.808873
7,Baseline,700,5892529253685.982422,100.000000,4322.545256,12358.808873
7,Baseline,720,5892529253685.982422,100.000000,4322.545256,12358.808873
7,Baseline,740,5892702492850.666016,100.000000,4450.986730,12209.978402
7,Baseline,760,5892702492850.666016,100.000000,4450.986730,12209.978402
7,Baseline,780,5892702492850.666016,100.000000,4450.986730,12209.978402
7,Baseline,800,5892702492850.666016,100.000000,4450.986730,12209.978402
7,Baseline,820,5892702492850.666016,100.000000,4450.986730,12209.978402
7,Baseline,840,5892702492850.666016,100.000000,4450.986730,12209.978402
7,Baseline,860,5892702492850.666016,100.000000,4450.986730,12209.978402
7,Baseline,880,5892702492850.666016,100.000000,4450.986730,12209.978402
7,Baseline,900,5892702492850.666016,100.000000,4450.986730,12209.978402
7,Baseline,920,5892702492850.666016,100.000000,4450.986730,12209.978402
7,Baseline,940,5892702492850.666016,100.000000,4450.986730,12209.978402
7,Baseline,960,5892702492850.666016,100.000000,4450.986730,12209.978402
7,Baseline,980,5892702492850.666016,100.000000,4450.986730,12209.978402
7,Baseline,1000,5892702492850.666016,100.000000,4450.986730,12209.978402
7,Baseline,1020,5892926782016.508789,100.000000,4461.654296,11966.317641
7,Baseline,1040,5892926782016.508789,100.000000,4461.654296,11966.317641
7,Baseline,1060,5892926782016.508789,100.000000,4461.654296,11966.317641
7,Baseline,1080,5892926782016.508789,100.000000,4461.654296,11966.317641
7,Baseline,1100,5892926782016.508789,100.000000,4461.654296,11966.317641
7,Baseline,1120,5892926782016.508789,100.000000,4461.654296,11966.317641
7,Baseline,1140,5892926782016.508789,100.000000,4461.654296,11966.317641
7,Baseline,1160,5892926782016.508789,100.000000,4461.654296,11966.317641
7,Baseline,1180,5892926782016.508789,100.000000,4461.654296,11966.317641
7,Baseline,1200,5892926782016.508789,100.000000,4461.654296,11966.317641
7,Baseline,1220,5892926782016.508789,100.000000,4461.654296,11966.317641
7,Baseline,1240,5892926782016.508789,100.000000,4461.654296,11966.317641
7,Baseline,1260,5892926782016.508789,100.000000,4461.654296,11966.317641
7,Baseline,1280,5892926782016.508789,100.000000,4461.654296,11966.317641
7,Baseline,1300,5892926782016.508789,100.000000,4461.654296,11966.317641
7,Baseline,1320,5892926782016.508789,100.000000,4461.654296,11966.317641
7,Baseline,1340,5892926782016.508789,100.000000,4461.654296,11966.317641
7,Baseline,1360,5892926782016.508789,100.000000,4461.654296,11966.317641
7,Baseline,1380,5892926782016.508789,100.000000,4461.654296,11966.317641
7,Baseline,1400,5892926782016.508789,100.000000,4461.654296,11966.317641
7,Baseline,1420,5892926782016.508789,100.000000,4461.654296,11966.317641
7,Baseline,1440,5892926782016.508789,100.000000,4461.654296,11966.317641
7,Baseline,1460,5892926782016.508789,100.000000,4461.654296,11966.317641
7,Baseline,1480,5892926782016.508789,100.000000,4461.654296,11966.317641
7,Baseline,1500,5892926782016.508789,100.000000,4461.654296,11966.317641
7,Baseline,1520,5892926782016.508789,100.000000,4461.654296,11966.317641
7,Baseline,1540,5892926782016.508789,100.000000,4461.654296,11966.317641
7,Baseline,1560,5892926782016.508789,100.000000,4461.654296,11966.317641
7,Baseline,1580,5892926782016.508789,100.000000,4461.654296,11966.317641
7,Baseline,1600,5892926782016.508789,100.000000,4461.654296,11966.317641
7,Baseline,1620,5892926782016.508789,100.000000,4461.654296,11966.317641
7,Baseline,1640,5892926782016.508789,100.000000,4461.654296,11966.317641
7,Baseline,1660,5892926782016.508789,100.000000,4461.654296,11966.317641
7,Baseline,1680,5892926782016.508789,100.000000,4461.654296,11966.317641
7,Baseline,1700,5892926782016.508789,100.000000,4461.654296,11966.317641
7,Baseline,1720,5892926782016.508789,100.000000,4461.654296,11966.317641
7,Baseline,1740,5892926782016.508789,100.000000,4461.654296,11966.317641
7,Baseline,1760,5892926782016.508789,100.000000,4461.654296,11966.317641
7,Baseline,1780,5892926782016.508789,100.000000,4461.654296,11966.317641
7,Baseline,1800,5892926782016.508789,100.000000,4461.654296,11966.317641
7,Baseline,1820,5892926782016.508789,100.000000,4461.654296,11966.317641
7,Baseline,1840,5892926782016.508789,100.000000,4461.654296,11966.317641
7,Baseline,1860,5892926782016.508789,100.000000,4461.654296,11966.317641
7,Baseline,1880,5892926782016.508789,100.000000,4461.654296,11966.317641
7,Baseline,1900,5892926782016.508789,100.000000,4461.654296,11966.317641
7,Baseline,1920,5892926782016.508789,100.000000,4461.654296,11966.317641
7,Baseline,1940,5892926782016.508789,100.000000,4461.654296,11966.317641
7,Baseline,1960,5892926782016.508789,100.000000,4461.654296,11966.317641
7,Baseline,1980,5892926782016.508789,100.000000,4461.654296,11966.317641
7,Baseline,2000,5892926782016.508789,100.000000,4461.654296,11966.317641
7,Proposed,20,23064639940652.941406,100.000000,73610.022340,107051.573387
7,Proposed,40,23064639940652.941406,100.000000,63753.807794,158568.206914
7,Proposed,60,23064639940652.941406,100.000000,15480.921924,37615.571774
7,Proposed,80,23064639940652.941406,100.000000,15480.921924,37615.571774
7,Proposed,100,23064639940652.941406,100.000000,15480.921924,37615.571774
7,Proposed,120,23064639940652.941406,100.000000,15480.921924,37615.571774
7,Proposed,140,23064639940652.941406,100.000000,15480.921924,37615.571774
7,Proposed,160,23064639940652.941406,100.000000,15480.921924,37615.571774
7,Proposed,180,23064639940652.941406,100.000000,15480.921924,37615.571774
7,Proposed,200,23064639940652.941406,100.000000,15480.921924,37615.571774
7,Proposed,220,23064639940652.941406,100.000000,15480.921924,37615.571774
7,Proposed,240,23064639940652.941406,100.000000,15480.921924,37615.571774
7,Proposed,260,23064639940652.941406,100.000000,15480.921924,37615.571774
7,Proposed,280,23064639940652.941406,100.000000,15480.921924,37615.571774
7,Proposed,300,23064639940652.941406,100.000000,15480.921924,37615.571774
7,Proposed,320,23064639940652.941406,100.000000,15480.921924,37615.571774
7,Proposed,340,23064639940652.941406,100.000000,15480.921924,37615.571774
7,Proposed,360,23064639940652.941406,100.000000,15480.921924,37615.571774
7,Proposed,380,23064639940652.941406,100.000000,15480.921924,37615.571774
7,Proposed,400,23064639940652.941406,100.000000,15480.921924,37615.571774
7,Proposed,420,23064639940652.941406,100.000000,15480.921924,37615.571774
7,Proposed,440,23064639940652.941406,100.000000,15480.921924,37615.571774
7,Proposed,460,23064639940652.941406,100.000000,15480.921924,37615.571774
7,Proposed,480,23064639940652.941406,100.000000,15480.921924,37615.571774
7,Proposed,500,23064639940652.941406,100.000000,15480.921924,37615.571774
7,Proposed,520,23064639940652.941406,100.000000,15480.921924,37615.571774
7,Proposed,540,23064639940652.941406,100.000000,15480.921924,37615.571774
7,Proposed,560,23064639940652.941406,100.000000,15480.921924,37615.571774
7,Proposed,580,23064639940652.941406,100.000000,15480.921924,37615.571774
7,Proposed,600,23064639940652.941406,100.000000,15480.921924,37615.571774
7,Proposed,620,23064639940652.941406,100.000000,15480.921924,37615.571774
7,Proposed,640,23064639940652.941406,100.000000,15480.921924,37615.571774
7,Proposed,660,23064639940652.941406,100.000000,15480.921924,37615.571774
7,Proposed,680,23064639940652.941406,100.000000,15480.921924,37615.571774
7,Proposed,700,23064639940652.941406,100.000000,15480.921924,37615.571774
7,Proposed,720,23064639940652.941406,100.000000,15480.921924,37615.571774
7,Proposed,740,23064639940652.941406,100.000000,15480.921924,37615.571774
7,Proposed,760,23064639940652.941406,100.000000,15480.921924,37615.571774
7,Proposed,780,23064639940652.941406,100.000000,15480.921924,37615.571774
7,Proposed,800,23064639940652.941406,100.000000,15480.921924,37615.571774
7,Proposed,820,23064639940652.941406,100.000000,15480.921924,37615.571774
7,Proposed,840,23064639940652.941406,100.000000,15480.921924,37615.571774
7,Proposed,860,23064639940652.941406,100.000000,15480.921924,37615.571774
7,Proposed,880,23064639940652.941406,100.000000,15480.921924,37615.571774
7,Proposed,900,23064639940652.941406,100.000000,15480.921924,37615.571774
7,Proposed,920,23064639940652.941406,100.000000,15480.921924,37615.571774
7,Proposed,940,23064639940652.941406,100.000000,15480.921924,37615.571774
7,Proposed,960,23064639940652.941406,100.000000,15480.921924,37615.571774
7,Proposed,980,23064639940652.941406,100.000000,15480.921924,37615.571774
7,Proposed,1000,23064639940652.941406,100.000000,15480.921924,37615.571774
8,Baseline,20,6779932079368.818359,100.000000,0.000000,0.000000
8,Baseline,40,6779932079368.818359,100.000000,0.000000,0.000000
8,Baseline,60,6779932079368.818359,100.000000,0.000000,0.000000
8,Baseline,80,6779932079368.818359,100.000000,0.000000,0.000000
8,Baseline,100,6779932079368.818359,100.000000,0.000000,0.000000
8,Baseline,120,6779932079368.818359,100.000000,0.000000,0.000000
8,Baseline,140,6779932079368.818359,100.000000,0.000000,0.000000
8,Baseline,160,6779932079368.818359,100.000000,0.000000,0.000000
8,Baseline,180,6779932079368.818359,100.000000,0.000000,0.000000
8,Baseline,200,6779932079368.818359,100.000000,0.000000,0.000000
8,Baseline,220,6779932079368.818359,100.000000,0.000000,0.000000
8,Baseline,240,6779932079368.818359,100.000000,0.000000,0.000000
8,Baseline,260,6779932079368.818359,100.000000,0.000000,0.000000
8,Baseline,280,6779932079368.818359,100.000000,0.000000,0.000000
8,Baseline,300,6779932079368.818359,100.000000,0.000000,0.000000
8,Baseline,320,6779932079368.818359,100.000000,0.000000,0.000000
8,Baseline,340,6779932079368.818359,100.000000,0.000000,0.000000
8,Baseline,360,6779932079368.818359,100.000000,0.000000,0.000000
8,Baseline,380,6779932079368.818359,100.000000,0.000000,0.000000
8,Baseline,400,6779932079368.818359,100.000000,0.000000,0.000000
8,Baseline,420,6779932079368.818359,100.000000,0.000000,0.000000
8,Baseline,440,6779932079368.818359,100.000000,0.000000,0.000000
8,Baseline,460,6779932079368.818359,100.000000,0.000000,0.000000
8,Baseline,480,6779932079368.818359,100.000000,0.000000,0.000000
8,Baseline,500,6779932079368.818359,100.000000,0.000000,0.000000
8,Baseline,520,6779932079368.818359,100.000000,0.000000,0.000000
8,Baseline,540,6779932079368.818359,100.000000,0.000000,0.000000
8,Baseline,560,6779932079368.818359,100.000000,0.000000,0.000000
8,Baseline,580,6779932079368.818359,100.000000,0.000000,0.000000
8,Baseline,600,6779932079368.818359,100.000000,0.000000,0.000000
8,Baseline,620,6779932079368.818359,100.000000,0.000000,0.000000
8,Baseline,640,6779932079368.818359,100.000000,0.000000,0.000000
8,Baseline,660,6779932079368.818359,100.000000,0.000000,0.000000
8,Baseline,680,6779932079368.818359,100.000000,0.000000,0.000000
8,Baseline,700,6779932079368.818359,100.000000,0.000000,0.000000
8,Baseline,720,6779932079368.818359,100.000000,0.000000,0.000000
8,Baseline,740,6779932079368.818359,100.000000,0.000000,0.000000
8,Baseline,760,6779932079368.818359,100.000000,0.000000,0.000000
8,Baseline,780,6779932079368.818359,100.000000,0.000000,0.000000
8,Baseline,800,6779932079368.818359,100.000000,0.000000,0.000000
8,Baseline,820,6779932079368.818359,100.000000,0.000000,0.000000
8,Baseline,840,6779932079368.818359,100.000000,0.000000,0.000000
8,Baseline,860,6779932079368.818359,100.000000,0.000000,0.000000
8,Baseline,880,6779932079368.818359,100.000000,0.000000,0.000000
8,Baseline,900,6779932079368.818359,100.000000,0.000000,0.000000
8,Baseline,920,6779932079368.818359,100.000000,0.000000,0.000000
8,Baseline,940,6779932079368.818359,100.000000,0.000000,0.000000
8,Baseline,960,6779932079368.818359,100.000000,0.000000,0.000000
8,Baseline,980,6779932079368.818359,100.000000,0.000000,0.000000
8,Baseline,1000,6779932079368.818359,100.000000,0.000000,0.000000
8,Baseline,1020,6779932079368.818359,100.000000,0.000000,0.000000
8,Baseline,1040,6779932079368.818359,100.000000,0.000000,0.000000
8,Baseline,1060,6779932079368.818359,100.000000,0.000000,0.000000
8,Baseline,1080,6779932079368.818359,100.000000,0.000000,0.000000
8,Baseline,1100,6779932079368.818359,100.000000,0.000000,0.000000
8,Baseline,1120,6779932079368.818359,100.000000,0.000000,0.000000
8,Baseline,1140,6779932079368.818359,100.000000,0.000000,0.000000
8,Baseline,1160,6779932079368.818359,100.000000,0.000000,0.000000
8,Baseline,1180,6779932079368.818359,100.000000,0.000000,0.000000
8,Baseline,1200,6779932079368.818359,100.000000,0.000000,0.000000
8,Baseline,1220,6779932079368.818359,100.000000,0.000000,0.000000
8,Baseline,1240,6779932079368.818359,100.000000,0.000000,0.000000
8,Baseline,1260,6779932079368.818359,100.000000,0.000000,0.000000
8,Baseline,1280,6779932079368.818359,100.000000,0.000000,0.000000
8,Baseline,1300,6779932079368.818359,100.000000,0.000000,0.000000
8,Baseline,1320,6779932079368.818359,100.000000,0.000000,0.000000
8,Baseline,1340,6779932079368.818359,100.000000,0.000000,0.000000
8,Baseline,1360,6779932079368.818359,100.000000,0.000000,0.000000
8,Baseline,1380,6779932079368.818359,100.000000,0.000000,0.000000
8,Baseline,1400,6779932079368.818359,100.000000,0.000000,0.000000
8,Baseline,1420,6779932079368.818359,100.000000,0.000000,0.000000
8,Baseline,1440,6779932079368.818359,100.000000,0.000000,0.000000
8,Baseline,1460,6779932079368.818359,100.000000,0.000000,0.000000
8,Baseline,1480,6779932079368.818359,100.000000,0.000000,0.000000
8,Baseline,1500,6779932079368.818359,100.000000,0.000000,0.000000
8,Baseline,1520,6779932079368.818359,100.000000,0.000000,0.000000
8,Baseline,1540,6779932079368.818359,100.000000,0.000000,0.000000
8,Baseline,1560,6779932079368.818359,100.000000,0.000000,0.000000
8,Baseline,1580,6779932079368.818359,100.000000,0.000000,0.000000
8,Baseline,1600,6779932079368.818359,100.000000,0.000000,0.000000
8,Baseline,1620,6779932079368.818359,100.000000,0.000000,0.000000
8,Baseline,1640,6779932079368.818359,100.000000,0.000000,0.000000
8,Baseline,1660,6779932079368.818359,100.000000,0.000000,0.000000
8,Baseline,1680,6779932079368.818359,100.000000,0.000000,0.000000
8,Baseline,1700,6779932079368.818359,100.000000,0.000000,0.000000
8,Baseline,1720,6779932079368.818359,100.000000,0.000000,0.000000
8,Baseline,1740,6779932079368.818359,100.000000,0.000000,0.000000
8,Baseline,1760,6779932079368.818359,100.000000,0.000000,0.000000
8,Baseline,1780,6779932079368.818359,100.000000,0.000000,0.000000
8,Baseline,1800,6779932079368.818359,100.000000,0.000000,0.000000
8,Baseline,1820,6779932079368.818359,100.000000,0.000000,0.000000
8,Baseline,1840,6779932079368.818359,100.000000,0.000000,0.000000
8,Baseline,1860,6779932079368.818359,100.000000,0.000000,0.000000
8,Baseline,1880,6779932079368.818359,100.000000,0.000000,0.000000
8,Baseline,1900,6779932079368.818359,100.000000,0.000000,0.000000
8,Baseline,1920,6779932079368.818359,100.000000,0.000000,0.000000
8,Baseline,1940,6779932079368.818359,100.000000,0.000000,0.000000
8,Baseline,1960,6779932079368.818359,100.000000,0.000000,0.000000
8,Baseline,1980,6779932079368.818359,100.000000,0.000000,0.000000
8,Baseline,2000,6779932079368.818359,100.000000,0.000000,0.000000
8,Proposed,20,23016008192845.421875,100.000000,61235.522527,129882.723723
8,Proposed,40,23016008192845.421875,100.000000,6324.928153,804.243154
8,Proposed,60,23016008192845.421875,100.000000,6324.928153,804.243154
8,Proposed,80,23016008192845.421875,100.000000,6324.928153,804.243154
8,Proposed,100,23016008192845.421875,100.000000,6324.928153,804.243154
8,Proposed,120,23016008192845.421875,100.000000,6324.928153,804.243154
8,Proposed,140,23016008192845.421875,100.000000,6324.928153,804.243154
8,Proposed,160,23016008192845.421875,100.000000,6324.928153,804.243154
8,Proposed,180,23016008192845.421875,100.000000,6324.928153,804.243154
8,Proposed,200,23016008192845.421875,100.000000,6324.928153,804.243154
8,Proposed,220,23016008192845.421875,100.000000,6324.928153,804.243154
8,Proposed,240,23016008192845.421875,100.000000,6324.928153,804.243154
8,Proposed,260,23016008192845.421875,100.000000,6324.928153,804.243154
8,Proposed,280,23016008192845.421875,100.000000,6324.928153,804.243154
8,Proposed,300,23016008192845.421875,100.000000,6324.928153,804.243154
8,Proposed,320,23016008192845.421875,100.000000,6324.928153,804.243154
8,Proposed,340,23016008192845.421875,100.000000,6324.928153,804.243154
8,Proposed,360,23016008192845.421875,100.000000,6324.928153,804.243154
8,Proposed,380,23016008192845.421875,100.000000,6324.928153,804.243154
8,Proposed,400,23016008192845.421875,100.000000,6324.928153,804.243154
8,Proposed,420,23016008192845.421875,100.000000,6324.928153,804.243154
8,Proposed,440,23016008192845.421875,100.000000,6324.928153,804.243154
8,Proposed,460,23016008192845.421875,100.000000,6324.928153,804.243154
8,Proposed,480,23016008192845.421875,100.000000,6324.928153,804.243154
8,Proposed,500,23016008192845.421875,100.000000,6324.928153,804.243154
8,Proposed,520,23016008192845.421875,100.000000,6324.928153,804.243154
8,Proposed,540,23016008192845.421875,100.000000,6324.928153,804.243154
8,Proposed,560,23016008192845.421875,100.000000,6324.928153,804.243154
8,Proposed,580,23016008192845.421875,100.000000,6324.928153,804.243154
8,Proposed,600,23016008192845.421875,100.000000,6324.928153,804.243154
8,Proposed,620,23016008192845.421875,100.000000,6324.928153,804.243154
8,Proposed,640,23016008192845.421875,100.000000,6324.928153,804.243154
8,Proposed,660,23016008192845.421875,100.000000,6324.928153,804.243154
8,Proposed,680,23016008192845.421875,100.000000,6324.928153,804.243154
8,Proposed,700,23016008192845.421875,100.000000,6324.928153,804.243154
8,Proposed,720,23016008192845.421875,100.000000,6324.928153,804.243154
8,Proposed,740,23016008192845.421875,100.000000,6324.928153,804.243154
8,Proposed,760,23016008192845.421875,100.000000,6324.928153,804.243154
8,Proposed,780,23016008192845.421875,100.000000,6324.928153,804.243154
8,Proposed,800,23016008192845.421875,100.000000,6324.928153,804.243154
8,Proposed,820,23016008192845.421875,100.000000,6324.928153,804.243154
8,Proposed,840,23016008192845.421875,100.000000,6324.928153,804.243154
8,Proposed,860,23016008192845.421875,100.000000,6324.928153,804.243154
8,Proposed,880,23016008192845.421875,100.000000,6324.928153,804.243154
8,Proposed,900,23016008192845.421875,100.000000,6324.928153,804.243154
8,Proposed,920,23016008192845.421875,100.000000,6324.928153,804.243154
8,Proposed,940,23016008192845.421875,100.000000,6324.928153,804.243154
8,Proposed,960,23016008192845.421875,100.000000,6324.928153,804.243154
8,Proposed,980,23016008192845.421875,100.000000,6324.928153,804.243154
8,Proposed,1000,23016008192845.421875,100.000000,6324.928153,804.243154
9,Baseline,20,6779932079368.818359,100.000000,0.000000,0.000000
9,Baseline,40,6779932079368.818359,100.000000,0.000000,0.000000
9,Baseline,60,6779932079368.818359,100.000000,0.000000,0.000000
9,Baseline,80,6779932079368.818359,100.000000,0.000000,0.000000
9,Baseline,100,6779932079368.818359,100.000000,0.000000,0.000000
9,Baseline,120,6779932079368.818359,100.000000,0.000000,0.000000
9,Baseline,140,6779932079368.818359,100.000000,0.000000,0.000000
9,Baseline,160,6779932079368.818359,100.000000,0.000000,0.000000
9,Baseline,180,6779932079368.818359,100.000000,0.000000,0.000000
9,Baseline,200,6779932079368.818359,100.000000,0.000000,0.000000
9,Baseline,220,6779932079368.818359,100.000000,0.000000,0.000000
9,Baseline,240,6779932079368.818359,100.000000,0.000000,0.000000
9,Baseline,260,6779932079368.818359,100.000000,0.000000,0.000000
9,Baseline,280,6779932079368.818359,100.000000,0.000000,0.000000
9,Baseline,300,6779932079368.818359,100.000000,0.000000,0.000000
9,Baseline,320,6779932079368.818359,100.000000,0.000000,0.000000
9,Baseline,340,6779932079368.818359,100.000000,0.000000,0.000000
9,Baseline,360,6779932079368.818359,100.000000,0.000000,0.000000
9,Baseline,380,6779932079368.818359,100.000000,0.000000,0.000000
9,Baseline,400,6779932079368.818359,100.000000,0.000000,0.000000
9,Baseline,420,6779932079368.818359,100.000000,0.000000,0.000000
9,Baseline,440,6779932079368.818359,100.000000,0.000000,0.000000
9,Baseline,460,6779932079368.818359,100.000000,0.000000,0.000000
9,Baseline,480,6779932079368.818359,100.000000,0.000000,0.000000
9,Baseline,500,6779932079368.818359,100.000000,0.000000,0.000000
9,Baseline,520,6779932079368.818359,100.000000,0.000000,0.000000
9,Baseline,540,6779932079368.818359,100.000000,0.000000,0.000000
9,Baseline,560,6779932079368.818359,100.000000,0.000000,0.000000
9,Baseline,580,6779932079368.818359,100.000000,0.000000,0.000000
9,Baseline,600,6779932079368.818359,100.000000,0.000000,0.000000
9,Baseline,620,6779932079368.818359,100.000000,0.000000,0.000000
9,Baseline,640,6779932079368.818359,100.000000,0.000000,0.000000
9,Baseline,660,6779932079368.818359,100.000000,0.000000,0.000000
9,Baseline,680,6779932079368.818359,100.000000,0.000000,0.000000
9,Baseline,700,6779932079368.818359,100.000000,0.000000,0.000000
9,Baseline,720,6779932079368.818359,100.000000,0.000000,0.000000
9,Baseline,740,6779932079368.818359,100.000000,0.000000,0.000000
9,Baseline,760,6779932079368.818359,100.000000,0.000000,0.000000
9,Baseline,780,6779932079368.818359,100.000000,0.000000,0.000000
9,Baseline,800,6779932079368.818359,100.000000,0.000000,0.000000
9,Baseline,820,6779932079368.818359,100.000000,0.000000,0.000000
9,Baseline,840,6779932079368.818359,100.000000,0.000000,0.000000
9,Baseline,860,6779932079368.818359,100.000000,0.000000,0.000000
9,Baseline,880,6779932079368.818359,100.000000,0.000000,0.000000
9,Baseline,900,6779932079368.818359,100.000000,0.000000,0.000000
9,Baseline,920,6779932079368.818359,100.000000,0.000000,0.000000
9,Baseline,940,6779932079368.818359,100.000000,0.000000,0.000000
9,Baseline,960,6779932079368.818359,100.000000,0.000000,0.000000
9,Baseline,980,6779932079368.818359,100.000000,0.000000,0.000000
9,Baseline,1000,6779932079368.818359,100.000000,0.000000,0.000000
9,Baseline,1020,6779932079368.818359,100.000000,0.000000,0.000000
9,Baseline,1040,6779932079368.818359,100.000000,0.000000,0.000000
9,Baseline,1060,6779932079368.818359,100.000000,0.000000,0.000000
9,Baseline,1080,6779932079368.818359,100.000000,0.000000,0.000000
9,Baseline,1100,6779932079368.818359,100.000000,0.000000,0.000000
9,Baseline,1120,6779932079368.818359,100.000000,0.000000,0.000000
9,Baseline,1140,6779932079368.818359,100.000000,0.000000,0.000000
9,Baseline,1160,6779932079368.818359,100.000000,0.000000,0.000000
9,Baseline,1180,6779932079368.818359,100.000000,0.000000,0.000000
9,Baseline,1200,6779932079368.818359,100.000000,0.000000,0.000000
9,Baseline,1220,6779932079368.818359,100.000000,0.000000,0.000000
9,Baseline,1240,6779932079368.818359,100.000000,0.000000,0.000000
9,Baseline,1260,6779932079368.818359,100.000000,0.000000,0.000000
9,Baseline,1280,6779932079368.818359,100.000000,0.000000,0.000000
9,Baseline,1300,6779932079368.818359,100.000000,0.000000,0.000000
9,Baseline,1320,6779932079368.818359,100.000000,0.000000,0.000000
9,Baseline,1340,6779932079368.818359,100.000000,0.000000,0.000000
9,Baseline,1360,6779932079368.818359,100.000000,0.000000,0.000000
9,Baseline,1380,6779932079368.818359,100.000000,0.000000,0.000000
9,Baseline,1400,6779932079368.818359,100.000000,0.000000,0.000000
9,Baseline,1420,6779932079368.818359,100.000000,0.000000,0.000000
9,Baseline,1440,6779932079368.818359,100.000000,0.000000,0.000000
9,Baseline,1460,6779932079368.818359,100.000000,0.000000,0.000000
9,Baseline,1480,6779932079368.818359,100.000000,0.000000,0.000000
9,Baseline,1500,6779932079368.818359,100.000000,0.000000,0.000000
9,Baseline,1520,6779932079368.818359,100.000000,0.000000,0.000000
9,Baseline,1540,6779932079368.818359,100.000000,0.000000,0.000000
9,Baseline,1560,6779932079368.818359,100.000000,0.000000,0.000000
9,Baseline,1580,6779932079368.818359,100.000000,0.000000,0.000000
9,Baseline,1600,6779932079368.818359,100.000000,0.000000,0.000000
9,Baseline,1620,6779932079368.818359,100.000000,0.000000,0.000000
9,Baseline,1640,6779932079368.818359,100.000000,0.000000,0.000000
9,Baseline,1660,6779932079368.818359,100.000000,0.000000,0.000000
9,Baseline,1680,6779932079368.818359,100.000000,0.000000,0.000000
9,Baseline,1700,6779932079368.818359,100.000000,0.000000,0.000000
9,Baseline,1720,6779932079368.818359,100.000000,0.000000,0.000000
9,Baseline,1740,6779932079368.818359,100.000000,0.000000,0.000000
9,Baseline,1760,6779932079368.818359,100.000000,0.000000,0.000000
9,Baseline,1780,6779932079368.818359,100.000000,0.000000,0.000000
9,Baseline,1800,6779932079368.818359,100.000000,0.000000,0.000000
9,Baseline,1820,6779932079368.818359,100.000000,0.000000,0.000000
9,Baseline,1840,6779932079368.818359,100.000000,0.000000,0.000000
9,Baseline,1860,6779932079368.818359,100.000000,0.000000,0.000000
9,Baseline,1880,6779932079368.818359,100.000000,0.000000,0.000000
9,Baseline,1900,6779932079368.818359,100.000000,0.000000,0.000000
9,Baseline,1920,6779932079368.818359,100.000000,0.000000,0.000000
9,Baseline,1940,6779932079368.818359,100.000000,0.000000,0.000000
9,Baseline,1960,6779932079368.818359,100.000000,0.000000,0.000000
9,Baseline,1980,6779932079368.818359,100.000000,0.000000,0.000000
9,Baseline,2000,6779932079368.818359,100.000000,0.000000,0.000000
9,Proposed,20,22483730930919.695312,100.000000,30983.340139,75168.025829
9,Proposed,40,22483730930919.695312,100.000000,4598.855189,3013.246066
9,Proposed,60,22483730930919.695312,100.000000,4598.855189,3013.246066
9,Proposed,80,22483730930919.695312,100.000000,4598.855189,3013.246066
9,Proposed,100,22483730930919.695312,100.000000,4598.855189,3013.246066
9,Proposed,120,22483730930919.695312,100.000000,4598.855189,3013.246066
9,Proposed,140,22483730930919.695312,100.000000,4598.855189,3013.246066
9,Proposed,160,22483730930919.695312,100.000000,4598.855189,3013.246066
9,Proposed,180,22483730930919.695312,100.000000,4598.855189,3013.246066
9,Proposed,200,22483730930919.695312,100.000000,4598.855189,3013.246066
9,Proposed,220,22483730930919.695312,100.000000,4598.855189,3013.246066
9,Proposed,240,22483730930919.695312,100.000000,4598.855189,3013.246066
9,Proposed,260,22483730930919.695312,100.000000,4598.855189,3013.246066
9,Proposed,280,22483730930919.695312,100.000000,4598.855189,3013.246066
9,Proposed,300,22483730930919.695312,100.000000,4598.855189,3013.246066
9,Proposed,320,22483730930919.695312,100.000000,4598.855189,3013.246066
9,Proposed,340,22483730930919.695312,100.000000,4598.855189,3013.246066
9,Proposed,360,22483730930919.695312,100.000000,4598.855189,3013.246066
9,Proposed,380,22483730930919.695312,100.000000,4598.855189,3013.246066
9,Proposed,400,22483730930919.695312,100.000000,4598.855189,3013.246066
9,Proposed,420,22483730930919.695312,100.000000,4598.855189,3013.246066
9,Proposed,440,22483730930919.695312,100.000000,4598.855189,3013.246066
9,Proposed,460,22483730930919.695312,100.000000,4598.855189,3013.246066
9,Proposed,480,22483730930919.695312,100.000000,4598.855189,3013.246066
9,Proposed,500,22483730930919.695312,100.000000,4598.855189,3013.246066
9,Proposed,520,22483730930919.695312,100.000000,4598.855189,3013.246066
9,Proposed,540,22483730930919.695312,100.000000,4598.855189,3013.246066
9,Proposed,560,22483730930919.695312,100.000000,4598.855189,3013.246066
9,Proposed,580,22483730930919.695312,100.000000,4598.855189,3013.246066
9,Proposed,600,22483730930919.695312,100.000000,4598.855189,3013.246066
9,Proposed,620,22483730930919.695312,100.000000,4598.855189,3013.246066
9,Proposed,640,22483730930919.695312,100.000000,4598.855189,3013.246066
9,Proposed,660,22483730930919.695312,100.000000,4598.855189,3013.246066
9,Proposed,680,22483730930919.695312,100.000000,4598.855189,3013.246066
9,Proposed,700,22483730930919.695312,100.000000,4598.855189,3013.246066
9,Proposed,720,22483730930919.695312,100.000000,4598.855189,3013.246066
9,Proposed,740,22483730930919.695312,100.000000,4598.855189,3013.246066
9,Proposed,760,22483730930919.695312,100.000000,4598.855189,3013.246066
9,Proposed,780,22483730930919.695312,100.000000,4598.855189,3013.246066
9,Proposed,800,22483730930919.695312,100.000000,4598.855189,3013.246066
9,Proposed,820,22483730930919.695312,100.000000,4598.855189,3013.246066
9,Proposed,840,22483730930919.695312,100.000000,4598.855189,3013.246066
9,Proposed,860,22483730930919.695312,100.000000,4598.855189,3013.246066
9,Proposed,880,22483730930919.695312,100.000000,4598.855189,3013.246066
9,Proposed,900,22483730930919.695312,100.000000,4598.855189,3013.246066
9,Proposed,920,22483730930919.695312,100.000000,4598.855189,3013.246066
9,Proposed,940,22483730930919.695312,100.000000,4598.855189,3013.246066
9,Proposed,960,22483730930919.695312,100.000000,4598.855189,3013.246066
9,Proposed,980,22483730930919.695312,100.000000,4598.855189,3013.246066
9,Proposed,1000,22483730930919.695312,100.000000,4598.855189,3013.246066
10,Baseline,20,19837693323765.179688,100.000000,0.000000,0.000000
10,Baseline,40,19837693323765.179688,100.000000,0.000000,0.000000
10,Baseline,60,19837693323765.179688,100.000000,0.000000,0.000000
10,Baseline,80,19837693323765.179688,100.000000,0.000000,0.000000
10,Baseline,100,21350356253106.832031,100.000000,0.000000,0.000000
10,Baseline,120,21350356253106.832031,100.000000,0.000000,0.000000
10,Baseline,140,21350356253106.832031,100.000000,0.000000,0.000000
10,Baseline,160,21350356253106.832031,100.000000,0.000000,0.000000
10,Baseline,180,21350356253106.832031,100.000000,0.000000,0.000000
10,Baseline,200,21350356253106.832031,100.000000,0.000000,0.000000
10,Baseline,220,22985960349233.777344,100.000000,0.000000,0.000000
10,Baseline,240,22985960349233.777344,100.000000,0.000000,0.000000
10,Baseline,260,22985960349233.777344,100.000000,0.000000,0.000000
10,Baseline,280,22985960349233.777344,100.000000,0.000000,0.000000
10,Baseline,300,22985960349233.777344,100.000000,0.000000,0.000000
10,Baseline,320,22985960349233.777344,100.000000,0.000000,0.000000
10,Baseline,340,22985960349233.777344,100.000000,0.000000,0.000000
10,Baseline,360,22985960349233.777344,100.000000,0.000000,0.000000
10,Baseline,380,22985960349233.777344,100.000000,0.000000,0.000000
10,Baseline,400,22985960349233.777344,100.000000,0.000000,0.000000
10,Baseline,420,22985960349233.777344,100.000000,0.000000,0.000000
10,Baseline,440,22985960349233.777344,100.000000,0.000000,0.000000
10,Baseline,460,22985960349233.777344,100.000000,0.000000,0.000000
10,Baseline,480,23235687013211.773438,100.000000,2699.286303,15842.261999
10,Baseline,500,23235687013211.773438,100.000000,2699.286303,15842.261999
10,Baseline,520,23235687013211.773438,100.000000,2699.286303,15842.261999
10,Baseline,540,23235687013211.773438,100.000000,2699.286303,15842.261999
10,Baseline,560,23235687013211.773438,100.000000,2699.286303,15842.261999
10,Baseline,580,23235687013211.773438,100.000000,2699.286303,15842.261999
10,Baseline,600,23235687013211.773438,100.000000,2699.286303,15842.261999
10,Baseline,620,23235687013211.773438,100.000000,2699.286303,15842.261999
10,Baseline,640,23235687013211.773438,100.000000,2699.286303,15842.261999
10,Baseline,660,23235687013211.773438,100.000000,2699.286303,15842.261999
10,Baseline,680,23235687013211.773438,100.000000,2699.286303,15842.261999
10,Baseline,700,23235687013211.773438,100.000000,2699.286303,15842.261999
10,Baseline,720,23235687013211.773438,100.000000,2699.286303,15842.261999
10,Baseline,740,23235687013211.773438,100.000000,2699.286303,15842.261999
10,Baseline,760,23235687013211.773438,100.000000,2699.286303,15842.261999
10,Baseline,780,23235687013211.773438,100.000000,2699.286303,15842.261999
10,Baseline,800,23235687013211.773438,100.000000,2699.286303,15842.261999
10,Baseline,820,23235687013211.773438,100.000000,2699.286303,15842.261999
10,Baseline,840,23235687013211.773438,100.000000,2699.286303,15842.261999
10,Baseline,860,23235687013211.773438,100.000000,2699.286303,15842.261999
10,Baseline,880,23235687013211.773438,100.000000,2699.286303,15842.261999
10,Baseline,900,23235687013211.773438,100.000000,2699.286303,15842.261999
10,Baseline,920,23235687013211.773438,100.000000,2699.286303,15842.261999
10,Baseline,940,23235687013211.773438,100.000000,2699.286303,15842.261999
10,Baseline,960,23235687013211.773438,100.000000,2699.286303,15842.261999
10,Baseline,980,23235687013211.773438,100.000000,2699.286303,15842.261999
10,Baseline,1000,23235687013211.773438,100.000000,2699.286303,15842.261999
10,Baseline,1020,23235687013211.773438,100.000000,2699.286303,15842.261999
10,Baseline,1040,23235687013211.773438,100.000000,2699.286303,15842.261999
10,Baseline,1060,23235687013211.773438,100.000000,2699.286303,15842.261999
10,Baseline,1080,23235687013211.773438,100.000000,2699.286303,15842.261999
10,Baseline,1100,23235687013211.773438,100.000000,2699.286303,15842.261999
10,Baseline,1120,23235687013211.773438,100.000000,2699.286303,15842.261999
10,Baseline,1140,23235687013211.773438,100.000000,2699.286303,15842.261999
10,Baseline,1160,23235687013211.773438,100.000000,2699.286303,15842.261999
10,Baseline,1180,23235687013211.773438,100.000000,2699.286303,15842.261999
10,Baseline,1200,23235687013211.773438,100.000000,2699.286303,15842.261999
10,Baseline,1220,23235687013211.773438,100.000000,2699.286303,15842.261999
10,Baseline,1240,23235687013211.773438,100.000000,2699.286303,15842.261999
10,Baseline,1260,23235687013211.773438,100.000000,2699.286303,15842.261999
10,Baseline,1280,23235687013211.773438,100.000000,2699.286303,15842.261999
10,Baseline,1300,23235687013211.773438,100.000000,2699.286303,15842.261999
10,Baseline,1320,23235687013211.773438,100.000000,2699.286303,15842.261999
10,Baseline,1340,23235687013211.773438,100.000000,2699.286303,15842.261999
10,Baseline,1360,23235687013211.773438,100.000000,2699.286303,15842.261999
10,Baseline,1380,23235687013211.773438,100.000000,2699.286303,15842.261999
10,Baseline,1400,23235687013211.773438,100.000000,2699.286303,15842.261999
10,Baseline,1420,23235687013211.773438,100.000000,2699.286303,15842.261999
10,Baseline,1440,23235687013211.773438,100.000000,2699.286303,15842.261999
10,Baseline,1460,23235687013211.773438,100.000000,2699.286303,15842.261999
10,Baseline,1480,23235687013211.773438,100.000000,2699.286303,15842.261999
10,Baseline,1500,23235687013211.773438,100.000000,2699.286303,15842.261999
10,Baseline,1520,23235687013211.773438,100.000000,2699.286303,15842.261999
10,Baseline,1540,23507623705990.593750,100.000000,3945.812781,8501.225539
10,Baseline,1560,23507623705990.593750,100.000000,3945.812781,8501.225539
10,Baseline,1580,23507623705990.593750,100.000000,3945.812781,8501.225539
10,Baseline,1600,23507623705990.593750,100.000000,3945.812781,8501.225539
10,Baseline,1620,23507623705990.593750,100.000000,3945.812781,8501.225539
10,Baseline,1640,23507623705990.593750,100.000000,3945.812781,8501.225539
10,Baseline,1660,23507623705990.593750,100.000000,3945.812781,8501.225539
10,Baseline,1680,23507623705990.593750,100.000000,3945.812781,8501.225539
10,Baseline,1700,23507623705990.593750,100.000000,3945.812781,8501.225539
10,Baseline,1720,23507623705990.593750,100.000000,3945.812781,8501.225539
10,Baseline,1740,23507623705990.593750,100.000000,3945.812781,8501.225539
10,Baseline,1760,23507623705990.593750,100.000000,3945.812781,8501.225539
10,Baseline,1780,23507623705990.593750,100.000000,3945.812781,8501.225539
10,Baseline,1800,23507623705990.593750,100.000000,3945.812781,8501.225539
10,Baseline,1820,23507623705990.593750,100.000000,3945.812781,8501.225539
10,Baseline,1840,23507623705990.593750,100.000000,3945.812781,8501.225539
10,Baseline,1860,23507623705990.593750,100.000000,3945.812781,8501.225539
10,Baseline,1880,23507623705990.593750,100.000000,3945.812781,8501.225539
10,Baseline,1900,23507623705990.593750,100.000000,3945.812781,8501.225539
10,Baseline,1920,23507623705990.593750,100.000000,3945.812781,8501.225539
10,Baseline,1940,23507623705990.593750,100.000000,3945.812781,8501.225539
10,Baseline,1960,23507623705990.593750,100.000000,3945.812781,8501.225539
10,Baseline,1980,23509598215258.992188,100.000000,4364.475688,8638.136779
10,Baseline,2000,23509598215258.992188,100.000000,4364.475688,8638.136779
10,Proposed,20,22323818183596.769531,100.000000,53193.408649,62472.611530
10,Proposed,40,22323818183596.769531,100.000000,6851.898504,13421.125299
10,Proposed,60,22323818183596.769531,100.000000,9629.819682,7687.079072
10,Proposed,80,22323818183596.769531,100.000000,0.000000,0.000000
10,Proposed,100,22323818183596.769531,100.000000,0.000000,0.000000
10,Proposed,120,22323818183596.769531,100.000000,0.000000,0.000000
10,Proposed,140,22323818183596.769531,100.000000,0.000000,0.000000
10,Proposed,160,22323818183596.769531,100.000000,0.000000,0.000000
10,Proposed,180,22323818183596.769531,100.000000,0.000000,0.000000
10,Proposed,200,22323818183596.769531,100.000000,0.000000,0.000000
10,Proposed,220,22323818183596.769531,100.000000,0.000000,0.000000
10,Proposed,240,22323818183596.769531,100.000000,0.000000,0.000000
10,Proposed,260,22323818183596.769531,100.000000,0.000000,0.000000
10,Proposed,280,22323818183596.769531,100.000000,0.000000,0.000000
10,Proposed,300,22323818183596.769531,100.000000,0.000000,0.000000
10,Proposed,320,22323818183596.769531,100.000000,0.000000,0.000000
10,Proposed,340,22323818183596.769531,100.000000,0.000000,0.000000
10,Proposed,360,22323818183596.769531,100.000000,0.000000,0.000000
10,Proposed,380,22323818183596.769531,100.000000,0.000000,0.000000
10,Proposed,400,22323818183596.769531,100.000000,0.000000,0.000000
10,Proposed,420,22323818183596.769531,100.000000,0.000000,0.000000
10,Proposed,440,22323818183596.769531,100.000000,0.000000,0.000000
10,Proposed,460,22323818183596.769531,100.000000,0.000000,0.000000
10,Proposed,480,22323818183596.769531,100.000000,0.000000,0.000000
10,Proposed,500,22323818183596.769531,100.000000,0.000000,0.000000
10,Proposed,520,22323818183596.769531,100.000000,0.000000,0.000000
10,Proposed,540,22323818183596.769531,100.000000,0.000000,0.000000
10,Proposed,560,22323818183596.769531,100.000000,0.000000,0.000000
10,Proposed,580,22323818183596.769531,100.000000,0.000000,0.000000
10,Proposed,600,22323818183596.769531,100.000000,0.000000,0.000000
10,Proposed,620,22323818183596.769531,100.000000,0.000000,0.000000
10,Proposed,640,22323818183596.769531,100.000000,0.000000,0.000000
10,Proposed,660,22323818183596.769531,100.000000,0.000000,0.000000
10,Proposed,680,22323818183596.769531,100.000000,0.000000,0.000000
10,Proposed,700,22323818183596.769531,100.000000,0.000000,0.000000
10,Proposed,720,22323818183596.769531,100.000000,0.000000,0.000000
10,Proposed,740,22323818183596.769531,100.000000,0.000000,0.000000
10,Proposed,760,22323818183596.769531,100.000000,0.000000,0.000000
10,Proposed,780,22323818183596.769531,100.000000,0.000000,0.000000
10,Proposed,800,22323818183596.769531,100.000000,0.000000,0.000000
10,Proposed,820,22323818183596.769531,100.000000,0.000000,0.000000
10,Proposed,840,22323818183596.769531,100.000000,0.000000,0.000000
10,Proposed,860,22323818183596.769531,100.000000,0.000000,0.000000
10,Proposed,880,22323818183596.769531,100.000000,0.000000,0.000000
10,Proposed,900,22323818183596.769531,100.000000,0.000000,0.000000
10,Proposed,920,22323818183596.769531,100.000000,0.000000,0.000000
10,Proposed,940,22323818183596.769531,100.000000,0.000000,0.000000
10,Proposed,960,22323818183596.769531,100.000000,0.000000,0.000000
10,Proposed,980,22323818183596.769531,100.000000,0.000000,0.000000
10,Proposed,1000,22323818183596.769531,100.000000,0.000000,0.000000
11,Baseline,20,4689260614239.390625,100.000000,0.000000,0.000000
11,Baseline,40,4689260614239.390625,100.000000,0.000000,0.000000
11,Baseline,60,17856518462968.445312,100.000000,0.000000,0.000000
11,Baseline,80,17856518462968.445312,100.000000,0.000000,0.000000
11,Baseline,100,17856518462968.445312,100.000000,0.000000,0.000000
11,Baseline,120,17856518462968.445312,100.000000,0.000000,0.000000
11,Baseline,140,22688100453199.746094,100.000000,0.000000,0.000000
11,Baseline,160,22688100453199.746094,100.000000,0.000000,0.000000
11,Baseline,180,22688100453199.746094,100.000000,0.000000,0.000000
11,Baseline,200,22688100453199.746094,100.000000,0.000000,0.000000
11,Baseline,220,22688100453199.746094,100.000000,0.000000,0.000000
11,Baseline,240,22688100453199.746094,100.000000,0.000000,0.000000
11,Baseline,260,22688100453199.746094,100.000000,0.000000,0.000000
11,Baseline,280,22688100453199.746094,100.000000,0.000000,0.000000
11,Baseline,300,22688100453199.746094,100.000000,0.000000,0.000000
11,Baseline,320,23425472743368.753906,100.000000,17263.652322,14752.370208
11,Baseline,340,23425472743368.753906,100.000000,0.000000,0.000000
11,Baseline,360,23425472743368.753906,100.000000,0.000000,0.000000
11,Baseline,380,23425472743368.753906,100.000000,0.000000,0.000000
11,Baseline,400,23425472743368.753906,100.000000,0.000000,0.000000
11,Baseline,420,23425472743368.753906,100.000000,0.000000,0.000000
11,Baseline,440,23425472743368.753906,100.000000,0.000000,0.000000
11,Baseline,460,23425472743368.753906,100.000000,0.000000,0.000000
11,Baseline,480,23425472743368.753906,100.000000,0.000000,0.000000
11,Baseline,500,23425472743368.753906,100.000000,0.000000,0.000000
11,Baseline,520,23425472743368.753906,100.000000,0.000000,0.000000
11,Baseline,540,23425472743368.753906,100.000000,0.000000,0.000000
11,Baseline,560,23425472743368.753906,100.000000,0.000000,0.000000
11,Baseline,580,23425472743368.753906,100.000000,0.000000,0.000000
11,Baseline,600,23425472743368.753906,100.000000,0.000000,0.000000
11,Baseline,620,23425472743368.753906,100.000000,0.000000,0.000000
11,Baseline,640,23425472743368.753906,100.000000,0.000000,0.000000
11,Baseline,660,23425472743368.753906,100.000000,0.000000,0.000000
11,Baseline,680,23425472743368.753906,100.000000,0.000000,0.000000
11,Baseline,700,23425472743368.753906,100.000000,0.000000,0.000000
11,Baseline,720,23425472743368.753906,100.000000,0.000000,0.000000
11,Baseline,740,23425472743368.753906,100.000000,0.000000,0.000000
11,Baseline,760,23425472743368.753906,100.000000,0.000000,0.000000
11,Baseline,780,23425472743368.753906,100.000000,0.000000,0.000000
11,Baseline,800,23425472743368.753906,100.000000,0.000000,0.000000
11,Baseline,820,23425472743368.753906,100.000000,0.000000,0.000000
11,Baseline,840,23425472743368.753906,100.000000,0.000000,0.000000
11,Baseline,860,23425472743368.753906,100.000000,0.000000,0.000000
11,Baseline,880,23425472743368.753906,100.000000,0.000000,0.000000
11,Baseline,900,23425472743368.753906,100.000000,0.000000,0.000000
11,Baseline,920,23425472743368.753906,100.000000,0.000000,0.000000
11,Baseline,940,23425472743368.753906,100.000000,0.000000,0.000000
11,Baseline,960,23425472743368.753906,100.000000,0.000000,0.000000
11,Baseline,980,23425472743368.753906,100.000000,0.000000,0.000000
11,Baseline,1000,23425472743368.753906,100.000000,0.000000,0.000000
11,Baseline,1020,23425472743368.753906,100.000000,0.000000,0.000000
11,Baseline,1040,23425472743368.753906,100.000000,0.000000,0.000000
11,Baseline,1060,23425472743368.753906,100.000000,0.000000,0.000000
11,Baseline,1080,23425472743368.753906,100.000000,0.000000,0.000000
11,Baseline,1100,23425472743368.753906,100.000000,0.000000,0.000000
11,Baseline,1120,23425472743368.753906,100.000000,0.000000,0.000000
11,Baseline,1140,23425472743368.753906,100.000000,0.000000,0.000000
11,Baseline,1160,23425472743368.753906,100.000000,0.000000,0.000000
11,Baseline,1180,23425472743368.753906,100.000000,0.000000,0.000000
11,Baseline,1200,23425472743368.753906,100.000000,0.000000,0.000000
11,Baseline,1220,23425472743368.753906,100.000000,0.000000,0.000000
11,Baseline,1240,23425472743368.753906,100.000000,0.000000,0.000000
11,Baseline,1260,23425472743368.753906,100.000000,0.000000,0.000000
11,Baseline,1280,23425472743368.753906,100.000000,0.000000,0.000000
11,Baseline,1300,23425472743368.753906,100.000000,0.000000,0.000000
11,Baseline,1320,23425472743368.753906,100.000000,0.000000,0.000000
11,Baseline,1340,23425472743368.753906,100.000000,0.000000,0.000000
11,Baseline,1360,23425472743368.753906,100.000000,0.000000,0.000000
11,Baseline,1380,23425472743368.753906,100.000000,0.000000,0.000000
11,Baseline,1400,23425472743368.753906,100.000000,0.000000,0.000000
11,Baseline,1420,23425472743368.753906,100.000000,0.000000,0.000000
11,Baseline,1440,23425472743368.753906,100.000000,0.000000,0.000000
11,Baseline,1460,23425472743368.753906,100.000000,0.000000,0.000000
11,Baseline,1480,23425472743368.753906,100.000000,0.000000,0.000000
11,Baseline,1500,23425472743368.753906,100.000000,0.000000,0.000000
11,Baseline,1520,23425472743368.753906,100.000000,0.000000,0.000000
11,Baseline,1540,23425472743368.753906,100.000000,0.000000,0.000000
11,Baseline,1560,23425472743368.753906,100.000000,0.000000,0.000000
11,Baseline,1580,23425472743368.753906,100.000000,0.000000,0.000000
11,Baseline,1600,23425472743368.753906,100.000000,0.000000,0.000000
11,Baseline,1620,23425472743368.753906,100.000000,0.000000,0.000000
11,Baseline,1640,23425472743368.753906,100.000000,0.000000,0.000000
11,Baseline,1660,23425472743368.753906,100.000000,0.000000,0.000000
11,Baseline,1680,23425472743368.753906,100.000000,0.000000,0.000000
11,Baseline,1700,23425472743368.753906,100.000000,0.000000,0.000000
11,Baseline,1720,23425472743368.753906,100.000000,0.000000,0.000000
11,Baseline,1740,23425472743368.753906,100.000000,0.000000,0.000000
11,Baseline,1760,23425472743368.753906,100.000000,0.000000,0.000000
11,Baseline,1780,23425472743368.753906,100.000000,0.000000,0.000000
11,Baseline,1800,23425472743368.753906,100.000000,0.000000,0.000000
11,Baseline,1820,23425472743368.753906,100.000000,0.000000,0.000000
11,Baseline,1840,23425472743368.753906,100.000000,0.000000,0.000000
11,Baseline,1860,23425472743368.753906,100.000000,0.000000,0.000000
11,Baseline,1880,23425472743368.753906,100.000000,0.000000,0.000000
11,Baseline,1900,23425472743368.753906,100.000000,0.000000,0.000000
11,Baseline,1920,23479720537261.105469,100.000000,253.213944,9413.945456
11,Baseline,1940,23479720537261.105469,100.000000,253.213944,9413.945456
11,Baseline,1960,23479720537261.105469,100.000000,253.213944,9413.945456
11,Baseline,1980,23479720537261.105469,100.000000,253.213944,9413.945456
11,Baseline,2000,23479720537261.105469,100.000000,253.213944,9413.945456
11,Proposed,20,23402516487495.351562,100.000000,59357.750804,118312.225850
11,Proposed,40,23402516487495.351562,100.000000,45103.202840,58515.011157
11,Proposed,60,23402516487495.351562,100.000000,9343.796102,9867.954710
11,Proposed,80,23402516487495.351562,100.000000,9343.796102,9867.954710
11,Proposed,100,23402516487495.351562,100.000000,9343.796102,9867.954710
11,Proposed,120,23402516487495.351562,100.000000,9343.796102,9867.954710
11,Proposed,140,23402516487495.351562,100.000000,9343.796102,9867.954710
11,Proposed,160,23402516487495.351562,100.000000,9343.796102,9867.954710
11,Proposed,180,23402516487495.351562,100.000000,9343.796102,9867.954710
11,Proposed,200,23402516487495.351562,100.000000,9343.796102,9867.954710
11,Proposed,220,23402516487495.351562,100.000000,9343.796102,9867.954710
11,Proposed,240,23402516487495.351562,100.000000,9343.796102,9867.954710
11,Proposed,260,23402516487495.351562,100.000000,9343.796102,9867.954710
11,Proposed,280,23402516487495.351562,100.000000,9343.796102,9867.954710
11,Proposed,300,23402516487495.351562,100.000000,9343.796102,9867.954710
11,Proposed,320,23402516487495.351562,100.000000,9343.796102,9867.954710
11,Proposed,340,23402516487495.351562,100.000000,9343.796102,9867.954710
11,Proposed,360,23402516487495.351562,100.000000,9343.796102,9867.954710
11,Proposed,380,23402516487495.351562,100.000000,9343.796102,9867.954710
11,Proposed,400,23402516487495.351562,100.000000,9343.796102,9867.954710
11,Proposed,420,23402516487495.351562,100.000000,9343.796102,9867.954710
11,Proposed,440,23402516487495.351562,100.000000,9343.796102,9867.954710
11,Proposed,460,23402516487495.351562,100.000000,9343.796102,9867.954710
11,Proposed,480,23402516487495.351562,100.000000,9343.796102,9867.954710
11,Proposed,500,23402516487495.351562,100.000000,9343.796102,9867.954710
11,Proposed,520,23402516487495.351562,100.000000,9343.796102,9867.954710
11,Proposed,540,23402516487495.351562,100.000000,9343.796102,9867.954710
11,Proposed,560,23402516487495.351562,100.000000,9343.796102,9867.954710
11,Proposed,580,23402516487495.351562,100.000000,9343.796102,9867.954710
11,Proposed,600,23402516487495.351562,100.000000,9343.796102,9867.954710
11,Proposed,620,23402516487495.351562,100.000000,9343.796102,9867.954710
11,Proposed,640,23402516487495.351562,100.000000,9343.796102,9867.954710
11,Proposed,660,23402516487495.351562,100.000000,9343.796102,9867.954710
11,Proposed,680,23402516487495.351562,100.000000,9343.796102,9867.954710
11,Proposed,700,23402516487495.351562,100.000000,9343.796102,9867.954710
11,Proposed,720,23402516487495.351562,100.000000,9343.796102,9867.954710
11,Proposed,740,23402516487495.351562,100.000000,9343.796102,9867.954710
11,Proposed,760,23402516487495.351562,100.000000,9343.796102,9867.954710
11,Proposed,780,23402516487495.351562,100.000000,9343.796102,9867.954710
11,Proposed,800,23402516487495.351562,100.000000,9343.796102,9867.954710
11,Proposed,820,23402516487495.351562,100.000000,9343.796102,9867.954710
11,Proposed,840,23402516487495.351562,100.000000,9343.796102,9867.954710
11,Proposed,860,23402516487495.351562,100.000000,9343.796102,9867.954710
11,Proposed,880,23402516487495.351562,100.000000,9343.796102,9867.954710
11,Proposed,900,23402516487495.351562,100.000000,9343.796102,9867.954710
11,Proposed,920,23402516487495.351562,100.000000,9343.796102,9867.954710
11,Proposed,940,23402516487495.351562,100.000000,9343.796102,9867.954710
11,Proposed,960,23402516487495.351562,100.000000,9343.796102,9867.954710
11,Proposed,980,23402516487495.351562,100.000000,9343.796102,9867.954710
11,Proposed,1000,23402516487495.351562,100.000000,9343.796102,9867.954710
12,Baseline,20,6779932079368.818359,100.000000,0.000000,0.000000
12,Baseline,40,6779932079368.818359,100.000000,0.000000,0.000000
12,Baseline,60,6779932079368.818359,100.000000,0.000000,0.000000
12,Baseline,80,6779932079368.818359,100.000000,0.000000,0.000000
12,Baseline,100,6779932079368.818359,100.000000,0.000000,0.000000
12,Baseline,120,6779932079368.818359,100.000000,0.000000,0.000000
12,Baseline,140,6779932079368.818359,100.000000,0.000000,0.000000
12,Baseline,160,6779932079368.818359,100.000000,0.000000,0.000000
12,Baseline,180,6779932079368.818359,100.000000,0.000000,0.000000
12,Baseline,200,6779932079368.818359,100.000000,0.000000,0.000000
12,Baseline,220,6779932079368.818359,100.000000,0.000000,0.000000
12,Baseline,240,6779932079368.818359,100.000000,0.000000,0.000000
12,Baseline,260,6779932079368.818359,100.000000,0.000000,0.000000
12,Baseline,280,6779932079368.818359,100.000000,0.000000,0.000000
12,Baseline,300,6779932079368.818359,100.000000,0.000000,0.000000
12,Baseline,320,6779932079368.818359,100.000000,0.000000,0.000000
12,Baseline,340,6779932079368.818359,100.000000,0.000000,0.000000
12,Baseline,360,6779932079368.818359,100.000000,0.000000,0.000000
12,Baseline,380,6779932079368.818359,100.000000,0.000000,0.000000
12,Baseline,400,6779932079368.818359,100.000000,0.000000,0.000000
12,Baseline,420,6779932079368.818359,100.000000,0.000000,0.000000
12,Baseline,440,6779932079368.818359,100.000000,0.000000,0.000000
12,Baseline,460,6779932079368.818359,100.000000,0.000000,0.000000
12,Baseline,480,6779932079368.818359,100.000000,0.000000,0.000000
12,Baseline,500,6779932079368.818359,100.000000,0.000000,0.000000
12,Baseline,520,6779932079368.818359,100.000000,0.000000,0.000000
12,Baseline,540,6779932079368.818359,100.000000,0.000000,0.000000
12,Baseline,560,6779932079368.818359,100.000000,0.000000,0.000000
12,Baseline,580,6779932079368.818359,100.000000,0.000000,0.000000
12,Baseline,600,6779932079368.818359,100.000000,0.000000,0.000000
12,Baseline,620,6779932079368.818359,100.000000,0.000000,0.000000
12,Baseline,640,6779932079368.818359,100.000000,0.000000,0.000000
12,Baseline,660,6779932079368.818359,100.000000,0.000000,0.000000
12,Baseline,680,6779932079368.818359,100.000000,0.000000,0.000000
12,Baseline,700,6779932079368.818359,100.000000,0.000000,0.000000
12,Baseline,720,6779932079368.818359,100.000000,0.000000,0.000000
12,Baseline,740,6779932079368.818359,100.000000,0.000000,0.000000
12,Baseline,760,6779932079368.818359,100.000000,0.000000,0.000000
12,Baseline,780,6779932079368.818359,100.000000,0.000000,0.000000
12,Baseline,800,6779932079368.818359,100.000000,0.000000,0.000000
12,Baseline,820,6779932079368.818359,100.000000,0.000000,0.000000
12,Baseline,840,6779932079368.818359,100.000000,0.000000,0.000000
12,Baseline,860,6779932079368.818359,100.000000,0.000000,0.000000
12,Baseline,880,6779932079368.818359,100.000000,0.000000,0.000000
12,Baseline,900,6779932079368.818359,100.000000,0.000000,0.000000
12,Baseline,920,6779932079368.818359,100.000000,0.000000,0.000000
12,Baseline,940,6779932079368.818359,100.000000,0.000000,0.000000
12,Baseline,960,6779932079368.818359,100.000000,0.000000,0.000000
12,Baseline,980,6779932079368.818359,100.000000,0.000000,0.000000
12,Baseline,1000,6779932079368.818359,100.000000,0.000000,0.000000
12,Baseline,1020,6779932079368.818359,100.000000,0.000000,0.000000
12,Baseline,1040,6779932079368.818359,100.000000,0.000000,0.000000
12,Baseline,1060,6779932079368.818359,100.000000,0.000000,0.000000
12,Baseline,1080,6779932079368.818359,100.000000,0.000000,0.000000
12,Baseline,1100,6779932079368.818359,100.000000,0.000000,0.000000
12,Baseline,1120,6779932079368.818359,100.000000,0.000000,0.000000
12,Baseline,1140,6779932079368.818359,100.000000,0.000000,0.000000
12,Baseline,1160,6779932079368.818359,100.000000,0.000000,0.000000
12,Baseline,1180,6779932079368.818359,100.000000,0.000000,0.000000
12,Baseline,1200,6779932079368.818359,100.000000,0.000000,0.000000
12,Baseline,1220,6779932079368.818359,100.000000,0.000000,0.000000
12,Baseline,1240,6779932079368.818359,100.000000,0.000000,0.000000
12,Baseline,1260,6779932079368.818359,100.000000,0.000000,0.000000
12,Baseline,1280,6779932079368.818359,100.000000,0.000000,0.000000
12,Baseline,1300,6779932079368.818359,100.000000,0.000000,0.000000
12,Baseline,1320,6779932079368.818359,100.000000,0.000000,0.000000
12,Baseline,1340,6779932079368.818359,100.000000,0.000000,0.000000
12,Baseline,1360,6779932079368.818359,100.000000,0.000000,0.000000
12,Baseline,1380,6779932079368.818359,100.000000,0.000000,0.000000
12,Baseline,1400,6779932079368.818359,100.000000,0.000000,0.000000
12,Baseline,1420,6779932079368.818359,100.000000,0.000000,0.000000
12,Baseline,1440,6779932079368.818359,100.000000,0.000000,0.000000
12,Baseline,1460,6779932079368.818359,100.000000,0.000000,0.000000
12,Baseline,1480,6779932079368.818359,100.000000,0.000000,0.000000
12,Baseline,1500,6779932079368.818359,100.000000,0.000000,0.000000
12,Baseline,1520,6779932079368.818359,100.000000,0.000000,0.000000
12,Baseline,1540,6779932079368.818359,100.000000,0.000000,0.000000
12,Baseline,1560,6779932079368.818359,100.000000,0.000000,0.000000
12,Baseline,1580,6779932079368.818359,100.000000,0.000000,0.000000
12,Baseline,1600,6779932079368.818359,100.000000,0.000000,0.000000
12,Baseline,1620,6779932079368.818359,100.000000,0.000000,0.000000
12,Baseline,1640,6779932079368.818359,100.000000,0.000000,0.000000
12,Baseline,1660,6779932079368.818359,100.000000,0.000000,0.000000
12,Baseline,1680,6779932079368.818359,100.000000,0.000000,0.000000
12,Baseline,1700,6779932079368.818359,100.000000,0.000000,0.000000
12,Baseline,1720,6779932079368.818359,100.000000,0.000000,0.000000
12,Baseline,1740,6779932079368.818359,100.000000,0.000000,0.000000
12,Baseline,1760,6779932079368.818359,100.000000,0.000000,0.000000
12,Baseline,1780,6779932079368.818359,100.000000,0.000000,0.000000
12,Baseline,1800,6779932079368.818359,100.000000,0.000000,0.000000
12,Baseline,1820,6779932079368.818359,100.000000,0.000000,0.000000
12,Baseline,1840,6779932079368.818359,100.000000,0.000000,0.000000
12,Baseline,1860,6779932079368.818359,100.000000,0.000000,0.000000
12,Baseline,1880,6779932079368.818359,100.000000,0.000000,0.000000
12,Baseline,1900,6779932079368.818359,100.000000,0.000000,0.000000
12,Baseline,1920,6779932079368.818359,100.000000,0.000000,0.000000
12,Baseline,1940,6779932079368.818359,100.000000,0.000000,0.000000
12,Baseline,1960,6779932079368.818359,100.000000,0.000000,0.000000
12,Baseline,1980,6779932079368.818359,100.000000,0.000000,0.000000
12,Baseline,2000,6779932079368.818359,100.000000,0.000000,0.000000
12,Proposed,20,22384847991332.183594,100.000000,54673.731132,96117.416083
12,Proposed,40,22384847991332.183594,100.000000,59634.431086,51883.924859
12,Proposed,60,22384847991332.183594,100.000000,12363.605477,8511.332438
12,Proposed,80,22384847991332.183594,100.000000,12363.605477,8511.332438
12,Proposed,100,22384847991332.183594,100.000000,12363.605477,8511.332438
12,Proposed,120,22384847991332.183594,100.000000,12363.605477,8511.332438
12,Proposed,140,22384847991332.183594,100.000000,12363.605477,8511.332438
12,Proposed,160,22384847991332.183594,100.000000,12363.605477,8511.332438
12,Proposed,180,22384847991332.183594,100.000000,12363.605477,8511.332438
12,Proposed,200,22384847991332.183594,100.000000,12363.605477,8511.332438
12,Proposed,220,22384847991332.183594,100.000000,12363.605477,8511.332438
12,Proposed,240,22384847991332.183594,100.000000,12363.605477,8511.332438
12,Proposed,260,22384847991332.183594,100.000000,12363.605477,8511.332438
12,Proposed,280,22384847991332.183594,100.000000,12363.605477,8511.332438
12,Proposed,300,22384847991332.183594,100.000000,12363.605477,8511.332438
12,Proposed,320,22384847991332.183594,100.000000,12363.605477,8511.332438
12,Proposed,340,22384847991332.183594,100.000000,12363.605477,8511.332438
12,Proposed,360,22384847991332.183594,100.000000,12363.605477,8511.332438
12,Proposed,380,22384847991332.183594,100.000000,12363.605477,8511.332438
12,Proposed,400,22384847991332.183594,100.000000,12363.605477,8511.332438
12,Proposed,420,22384847991332.183594,100.000000,12363.605477,8511.332438
12,Proposed,440,22384847991332.183594,100.000000,12363.605477,8511.332438
12,Proposed,460,22384847991332.183594,100.000000,12363.605477,8511.332438
12,Proposed,480,22384847991332.183594,100.000000,12363.605477,8511.332438
12,Proposed,500,22384847991332.183594,100.000000,12363.605477,8511.332438
12,Proposed,520,22384847991332.183594,100.000000,12363.605477,8511.332438
12,Proposed,540,22384847991332.183594,100.000000,12363.605477,8511.332438
12,Proposed,560,22384847991332.183594,100.000000,12363.605477,8511.332438
12,Proposed,580,22384847991332.183594,100.000000,12363.605477,8511.332438
12,Proposed,600,22384847991332.183594,100.000000,12363.605477,8511.332438
12,Proposed,620,22384847991332.183594,100.000000,12363.605477,8511.332438
12,Proposed,640,22384847991332.183594,100.000000,12363.605477,8511.332438
12,Proposed,660,22384847991332.183594,100.000000,12363.605477,8511.332438
12,Proposed,680,22384847991332.183594,100.000000,12363.605477,8511.332438
12,Proposed,700,22384847991332.183594,100.000000,12363.605477,8511.332438
12,Proposed,720,22384847991332.183594,100.000000,12363.605477,8511.332438
12,Proposed,740,22384847991332.183594,100.000000,12363.605477,8511.332438
12,Proposed,760,22384847991332.183594,100.000000,12363.605477,8511.332438
12,Proposed,780,22384847991332.183594,100.000000,12363.605477,8511.332438
12,Proposed,800,22384847991332.183594,100.000000,12363.605477,8511.332438
12,Proposed,820,22384847991332.183594,100.000000,12363.605477,8511.332438
12,Proposed,840,22384847991332.183594,100.000000,12363.605477,8511.332438
12,Proposed,860,22384847991332.183594,100.000000,12363.605477,8511.332438
12,Proposed,880,22384847991332.183594,100.000000,12363.605477,8511.332438
12,Proposed,900,22384847991332.183594,100.000000,12363.605477,8511.332438
12,Proposed,920,22384847991332.183594,100.000000,12363.605477,8511.332438
12,Proposed,940,22384847991332.183594,100.000000,12363.605477,8511.332438
12,Proposed,960,22384847991332.183594,100.000000,12363.605477,8511.332438
12,Proposed,980,22384847991332.183594,100.000000,12363.605477,8511.332438
12,Proposed,1000,22384847991332.183594,100.000000,12363.605477,8511.332438
13,Baseline,20,6779932079368.818359,100.000000,0.000000,0.000000
13,Baseline,40,6779932079368.818359,100.000000,0.000000,0.000000
13,Baseline,60,6779932079368.818359,100.000000,0.000000,0.000000
13,Baseline,80,6779932079368.818359,100.000000,0.000000,0.000000
13,Baseline,100,6779932079368.818359,100.000000,0.000000,0.000000
13,Baseline,120,6779932079368.818359,100.000000,0.000000,0.000000
13,Baseline,140,6779932079368.818359,100.000000,0.000000,0.000000
13,Baseline,160,6779932079368.818359,100.000000,0.000000,0.000000
13,Baseline,180,6779932079368.818359,100.000000,0.000000,0.000000
13,Baseline,200,6779932079368.818359,100.000000,0.000000,0.000000
13,Baseline,220,6779932079368.818359,100.000000,0.000000,0.000000
13,Baseline,240,6779932079368.818359,100.000000,0.000000,0.000000
13,Baseline,260,6779932079368.818359,100.000000,0.000000,0.000000
13,Baseline,280,6779932079368.818359,100.000000,0.000000,0.000000
13,Baseline,300,6779932079368.818359,100.000000,0.000000,0.000000
13,Baseline,320,6779932079368.818359,100.000000,0.000000,0.000000
13,Baseline,340,6779932079368.818359,100.000000,0.000000,0.000000
13,Baseline,360,6779932079368.818359,100.000000,0.000000,0.000000
13,Baseline,380,6779932079368.818359,100.000000,0.000000,0.000000
13,Baseline,400,6779932079368.818359,100.000000,0.000000,0.000000
13,Baseline,420,6779932079368.818359,100.000000,0.000000,0.000000
13,Baseline,440,6779932079368.818359,100.000000,0.000000,0.000000
13,Baseline,460,6779932079368.818359,100.000000,0.000000,0.000000
13,Baseline,480,6779932079368.818359,100.000000,0.000000,0.000000
13,Baseline,500,6779932079368.818359,100.000000,0.000000,0.000000
13,Baseline,520,6779932079368.818359,100.000000,0.000000,0.000000
13,Baseline,540,6779932079368.818359,100.000000,0.000000,0.000000
13,Baseline,560,6779932079368.818359,100.000000,0.000000,0.000000
13,Baseline,580,6779932079368.818359,100.000000,0.000000,0.000000
13,Baseline,600,6779932079368.818359,100.000000,0.000000,0.000000
13,Baseline,620,6779932079368.818359,100.000000,0.000000,0.000000
13,Baseline,640,6779932079368.818359,100.000000,0.000000,0.000000
13,Baseline,660,6779932079368.818359,100.000000,0.000000,0.000000
13,Baseline,680,6779932079368.818359,100.000000,0.000000,0.000000
13,Baseline,700,6779932079368.818359,100.000000,0.000000,0.000000
13,Baseline,720,6779932079368.818359,100.000000,0.000000,0.000000
13,Baseline,740,6779932079368.818359,100.000000,0.000000,0.000000
13,Baseline,760,6779932079368.818359,100.000000,0.000000,0.000000
13,Baseline,780,6779932079368.818359,100.000000,0.000000,0.000000
13,Baseline,800,6779932079368.818359,100.000000,0.000000,0.000000
13,Baseline,820,6779932079368.818359,100.000000,0.000000,0.000000
13,Baseline,840,6779932079368.818359,100.000000,0.000000,0.000000
13,Baseline,860,6779932079368.818359,100.000000,0.000000,0.000000
13,Baseline,880,6779932079368.818359,100.000000,0.000000,0.000000
13,Baseline,900,6779932079368.818359,100.000000,0.000000,0.000000
13,Baseline,920,6779932079368.818359,100.000000,0.000000,0.000000
13,Baseline,940,6779932079368.818359,100.000000,0.000000,0.000000
13,Baseline,960,6779932079368.818359,100.000000,0.000000,0.000000
13,Baseline,980,6779932079368.818359,100.000000,0.000000,0.000000
13,Baseline,1000,6779932079368.818359,100.000000,0.000000,0.000000
13,Baseline,1020,6779932079368.818359,100.000000,0.000000,0.000000
13,Baseline,1040,6779932079368.818359,100.000000,0.000000,0.000000
13,Baseline,1060,6779932079368.818359,100.000000,0.000000,0.000000
13,Baseline,1080,6779932079368.818359,100.000000,0.000000,0.000000
13,Baseline,1100,6779932079368.818359,100.000000,0.000000,0.000000
13,Baseline,1120,6779932079368.818359,100.000000,0.000000,0.000000
13,Baseline,1140,6779932079368.818359,100.000000,0.000000,0.000000
13,Baseline,1160,6779932079368.818359,100.000000,0.000000,0.000000
13,Baseline,1180,6779932079368.818359,100.000000,0.000000,0.000000
13,Baseline,1200,6779932079368.818359,100.000000,0.000000,0.000000
13,Baseline,1220,6779932079368.818359,100.000000,0.000000,0.000000
13,Baseline,1240,6779932079368.818359,100.000000,0.000000,0.000000
13,Baseline,1260,6779932079368.818359,100.000000,0.000000,0.000000
13,Baseline,1280,6779932079368.818359,100.000000,0.000000,0.000000
13,Baseline,1300,6779932079368.818359,100.000000,0.000000,0.000000
13,Baseline,1320,6779932079368.818359,100.000000,0.000000,0.000000
13,Baseline,1340,6779932079368.818359,100.000000,0.000000,0.000000
13,Baseline,1360,6779932079368.818359,100.000000,0.000000,0.000000
13,Baseline,1380,6779932079368.818359,100.000000,0.000000,0.000000
13,Baseline,1400,6779932079368.818359,100.000000,0.000000,0.000000
13,Baseline,1420,6779932079368.818359,100.000000,0.000000,0.000000
13,Baseline,1440,6779932079368.818359,100.000000,0.000000,0.000000
13,Baseline,1460,6779932079368.818359,100.000000,0.000000,0.000000
13,Baseline,1480,6779932079368.818359,100.000000,0.000000,0.000000
13,Baseline,1500,6779932079368.818359,100.000000,0.000000,0.000000
13,Baseline,1520,6779932079368.818359,100.000000,0.000000,0.000000
13,Baseline,1540,6779932079368.818359,100.000000,0.000000,0.000000
13,Baseline,1560,6779932079368.818359,100.000000,0.000000,0.000000
13,Baseline,1580,6779932079368.818359,100.000000,0.000000,0.000000
13,Baseline,1600,6779932079368.818359,100.000000,0.000000,0.000000
13,Baseline,1620,6779932079368.818359,100.000000,0.000000,0.000000
13,Baseline,1640,6779932079368.818359,100.000000,0.000000,0.000000
13,Baseline,1660,6779932079368.818359,100.000000,0.000000,0.000000
13,Baseline,1680,6779932079368.818359,100.000000,0.000000,0.000000
13,Baseline,1700,6779932079368.818359,100.000000,0.000000,0.000000
13,Baseline,1720,6779932079368.818359,100.000000,0.000000,0.000000
13,Baseline,1740,6779932079368.818359,100.000000,0.000000,0.000000
13,Baseline,1760,6779932079368.818359,100.000000,0.000000,0.000000
13,Baseline,1780,6779932079368.818359,100.000000,0.000000,0.000000
13,Baseline,1800,6779932079368.818359,100.000000,0.000000,0.000000
13,Baseline,1820,6779932079368.818359,100.000000,0.000000,0.000000
13,Baseline,1840,6779932079368.818359,100.000000,0.000000,0.000000
13,Baseline,1860,6779932079368.818359,100.000000,0.000000,0.000000
13,Baseline,1880,6779932079368.818359,100.000000,0.000000,0.000000
13,Baseline,1900,6779932079368.818359,100.000000,0.000000,0.000000
13,Baseline,1920,6779932079368.818359,100.000000,0.000000,0.000000
13,Baseline,1940,6779932079368.818359,100.000000,0.000000,0.000000
13,Baseline,1960,6779932079368.818359,100.000000,0.000000,0.000000
13,Baseline,1980,6779932079368.818359,100.000000,0.000000,0.000000
13,Baseline,2000,6779932079368.818359,100.000000,0.000000,0.000000
13,Proposed,20,23118020020516.753906,100.000000,85976.469627,72925.737284
13,Proposed,40,23118020020516.753906,100.000000,3222.412733,357.784141
13,Proposed,60,23118020020516.753906,100.000000,3222.412733,357.784141
13,Proposed,80,23118020020516.753906,100.000000,3222.412733,357.784141
13,Proposed,100,23118020020516.753906,100.000000,3222.412733,357.784141
13,Proposed,120,23118020020516.753906,100.000000,3222.412733,357.784141
13,Proposed,140,23118020020516.753906,100.000000,3222.412733,357.784141
13,Proposed,160,23118020020516.753906,100.000000,3222.412733,357.784141
13,Proposed,180,23118020020516.753906,100.000000,3222.412733,357.784141
13,Proposed,200,23118020020516.753906,100.000000,3222.412733,357.784141
13,Proposed,220,23118020020516.753906,100.000000,3222.412733,357.784141
13,Proposed,240,23118020020516.753906,100.000000,3222.412733,357.784141
13,Proposed,260,23118020020516.753906,100.000000,3222.412733,357.784141
13,Proposed,280,23118020020516.753906,100.000000,3222.412733,357.784141
13,Proposed,300,23118020020516.753906,100.000000,3222.412733,357.784141
13,Proposed,320,23118020020516.753906,100.000000,3222.412733,357.784141
13,Proposed,340,23118020020516.753906,100.000000,3222.412733,357.784141
13,Proposed,360,23118020020516.753906,100.000000,3222.412733,357.784141
13,Proposed,380,23118020020516.753906,100.000000,3222.412733,357.784141
13,Proposed,400,23118020020516.753906,100.000000,3222.412733,357.784141
13,Proposed,420,23118020020516.753906,100.000000,3222.412733,357.784141
13,Proposed,440,23118020020516.753906,100.000000,3222.412733,357.784141
13,Proposed,460,23118020020516.753906,100.000000,3222.412733,357.784141
13,Proposed,480,23118020020516.753906,100.000000,3222.412733,357.784141
13,Proposed,500,23118020020516.753906,100.000000,3222.412733,357.784141
13,Proposed,520,23118020020516.753906,100.000000,3222.412733,357.784141
13,Proposed,540,23118020020516.753906,100.000000,3222.412733,357.784141
13,Proposed,560,23118020020516.753906,100.000000,3222.412733,357.784141
13,Proposed,580,23118020020516.753906,100.000000,3222.412733,357.784141
13,Proposed,600,23118020020516.753906,100.000000,3222.412733,357.784141
13,Proposed,620,23118020020516.753906,100.000000,3222.412733,357.784141
13,Proposed,640,23118020020516.753906,100.000000,3222.412733,357.784141
13,Proposed,660,23118020020516.753906,100.000000,3222.412733,357.784141
13,Proposed,680,23118020020516.753906,100.000000,3222.412733,357.784141
13,Proposed,700,23118020020516.753906,100.000000,3222.412733,357.784141
13,Proposed,720,23118020020516.753906,100.000000,3222.412733,357.784141
13,Proposed,740,23118020020516.753906,100.000000,3222.412733,357.784141
13,Proposed,760,23118020020516.753906,100.000000,3222.412733,357.784141
13,Proposed,780,23118020020516.753906,100.000000,3222.412733,357.784141
13,Proposed,800,23118020020516.753906,100.000000,3222.412733,357.784141
13,Proposed,820,23118020020516.753906,100.000000,3222.412733,357.784141
13,Proposed,840,23118020020516.753906,100.000000,3222.412733,357.784141
13,Proposed,860,23118020020516.753906,100.000000,3222.412733,357.784141
13,Proposed,880,23118020020516.753906,100.000000,3222.412733,357.784141
13,Proposed,900,23118020020516.753906,100.000000,3222.412733,357.784141
13,Proposed,920,23118020020516.753906,100.000000,3222.412733,357.784141
13,Proposed,940,23118020020516.753906,100.000000,3222.412733,357.784141
13,Proposed,960,23118020020516.753906,100.000000,3222.412733,357.784141
13,Proposed,980,23118020020516.753906,100.000000,3222.412733,357.784141
13,Proposed,1000,23118020020516.753906,100.000000,3222.412733,357.784141
14,Baseline,20,23216483876686.433594,100.000000,0.000000,0.000000
14,Baseline,40,23216483876686.433594,100.000000,0.000000,0.000000
14,Baseline,60,23216483876686.433594,100.000000,0.000000,0.000000
14,Baseline,80,23216483876686.433594,100.000000,0.000000,0.000000
14,Baseline,100,23216483876686.433594,100.000000,0.000000,0.000000
14,Baseline,120,23673763833739.207031,100.000000,2124.313997,3441.842406
14,Baseline,140,23673763833739.207031,100.000000,2124.313997,3441.842406
14,Baseline,160,23673763833739.207031,100.000000,2124.313997,3441.842406
14,Baseline,180,23673763833739.207031,100.000000,2124.313997,3441.842406
14,Baseline,200,23673763833739.207031,100.000000,2124.313997,3441.842406
14,Baseline,220,23673763833739.207031,100.000000,2124.313997,3441.842406
14,Baseline,240,23703260402005.609375,100.000000,4103.099922,6284.420509
14,Baseline,260,23703260402005.609375,100.000000,4103.099922,6284.420509
14,Baseline,280,23708587183523.257812,100.000000,3134.848782,6544.138917
14,Baseline,300,23708587183523.257812,100.000000,3134.848782,6544.138917
14,Baseline,320,23708587183523.257812,100.000000,3134.848782,6544.138917
14,Baseline,340,23708587183523.257812,100.000000,3134.848782,6544.138917
14,Baseline,360,23708587183523.257812,100.000000,3134.848782,6544.138917
14,Baseline,380,23708587183523.257812,100.000000,3134.848782,6544.138917
14,Baseline,400,23708587183523.257812,100.000000,3134.848782,6544.138917
14,Baseline,420,23708587183523.257812,100.000000,3134.848782,6544.138917
14,Baseline,440,23708587183523.257812,100.000000,3134.848782,6544.138917
14,Baseline,460,23708587183523.257812,100.000000,3134.848782,6544.138917
14,Baseline,480,23708587183523.257812,100.000000,3134.848782,6544.138917
14,Baseline,500,23708587183523.257812,100.000000,3134.848782,6544.138917
14,Baseline,520,23708587183523.257812,100.000000,3134.848782,6544.138917
14,Baseline,540,23708587183523.257812,100.000000,3134.848782,6544.138917
14,Baseline,560,23708587183523.257812,100.000000,3134.848782,6544.138917
14,Baseline,580,23708587183523.257812,100.000000,3134.848782,6544.138917
14,Baseline,600,23708587183523.257812,100.000000,3134.848782,6544.138917
14,Baseline,620,23708587183523.257812,100.000000,3134.848782,6544.138917
14,Baseline,640,23708587183523.257812,100.000000,3134.848782,6544.138917
14,Baseline,660,23708587183523.257812,100.000000,3134.848782,6544.138917
14,Baseline,680,23708587183523.257812,100.000000,3134.848782,6544.138917
14,Baseline,700,23708587183523.257812,100.000000,3134.848782,6544.138917
14,Baseline,720,23708587183523.257812,100.000000,3134.848782,6544.138917
14,Baseline,740,23708587183523.257812,100.000000,3134.848782,6544.138917
14,Baseline,760,23708587183523.257812,100.000000,3134.848782,6544.138917
14,Baseline,780,23708587183523.257812,100.000000,3134.848782,6544.138917
14,Baseline,800,23708587183523.257812,100.000000,3134.848782,6544.138917
14,Baseline,820,23708587183523.257812,100.000000,3134.848782,6544.138917
14,Baseline,840,23708587183523.257812,100.000000,3134.848782,6544.138917
14,Baseline,860,23708587183523.257812,100.000000,3134.848782,6544.138917
14,Baseline,880,23708587183523.257812,100.000000,3134.848782,6544.138917
14,Baseline,900,23708587183523.257812,100.000000,3134.848782,6544.138917
14,Baseline,920,23708587183523.257812,100.000000,3134.848782,6544.138917
14,Baseline,940,23708699754653.605469,100.000000,3146.021729,6553.063439
14,Baseline,960,23708699754653.605469,100.000000,3146.021729,6553.063439
14,Baseline,980,23708699754653.605469,100.000000,3146.021729,6553.063439
14,Baseline,1000,23708699754653.605469,100.000000,3146.021729,6553.063439
14,Baseline,1020,23708699754653.605469,100.000000,3146.021729,6553.063439
14,Baseline,1040,23708699754653.605469,100.000000,3146.021729,6553.063439
14,Baseline,1060,23708699754653.605469,100.000000,3146.021729,6553.063439
14,Baseline,1080,23708699754653.605469,100.000000,3146.021729,6553.063439
14,Baseline,1100,23708699754653.605469,100.000000,3146.021729,6553.063439
14,Baseline,1120,23708699754653.605469,100.000000,3146.021729,6553.063439
14,Baseline,1140,23708699754653.605469,100.000000,3146.021729,6553.063439
14,Baseline,1160,23708699754653.605469,100.000000,3146.021729,6553.063439
14,Baseline,1180,23708699754653.605469,100.000000,3146.021729,6553.063439
14,Baseline,1200,23708699754653.605469,100.000000,3146.021729,6553.063439
14,Baseline,1220,23708699754653.605469,100.000000,3146.021729,6553.063439
14,Baseline,1240,23708699754653.605469,100.000000,3146.021729,6553.063439
14,Baseline,1260,23708699754653.605469,100.000000,3146.021729,6553.063439
14,Baseline,1280,23708699754653.605469,100.000000,3146.021729,6553.063439
14,Baseline,1300,23708699754653.605469,100.000000,3146.021729,6553.063439
14,Baseline,1320,23708699754653.605469,100.000000,3146.021729,6553.063439
14,Baseline,1340,23708699754653.605469,100.000000,3146.021729,6553.063439
14,Baseline,1360,23708699754653.605469,100.000000,3146.021729,6553.063439
14,Baseline,1380,23708855111196.378906,100.000000,3261.522774,6658.119191
14,Baseline,1400,23708855111196.378906,100.000000,3261.522774,6658.119191
14,Baseline,1420,23708855111196.378906,100.000000,3261.522774,6658.119191
14,Baseline,1440,23708855111196.378906,100.000000,3261.522774,6658.119191
14,Baseline,1460,23708855111196.378906,100.000000,3261.522774,6658.119191
14,Baseline,1480,23708855111196.378906,100.000000,3261.522774,6658.119191
14,Baseline,1500,23708855111196.378906,100.000000,3261.522774,6658.119191
14,Baseline,1520,23708855111196.378906,100.000000,3261.522774,6658.119191
14,Baseline,1540,23708855111196.378906,100.000000,3261.522774,6658.119191
14,Baseline,1560,23708855111196.378906,100.000000,3261.522774,6658.119191
14,Baseline,1580,23708855111196.378906,100.000000,3261.522774,6658.119191
14,Baseline,1600,23708855111196.378906,100.000000,3261.522774,6658.119191
14,Baseline,1620,23708855111196.378906,100.000000,3261.522774,6658.119191
14,Baseline,1640,23708855111196.378906,100.000000,3261.522774,6658.119191
14,Baseline,1660,23708855111196.378906,100.000000,3261.522774,6658.119191
14,Baseline,1680,23708855111196.378906,100.000000,3261.522774,6658.119191
14,Baseline,1700,23708855111196.378906,100.000000,3261.522774,6658.119191
14,Baseline,1720,23708855111196.378906,100.000000,3261.522774,6658.119191
14,Baseline,1740,23708855111196.378906,100.000000,3261.522774,6658.119191
14,Baseline,1760,23708855111196.378906,100.000000,3261.522774,6658.119191
14,Baseline,1780,23708855111196.378906,100.000000,3261.522774,6658.119191
14,Baseline,1800,23708855111196.378906,100.000000,3261.522774,6658.119191
14,Baseline,1820,23708855111196.378906,100.000000,3261.522774,6658.119191
14,Baseline,1840,23708855111196.378906,100.000000,3261.522774,6658.119191
14,Baseline,1860,23708855111196.378906,100.000000,3261.522774,6658.119191
14,Baseline,1880,23708855111196.378906,100.000000,3261.522774,6658.119191
14,Baseline,1900,23708855111196.378906,100.000000,3261.522774,6658.119191
14,Baseline,1920,23708855111196.378906,100.000000,3261.522774,6658.119191
14,Baseline,1940,23708855111196.378906,100.000000,3261.522774,6658.119191
14,Baseline,1960,23708855111196.378906,100.000000,3261.522774,6658.119191
14,Baseline,1980,23708855111196.378906,100.000000,3261.522774,6658.119191
14,Baseline,2000,23708855111196.378906,100.000000,3261.522774,6658.119191
14,Proposed,20,23263906767065.562500,100.000000,41254.454778,70704.179076
14,Proposed,40,23263906767065.562500,100.000000,12583.411499,42426.730174
14,Proposed,60,23263906767065.562500,100.000000,0.000000,0.000000
14,Proposed,80,23263906767065.562500,100.000000,0.000000,0.000000
14,Proposed,100,23263906767065.562500,100.000000,0.000000,0.000000
14,Proposed,120,23263906767065.562500,100.000000,0.000000,0.000000
14,Proposed,140,23263906767065.562500,100.000000,0.000000,0.000000
14,Proposed,160,23263906767065.562500,100.000000,0.000000,0.000000
14,Proposed,180,23263906767065.562500,100.000000,0.000000,0.000000
14,Proposed,200,23263906767065.562500,100.000000,0.000000,0.000000
14,Proposed,220,23263906767065.562500,100.000000,0.000000,0.000000
14,Proposed,240,23263906767065.562500,100.000000,0.000000,0.000000
14,Proposed,260,23263906767065.562500,100.000000,0.000000,0.000000
14,Proposed,280,23263906767065.562500,100.000000,0.000000,0.000000
14,Proposed,300,23263906767065.562500,100.000000,0.000000,0.000000
14,Proposed,320,23263906767065.562500,100.000000,0.000000,0.000000
14,Proposed,340,23263906767065.562500,100.000000,0.000000,0.000000
14,Proposed,360,23263906767065.562500,100.000000,0.000000,0.000000
14,Proposed,380,23263906767065.562500,100.000000,0.000000,0.000000
14,Proposed,400,23263906767065.562500,100.000000,0.000000,0.000000
14,Proposed,420,23263906767065.562500,100.000000,0.000000,0.000000
14,Proposed,440,23263906767065.562500,100.000000,0.000000,0.000000
14,Proposed,460,23263906767065.562500,100.000000,0.000000,0.000000
14,Proposed,480,23263906767065.562500,100.000000,0.000000,0.000000
14,Proposed,500,23263906767065.562500,100.000000,0.000000,0.000000
14,Proposed,520,23263906767065.562500,100.000000,0.000000,0.000000
14,Proposed,540,23263906767065.562500,100.000000,0.000000,0.000000
14,Proposed,560,23263906767065.562500,100.000000,0.000000,0.000000
14,Proposed,580,23263906767065.562500,100.000000,0.000000,0.000000
14,Proposed,600,23263906767065.562500,100.000000,0.000000,0.000000
14,Proposed,620,23263906767065.562500,100.000000,0.000000,0.000000
14,Proposed,640,23263906767065.562500,100.000000,0.000000,0.000000
14,Proposed,660,23263906767065.562500,100.000000,0.000000,0.000000
14,Proposed,680,23263906767065.562500,100.000000,0.000000,0.000000
14,Proposed,700,23263906767065.562500,100.000000,0.000000,0.000000
14,Proposed,720,23263906767065.562500,100.000000,0.000000,0.000000
14,Proposed,740,23263906767065.562500,100.000000,0.000000,0.000000
14,Proposed,760,23263906767065.562500,100.000000,0.000000,0.000000
14,Proposed,780,23263906767065.562500,100.000000,0.000000,0.000000
14,Proposed,800,23263906767065.562500,100.000000,0.000000,0.000000
14,Proposed,820,23263906767065.562500,100.000000,0.000000,0.000000
14,Proposed,840,23263906767065.562500,100.000000,0.000000,0.000000
14,Proposed,860,23263906767065.562500,100.000000,0.000000,0.000000
14,Proposed,880,23263906767065.562500,100.000000,0.000000,0.000000
14,Proposed,900,23263906767065.562500,100.000000,0.000000,0.000000
14,Proposed,920,23263906767065.562500,100.000000,0.000000,0.000000
14,Proposed,940,23263906767065.562500,100.000000,0.000000,0.000000
14,Proposed,960,23263906767065.562500,100.000000,0.000000,0.000000
14,Proposed,980,23263906767065.562500,100.000000,0.000000,0.000000
14,Proposed,1000,23263906767065.562500,100.000000,0.000000,0.000000
15,Baseline,20,8754902772187.196289,100.000000,36950.117150,22499.802384
15,Baseline,40,8754902772187.196289,100.000000,0.000000,0.000000
15,Baseline,60,23182218235577.703125,100.000000,311300.917823,324478.077098
15,Baseline,80,23273062909184.882812,100.000000,279.788105,5598.686983
15,Baseline,100,23425851983266.718750,100.000000,6232.715130,16507.584658
15,Baseline,120,23429924235010.281250,100.000000,6289.936497,19568.611404
15,Baseline,140,23429924235010.281250,100.000000,6289.936497,19568.611404
15,Baseline,160,23429924235010.281250,100.000000,6289.936497,19568.611404
15,Baseline,180,23429924235010.281250,100.000000,6289.936497,19568.611404
15,Baseline,200,23429924235010.281250,100.000000,6289.936497,19568.611404
15,Baseline,220,23429924235010.281250,100.000000,6289.936497,19568.611404
15,Baseline,240,23429924235010.281250,100.000000,6289.936497,19568.611404
15,Baseline,260,23429924235010.281250,100.000000,6289.936497,19568.611404
15,Baseline,280,23429924235010.281250,100.000000,6289.936497,19568.611404
15,Baseline,300,23429924235010.281250,100.000000,6289.936497,19568.611404
15,Baseline,320,23429924235010.281250,100.000000,6289.936497,19568.611404
15,Baseline,340,23429924235010.281250,100.000000,6289.936497,19568.611404
15,Baseline,360,23429924235010.281250,100.000000,6289.936497,19568.611404
15,Baseline,380,23429924235010.281250,100.000000,6289.936497,19568.611404
15,Baseline,400,23429924235010.281250,100.000000,6289.936497,19568.611404
15,Baseline,420,23429924235010.281250,100.000000,6289.936497,19568.611404
15,Baseline,440,23429924235010.281250,100.000000,6289.936497,19568.611404
15,Baseline,460,23429924235010.281250,100.000000,6289.936497,19568.611404
15,Baseline,480,23429924235010.281250,100.000000,6289.936497,19568.611404
15,Baseline,500,23429924235010.281250,100.000000,6289.936497,19568.611404
15,Baseline,520,23429924235010.281250,100.000000,6289.936497,19568.611404
15,Baseline,540,23429924235010.281250,100.000000,6289.936497,19568.611404
15,Baseline,560,23429924235010.281250,100.000000,6289.936497,19568.611404
15,Baseline,580,23429924235010.281250,100.000000,6289.936497,19568.611404
15,Baseline,600,23429924235010.281250,100.000000,6289.936497,19568.611404
15,Baseline,620,23429924235010.281250,100.000000,6289.936497,19568.611404
15,Baseline,640,23429924235010.281250,100.000000,6289.936497,19568.611404
15,Baseline,660,23429924235010.281250,100.000000,6289.936497,19568.611404
15,Baseline,680,23429924235010.281250,100.000000,6289.936497,19568.611404
15,Baseline,700,23429924235010.281250,100.000000,6289.936497,19568.611404
15,Baseline,720,23429924235010.281250,100.000000,6289.936497,19568.611404
15,Baseline,740,23429924235010.281250,100.000000,6289.936497,19568.611404
15,Baseline,760,23429924235010.281250,100.000000,6289.936497,19568.611404
15,Baseline,780,23429924235010.281250,100.000000,6289.936497,19568.611404
15,Baseline,800,23429924235010.281250,100.000000,6289.936497,19568.611404
15,Baseline,820,23431133378301.332031,100.000000,6833.264582,23338.804093
15,Baseline,840,23431133378301.332031,100.000000,6833.264582,23338.804093
15,Baseline,860,23431133378301.332031,100.000000,6833.264582,23338.804093
15,Baseline,880,23431133378301.332031,100.000000,6833.264582,23338.804093
15,Baseline,900,23431133378301.332031,100.000000,6833.264582,23338.804093
15,Baseline,920,23431133378301.332031,100.000000,6833.264582,23338.804093
15,Baseline,940,23431133378301.332031,100.000000,6833.264582,23338.804093
15,Baseline,960,23431133378301.332031,100.000000,6833.264582,23338.804093
15,Baseline,980,23431133378301.332031,100.000000,6833.264582,23338.804093
15,Baseline,1000,23431133378301.332031,100.000000,6833.264582,23338.804093
15,Baseline,1020,23431133378301.332031,100.000000,6833.264582,23338.804093
15,Baseline,1040,23431133378301.332031,100.000000,6833.264582,23338.804093
15,Baseline,1060,23431133378301.332031,100.000000,6833.264582,23338.804093
15,Baseline,1080,23431133378301.332031,100.000000,6833.264582,23338.804093
15,Baseline,1100,23431133378301.332031,100.000000,6833.264582,23338.804093
15,Baseline,1120,23431133378301.332031,100.000000,6833.264582,23338.804093
15,Baseline,1140,23431133378301.332031,100.000000,6833.264582,23338.804093
15,Baseline,1160,23431133378301.332031,100.000000,6833.264582,23338.804093
15,Baseline,1180,23431133378301.332031,100.000000,6833.264582,23338.804093
15,Baseline,1200,23431133378301.332031,100.000000,6833.264582,23338.804093
15,Baseline,1220,23431133378301.332031,100.000000,6833.264582,23338.804093
15,Baseline,1240,23431133378301.332031,100.000000,6833.264582,23338.804093
15,Baseline,1260,23431133378301.332031,100.000000,6833.264582,23338.804093
15,Baseline,1280,23431133378301.332031,100.000000,6833.264582,23338.804093
15,Baseline,1300,23431133378301.332031,100.000000,6833.264582,23338.804093
15,Baseline,1320,23431133378301.332031,100.000000,6833.264582,23338.804093
15,Baseline,1340,23431133378301.332031,100.000000,6833.264582,23338.804093
15,Baseline,1360,23431133378301.332031,100.000000,6833.264582,23338.804093
15,Baseline,1380,23431133378301.332031,100.000000,6833.264582,23338.804093
15,Baseline,1400,23431133378301.332031,100.000000,6833.264582,23338.804093
15,Baseline,1420,23431133378301.332031,100.000000,6833.264582,23338.804093
15,Baseline,1440,23431133378301.332031,100.000000,6833.264582,23338.804093
15,Baseline,1460,23431133378301.332031,100.000000,6833.264582,23338.804093
15,Baseline,1480,23431133378301.332031,100.000000,6833.264582,23338.804093
15,Baseline,1500,23431133378301.332031,100.000000,6833.264582,23338.804093
15,Baseline,1520,23431133378301.332031,100.000000,6833.264582,23338.804093
15,Baseline,1540,23431133378301.332031,100.000000,6833.264582,23338.804093
15,Baseline,1560,23431133378301.332031,100.000000,6833.264582,23338.804093
15,Baseline,1580,23431133378301.332031,100.000000,6833.264582,23338.804093
15,Baseline,1600,23431133378301.332031,100.000000,6833.264582,23338.804093
15,Baseline,1620,23431133378301.332031,100.000000,6833.264582,23338.804093
15,Baseline,1640,23431133378301.332031,100.000000,6833.264582,23338.804093
15,Baseline,1660,23431133378301.332031,100.000000,6833.264582,23338.804093
15,Baseline,1680,23431133378301.332031,100.000000,6833.264582,23338.804093
15,Baseline,1700,23431133378301.332031,100.000000,6833.264582,23338.804093
15,Baseline,1720,23431133378301.332031,100.000000,6833.264582,23338.804093
15,Baseline,1740,23431133378301.332031,100.000000,6833.264582,23338.804093
15,Baseline,1760,23431133378301.332031,100.000000,6833.264582,23338.804093
15,Baseline,1780,23431133378301.332031,100.000000,6833.264582,23338.804093
15,Baseline,1800,23431133378301.332031,100.000000,6833.264582,23338.804093
15,Baseline,1820,23431133378301.332031,100.000000,6833.264582,23338.804093
15,Baseline,1840,23431133378301.332031,100.000000,6833.264582,23338.804093
15,Baseline,1860,23431133378301.332031,100.000000,6833.264582,23338.804093
15,Baseline,1880,23431133378301.332031,100.000000,6833.264582,23338.804093
15,Baseline,1900,23431133378301.332031,100.000000,6833.264582,23338.804093
15,Baseline,1920,23431133378301.332031,100.000000,6833.264582,23338.804093
15,Baseline,1940,23431133378301.332031,100.000000,6833.264582,23338.804093
15,Baseline,1960,23431133378301.332031,100.000000,6833.264582,23338.804093
15,Baseline,1980,23431133378301.332031,100.000000,6833.264582,23338.804093
15,Baseline,2000,23431133378301.332031,100.000000,6833.264582,23338.804093
15,Proposed,20,22975710110125.171875,100.000000,114365.283301,67140.300366
15,Proposed,40,22975710110125.171875,100.000000,36247.710145,52160.759805
15,Proposed,60,22975710110125.171875,100.000000,75137.185863,110839.284447
15,Proposed,80,22975710110125.171875,100.000000,12991.545611,20452.689093
15,Proposed,100,22975710110125.171875,100.000000,12991.545611,20452.689093
15,Proposed,120,22975710110125.171875,100.000000,12991.545611,20452.689093
15,Proposed,140,22975710110125.171875,100.000000,12991.545611,20452.689093
15,Proposed,160,22975710110125.171875,100.000000,12991.545611,20452.689093
15,Proposed,180,22975710110125.171875,100.000000,12991.545611,20452.689093
15,Proposed,200,22975710110125.171875,100.000000,12991.545611,20452.689093
15,Proposed,220,22975710110125.171875,100.000000,12991.545611,20452.689093
15,Proposed,240,22975710110125.171875,100.000000,12991.545611,20452.689093
15,Proposed,260,22975710110125.171875,100.000000,12991.545611,20452.689093
15,Proposed,280,22975710110125.171875,100.000000,12991.545611,20452.689093
15,Proposed,300,22975710110125.171875,100.000000,12991.545611,20452.689093
15,Proposed,320,22975710110125.171875,100.000000,12991.545611,20452.689093
15,Proposed,340,22975710110125.171875,100.000000,12991.545611,20452.689093
15,Proposed,360,22975710110125.171875,100.000000,12991.545611,20452.689093
15,Proposed,380,22975710110125.171875,100.000000,12991.545611,20452.689093
15,Proposed,400,22975710110125.171875,100.000000,12991.545611,20452.689093
15,Proposed,420,22975710110125.171875,100.000000,12991.545611,20452.689093
15,Proposed,440,22975710110125.171875,100.000000,12991.545611,20452.689093
15,Proposed,460,22975710110125.171875,100.000000,12991.545611,20452.689093
15,Proposed,480,22975710110125.171875,100.000000,12991.545611,20452.689093
15,Proposed,500,22975710110125.171875,100.000000,12991.545611,20452.689093
15,Proposed,520,22975710110125.171875,100.000000,12991.545611,20452.689093
15,Proposed,540,22975710110125.171875,100.000000,12991.545611,20452.689093
15,Proposed,560,22975710110125.171875,100.000000,12991.545611,20452.689093
15,Proposed,580,22975710110125.171875,100.000000,12991.545611,20452.689093
15,Proposed,600,22975710110125.171875,100.000000,12991.545611,20452.689093
15,Proposed,620,22975710110125.171875,100.000000,12991.545611,20452.689093
15,Proposed,640,22975710110125.171875,100.000000,12991.545611,20452.689093
15,Proposed,660,22975710110125.171875,100.000000,12991.545611,20452.689093
15,Proposed,680,22975710110125.171875,100.000000,12991.545611,20452.689093
15,Proposed,700,22975710110125.171875,100.000000,12991.545611,20452.689093
15,Proposed,720,22975710110125.171875,100.000000,12991.545611,20452.689093
15,Proposed,740,22975710110125.171875,100.000000,12991.545611,20452.689093
15,Proposed,760,22975710110125.171875,100.000000,12991.545611,20452.689093
15,Proposed,780,22975710110125.171875,100.000000,12991.545611,20452.689093
15,Proposed,800,22975710110125.171875,100.000000,12991.545611,20452.689093
15,Proposed,820,22975710110125.171875,100.000000,12991.545611,20452.689093
15,Proposed,840,22975710110125.171875,100.000000,12991.545611,20452.689093
15,Proposed,860,22975710110125.171875,100.000000,12991.545611,20452.689093
15,Proposed,880,22975710110125.171875,100.000000,12991.545611,20452.689093
15,Proposed,900,22975710110125.171875,100.000000,12991.545611,20452.689093
15,Proposed,920,22975710110125.171875,100.000000,12991.545611,20452.689093
15,Proposed,940,22975710110125.171875,100.000000,12991.545611,20452.689093
15,Proposed,960,22975710110125.171875,100.000000,12991.545611,20452.689093
15,Proposed,980,22975710110125.171875,100.000000,12991.545611,20452.689093
15,Proposed,1000,22975710110125.171875,100.000000,12991.545611,20452.689093
16,Baseline,20,6779932079368.818359,100.000000,0.000000,0.000000
16,Baseline,40,6779932079368.818359,100.000000,0.000000,0.000000
16,Baseline,60,6779932079368.818359,100.000000,0.000000,0.000000
16,Baseline,80,6779932079368.818359,100.000000,0.000000,0.000000
16,Baseline,100,6779932079368.818359,100.000000,0.000000,0.000000
16,Baseline,120,6779932079368.818359,100.000000,0.000000,0.000000
16,Baseline,140,6779932079368.818359,100.000000,0.000000,0.000000
16,Baseline,160,6779932079368.818359,100.000000,0.000000,0.000000
16,Baseline,180,6779932079368.818359,100.000000,0.000000,0.000000
16,Baseline,200,6779932079368.818359,100.000000,0.000000,0.000000
16,Baseline,220,6779932079368.818359,100.000000,0.000000,0.000000
16,Baseline,240,6779932079368.818359,100.000000,0.000000,0.000000
16,Baseline,260,6779932079368.818359,100.000000,0.000000,0.000000
16,Baseline,280,6779932079368.818359,100.000000,0.000000,0.000000
16,Baseline,300,6779932079368.818359,100.000000,0.000000,0.000000
16,Baseline,320,6779932079368.818359,100.000000,0.000000,0.000000
16,Baseline,340,6779932079368.818359,100.000000,0.000000,0.000000
16,Baseline,360,6779932079368.818359,100.000000,0.000000,0.000000
16,Baseline,380,6779932079368.818359,100.000000,0.000000,0.000000
16,Baseline,400,6779932079368.818359,100.000000,0.000000,0.000000
16,Baseline,420,6779932079368.818359,100.000000,0.000000,0.000000
16,Baseline,440,6779932079368.818359,100.000000,0.000000,0.000000
16,Baseline,460,6779932079368.818359,100.000000,0.000000,0.000000
16,Baseline,480,6779932079368.818359,100.000000,0.000000,0.000000
16,Baseline,500,6779932079368.818359,100.000000,0.000000,0.000000
16,Baseline,520,6779932079368.818359,100.000000,0.000000,0.000000
16,Baseline,540,6779932079368.818359,100.000000,0.000000,0.000000
16,Baseline,560,6779932079368.818359,100.000000,0.000000,0.000000
16,Baseline,580,6779932079368.818359,100.000000,0.000000,0.000000
16,Baseline,600,6779932079368.818359,100.000000,0.000000,0.000000
16,Baseline,620,6779932079368.818359,100.000000,0.000000,0.000000
16,Baseline,640,6779932079368.818359,100.000000,0.000000,0.000000
16,Baseline,660,6779932079368.818359,100.000000,0.000000,0.000000
16,Baseline,680,6779932079368.818359,100.000000,0.000000,0.000000
16,Baseline,700,6779932079368.818359,100.000000,0.000000,0.000000
16,Baseline,720,6779932079368.818359,100.000000,0.000000,0.000000
16,Baseline,740,6779932079368.818359,100.000000,0.000000,0.000000
16,Baseline,760,6779932079368.818359,100.000000,0.000000,0.000000
16,Baseline,780,6779932079368.818359,100.000000,0.000000,0.000000
16,Baseline,800,6779932079368.818359,100.000000,0.000000,0.000000
16,Baseline,820,6779932079368.818359,100.000000,0.000000,0.000000
16,Baseline,840,6779932079368.818359,100.000000,0.000000,0.000000
16,Baseline,860,6779932079368.818359,100.000000,0.000000,0.000000
16,Baseline,880,6779932079368.818359,100.000000,0.000000,0.000000
16,Baseline,900,6779932079368.818359,100.000000,0.000000,0.000000
16,Baseline,920,6779932079368.818359,100.000000,0.000000,0.000000
16,Baseline,940,6779932079368.818359,100.000000,0.000000,0.000000
16,Baseline,960,6779932079368.818359,100.000000,0.000000,0.000000
16,Baseline,980,6779932079368.818359,100.000000,0.000000,0.000000
16,Baseline,1000,6779932079368.818359,100.000000,0.000000,0.000000
16,Baseline,1020,6779932079368.818359,100.000000,0.000000,0.000000
16,Baseline,1040,6779932079368.818359,100.000000,0.000000,0.000000
16,Baseline,1060,6779932079368.818359,100.000000,0.000000,0.000000
16,Baseline,1080,6779932079368.818359,100.000000,0.000000,0.000000
16,Baseline,1100,6779932079368.818359,100.000000,0.000000,0.000000
16,Baseline,1120,6779932079368.818359,100.000000,0.000000,0.000000
16,Baseline,1140,6779932079368.818359,100.000000,0.000000,0.000000
16,Baseline,1160,6779932079368.818359,100.000000,0.000000,0.000000
16,Baseline,1180,6779932079368.818359,100.000000,0.000000,0.000000
16,Baseline,1200,6779932079368.818359,100.000000,0.000000,0.000000
16,Baseline,1220,6779932079368.818359,100.000000,0.000000,0.000000
16,Baseline,1240,6779932079368.818359,100.000000,0.000000,0.000000
16,Baseline,1260,6779932079368.818359,100.000000,0.000000,0.000000
16,Baseline,1280,6779932079368.818359,100.000000,0.000000,0.000000
16,Baseline,1300,6779932079368.818359,100.000000,0.000000,0.000000
16,Baseline,1320,6779932079368.818359,100.000000,0.000000,0.000000
16,Baseline,1340,6779932079368.818359,100.000000,0.000000,0.000000
16,Baseline,1360,6779932079368.818359,100.000000,0.000000,0.000000
16,Baseline,1380,6779932079368.818359,100.000000,0.000000,0.000000
16,Baseline,1400,6779932079368.818359,100.000000,0.000000,0.000000
16,Baseline,1420,6779932079368.818359,100.000000,0.000000,0.000000
16,Baseline,1440,6779932079368.818359,100.000000,0.000000,0.000000
16,Baseline,1460,6779932079368.818359,100.000000,0.000000,0.000000
16,Baseline,1480,6779932079368.818359,100.000000,0.000000,0.000000
16,Baseline,1500,6779932079368.818359,100.000000,0.000000,0.000000
16,Baseline,1520,6779932079368.818359,100.000000,0.000000,0.000000
16,Baseline,1540,6779932079368.818359,100.000000,0.000000,0.000000
16,Baseline,1560,6779932079368.818359,100.000000,0.000000,0.000000
16,Baseline,1580,6779932079368.818359,100.000000,0.000000,0.000000
16,Baseline,1600,6779932079368.818359,100.000000,0.000000,0.000000
16,Baseline,1620,6779932079368.818359,100.000000,0.000000,0.000000
16,Baseline,1640,6779932079368.818359,100.000000,0.000000,0.000000
16,Baseline,1660,6779932079368.818359,100.000000,0.000000,0.000000
16,Baseline,1680,6779932079368.818359,100.000000,0.000000,0.000000
16,Baseline,1700,6779932079368.818359,100.000000,0.000000,0.000000
16,Baseline,1720,6779932079368.818359,100.000000,0.000000,0.000000
16,Baseline,1740,6779932079368.818359,100.000000,0.000000,0.000000
16,Baseline,1760,6779932079368.818359,100.000000,0.000000,0.000000
16,Baseline,1780,6779932079368.818359,100.000000,0.000000,0.000000
16,Baseline,1800,6779932079368.818359,100.000000,0.000000,0.000000
16,Baseline,1820,6779932079368.818359,100.000000,0.000000,0.000000
16,Baseline,1840,6779932079368.818359,100.000000,0.000000,0.000000
16,Baseline,1860,6779932079368.818359,100.000000,0.000000,0.000000
16,Baseline,1880,6779932079368.818359,100.000000,0.000000,0.000000
16,Baseline,1900,6779932079368.818359,100.000000,0.000000,0.000000
16,Baseline,1920,6779932079368.818359,100.000000,0.000000,0.000000
16,Baseline,1940,6779932079368.818359,100.000000,0.000000,0.000000
16,Baseline,1960,6779932079368.818359,100.000000,0.000000,0.000000
16,Baseline,1980,6779932079368.818359,100.000000,0.000000,0.000000
16,Baseline,2000,6779932079368.818359,100.000000,0.000000,0.000000
16,Proposed,20,23974896641953.753906,100.000000,69562.673536,85993.805164
16,Proposed,40,23974896641953.753906,100.000000,0.000000,0.000000
16,Proposed,60,23974896641953.753906,100.000000,0.000000,0.000000
16,Proposed,80,23974896641953.753906,100.000000,0.000000,0.000000
16,Proposed,100,23974896641953.753906,100.000000,0.000000,0.000000
16,Proposed,120,23974896641953.753906,100.000000,0.000000,0.000000
16,Proposed,140,23974896641953.753906,100.000000,0.000000,0.000000
16,Proposed,160,23974896641953.753906,100.000000,0.000000,0.000000
16,Proposed,180,23974896641953.753906,100.000000,0.000000,0.000000
16,Proposed,200,23974896641953.753906,100.000000,0.000000,0.000000
16,Proposed,220,23974896641953.753906,100.000000,0.000000,0.000000
16,Proposed,240,23974896641953.753906,100.000000,0.000000,0.000000
16,Proposed,260,23974896641953.753906,100.000000,0.000000,0.000000
16,Proposed,280,23974896641953.753906,100.000000,0.000000,0.000000
16,Proposed,300,23974896641953.753906,100.000000,0.000000,0.000000
16,Proposed,320,23974896641953.753906,100.000000,0.000000,0.000000
16,Proposed,340,23974896641953.753906,100.000000,0.000000,0.000000
16,Proposed,360,23974896641953.753906,100.000000,0.000000,0.000000
16,Proposed,380,23974896641953.753906,100.000000,0.000000,0.000000
16,Proposed,400,23974896641953.753906,100.000000,0.000000,0.000000
16,Proposed,420,23974896641953.753906,100.000000,0.000000,0.000000
16,Proposed,440,23974896641953.753906,100.000000,0.000000,0.000000
16,Proposed,460,23974896641953.753906,100.000000,0.000000,0.000000
16,Proposed,480,23974896641953.753906,100.000000,0.000000,0.000000
16,Proposed,500,23974896641953.753906,100.000000,0.000000,0.000000
16,Proposed,520,23974896641953.753906,100.000000,0.000000,0.000000
16,Proposed,540,23974896641953.753906,100.000000,0.000000,0.000000
16,Proposed,560,23974896641953.753906,100.000000,0.000000,0.000000
16,Proposed,580,23974896641953.753906,100.000000,0.000000,0.000000
16,Proposed,600,23974896641953.753906,100.000000,0.000000,0.000000
16,Proposed,620,23974896641953.753906,100.000000,0.000000,0.000000
16,Proposed,640,23974896641953.753906,100.000000,0.000000,0.000000
16,Proposed,660,23974896641953.753906,100.000000,0.000000,0.000000
16,Proposed,680,23974896641953.753906,100.000000,0.000000,0.000000
16,Proposed,700,23974896641953.753906,100.000000,0.000000,0.000000
16,Proposed,720,23974896641953.753906,100.000000,0.000000,0.000000
16,Proposed,740,23974896641953.753906,100.000000,0.000000,0.000000
16,Proposed,760,23974896641953.753906,100.000000,0.000000,0.000000
16,Proposed,780,23974896641953.753906,100.000000,0.000000,0.000000
16,Proposed,800,23974896641953.753906,100.000000,0.000000,0.000000
16,Proposed,820,23974896641953.753906,100.000000,0.000000,0.000000
16,Proposed,840,23974896641953.753906,100.000000,0.000000,0.000000
16,Proposed,860,23974896641953.753906,100.000000,0.000000,0.000000
16,Proposed,880,23974896641953.753906,100.000000,0.000000,0.000000
16,Proposed,900,23974896641953.753906,100.000000,0.000000,0.000000
16,Proposed,920,23974896641953.753906,100.000000,0.000000,0.000000
16,Proposed,940,23974896641953.753906,100.000000,0.000000,0.000000
16,Proposed,960,23974896641953.753906,100.000000,0.000000,0.000000
16,Proposed,980,23974896641953.753906,100.000000,0.000000,0.000000
16,Proposed,1000,23974896641953.753906,100.000000,0.000000,0.000000
17,Baseline,20,6779932079368.818359,100.000000,0.000000,0.000000
17,Baseline,40,6779932079368.818359,100.000000,0.000000,0.000000
17,Baseline,60,6779932079368.818359,100.000000,0.000000,0.000000
17,Baseline,80,6779932079368.818359,100.000000,0.000000,0.000000
17,Baseline,100,6779932079368.818359,100.000000,0.000000,0.000000
17,Baseline,120,6779932079368.818359,100.000000,0.000000,0.000000
17,Baseline,140,6779932079368.818359,100.000000,0.000000,0.000000
17,Baseline,160,6779932079368.818359,100.000000,0.000000,0.000000
17,Baseline,180,6779932079368.818359,100.000000,0.000000,0.000000
17,Baseline,200,6779932079368.818359,100.000000,0.000000,0.000000
17,Baseline,220,6779932079368.818359,100.000000,0.000000,0.000000
17,Baseline,240,6779932079368.818359,100.000000,0.000000,0.000000
17,Baseline,260,6779932079368.818359,100.000000,0.000000,0.000000
17,Baseline,280,6779932079368.818359,100.000000,0.000000,0.000000
17,Baseline,300,6779932079368.818359,100.000000,0.000000,0.000000
17,Baseline,320,6779932079368.818359,100.000000,0.000000,0.000000
17,Baseline,340,6779932079368.818359,100.000000,0.000000,0.000000
17,Baseline,360,6779932079368.818359,100.000000,0.000000,0.000000
17,Baseline,380,6779932079368.818359,100.000000,0.000000,0.000000
17,Baseline,400,6779932079368.818359,100.000000,0.000000,0.000000
17,Baseline,420,6779932079368.818359,100.000000,0.000000,0.000000
17,Baseline,440,6779932079368.818359,100.000000,0.000000,0.000000
17,Baseline,460,6779932079368.818359,100.000000,0.000000,0.000000
17,Baseline,480,6779932079368.818359,100.000000,0.000000,0.000000
17,Baseline,500,6779932079368.818359,100.000000,0.000000,0.000000
17,Baseline,520,6779932079368.818359,100.000000,0.000000,0.000000
17,Baseline,540,6779932079368.818359,100.000000,0.000000,0.000000
17,Baseline,560,6779932079368.818359,100.000000,0.000000,0.000000
17,Baseline,580,6779932079368.818359,100.000000,0.000000,0.000000
17,Baseline,600,6779932079368.818359,100.000000,0.000000,0.000000
17,Baseline,620,6779932079368.818359,100.000000,0.000000,0.000000
17,Baseline,640,6779932079368.818359,100.000000,0.000000,0.000000
17,Baseline,660,6779932079368.818359,100.000000,0.000000,0.000000
17,Baseline,680,6779932079368.818359,100.000000,0.000000,0.000000
17,Baseline,700,6779932079368.818359,100.000000,0.000000,0.000000
17,Baseline,720,6779932079368.818359,100.000000,0.000000,0.000000
17,Baseline,740,6779932079368.818359,100.000000,0.000000,0.000000
17,Baseline,760,6779932079368.818359,100.000000,0.000000,0.000000
17,Baseline,780,6779932079368.818359,100.000000,0.000000,0.000000
17,Baseline,800,6779932079368.818359,100.000000,0.000000,0.000000
17,Baseline,820,6779932079368.818359,100.000000,0.000000,0.000000
17,Baseline,840,6779932079368.818359,100.000000,0.000000,0.000000
17,Baseline,860,6779932079368.818359,100.000000,0.000000,0.000000
17,Baseline,880,6779932079368.818359,100.000000,0.000000,0.000000
17,Baseline,900,6779932079368.818359,100.000000,0.000000,0.000000
17,Baseline,920,6779932079368.818359,100.000000,0.000000,0.000000
17,Baseline,940,6779932079368.818359,100.000000,0.000000,0.000000
17,Baseline,960,6779932079368.818359,100.000000,0.000000,0.000000
17,Baseline,980,6779932079368.818359,100.000000,0.000000,0.000000
17,Baseline,1000,6779932079368.818359,100.000000,0.000000,0.000000
17,Baseline,1020,6779932079368.818359,100.000000,0.000000,0.000000
17,Baseline,1040,6779932079368.818359,100.000000,0.000000,0.000000
17,Baseline,1060,6779932079368.818359,100.000000,0.000000,0.000000
17,Baseline,1080,6779932079368.818359,100.000000,0.000000,0.000000
17,Baseline,1100,6779932079368.818359,100.000000,0.000000,0.000000
17,Baseline,1120,6779932079368.818359,100.000000,0.000000,0.000000
17,Baseline,1140,6779932079368.818359,100.000000,0.000000,0.000000
17,Baseline,1160,6779932079368.818359,100.000000,0.000000,0.000000
17,Baseline,1180,6779932079368.818359,100.000000,0.000000,0.000000
17,Baseline,1200,6779932079368.818359,100.000000,0.000000,0.000000
17,Baseline,1220,6779932079368.818359,100.000000,0.000000,0.000000
17,Baseline,1240,6779932079368.818359,100.000000,0.000000,0.000000
17,Baseline,1260,6779932079368.818359,100.000000,0.000000,0.000000
17,Baseline,1280,6779932079368.818359,100.000000,0.000000,0.000000
17,Baseline,1300,6779932079368.818359,100.000000,0.000000,0.000000
17,Baseline,1320,6779932079368.818359,100.000000,0.000000,0.000000
17,Baseline,1340,6779932079368.818359,100.000000,0.000000,0.000000
17,Baseline,1360,6779932079368.818359,100.000000,0.000000,0.000000
17,Baseline,1380,6779932079368.818359,100.000000,0.000000,0.000000
17,Baseline,1400,6779932079368.818359,100.000000,0.000000,0.000000
17,Baseline,1420,6779932079368.818359,100.000000,0.000000,0.000000
17,Baseline,1440,6779932079368.818359,100.000000,0.000000,0.000000
17,Baseline,1460,6779932079368.818359,100.000000,0.000000,0.000000
17,Baseline,1480,6779932079368.818359,100.000000,0.000000,0.000000
17,Baseline,1500,6779932079368.818359,100.000000,0.000000,0.000000
17,Baseline,1520,6779932079368.818359,100.000000,0.000000,0.000000
17,Baseline,1540,6779932079368.818359,100.000000,0.000000,0.000000
17,Baseline,1560,6779932079368.818359,100.000000,0.000000,0.000000
17,Baseline,1580,6779932079368.818359,100.000000,0.000000,0.000000
17,Baseline,1600,6779932079368.818359,100.000000,0.000000,0.000000
17,Baseline,1620,6779932079368.818359,100.000000,0.000000,0.000000
17,Baseline,1640,6779932079368.818359,100.000000,0.000000,0.000000
17,Baseline,1660,6779932079368.818359,100.000000,0.000000,0.000000
17,Baseline,1680,6779932079368.818359,100.000000,0.000000,0.000000
17,Baseline,1700,6779932079368.818359,100.000000,0.000000,0.000000
17,Baseline,1720,6779932079368.818359,100.000000,0.000000,0.000000
17,Baseline,1740,6779932079368.818359,100.000000,0.000000,0.000000
17,Baseline,1760,6779932079368.818359,100.000000,0.000000,0.000000
17,Baseline,1780,6779932079368.818359,100.000000,0.000000,0.000000
17,Baseline,1800,6779932079368.818359,100.000000,0.000000,0.000000
17,Baseline,1820,6779932079368.818359,100.000000,0.000000,0.000000
17,Baseline,1840,6779932079368.818359,100.000000,0.000000,0.000000
17,Baseline,1860,6779932079368.818359,100.000000,0.000000,0.000000
17,Baseline,1880,6779932079368.818359,100.000000,0.000000,0.000000
17,Baseline,1900,6779932079368.818359,100.000000,0.000000,0.000000
17,Baseline,1920,6779932079368.818359,100.000000,0.000000,0.000000
17,Baseline,1940,6779932079368.818359,100.000000,0.000000,0.000000
17,Baseline,1960,6779932079368.818359,100.000000,0.000000,0.000000
17,Baseline,1980,6779932079368.818359,100.000000,0.000000,0.000000
17,Baseline,2000,6779932079368.818359,100.000000,0.000000,0.000000
17,Proposed,20,22801999718413.816406,100.000000,81208.094342,103423.388271
17,Proposed,40,22801999718413.816406,100.000000,65916.087356,86620.294672
17,Proposed,60,22801999718413.816406,100.000000,186.593506,111597.708137
17,Proposed,80,22801999718413.816406,100.000000,0.000000,0.000000
17,Proposed,100,22801999718413.816406,100.000000,0.000000,0.000000
17,Proposed,120,22801999718413.816406,100.000000,0.000000,0.000000
17,Proposed,140,22801999718413.816406,100.000000,0.000000,0.000000
17,Proposed,160,22801999718413.816406,100.000000,0.000000,0.000000
17,Proposed,180,22801999718413.816406,100.000000,0.000000,0.000000
17,Proposed,200,22801999718413.816406,100.000000,0.000000,0.000000
17,Proposed,220,22801999718413.816406,100.000000,0.000000,0.000000
17,Proposed,240,22801999718413.816406,100.000000,0.000000,0.000000
17,Proposed,260,22801999718413.816406,100.000000,0.000000,0.000000
17,Proposed,280,22801999718413.816406,100.000000,0.000000,0.000000
17,Proposed,300,22801999718413.816406,100.000000,0.000000,0.000000
17,Proposed,320,22801999718413.816406,100.000000,0.000000,0.000000
17,Proposed,340,22801999718413.816406,100.000000,0.000000,0.000000
17,Proposed,360,22801999718413.816406,100.000000,0.000000,0.000000
17,Proposed,380,22801999718413.816406,100.000000,0.000000,0.000000
17,Proposed,400,22801999718413.816406,100.000000,0.000000,0.000000
17,Proposed,420,22801999718413.816406,100.000000,0.000000,0.000000
17,Proposed,440,22801999718413.816406,100.000000,0.000000,0.000000
17,Proposed,460,22801999718413.816406,100.000000,0.000000,0.000000
17,Proposed,480,22801999718413.816406,100.000000,0.000000,0.000000
17,Proposed,500,22801999718413.816406,100.000000,0.000000,0.000000
17,Proposed,520,22801999718413.816406,100.000000,0.000000,0.000000
17,Proposed,540,22801999718413.816406,100.000000,0.000000,0.000000
17,Proposed,560,22801999718413.816406,100.000000,0.000000,0.000000
17,Proposed,580,22801999718413.816406,100.000000,0.000000,0.000000
17,Proposed,600,22801999718413.816406,100.000000,0.000000,0.000000
17,Proposed,620,22801999718413.816406,100.000000,0.000000,0.000000
17,Proposed,640,22801999718413.816406,100.000000,0.000000,0.000000
17,Proposed,660,22801999718413.816406,100.000000,0.000000,0.000000
17,Proposed,680,22801999718413.816406,100.000000,0.000000,0.000000
17,Proposed,700,22801999718413.816406,100.000000,0.000000,0.000000
17,Proposed,720,22801999718413.816406,100.000000,0.000000,0.000000
17,Proposed,740,22801999718413.816406,100.000000,0.000000,0.000000
17,Proposed,760,22801999718413.816406,100.000000,0.000000,0.000000
17,Proposed,780,22801999718413.816406,100.000000,0.000000,0.000000
17,Proposed,800,22801999718413.816406,100.000000,0.000000,0.000000
17,Proposed,820,22801999718413.816406,100.000000,0.000000,0.000000
17,Proposed,840,22801999718413.816406,100.000000,0.000000,0.000000
17,Proposed,860,22801999718413.816406,100.000000,0.000000,0.000000
17,Proposed,880,22801999718413.816406,100.000000,0.000000,0.000000
17,Proposed,900,22801999718413.816406,100.000000,0.000000,0.000000
17,Proposed,920,22801999718413.816406,100.000000,0.000000,0.000000
17,Proposed,940,22801999718413.816406,100.000000,0.000000,0.000000
17,Proposed,960,22801999718413.816406,100.000000,0.000000,0.000000
17,Proposed,980,22801999718413.816406,100.000000,0.000000,0.000000
17,Proposed,1000,22801999718413.816406,100.000000,0.000000,0.000000
18,Baseline,20,6779932079368.818359,100.000000,0.000000,0.000000
18,Baseline,40,6779932079368.818359,100.000000,0.000000,0.000000
18,Baseline,60,6779932079368.818359,100.000000,0.000000,0.000000
18,Baseline,80,6779932079368.818359,100.000000,0.000000,0.000000
18,Baseline,100,6779932079368.818359,100.000000,0.000000,0.000000
18,Baseline,120,6779932079368.818359,100.000000,0.000000,0.000000
18,Baseline,140,6779932079368.818359,100.000000,0.000000,0.000000
18,Baseline,160,6779932079368.818359,100.000000,0.000000,0.000000
18,Baseline,180,6779932079368.818359,100.000000,0.000000,0.000000
18,Baseline,200,6779932079368.818359,100.000000,0.000000,0.000000
18,Baseline,220,6779932079368.818359,100.000000,0.000000,0.000000
18,Baseline,240,6779932079368.818359,100.000000,0.000000,0.000000
18,Baseline,260,6779932079368.818359,100.000000,0.000000,0.000000
18,Baseline,280,6779932079368.818359,100.000000,0.000000,0.000000
18,Baseline,300,6779932079368.818359,100.000000,0.000000,0.000000
18,Baseline,320,6779932079368.818359,100.000000,0.000000,0.000000
18,Baseline,340,6779932079368.818359,100.000000,0.000000,0.000000
18,Baseline,360,6779932079368.818359,100.000000,0.000000,0.000000
18,Baseline,380,6779932079368.818359,100.000000,0.000000,0.000000
18,Baseline,400,6779932079368.818359,100.000000,0.000000,0.000000
18,Baseline,420,6779932079368.818359,100.000000,0.000000,0.000000
18,Baseline,440,6779932079368.818359,100.000000,0.000000,0.000000
18,Baseline,460,6779932079368.818359,100.000000,0.000000,0.000000
18,Baseline,480,6779932079368.818359,100.000000,0.000000,0.000000
18,Baseline,500,6779932079368.818359,100.000000,0.000000,0.000000
18,Baseline,520,6779932079368.818359,100.000000,0.000000,0.000000
18,Baseline,540,6779932079368.818359,100.000000,0.000000,0.000000
18,Baseline,560,6779932079368.818359,100.000000,0.000000,0.000000
18,Baseline,580,6779932079368.818359,100.000000,0.000000,0.000000
18,Baseline,600,6779932079368.818359,100.000000,0.000000,0.000000
18,Baseline,620,6779932079368.818359,100.000000,0.000000,0.000000
18,Baseline,640,6779932079368.818359,100.000000,0.000000,0.000000
18,Baseline,660,6779932079368.818359,100.000000,0.000000,0.000000
18,Baseline,680,6779932079368.818359,100.000000,0.000000,0.000000
18,Baseline,700,6779932079368.818359,100.000000,0.000000,0.000000
18,Baseline,720,6779932079368.818359,100.000000,0.000000,0.000000
18,Baseline,740,6779932079368.818359,100.000000,0.000000,0.000000
18,Baseline,760,6779932079368.818359,100.000000,0.000000,0.000000
18,Baseline,780,6779932079368.818359,100.000000,0.000000,0.000000
18,Baseline,800,6779932079368.818359,100.000000,0.000000,0.000000
18,Baseline,820,6779932079368.818359,100.000000,0.000000,0.000000
18,Baseline,840,6779932079368.818359,100.000000,0.000000,0.000000
18,Baseline,860,6779932079368.818359,100.000000,0.000000,0.000000
18,Baseline,880,6779932079368.818359,100.000000,0.000000,0.000000
18,Baseline,900,6779932079368.818359,100.000000,0.000000,0.000000
18,Baseline,920,6779932079368.818359,100.000000,0.000000,0.000000
18,Baseline,940,6779932079368.818359,100.000000,0.000000,0.000000
18,Baseline,960,6779932079368.818359,100.000000,0.000000,0.000000
18,Baseline,980,6779932079368.818359,100.000000,0.000000,0.000000
18,Baseline,1000,6779932079368.818359,100.000000,0.000000,0.000000
18,Baseline,1020,6779932079368.818359,100.000000,0.000000,0.000000
18,Baseline,1040,6779932079368.818359,100.000000,0.000000,0.000000
18,Baseline,1060,6779932079368.818359,100.000000,0.000000,0.000000
18,Baseline,1080,6779932079368.818359,100.000000,0.000000,0.000000
18,Baseline,1100,6779932079368.818359,100.000000,0.000000,0.000000
18,Baseline,1120,6779932079368.818359,100.000000,0.000000,0.000000
18,Baseline,1140,6779932079368.818359,100.000000,0.000000,0.000000
18,Baseline,1160,6779932079368.818359,100.000000,0.000000,0.000000
18,Baseline,1180,6779932079368.818359,100.000000,0.000000,0.000000
18,Baseline,1200,6779932079368.818359,100.000000,0.000000,0.000000
18,Baseline,1220,6779932079368.818359,100.000000,0.000000,0.000000
18,Baseline,1240,6779932079368.818359,100.000000,0.000000,0.000000
18,Baseline,1260,6779932079368.818359,100.000000,0.000000,0.000000
18,Baseline,1280,6779932079368.818359,100.000000,0.000000,0.000000
18,Baseline,1300,6779932079368.818359,100.000000,0.000000,0.000000
18,Baseline,1320,6779932079368.818359,100.000000,0.000000,0.000000
18,Baseline,1340,6779932079368.818359,100.000000,0.000000,0.000000
18,Baseline,1360,6779932079368.818359,100.000000,0.000000,0.000000
18,Baseline,1380,6779932079368.818359,100.000000,0.000000,0.000000
18,Baseline,1400,6779932079368.818359,100.000000,0.000000,0.000000
18,Baseline,1420,6779932079368.818359,100.000000,0.000000,0.000000
18,Baseline,1440,6779932079368.818359,100.000000,0.000000,0.000000
18,Baseline,1460,6779932079368.818359,100.000000,0.000000,0.000000
18,Baseline,1480,6779932079368.818359,100.000000,0.000000,0.000000
18,Baseline,1500,6779932079368.818359,100.000000,0.000000,0.000000
18,Baseline,1520,6779932079368.818359,100.000000,0.000000,0.000000
18,Baseline,1540,6779932079368.818359,100.000000,0.000000,0.000000
18,Baseline,1560,6779932079368.818359,100.000000,0.000000,0.000000
18,Baseline,1580,6779932079368.818359,100.000000,0.000000,0.000000
18,Baseline,1600,6779932079368.818359,100.000000,0.000000,0.000000
18,Baseline,1620,6779932079368.818359,100.000000,0.000000,0.000000
18,Baseline,1640,6779932079368.818359,100.000000,0.000000,0.000000
18,Baseline,1660,6779932079368.818359,100.000000,0.000000,0.000000
18,Baseline,1680,6779932079368.818359,100.000000,0.000000,0.000000
18,Baseline,1700,6779932079368.818359,100.000000,0.000000,0.000000
18,Baseline,1720,6779932079368.818359,100.000000,0.000000,0.000000
18,Baseline,1740,6779932079368.818359,100.000000,0.000000,0.000000
18,Baseline,1760,6779932079368.818359,100.000000,0.000000,0.000000
18,Baseline,1780,6779932079368.818359,100.000000,0.000000,0.000000
18,Baseline,1800,6779932079368.818359,100.000000,0.000000,0.000000
18,Baseline,1820,6779932079368.818359,100.000000,0.000000,0.000000
18,Baseline,1840,6779932079368.818359,100.000000,0.000000,0.000000
18,Baseline,1860,6779932079368.818359,100.000000,0.000000,0.000000
18,Baseline,1880,6779932079368.818359,100.000000,0.000000,0.000000
18,Baseline,1900,6779932079368.818359,100.000000,0.000000,0.000000
18,Baseline,1920,6779932079368.818359,100.000000,0.000000,0.000000
18,Baseline,1940,6779932079368.818359,100.000000,0.000000,0.000000
18,Baseline,1960,6779932079368.818359,100.000000,0.000000,0.000000
18,Baseline,1980,6779932079368.818359,100.000000,0.000000,0.000000
18,Baseline,2000,6779932079368.818359,100.000000,0.000000,0.000000
18,Proposed,20,23664110681381.375000,100.000000,89660.532202,96629.897392
18,Proposed,40,23664110681381.375000,100.000000,5065.133657,11260.059343
18,Proposed,60,23664110681381.375000,100.000000,5065.133657,11260.059343
18,Proposed,80,23664110681381.375000,100.000000,5065.133657,11260.059343
18,Proposed,100,23664110681381.375000,100.000000,5065.133657,11260.059343
18,Proposed,120,23664110681381.375000,100.000000,5065.133657,11260.059343
18,Proposed,140,23664110681381.375000,100.000000,5065.133657,11260.059343
18,Proposed,160,23664110681381.375000,100.000000,5065.133657,11260.059343
18,Proposed,180,23664110681381.375000,100.000000,5065.133657,11260.059343
18,Proposed,200,23664110681381.375000,100.000000,5065.133657,11260.059343
18,Proposed,220,23664110681381.375000,100.000000,5065.133657,11260.059343
18,Proposed,240,23664110681381.375000,100.000000,5065.133657,11260.059343
18,Proposed,260,23664110681381.375000,100.000000,5065.133657,11260.059343
18,Proposed,280,23664110681381.375000,100.000000,5065.133657,11260.059343
18,Proposed,300,23664110681381.375000,100.000000,5065.133657,11260.059343
18,Proposed,320,23664110681381.375000,100.000000,5065.133657,11260.059343
18,Proposed,340,23664110681381.375000,100.000000,5065.133657,11260.059343
18,Proposed,360,23664110681381.375000,100.000000,5065.133657,11260.059343
18,Proposed,380,23664110681381.375000,100.000000,5065.133657,11260.059343
18,Proposed,400,23664110681381.375000,100.000000,5065.133657,11260.059343
18,Proposed,420,23664110681381.375000,100.000000,5065.133657,11260.059343
18,Proposed,440,23664110681381.375000,100.000000,5065.133657,11260.059343
18,Proposed,460,23664110681381.375000,100.000000,5065.133657,11260.059343
18,Proposed,480,23664110681381.375000,100.000000,5065.133657,11260.059343
18,Proposed,500,23664110681381.375000,100.000000,5065.133657,11260.059343
18,Proposed,520,23664110681381.375000,100.000000,5065.133657,11260.059343
18,Proposed,540,23664110681381.375000,100.000000,5065.133657,11260.059343
18,Proposed,560,23664110681381.375000,100.000000,5065.133657,11260.059343
18,Proposed,580,23664110681381.375000,100.000000,5065.133657,11260.059343
18,Proposed,600,23664110681381.375000,100.000000,5065.133657,11260.059343
18,Proposed,620,23664110681381.375000,100.000000,5065.133657,11260.059343
18,Proposed,640,23664110681381.375000,100.000000,5065.133657,11260.059343
18,Proposed,660,23664110681381.375000,100.000000,5065.133657,11260.059343
18,Proposed,680,23664110681381.375000,100.000000,5065.133657,11260.059343
18,Proposed,700,23664110681381.375000,100.000000,5065.133657,11260.059343
18,Proposed,720,23664110681381.375000,100.000000,5065.133657,11260.059343
18,Proposed,740,23664110681381.375000,100.000000,5065.133657,11260.059343
18,Proposed,760,23664110681381.375000,100.000000,5065.133657,11260.059343
18,Proposed,780,23664110681381.375000,100.000000,5065.133657,11260.059343
18,Proposed,800,23664110681381.375000,100.000000,5065.133657,11260.059343
18,Proposed,820,23664110681381.375000,100.000000,5065.133657,11260.059343
18,Proposed,840,23664110681381.375000,100.000000,5065.133657,11260.059343
18,Proposed,860,23664110681381.375000,100.000000,5065.133657,11260.059343
18,Proposed,880,23664110681381.375000,100.000000,5065.133657,11260.059343
18,Proposed,900,23664110681381.375000,100.000000,5065.133657,11260.059343
18,Proposed,920,23664110681381.375000,100.000000,5065.133657,11260.059343
18,Proposed,940,23664110681381.375000,100.000000,5065.133657,11260.059343
18,Proposed,960,23664110681381.375000,100.000000,5065.133657,11260.059343
18,Proposed,980,23664110681381.375000,100.000000,5065.133657,11260.059343
18,Proposed,1000,23664110681381.375000,100.000000,5065.133657,11260.059343
19,Baseline,20,6779932079368.818359,100.000000,0.000000,0.000000
19,Baseline,40,6779932079368.818359,100.000000,0.000000,0.000000
19,Baseline,60,6779932079368.818359,100.000000,0.000000,0.000000
19,Baseline,80,6779932079368.818359,100.000000,0.000000,0.000000
19,Baseline,100,6779932079368.818359,100.000000,0.000000,0.000000
19,Baseline,120,6779932079368.818359,100.000000,0.000000,0.000000
19,Baseline,140,6779932079368.818359,100.000000,0.000000,0.000000
19,Baseline,160,6779932079368.818359,100.000000,0.000000,0.000000
19,Baseline,180,6779932079368.818359,100.000000,0.000000,0.000000
19,Baseline,200,6779932079368.818359,100.000000,0.000000,0.000000
19,Baseline,220,6779932079368.818359,100.000000,0.000000,0.000000
19,Baseline,240,6779932079368.818359,100.000000,0.000000,0.000000
19,Baseline,260,6779932079368.818359,100.000000,0.000000,0.000000
19,Baseline,280,6779932079368.818359,100.000000,0.000000,0.000000
19,Baseline,300,6779932079368.818359,100.000000,0.000000,0.000000
19,Baseline,320,6779932079368.818359,100.000000,0.000000,0.000000
19,Baseline,340,6779932079368.818359,100.000000,0.000000,0.000000
19,Baseline,360,6779932079368.818359,100.000000,0.000000,0.000000
19,Baseline,380,6779932079368.818359,100.000000,0.000000,0.000000
19,Baseline,400,6779932079368.818359,100.000000,0.000000,0.000000
19,Baseline,420,6779932079368.818359,100.000000,0.000000,0.000000
19,Baseline,440,6779932079368.818359,100.000000,0.000000,0.000000
19,Baseline,460,6779932079368.818359,100.000000,0.000000,0.000000
19,Baseline,480,6779932079368.818359,100.000000,0.000000,0.000000
19,Baseline,500,6779932079368.818359,100.000000,0.000000,0.000000
19,Baseline,520,6779932079368.818359,100.000000,0.000000,0.000000
19,Baseline,540,6779932079368.818359,100.000000,0.000000,0.000000
19,Baseline,560,6779932079368.818359,100.000000,0.000000,0.000000
19,Baseline,580,6779932079368.818359,100.000000,0.000000,0.000000
19,Baseline,600,6779932079368.818359,100.000000,0.000000,0.000000
19,Baseline,620,6779932079368.818359,100.000000,0.000000,0.000000
19,Baseline,640,6779932079368.818359,100.000000,0.000000,0.000000
19,Baseline,660,6779932079368.818359,100.000000,0.000000,0.000000
19,Baseline,680,6779932079368.818359,100.000000,0.000000,0.000000
19,Baseline,700,6779932079368.818359,100.000000,0.000000,0.000000
19,Baseline,720,6779932079368.818359,100.000000,0.000000,0.000000
19,Baseline,740,6779932079368.818359,100.000000,0.000000,0.000000
19,Baseline,760,6779932079368.818359,100.000000,0.000000,0.000000
19,Baseline,780,6779932079368.818359,100.000000,0.000000,0.000000
19,Baseline,800,6779932079368.818359,100.000000,0.000000,0.000000
19,Baseline,820,6779932079368.818359,100.000000,0.000000,0.000000
19,Baseline,840,6779932079368.818359,100.000000,0.000000,0.000000
19,Baseline,860,6779932079368.818359,100.000000,0.000000,0.000000
19,Baseline,880,6779932079368.818359,100.000000,0.000000,0.000000
19,Baseline,900,6779932079368.818359,100.000000,0.000000,0.000000
19,Baseline,920,6779932079368.818359,100.000000,0.000000,0.000000
19,Baseline,940,6779932079368.818359,100.000000,0.000000,0.000000
19,Baseline,960,6779932079368.818359,100.000000,0.000000,0.000000
19,Baseline,980,6779932079368.818359,100.000000,0.000000,0.000000
19,Baseline,1000,6779932079368.818359,100.000000,0.000000,0.000000
19,Baseline,1020,6779932079368.818359,100.000000,0.000000,0.000000
19,Baseline,1040,6779932079368.818359,100.000000,0.000000,0.000000
19,Baseline,1060,6779932079368.818359,100.000000,0.000000,0.000000
19,Baseline,1080,6779932079368.818359,100.000000,0.000000,0.000000
19,Baseline,1100,6779932079368.818359,100.000000,0.000000,0.000000
19,Baseline,1120,6779932079368.818359,100.000000,0.000000,0.000000
19,Baseline,1140,6779932079368.818359,100.000000,0.000000,0.000000
19,Baseline,1160,6779932079368.818359,100.000000,0.000000,0.000000
19,Baseline,1180,6779932079368.818359,100.000000,0.000000,0.000000
19,Baseline,1200,6779932079368.818359,100.000000,0.000000,0.000000
19,Baseline,1220,6779932079368.818359,100.000000,0.000000,0.000000
19,Baseline,1240,6779932079368.818359,100.000000,0.000000,0.000000
19,Baseline,1260,6779932079368.818359,100.000000,0.000000,0.000000
19,Baseline,1280,6779932079368.818359,100.000000,0.000000,0.000000
19,Baseline,1300,6779932079368.818359,100.000000,0.000000,0.000000
19,Baseline,1320,6779932079368.818359,100.000000,0.000000,0.000000
19,Baseline,1340,6779932079368.818359,100.000000,0.000000,0.000000
19,Baseline,1360,6779932079368.818359,100.000000,0.000000,0.000000
19,Baseline,1380,6779932079368.818359,100.000000,0.000000,0.000000
19,Baseline,1400,6779932079368.818359,100.000000,0.000000,0.000000
19,Baseline,1420,6779932079368.818359,100.000000,0.000000,0.000000
19,Baseline,1440,6779932079368.818359,100.000000,0.000000,0.000000
19,Baseline,1460,6779932079368.818359,100.000000,0.000000,0.000000
19,Baseline,1480,6779932079368.818359,100.000000,0.000000,0.000000
19,Baseline,1500,6779932079368.818359,100.000000,0.000000,0.000000
19,Baseline,1520,6779932079368.818359,100.000000,0.000000,0.000000
19,Baseline,1540,6779932079368.818359,100.000000,0.000000,0.000000
19,Baseline,1560,6779932079368.818359,100.000000,0.000000,0.000000
19,Baseline,1580,6779932079368.818359,100.000000,0.000000,0.000000
19,Baseline,1600,6779932079368.818359,100.000000,0.000000,0.000000
19,Baseline,1620,6779932079368.818359,100.000000,0.000000,0.000000
19,Baseline,1640,6779932079368.818359,100.000000,0.000000,0.000000
19,Baseline,1660,6779932079368.818359,100.000000,0.000000,0.000000
19,Baseline,1680,6779932079368.818359,100.000000,0.000000,0.000000
19,Baseline,1700,6779932079368.818359,100.000000,0.000000,0.000000
19,Baseline,1720,6779932079368.818359,100.000000,0.000000,0.000000
19,Baseline,1740,6779932079368.818359,100.000000,0.000000,0.000000
19,Baseline,1760,6779932079368.818359,100.000000,0.000000,0.000000
19,Baseline,1780,6779932079368.818359,100.000000,0.000000,0.000000
19,Baseline,1800,6779932079368.818359,100.000000,0.000000,0.000000
19,Baseline,1820,6779932079368.818359,100.000000,0.000000,0.000000
19,Baseline,1840,6779932079368.818359,100.000000,0.000000,0.000000
19,Baseline,1860,6779932079368.818359,100.000000,0.000000,0.000000
19,Baseline,1880,6779932079368.818359,100.000000,0.000000,0.000000
19,Baseline,1900,6779932079368.818359,100.000000,0.000000,0.000000
19,Baseline,1920,6779932079368.818359,100.000000,0.000000,0.000000
19,Baseline,1940,6779932079368.818359,100.000000,0.000000,0.000000
19,Baseline,1960,6779932079368.818359,100.000000,0.000000,0.000000
19,Baseline,1980,6779932079368.818359,100.000000,0.000000,0.000000
19,Baseline,2000,6779932079368.818359,100.000000,0.000000,0.000000
19,Proposed,20,23231639600394.683594,100.000000,122934.784324,104643.947014
19,Proposed,40,23231639600394.683594,100.000000,39619.658308,148135.302609
19,Proposed,60,23231639600394.683594,100.000000,8646.748466,40421.314883
19,Proposed,80,23231639600394.683594,100.000000,8646.748466,40421.314883
19,Proposed,100,23231639600394.683594,100.000000,8646.748466,40421.314883
19,Proposed,120,23231639600394.683594,100.000000,8646.748466,40421.314883
19,Proposed,140,23231639600394.683594,100.000000,8646.748466,40421.314883
19,Proposed,160,23231639600394.683594,100.000000,8646.748466,40421.314883
19,Proposed,180,23231639600394.683594,100.000000,8646.748466,40421.314883
19,Proposed,200,23231639600394.683594,100.000000,8646.748466,40421.314883
19,Proposed,220,23231639600394.683594,100.000000,8646.748466,40421.314883
19,Proposed,240,23231639600394.683594,100.000000,8646.748466,40421.314883
19,Proposed,260,23231639600394.683594,100.000000,8646.748466,40421.314883
19,Proposed,280,23231639600394.683594,100.000000,8646.748466,40421.314883
19,Proposed,300,23231639600394.683594,100.000000,8646.748466,40421.314883
19,Proposed,320,23231639600394.683594,100.000000,8646.748466,40421.314883
19,Proposed,340,23231639600394.683594,100.000000,8646.748466,40421.314883
19,Proposed,360,23231639600394.683594,100.000000,8646.748466,40421.314883
19,Proposed,380,23231639600394.683594,100.000000,8646.748466,40421.314883
19,Proposed,400,23231639600394.683594,100.000000,8646.748466,40421.314883
19,Proposed,420,23231639600394.683594,100.000000,8646.748466,40421.314883
19,Proposed,440,23231639600394.683594,100.000000,8646.748466,40421.314883
19,Proposed,460,23231639600394.683594,100.000000,8646.748466,40421.314883
19,Proposed,480,23231639600394.683594,100.000000,8646.748466,40421.314883
19,Proposed,500,23231639600394.683594,100.000000,8646.748466,40421.314883
19,Proposed,520,23231639600394.683594,100.000000,8646.748466,40421.314883
19,Proposed,540,23231639600394.683594,100.000000,8646.748466,40421.314883
19,Proposed,560,23231639600394.683594,100.000000,8646.748466,40421.314883
19,Proposed,580,23231639600394.683594,100.000000,8646.748466,40421.314883
19,Proposed,600,23231639600394.683594,100.000000,8646.748466,40421.314883
19,Proposed,620,23231639600394.683594,100.000000,8646.748466,40421.314883
19,Proposed,640,23231639600394.683594,100.000000,8646.748466,40421.314883
19,Proposed,660,23231639600394.683594,100.000000,8646.748466,40421.314883
19,Proposed,680,23231639600394.683594,100.000000,8646.748466,40421.314883
19,Proposed,700,23231639600394.683594,100.000000,8646.748466,40421.314883
19,Proposed,720,23231639600394.683594,100.000000,8646.748466,40421.314883
19,Proposed,740,23231639600394.683594,100.000000,8646.748466,40421.314883
19,Proposed,760,23231639600394.683594,100.000000,8646.748466,40421.314883
19,Proposed,780,23231639600394.683594,100.000000,8646.748466,40421.314883
19,Proposed,800,23231639600394.683594,100.000000,8646.748466,40421.314883
19,Proposed,820,23231639600394.683594,100.000000,8646.748466,40421.314883
19,Proposed,840,23231639600394.683594,100.000000,8646.748466,40421.314883
19,Proposed,860,23231639600394.683594,100.000000,8646.748466,40421.314883
19,Proposed,880,23231639600394.683594,100.000000,8646.748466,40421.314883
19,Proposed,900,23231639600394.683594,100.000000,8646.748466,40421.314883
19,Proposed,920,23231639600394.683594,100.000000,8646.748466,40421.314883
19,Proposed,940,23231639600394.683594,100.000000,8646.748466,40421.314883
19,Proposed,960,23231639600394.683594,100.000000,8646.748466,40421.314883
19,Proposed,980,23231639600394.683594,100.000000,8646.748466,40421.314883
19,Proposed,1000,23231639600394.683594,100.000000,8646.748466,40421.314883
20,Baseline,20,6779932079368.818359,100.000000,0.000000,0.000000
20,Baseline,40,6779932079368.818359,100.000000,0.000000,0.000000
20,Baseline,60,6779932079368.818359,100.000000,0.000000,0.000000
20,Baseline,80,6779932079368.818359,100.000000,0.000000,0.000000
20,Baseline,100,6779932079368.818359,100.000000,0.000000,0.000000
20,Baseline,120,6779932079368.818359,100.000000,0.000000,0.000000
20,Baseline,140,6779932079368.818359,100.000000,0.000000,0.000000
20,Baseline,160,6779932079368.818359,100.000000,0.000000,0.000000
20,Baseline,180,6779932079368.818359,100.000000,0.000000,0.000000
20,Baseline,200,6779932079368.818359,100.000000,0.000000,0.000000
20,Baseline,220,6779932079368.818359,100.000000,0.000000,0.000000
20,Baseline,240,6779932079368.818359,100.000000,0.000000,0.000000
20,Baseline,260,6779932079368.818359,100.000000,0.000000,0.000000
20,Baseline,280,6779932079368.818359,100.000000,0.000000,0.000000
20,Baseline,300,6779932079368.818359,100.000000,0.000000,0.000000
20,Baseline,320,6779932079368.818359,100.000000,0.000000,0.000000
20,Baseline,340,6779932079368.818359,100.000000,0.000000,0.000000
20,Baseline,360,6779932079368.818359,100.000000,0.000000,0.000000
20,Baseline,380,6779932079368.818359,100.000000,0.000000,0.000000
20,Baseline,400,6779932079368.818359,100.000000,0.000000,0.000000
20,Baseline,420,6779932079368.818359,100.000000,0.000000,0.000000
20,Baseline,440,6779932079368.818359,100.000000,0.000000,0.000000
20,Baseline,460,6779932079368.818359,100.000000,0.000000,0.000000
20,Baseline,480,6779932079368.818359,100.000000,0.000000,0.000000
20,Baseline,500,6779932079368.818359,100.000000,0.000000,0.000000
20,Baseline,520,6779932079368.818359,100.000000,0.000000,0.000000
20,Baseline,540,6779932079368.818359,100.000000,0.000000,0.000000
20,Baseline,560,6779932079368.818359,100.000000,0.000000,0.000000
20,Baseline,580,6779932079368.818359,100.000000,0.000000,0.000000
20,Baseline,600,6779932079368.818359,100.000000,0.000000,0.000000
20,Baseline,620,6779932079368.818359,100.000000,0.000000,0.000000
20,Baseline,640,6779932079368.818359,100.000000,0.000000,0.000000
20,Baseline,660,6779932079368.818359,100.000000,0.000000,0.000000
20,Baseline,680,6779932079368.818359,100.000000,0.000000,0.000000
20,Baseline,700,6779932079368.818359,100.000000,0.000000,0.000000
20,Baseline,720,6779932079368.818359,100.000000,0.000000,0.000000
20,Baseline,740,6779932079368.818359,100.000000,0.000000,0.000000
20,Baseline,760,6779932079368.818359,100.000000,0.000000,0.000000
20,Baseline,780,6779932079368.818359,100.000000,0.000000,0.000000
20,Baseline,800,6779932079368.818359,100.000000,0.000000,0.000000
20,Baseline,820,6779932079368.818359,100.000000,0.000000,0.000000
20,Baseline,840,6779932079368.818359,100.000000,0.000000,0.000000
20,Baseline,860,6779932079368.818359,100.000000,0.000000,0.000000
20,Baseline,880,6779932079368.818359,100.000000,0.000000,0.000000
20,Baseline,900,6779932079368.818359,100.000000,0.000000,0.000000
20,Baseline,920,6779932079368.818359,100.000000,0.000000,0.000000
20,Baseline,940,6779932079368.818359,100.000000,0.000000,0.000000
20,Baseline,960,6779932079368.818359,100.000000,0.000000,0.000000
20,Baseline,980,6779932079368.818359,100.000000,0.000000,0.000000
20,Baseline,1000,6779932079368.818359,100.000000,0.000000,0.000000
20,Baseline,1020,6779932079368.818359,100.000000,0.000000,0.000000
20,Baseline,1040,6779932079368.818359,100.000000,0.000000,0.000000
20,Baseline,1060,6779932079368.818359,100.000000,0.000000,0.000000
20,Baseline,1080,6779932079368.818359,100.000000,0.000000,0.000000
20,Baseline,1100,6779932079368.818359,100.000000,0.000000,0.000000
20,Baseline,1120,6779932079368.818359,100.000000,0.000000,0.000000
20,Baseline,1140,6779932079368.818359,100.000000,0.000000,0.000000
20,Baseline,1160,6779932079368.818359,100.000000,0.000000,0.000000
20,Baseline,1180,6779932079368.818359,100.000000,0.000000,0.000000
20,Baseline,1200,6779932079368.818359,100.000000,0.000000,0.000000
20,Baseline,1220,6779932079368.818359,100.000000,0.000000,0.000000
20,Baseline,1240,6779932079368.818359,100.000000,0.000000,0.000000
20,Baseline,1260,6779932079368.818359,100.000000,0.000000,0.000000
20,Baseline,1280,6779932079368.818359,100.000000,0.000000,0.000000
20,Baseline,1300,6779932079368.818359,100.000000,0.000000,0.000000
20,Baseline,1320,6779932079368.818359,100.000000,0.000000,0.000000
20,Baseline,1340,6779932079368.818359,100.000000,0.000000,0.000000
20,Baseline,1360,6779932079368.818359,100.000000,0.000000,0.000000
20,Baseline,1380,6779932079368.818359,100.000000,0.000000,0.000000
20,Baseline,1400,6779932079368.818359,100.000000,0.000000,0.000000
20,Baseline,1420,6779932079368.818359,100.000000,0.000000,0.000000
20,Baseline,1440,6779932079368.818359,100.000000,0.000000,0.000000
20,Baseline,1460,6779932079368.818359,100.000000,0.000000,0.000000
20,Baseline,1480,6779932079368.818359,100.000000,0.000000,0.000000
20,Baseline,1500,6779932079368.818359,100.000000,0.000000,0.000000
20,Baseline,1520,6779932079368.818359,100.000000,0.000000,0.000000
20,Baseline,1540,6779932079368.818359,100.000000,0.000000,0.000000
20,Baseline,1560,6779932079368.818359,100.000000,0.000000,0.000000
20,Baseline,1580,6779932079368.818359,100.000000,0.000000,0.000000
20,Baseline,1600,6779932079368.818359,100.000000,0.000000,0.000000
20,Baseline,1620,6779932079368.818359,100.000000,0.000000,0.000000
20,Baseline,1640,6779932079368.818359,100.000000,0.000000,0.000000
20,Baseline,1660,6779932079368.818359,100.000000,0.000000,0.000000
20,Baseline,1680,6779932079368.818359,100.000000,0.000000,0.000000
20,Baseline,1700,6779932079368.818359,100.000000,0.000000,0.000000
20,Baseline,1720,6779932079368.818359,100.000000,0.000000,0.000000
20,Baseline,1740,6779932079368.818359,100.000000,0.000000,0.000000
20,Baseline,1760,6779932079368.818359,100.000000,0.000000,0.000000
20,Baseline,1780,6779932079368.818359,100.000000,0.000000,0.000000
20,Baseline,1800,6779932079368.818359,100.000000,0.000000,0.000000
20,Baseline,1820,6779932079368.818359,100.000000,0.000000,0.000000
20,Baseline,1840,6779932079368.818359,100.000000,0.000000,0.000000
20,Baseline,1860,6779932079368.818359,100.000000,0.000000,0.000000
20,Baseline,1880,6779932079368.818359,100.000000,0.000000,0.000000
20,Baseline,1900,6779932079368.818359,100.000000,0.000000,0.000000
20,Baseline,1920,6779932079368.818359,100.000000,0.000000,0.000000
20,Baseline,1940,6779932079368.818359,100.000000,0.000000,0.000000
20,Baseline,1960,6779932079368.818359,100.000000,0.000000,0.000000
20,Baseline,1980,6779932079368.818359,100.000000,0.000000,0.000000
20,Baseline,2000,6779932079368.818359,100.000000,0.000000,0.000000
20,Proposed,20,22749344394208.144531,100.000000,69797.669582,108935.433145
20,Proposed,40,22749344394208.144531,100.000000,3499.080537,9545.424603
20,Proposed,60,22749344394208.144531,100.000000,3499.080537,9545.424603
20,Proposed,80,22749344394208.144531,100.000000,3499.080537,9545.424603
20,Proposed,100,22749344394208.144531,100.000000,3499.080537,9545.424603
20,Proposed,120,22749344394208.144531,100.000000,3499.080537,9545.424603
20,Proposed,140,22749344394208.144531,100.000000,3499.080537,9545.424603
20,Proposed,160,22749344394208.144531,100.000000,3499.080537,9545.424603
20,Proposed,180,22749344394208.144531,100.000000,3499.080537,9545.424603
20,Proposed,200,22749344394208.144531,100.000000,3499.080537,9545.424603
20,Proposed,220,22749344394208.144531,100.000000,3499.080537,9545.424603
20,Proposed,240,22749344394208.144531,100.000000,3499.080537,9545.424603
20,Proposed,260,22749344394208.144531,100.000000,3499.080537,9545.424603
20,Proposed,280,22749344394208.144531,100.000000,3499.080537,9545.424603
20,Proposed,300,22749344394208.144531,100.000000,3499.080537,9545.424603
20,Proposed,320,22749344394208.144531,100.000000,3499.080537,9545.424603
20,Proposed,340,22749344394208.144531,100.000000,3499.080537,9545.424603
20,Proposed,360,22749344394208.144531,100.000000,3499.080537,9545.424603
20,Proposed,380,22749344394208.144531,100.000000,3499.080537,9545.424603
20,Proposed,400,22749344394208.144531,100.000000,3499.080537,9545.424603
20,Proposed,420,22749344394208.144531,100.000000,3499.080537,9545.424603
20,Proposed,440,22749344394208.144531,100.000000,3499.080537,9545.424603
20,Proposed,460,22749344394208.144531,100.000000,3499.080537,9545.424603
20,Proposed,480,22749344394208.144531,100.000000,3499.080537,9545.424603
20,Proposed,500,22749344394208.144531,100.000000,3499.080537,9545.424603
20,Proposed,520,22749344394208.144531,100.000000,3499.080537,9545.424603
20,Proposed,540,22749344394208.144531,100.000000,3499.080537,9545.424603
20,Proposed,560,22749344394208.144531,100.000000,3499.080537,9545.424603
20,Proposed,580,22749344394208.144531,100.000000,3499.080537,9545.424603
20,Proposed,600,22749344394208.144531,100.000000,3499.080537,9545.424603
20,Proposed,620,22749344394208.144531,100.000000,3499.080537,9545.424603
20,Proposed,640,22749344394208.144531,100.000000,3499.080537,9545.424603
20,Proposed,660,22749344394208.144531,100.000000,3499.080537,9545.424603
20,Proposed,680,22749344394208.144531,100.000000,3499.080537,9545.424603
20,Proposed,700,22749344394208.144531,100.000000,3499.080537,9545.424603
20,Proposed,720,22749344394208.144531,100.000000,3499.080537,9545.424603
20,Proposed,740,22749344394208.144531,100.000000,3499.080537,9545.424603
20,Proposed,760,22749344394208.144531,100.000000,3499.080537,9545.424603
20,Proposed,780,22749344394208.144531,100.000000,3499.080537,9545.424603
20,Proposed,800,22749344394208.144531,100.000000,3499.080537,9545.424603
20,Proposed,820,22749344394208.144531,100.000000,3499.080537,9545.424603
20,Proposed,840,22749344394208.144531,100.000000,3499.080537,9545.424603
20,Proposed,860,22749344394208.144531,100.000000,3499.080537,9545.424603
20,Proposed,880,22749344394208.144531,100.000000,3499.080537,9545.424603
20,Proposed,900,22749344394208.144531,100.000000,3499.080537,9545.424603
20,Proposed,920,22749344394208.144531,100.000000,3499.080537,9545.424603
20,Proposed,940,22749344394208.144531,100.000000,3499.080537,9545.424603
20,Proposed,960,22749344394208.144531,100.000000,3499.080537,9545.424603
20,Proposed,980,22749344394208.144531,100.000000,3499.080537,9545.424603
20,Proposed,1000,22749344394208.144531,100.000000,3499.080537,9545.424603
