Run_ID,Seed,Method,Turbine_Count,Net_AEP_GWh,Total_Cost_USD,Turbine_Coords_X,Turbine_Coords_Y,Substation_X,Substation_Y,N_Grupos
1,1769823322,Baseline,64,1287.607690854407,1510232.603843975579,"0.000000000000,750.000000000000,231.762700000000,-606.762700000000,-606.762700000000,231.762700000000,1500.000000000000,1299.038100000000,750.000000000000,0.000000000000,-750.000000000000,-1299.038100000000,-1500.000000000000,-1299.038100000000,-750.000000000000,0.000000000000,750.000000000000,1299.038100000000,2250.000000000000,2114.308400000000,1723.600000000000,1125.000000000000,390.708400000000,-390.708400000000,-1125.000000000000,-1723.600000000000,-2114.308400000000,-2250.000000000000,-2114.308400000000,-1723.600000000000,-1125.000000000000,-390.708400000000,390.708400000000,1125.000000000000,1723.600000000000,2114.308400000000,3000.000000000000,2924.783700000000,2702.906600000000,2345.494400000000,1870.469400000000,1301.651200000000,667.562800000000,0.000000000000,-667.562800000000,-1301.651200000000,-1870.469400000000,-2345.494400000000,-2702.906600000000,-2924.783700000000,-3000.000000000000,-2924.783700000000,-2702.906600000000,-2345.494400000000,-1870.469400000000,-1301.651200000000,-667.562800000000,0.000000000000,667.562800000000,1301.651200000000,1870.469400000000,2345.494400000000,2702.906600000000,2924.783700000000","0.000000000000,0.000000000000,713.292400000000,440.838900000000,-440.838900000000,-713.292400000000,0.000000000000,750.000000000000,1299.038100000000,1500.000000000000,1299.038100000000,750.000000000000,0.000000000000,-750.000000000000,-1299.038100000000,-1500.000000000000,-1299.038100000000,-750.000000000000,0.000000000000,769.545300000000,1446.272100000000,1948.557200000000,2215.817400000000,2215.817400000000,1948.557200000000,1446.272100000000,769.545300000000,0.000000000000,-769.545300000000,-1446.272100000000,-1948.557200000000,-2215.817400000000,-2215.817400000000,-1948.557200000000,-1446.272100000000,-769.545300000000,0.000000000000,667.562800000000,1301.651200000000,1870.469400000000,2345.494400000000,2702.906600000000,2924.783700000000,3000.000000000000,2924.783700000000,2702.906600000000,2345.494400000000,1870.469400000000,1301.651200000000,667.562800000000,0.000000000000,-667.562800000000,-1301.651200000000,-1870.469400000000,-2345.494400000000,-2702.906600000000,-2924.783700000000,-3000.000000000000,-2924.783700000000,-2702.906600000000,-2345.494400000000,-1870.469400000000,-1301.651200000000,-667.562800000000",-31.234752377721,-39.043440472152,49
1,1769823322,Sequential,64,1476.340467250215,3882408.554395434912,"-252.257719113976,381.117291714432,3402.614109051072,-1148.393924110753,1623.976632549497,1222.476152781483,2298.137616441241,1165.520498116553,1660.520532020465,-713.344204813348,-1078.985762273107,-1826.405934809161,446.792700475572,-1063.565120439798,-4092.954306449287,2012.118703516998,-1058.602573151514,-176.163528048196,2437.472433547060,1512.268437589482,-36.532675105737,874.926330391192,845.158659301715,-2810.007821630573,-1250.258281687515,-3278.221912093753,-4471.592436834181,-2295.258909237899,-2026.584160394500,-70.924570440057,2770.803955331736,125.838517952728,-1789.106650755000,-1115.579600333126,1982.510591058457,3956.683040490815,3692.393762354426,4592.020179674161,3000.864255200549,-248.473127969906,2414.253615448386,953.214535469478,565.679768501772,352.597352744683,-535.608761137294,-2193.355436104859,-3373.472955713963,-1880.315772953162,-4590.229634986266,-3583.939795478219,-4214.432507751458,-2285.724389175629,-3935.859767906420,-3397.039977891448,-1288.451317574670,-2460.088404170184,1058.910366818144,2822.863336702984,1571.305851288686,2334.857763800023,2598.967430362065,1023.597473507961,1711.075482114079,2951.338961252816","-2001.805854448807,1907.322171743076,-973.498092021433,208.821677416024,530.741179373295,612.934239426362,-1833.580713736452,-776.921222253197,1612.603828279389,1808.458858680318,4034.352406828443,3866.490545571914,952.422164775590,-317.436953333351,-1332.879403013322,-173.997659526485,-2755.153414495619,-1711.590704182088,459.881529885013,2534.188018170099,2154.288891937177,-4456.675011530157,4183.644806542179,-220.587384585432,2008.812594886781,2897.491803024699,547.486969726896,1462.603074561794,-1908.043737530349,-3020.311060878727,-3530.044635963613,-2560.543547269422,-658.410336161827,-2343.410833066583,-4512.844810687726,-27.529366667323,1111.606934683218,1978.219065084877,3142.555165935695,1715.416967395974,3234.165542475348,1763.383139957506,4350.062908720712,3680.265422936052,4466.390619206840,2115.009080324908,3624.436114346709,3116.634439521020,1518.824079815281,2867.419775154649,-21.661423280764,-438.617829686895,-336.692140992624,-2982.389541482949,-2990.270995054814,-3534.744159698969,-3867.257142269930,-3866.825754275783,-4571.660648667799,-4215.520711591422,-3128.623446347122,-2220.444226381439,3979.843369016904,-2375.589981401302",820.004900927767,-658.820508546623,5
1,1769823322,Proposed,64,1500.545127886488,2097949.531225882936,"1712.001864387144,-193.355882532704,4009.632996216627,2793.229001604239,-564.074209883367,4142.361363620849,1167.396540119581,2429.494812358545,-3105.066933322315,-480.048457249861,3187.867986251035,-3384.176506540563,-4839.488071060304,3023.903753849972,-1349.426257843576,-3709.222193044663,1094.621073396173,-2929.497539004095,3580.472414303028,-2799.210553150894,-1845.855957782388,-1740.616323136585,2481.426879354851,-1805.564558518614,1050.790486601501,4543.407146065809,-3626.260735558298,1639.552092329159,1338.683317454677,-1853.584082571691,-1850.311530788417,-4085.538856592565,655.576054111997,-3925.991775457373,4368.582250933344,-2424.864820750736,-51.876255080679,-174.496997687077,-4297.979817633006,3713.143917404904,-1753.902941193017,198.375208444758,-1533.956412480763,-2609.536551964648,2189.177602471477,973.789862145045,4905.953112130249,530.108258472580,3891.204049773347,2185.304392633597,3076.514733814747,-1510.436943638362,-528.979910243806,837.556877841961,-2087.665112989700,1501.662487675546,-3405.694299524181,1914.743868476806,2586.935035803744,1219.937065816505,705.080553326864,-960.133911780043,-1374.378982467308,1515.643324945640","4476.707250666719,-220.838784706823,1049.474891727627,-1913.939048858403,2444.482345105936,-2800.150412599512,2380.022117504911,444.860212377032,-1553.141804280905,-3254.028521697740,912.469169102546,-2036.084313848040,-1032.756427774870,-1580.442272288791,-4597.543607638191,-342.157478014121,202.750527850264,-223.881735887916,-1213.338906515466,3193.744046600675,-3738.836192057075,1789.060311507320,-3809.241491072032,-4662.610494671572,-2138.824780757269,1319.523440133017,-1334.967174131607,2207.060011980490,3152.428826828572,700.088338554972,-1813.041773740614,1397.142346611746,1293.298060283037,3082.395033279420,-1978.961291329277,1465.623090615451,1995.328386148025,4941.443809331343,-552.126594495757,-682.639992698729,1063.932083971584,-2523.584420286324,-2072.129507100403,1823.171901730095,-2073.224743181772,1147.689094254769,-545.122721361616,-2500.317541639532,3139.829779307710,-810.653193228609,2608.547315408723,-2572.650272904436,-1901.903046482812,2526.709822728949,-1458.753053825349,-4744.204061632446,-3660.771276410000,3095.301137796169,2381.360163280435,-696.997658739797,-3682.653019747127,-1578.425915574900,783.474467091564,-977.301492603608",130.670890666636,-254.067610031318,47
2,1234031272,Baseline,64,1287.554469824800,1500407.104220525594,"0.000000000000,750.000000000000,231.762700000000,-606.762700000000,-606.762700000000,231.762700000000,1500.000000000000,1299.038100000000,750.000000000000,0.000000000000,-750.000000000000,-1299.038100000000,-1500.000000000000,-1299.038100000000,-750.000000000000,0.000000000000,750.000000000000,1299.038100000000,2250.000000000000,2114.308400000000,1723.600000000000,1125.000000000000,390.708400000000,-390.708400000000,-1125.000000000000,-1723.600000000000,-2114.308400000000,-2250.000000000000,-2114.308400000000,-1723.600000000000,-1125.000000000000,-390.708400000000,390.708400000000,1125.000000000000,1723.600000000000,2114.308400000000,3000.000000000000,2924.783700000000,2702.906600000000,2345.494400000000,1870.469400000000,1301.651200000000,667.562800000000,0.000000000000,-667.562800000000,-1301.651200000000,-1870.469400000000,-2345.494400000000,-2702.906600000000,-2924.783700000000,-3000.000000000000,-2924.783700000000,-2702.906600000000,-2345.494400000000,-1870.469400000000,-1301.651200000000,-667.562800000000,0.000000000000,667.562800000000,1301.651200000000,1870.469400000000,2345.494400000000,2702.906600000000,2924.783700000000","0.000000000000,0.000000000000,713.292400000000,440.838900000000,-440.838900000000,-713.292400000000,0.000000000000,750.000000000000,1299.038100000000,1500.000000000000,1299.038100000000,750.000000000000,0.000000000000,-750.000000000000,-1299.038100000000,-1500.000000000000,-1299.038100000000,-750.000000000000,0.000000000000,769.545300000000,1446.272100000000,1948.557200000000,2215.817400000000,2215.817400000000,1948.557200000000,1446.272100000000,769.545300000000,0.000000000000,-769.545300000000,-1446.272100000000,-1948.557200000000,-2215.817400000000,-2215.817400000000,-1948.557200000000,-1446.272100000000,-769.545300000000,0.000000000000,667.562800000000,1301.651200000000,1870.469400000000,2345.494400000000,2702.906600000000,2924.783700000000,3000.000000000000,2924.783700000000,2702.906600000000,2345.494400000000,1870.469400000000,1301.651200000000,667.562800000000,0.000000000000,-667.562800000000,-1301.651200000000,-1870.469400000000,-2345.494400000000,-2702.906600000000,-2924.783700000000,-3000.000000000000,-2924.783700000000,-2702.906600000000,-2345.494400000000,-1870.469400000000,-1301.651200000000,-667.562800000000",-31.234752377721,-39.043440472152,48
2,1234031272,Sequential,64,1477.318006324183,4163479.999779652338,"-16.408016583082,-92.583641766798,234.982265319969,-5.334730407949,947.925310211254,1414.688137379131,-4474.888081388700,-2267.893642392046,290.245427516921,-718.212870399668,-2077.992804723635,-626.337946853661,-1105.034813450343,-1827.678254443726,-1660.460106710648,-1455.378994364258,3742.443221063117,1211.023026675330,-1201.149866898923,3400.448599903528,-240.946080191279,2058.049456552895,3111.825673776470,-585.215648552558,-2167.497999463137,-3023.031004602407,-1143.137131207966,-2897.609342893184,-4400.976255113576,-3997.875997299302,-1580.658064271863,310.444510933516,-646.339285326157,3277.327591747136,-4312.306701582690,2358.708435166297,2550.670606843548,4017.241048575816,2435.107116738329,2870.113548222812,-317.722860480019,1674.812412872542,2725.816304746739,-840.443505832060,-3382.094939706030,106.968240065788,-3216.746158396334,-3351.728893841564,-2606.860069092946,-3932.122203343182,-3160.581874409409,-2215.346276577846,-3464.721985323623,-3511.571151447838,-2257.725802245352,232.386996537680,3939.071975262985,923.063118827929,598.372714909208,1007.726247980287,1043.132507838632,3027.710661848259,4002.324431647899,4211.833198423888","-1221.819723733327,721.818710926675,1754.616040600931,-4999.997154064337,-3266.421832567448,-1437.959166485476,2230.555235596142,457.325342750367,-2995.399665673131,1737.880382930905,3671.352556438900,2044.180029335583,-167.832150376310,-2116.386135347046,-46.744932044438,-1699.336943147304,-674.352024007413,-2066.218834758610,1446.019141297076,20.673961844471,1897.219392051815,4029.492052756931,2195.625921230425,4965.634163396374,1740.805604087414,879.231368327440,140.259205385680,-3044.569201601992,-1737.323095522658,-2348.647018054505,-692.534068495352,-1828.406528943299,710.056198111583,-2228.692757874923,-2530.614729958913,-1403.562262210003,-878.948783313604,2976.873251859655,2113.416257216594,2617.287297456861,3475.752159527200,2905.347454467569,3069.882226848424,3371.718429400420,2451.047212349052,11.898885950851,1927.737962940491,-1132.028787283333,1134.924305376833,2880.552575327720,2880.671276820156,-1271.293334752081,-497.101953088437,-3499.537103822907,-2541.943089270925,-3974.703545799143,-2987.992164751854,4395.235787794769,-4964.065883331141,-3519.914531278479,3652.856117771537,-3979.066240731659,-1085.079320140046,-1867.713686133410",-272.722969112338,-143.551681919484,5
2,1234031272,Proposed,64,1497.538883295201,2038501.734531101072,"-2801.122907228353,1338.901461991687,2289.188701751913,-2052.041831721055,-2992.110209889836,4514.077670151682,1039.870937372358,1204.411899439274,2846.055128492166,1940.031206370071,2635.866666917343,-2451.779870770314,-1146.816273388040,2180.041418444262,1148.020685398169,1079.531111698857,992.745447239122,-2761.027962854307,-1195.918028831399,-2111.729920143203,-2460.480497154401,-3606.717167587817,2038.987364946207,-1705.990635887610,-1060.534653980571,-2731.717319363862,1476.536224084183,-3139.245501464525,-320.527766931430,-1594.322891909483,-750.589424924097,28.070548934911,209.353118568129,-3827.737145032079,-1159.511651462030,2576.210141235488,3263.085665912698,4531.461684796393,-2159.675407593626,-2439.577818518478,-2034.881825217987,1065.610731041513,4836.036759063557,-3898.019346713095,-200.237767796877,164.270320904042,3138.155341411218,2872.563463649729,1409.811193647256,1654.594124359216,3328.009256568984,1087.093404448868,-4197.391343045102,469.421722751104,-2604.836198542432,437.248022895416,1848.906660534897,338.749276258493,2108.561811958527,1644.276536434165,-2867.103271004704,-966.606154373101,-1033.692586924205,-670.274493877539","660.790217306276,2061.828169289347,-1849.682553319362,-1339.988170576286,1585.950090309558,-2013.714548441277,495.057393923696,-4852.771576788782,3134.647813572892,775.624160230654,-3196.974629384959,3628.884698675298,-4155.203826310055,4266.086013863226,3591.690423076037,2665.736319861432,-2460.802752808846,-475.562782392091,352.734913477354,1450.990784854960,-3531.459326517837,3426.561168065685,-3043.165974584555,4576.682189470300,1787.704268114812,-1191.242425984726,1475.622334950533,2162.298169335738,-691.612076883917,-118.341466381126,-71.994254557012,-2399.648559103978,3431.448324345384,-3180.336586257355,1504.191410876213,-1397.684507324705,-2354.260205203146,-27.987521860925,-3938.103061780113,-2248.028683001735,2205.687570206271,-231.936868430762,-1269.940339144342,793.367995385236,4112.522588921082,-1814.456380514148,-423.940040389710,3412.627837117559,95.791496731827,507.509476376166,-1088.849269701760,4145.818731022347,-1097.673000415068,4261.753294898122,2915.223057587400,2102.314233156167,-2354.641967130674,-981.369575390636,3257.603627365643,4635.931850216361,-708.027351661248,-380.827114087912,-2732.194300177633,976.719516636732",12.399028680318,294.296538167400,46
3,2000746483,Baseline,64,1287.607690854407,1510232.603843975579,"0.000000000000,750.000000000000,231.762700000000,-606.762700000000,-606.762700000000,231.762700000000,1500.000000000000,1299.038100000000,750.000000000000,0.000000000000,-750.000000000000,-1299.038100000000,-1500.000000000000,-1299.038100000000,-750.000000000000,0.000000000000,750.000000000000,1299.038100000000,2250.000000000000,2114.308400000000,1723.600000000000,1125.000000000000,390.708400000000,-390.708400000000,-1125.000000000000,-1723.600000000000,-2114.308400000000,-2250.000000000000,-2114.308400000000,-1723.600000000000,-1125.000000000000,-390.708400000000,390.708400000000,1125.000000000000,1723.600000000000,2114.308400000000,3000.000000000000,2924.783700000000,2702.906600000000,2345.494400000000,1870.469400000000,1301.651200000000,667.562800000000,0.000000000000,-667.562800000000,-1301.651200000000,-1870.469400000000,-2345.494400000000,-2702.906600000000,-2924.783700000000,-3000.000000000000,-2924.783700000000,-2702.906600000000,-2345.494400000000,-1870.469400000000,-1301.651200000000,-667.562800000000,0.000000000000,667.562800000000,1301.651200000000,1870.469400000000,2345.494400000000,2702.906600000000,2924.783700000000","0.000000000000,0.000000000000,713.292400000000,440.838900000000,-440.838900000000,-713.292400000000,0.000000000000,750.000000000000,1299.038100000000,1500.000000000000,1299.038100000000,750.000000000000,0.000000000000,-750.000000000000,-1299.038100000000,-1500.000000000000,-1299.038100000000,-750.000000000000,0.000000000000,769.545300000000,1446.272100000000,1948.557200000000,2215.817400000000,2215.817400000000,1948.557200000000,1446.272100000000,769.545300000000,0.000000000000,-769.545300000000,-1446.272100000000,-1948.557200000000,-2215.817400000000,-2215.817400000000,-1948.557200000000,-1446.272100000000,-769.545300000000,0.000000000000,667.562800000000,1301.651200000000,1870.469400000000,2345.494400000000,2702.906600000000,2924.783700000000,3000.000000000000,2924.783700000000,2702.906600000000,2345.494400000000,1870.469400000000,1301.651200000000,667.562800000000,0.000000000000,-667.562800000000,-1301.651200000000,-1870.469400000000,-2345.494400000000,-2702.906600000000,-2924.783700000000,-3000.000000000000,-2924.783700000000,-2702.906600000000,-2345.494400000000,-1870.469400000000,-1301.651200000000,-667.562800000000",-31.234752377721,-39.043440472152,49
3,2000746483,Sequential,64,1484.929405450920,4061361.519966889638,"-1922.099421630164,-2541.203380120462,561.983491528380,4153.077556780447,-170.228267544921,2594.868404266645,1353.694986810187,1011.302949378425,2572.516564748486,-1206.115053185026,2252.803584395574,-2445.647828843137,-1326.897367402753,1322.864189452299,2232.563701727817,-4520.716632235906,3471.202870126248,-1507.014567979762,-397.371216133109,345.213198990955,174.931922862926,-4635.127217838625,-1545.663348525182,584.775338107630,-241.963597590964,-2874.653912712367,1198.230661817304,-3419.865163611758,-1017.446431703844,1807.886477780478,-1579.941331253103,-1264.739876460413,-566.771619288867,1855.154318757829,32.162312524200,-4666.114868013010,-4147.303249412773,-1150.639741744705,12.426597360533,3187.806138811205,-4254.817302132732,-1324.900073302798,-3361.025303417149,862.033784884790,3853.765680004865,50.185377152359,-2734.338008248356,2560.203507872756,458.758333399436,-169.331821050317,290.607389045760,-807.315883255404,42.403357482787,-230.550774758034,-3923.730764356398,-1832.343085682779,2735.924310409060,-3128.297290712627,-686.307679058180,760.803205926496,-3021.155299644126,-1814.688307768919,4289.038482902009,-2370.611182048774","-4615.791786180242,643.713058221363,3075.128897988614,-1547.170567644075,-1775.502980679918,-2570.842076309710,2748.256335850127,-1878.681077175644,-4287.441955769739,-2133.810055779712,-1927.022459885139,2686.880068467020,1854.629120778330,-2383.431976297516,4473.886377382352,2136.146327156838,980.206188377004,3744.589177353932,-4984.184598967909,-1444.748369208443,-3936.542134434953,-1874.992179837443,-1145.708624451868,30.105653512465,-301.047469170316,-69.517199511152,1595.859902087441,2561.158571749556,295.928810028807,795.886693975998,2093.690790453585,210.516740283021,-3169.921784125069,-220.287446289427,1348.327114908812,160.662810112642,2257.033074798480,4737.434335624894,2744.207272225762,1183.912530090639,854.700199487048,-4119.406290008294,1262.584275004770,-2125.271905396297,3185.669487504415,-4999.748136448483,3081.182796121625,1743.295211636235,688.579860606747,1173.154334401226,4651.356090063034,-1641.047104566247,-1927.218961195392,3569.637095438687,-828.392834319170,-1930.936130822495,-894.725317757424,3900.481516546392,3358.167121015212,4941.778878283807,-1410.440225285229,-571.753895839806,2569.853865920323,-4124.012157030056",-685.380109986829,443.045604304116,5
3,2000746483,Proposed,64,1507.394578036143,1871371.227815455524,"3742.654812551926,738.335885025801,-782.533472446015,2374.615663548519,-179.794758961007,817.220342698658,-222.392730226007,2023.210055195333,2227.775941391867,-316.579237167614,4735.561355956706,-4033.023614576308,1503.944936378243,-3724.958020229725,1109.909933549987,2426.445589277605,1624.698202778883,4707.406526349322,2561.079523367511,2434.938742734380,760.036985121066,-966.532215185504,-3492.477446028281,2533.622123226719,-3232.705639769009,-3824.300503358203,1462.251939824980,-1739.137472518430,1826.929166775955,2053.252849695764,2094.768157126535,726.131021311927,-911.869030334497,1809.476669030676,3340.412659855329,-710.236644277584,4265.047842143268,3005.746555476718,-1096.937802296624,3941.813671825079,-1345.853561901492,-751.629666321108,-2113.188208450253,-862.891631510393,-1199.458124511462,-654.022453103976,-2471.879061348611,-4096.219134518247,675.324548929591,-3775.459683474225,-761.430038406661,-656.215946256992,-4676.512922153894,-2600.869076403081,-2016.414564556475,-16.197722231069,336.043592216137,-1825.791791142028,1892.490498336178,801.554931363288,-1621.635440702588,-690.521720146230,3125.301488030496,-101.059124293692","2007.542077200960,3399.586714312122,-4404.760120185509,-686.892521274787,-3160.194198782378,-3234.299319115911,1602.752325225413,3541.643214771238,4326.332714718902,-2660.494880772271,-1293.841090365171,-81.922813406519,1810.697857110980,-2143.743319865119,-198.094252909590,-2878.552729535878,462.964328060568,533.839162569614,548.200940934602,-2323.539345822491,2557.173775407195,-1343.877457301495,1113.142936533050,-117.736763604465,-475.123689301602,-1139.731026403337,-4201.770804791916,-4593.057241303054,2746.603569669221,-2283.877697398158,1687.323509952581,-4462.675040141958,-236.825904180011,-1561.005749542392,532.106045548587,13.503961540177,1101.000474437598,-913.606905895046,363.584496028074,2910.133555903854,-4815.462406655987,-1983.390717136387,-1710.651804463141,1389.096160627530,-2820.522136936215,1735.104889458064,-1045.847311846467,2867.226674332984,-4045.510534559871,-2491.698198613333,653.603082137265,3124.957110638268,-1769.244722735566,-1428.430036494392,1256.785079474811,-3550.691498147522,2435.928532762913,-4126.099988294233,-428.617767654849,-1550.345364362397,2951.742550643717,-3697.404902765720,-3540.724624339701,3103.973553215652",159.488652379487,-509.745556151389,42
4,1835818273,Baseline,64,1287.554469824800,1500407.104220525594,"0.000000000000,750.000000000000,231.762700000000,-606.762700000000,-606.762700000000,231.762700000000,1500.000000000000,1299.038100000000,750.000000000000,0.000000000000,-750.000000000000,-1299.038100000000,-1500.000000000000,-1299.038100000000,-750.000000000000,0.000000000000,750.000000000000,1299.038100000000,2250.000000000000,2114.308400000000,1723.600000000000,1125.000000000000,390.708400000000,-390.708400000000,-1125.000000000000,-1723.600000000000,-2114.308400000000,-2250.000000000000,-2114.308400000000,-1723.600000000000,-1125.000000000000,-390.708400000000,390.708400000000,1125.000000000000,1723.600000000000,2114.308400000000,3000.000000000000,2924.783700000000,2702.906600000000,2345.494400000000,1870.469400000000,1301.651200000000,667.562800000000,0.000000000000,-667.562800000000,-1301.651200000000,-1870.469400000000,-2345.494400000000,-2702.906600000000,-2924.783700000000,-3000.000000000000,-2924.783700000000,-2702.906600000000,-2345.494400000000,-1870.469400000000,-1301.651200000000,-667.562800000000,0.000000000000,667.562800000000,1301.651200000000,1870.469400000000,2345.494400000000,2702.906600000000,2924.783700000000","0.000000000000,0.000000000000,713.292400000000,440.838900000000,-440.838900000000,-713.292400000000,0.000000000000,750.000000000000,1299.038100000000,1500.000000000000,1299.038100000000,750.000000000000,0.000000000000,-750.000000000000,-1299.038100000000,-1500.000000000000,-1299.038100000000,-750.000000000000,0.000000000000,769.545300000000,1446.272100000000,1948.557200000000,2215.817400000000,2215.817400000000,1948.557200000000,1446.272100000000,769.545300000000,0.000000000000,-769.545300000000,-1446.272100000000,-1948.557200000000,-2215.817400000000,-2215.817400000000,-1948.557200000000,-1446.272100000000,-769.545300000000,0.000000000000,667.562800000000,1301.651200000000,1870.469400000000,2345.494400000000,2702.906600000000,2924.783700000000,3000.000000000000,2924.783700000000,2702.906600000000,2345.494400000000,1870.469400000000,1301.651200000000,667.562800000000,0.000000000000,-667.562800000000,-1301.651200000000,-1870.469400000000,-2345.494400000000,-2702.906600000000,-2924.783700000000,-3000.000000000000,-2924.783700000000,-2702.906600000000,-2345.494400000000,-1870.469400000000,-1301.651200000000,-667.562800000000",-31.234752377721,-39.043440472152,48
4,1835818273,Sequential,64,1482.358570419521,4540474.343164549209,"4915.410862207068,2620.678048449005,445.441107432345,-1452.740311106508,742.140979043625,-483.034379855903,1117.933749657070,1596.553932859628,197.496540387560,-3223.939937945926,-2851.392319695120,-1369.425716978291,-98.296626874608,-3993.557323172246,-854.798089958730,4880.138097707748,2028.042363292510,2191.555541420352,965.718018653639,1737.084670502482,1757.915699160006,2657.047383093423,-2243.875056455125,-4616.755836185378,-127.331573375452,-4024.289931504744,-3623.891614616227,-2010.726357929722,-654.009948885694,-1135.506812987619,-308.040634894284,632.281434900910,2332.784443898963,1270.538816866804,3006.815938164908,3825.056075991199,1291.169736566937,809.092908787238,3229.579023731194,2888.638286626583,2863.923188691407,-2573.944011820230,1539.329632880503,969.794693112593,-979.328519254659,-1300.564550912323,-3104.382441186953,-3644.877366545629,-1299.367192991645,-3452.830222233998,-3764.580104434798,-2944.451406687789,-1740.292552231602,-1174.721790701556,-784.006500943241,-2376.424448969518,-1799.959117592639,-94.473616843488,795.079939969079,445.597768170069,1367.052827578402,1086.421998203412,693.220390806497,3410.357958592190","-776.702598503368,-1462.741002501482,2270.103105245957,-1219.195800305830,1032.222642657741,-363.536352034278,-3087.991114116252,1600.648684990445,2640.333835653303,-2223.932456498655,1089.276500068721,2248.883307941989,476.372414682647,-1333.524859104942,-1438.350771957790,-1088.233498520150,-1547.437622382115,961.065709488099,-2139.798601713770,-769.965192331944,4680.783309943624,2403.554378848585,3306.873196103834,1919.782682766007,-4561.518978328864,2865.445201709103,2470.775513481196,-1136.689318362035,-4223.263306830214,-1058.970307300174,-932.002449380992,-4428.149474953789,-2002.880589822535,-138.223091198944,-3376.124849218869,-2444.572905429742,2970.454450429937,145.907223073835,2540.029676069215,80.198596581644,3501.198028965974,2922.439730465200,3710.500442160388,4450.691497331361,4903.153643459939,1345.113260772453,3919.542021569629,-105.047324149619,495.371575103472,1762.114210755437,-657.353709875631,-1809.114790156308,145.528316365711,2721.414516958564,-3412.349941532416,-3923.984339557322,-1440.824975264779,-3448.406670046557,-4039.558295549851,-3079.606529083102,-2917.006392425396,-1769.482185318478,-2335.927013207606,-2597.433938803505",-80.047583500220,-369.633518290300,5
4,1835818273,Proposed,64,1489.287138578372,1909297.474207632709,"-649.508291457057,4731.522276109175,-396.623453747169,319.280362774078,305.672252005741,-828.876412895339,1981.579945093871,-335.219129558775,2821.621167055651,992.557941075988,3177.006018826147,-1830.296708973413,-608.103371967533,-608.544158572272,-725.951772855596,2197.405704343727,2135.054220534721,1472.434289378856,1527.192062997747,1303.476666066656,2471.698646517138,1742.957510014310,-2360.741467666926,4423.325863440895,-2715.114277613610,-2982.668322104339,-2580.265320519927,-1662.927373390489,-1688.106788207652,-1816.036094155610,-2269.593192040989,-677.838205739601,667.922273606459,1642.604910724005,3295.570897018549,3009.329859041628,4685.945227775316,1411.689149796563,2963.835788020616,3793.333855181550,2442.553407646095,3401.891719907705,849.282577406845,505.855562154665,201.590125372179,-3010.274306372122,-3620.905109095455,1204.295486242111,-1024.375683200396,-4926.916327175648,-2851.118268574636,-2589.011219996059,-3435.952592288224,-1888.539368739613,-2633.264069195861,-3262.006399829992,165.482902610584,802.095023424397,1128.607301335169,3597.281431097426,-349.839039027240,-2216.264904254303,1271.293405932829,2494.471715301681","171.476647250512,-1018.824584256301,2238.112108464165,2964.007050215963,3564.453297035052,-1036.998057020436,2487.515611630885,332.013143643944,4127.766222743665,467.168144171782,437.309543659427,1801.643227239213,904.669184851401,-1021.809902050085,1199.233692590961,-680.919975718830,-1169.766735031815,-53.709175544943,329.946915831928,926.893656799141,-1388.635265023701,3061.776124152800,2943.389966840228,1961.400632672662,-4198.589579787327,874.117710891067,-72.625630316607,-928.593106696853,-4706.410040743076,155.873109091976,-1846.870465105037,-4500.018887165570,-1852.212735992675,-3049.327610543170,-2974.995168252605,-336.365548509045,933.457664187887,-948.057016584272,3822.463668714543,1074.261249809143,2629.951807808543,3181.676387023157,2606.695726596883,4353.814279730070,4102.227193955729,2349.312056549115,3389.746229868156,1357.979592010883,2342.661355215541,851.760239157721,-1260.998229629164,-749.756727059214,-1530.878837822518,2579.025839575939,-2706.163689154359,-2240.142831407011,-2582.462918800931,-4154.274756050358,-3707.981611048811,-2463.307700680674,-1343.058138862890,-3955.744188339266,75.464807611747,-3406.739904107789",228.013061197113,73.641016723226,44
5,72539805,Baseline,64,1292.090430862375,3300183.505883600097,"-165.523972567243,779.099573200624,455.562359623271,-868.420472927868,-727.809658818146,310.634589775945,1660.273762919219,1043.979196854001,655.260734867556,11.817449492476,-421.091026675326,-1744.951627646715,-1403.633987819411,-1335.365959208034,-640.640952312649,-91.843250979257,302.132022830800,1171.751318338038,2577.955707378916,2216.414529158554,1945.579893315817,1116.753168509350,277.247802456342,-280.032393137994,-823.416094330685,-1804.753212700272,-2284.264967421566,-2310.143063258447,-1769.941002197334,-1726.107912341388,-1055.688559348026,-615.363249630028,573.498006036335,1185.718288849158,1805.742109516502,2002.564138477019,3230.285529027313,3112.632139487892,2772.026011787965,2064.935794682832,2008.071219435538,1399.317297801236,511.718971647548,-126.413643032691,-921.159672703960,-1276.791814880939,-1779.636036409346,-2331.449075136596,-2854.374909412342,-2614.009057499762,-2914.666083574775,-2966.191436213216,-2684.677171469399,-2148.111496218702,-1667.676133294403,-1244.214216908735,-498.466757270087,-197.436180835577,641.357794355337,1406.751980589389,1975.764800050978,2553.647031255140,2908.688504297787,2823.129779529592","-336.956166698726,49.389800076745,1015.292024101047,143.531999613577,-637.877792296415,-802.410937362812,150.163418325179,730.598774364285,1470.822324585127,1318.474787024606,1290.455735590935,574.169825669700,287.220976861576,-691.590019484907,-1513.721169521353,-1782.549555362701,-1464.370176647359,-733.099376466681,-263.023784011184,444.059761047174,1534.882955830353,1828.190876490775,2161.238598584870,2067.861354215908,1980.081563904839,1520.783616900763,931.817010703217,190.787395021424,-593.994662466544,-1426.949050987136,-2205.112276160564,-2325.439875707327,-2352.045556168724,-1785.784201031002,-1245.980128196291,-844.735315077360,-75.849914692469,827.643862022032,1511.069445998070,1840.435266815496,2276.440338499304,2521.910078411947,2859.192011526009,3005.807140246120,2931.799410725724,2521.055952089381,2418.491816010906,1817.509390402234,1404.509160295459,343.636695033292,181.538805871707,-771.575938970794,-1507.933314113774,-2013.669224175724,-2434.515337978365,-2793.602441738244,-2967.168315219097,-2874.645396526772,-3046.296714389272,-2832.086583385264,-2042.715977908932,-2070.500777031364,-1463.919130008737,-499.577315258088",654.445653399953,446.540948164030,5
5,72539805,Sequential,64,1487.035083252802,3824952.177397747524,"-3661.103403999112,4361.492271655770,-2449.973490883063,-4822.133841491082,-2425.726446403593,4184.341799862754,4820.025865587095,-3335.264075835125,2883.510447706216,-3881.749595798443,3496.450356998705,-1655.363301289828,-3605.526614900915,2176.488639139226,-400.666343475719,25.815728949852,-1526.921652672241,-2876.746103180664,-2174.851928819319,2303.703528462061,-1922.416062332957,2969.216106732496,86.652792946835,1317.532471171082,-820.379510719166,-1319.932572606983,2059.118044808051,298.439508084617,-1838.450213601768,-1444.212521749914,2294.441377771062,1857.894862294298,-1505.520667556155,2384.121856194223,761.004522288451,-248.169461349242,3440.336262653909,2181.303022018310,4538.417442186788,-2130.770707103285,344.093474586621,-1956.945508947267,-3342.171892078021,1034.299453302498,-1892.000205219293,-2655.704351148007,1316.519155767751,3697.332231265067,-2497.088864349475,-163.029012898933,2062.338642144371,-375.284043970419,1962.556223105124,93.666899154501,83.386050141565,-1152.548178061749,-2300.357846039098,-886.707807340558,-2985.546120796164,1296.236079121579,1227.016225721517,2647.885077480189,2967.009754798593,1195.826881698424","-3405.337261597758,19.092342136182,-4358.627065254637,-1321.750814165236,-4077.074387273678,-2737.020953869613,-1241.402049150165,3606.637521315656,591.370782539798,3151.510760812760,3182.446328927444,-3144.408029166033,250.474319683034,-710.234629989099,800.712904926817,-2675.672195229732,3930.728273132073,-2724.245063492524,4030.008528925291,-2090.550067582574,-849.736558559204,4022.903890415519,-573.793619231942,-1303.798771835219,999.931221014854,2755.620774362438,1919.404535814655,-1429.456326691062,493.749640742801,1621.362535594237,-3247.652907476375,-1581.006359411764,-73.726623513424,-319.408102852815,683.534474407350,4993.837394074183,3628.234612021187,-2489.702167425824,1297.270931885443,-1066.525109084755,2154.187550769072,-35.751755526653,1032.813580629203,2493.786025467860,-3579.292186236346,-3020.771399027692,-1916.921999313603,-3365.967078218157,2854.447158658209,-4988.977098165567,-1875.582075803496,266.335589572448,-73.267112164936,925.560093323238,3329.206408618626,375.332043582554,3284.269537294634,-4058.194425509567,703.337695928150,1024.081562875717,-295.177648405137,293.418961767362,1570.179159198082,4250.895731210122",77.520360624137,-213.487910100077,5
5,72539805,Proposed,64,1468.433342989046,1937523.140191237442,"670.583515231989,-818.598714555068,1061.041638432515,-2132.971220511330,-2315.016436170327,86.071974960047,75.382162632551,4199.079240128160,4126.998337245112,-1264.340807938805,2223.303093396953,-3136.199480513824,1460.663041052338,-2179.676448832749,-1122.046121680741,1737.296853889604,-2402.974436796413,1647.116353821031,683.138318338646,4959.350641543499,-272.811942565960,2898.301594327189,2954.629168256706,310.792339186444,-151.717085062715,-3255.708239455851,-1335.252910772389,1880.142227950035,1064.994273145186,4020.493085998941,-3471.646385766965,280.190903538011,655.689700371618,1370.862710432984,705.844540614698,2284.293424552316,-1363.614340541847,1139.624997976335,4800.344979350146,-3181.575016768627,4893.459117385591,3032.747887654617,406.233927476805,569.361803216288,-1422.759278312098,1292.104477633956,-265.381321718547,-1632.597315265086,1603.305172343509,2593.582459586035,3568.226835986542,2190.347215417975,-2951.935795788140,-1501.185378714433,-3366.677701521139,-4893.482182940003,3419.093553837318,-1069.600032597814,4134.083931773447,-517.483607842371,-2181.707559259125,-2537.453564901481,2020.068707604080,3523.939318383053","-797.992636429119,2692.184692666037,-2814.000433094141,4417.198722382451,2202.958283602859,1802.889851580292,-2591.610193056606,-673.332357416801,2408.846084700073,3220.249982303168,-3787.132374504573,-995.408761722598,-509.135615950809,2909.608461229466,-4872.474987192978,-3028.119704082841,-462.091578497494,-3869.434893526241,2927.229939505832,-636.271336948379,737.281740649581,1461.266765417491,-157.503619203188,3863.030733033043,-1623.853840214744,-1722.374080974894,857.515281893661,1309.697132553351,3115.486765654584,1014.219703288114,-3598.287283165585,-1021.516239936429,-1569.812263177400,1022.383263020638,3192.776624542837,3252.568747921853,602.204638285242,-1198.207314314474,-1018.136874404586,-664.654548740263,1026.673203349457,-3159.291603404688,-2946.801747451306,2495.470395634685,-4793.303248906420,761.439901276602,2764.210706052393,118.128319545759,1856.481761739124,-3519.997316181431,1447.002005965407,4010.104392104166,1177.142604938587,-3154.012299560846,3696.685171079672,959.446551595258,2691.079382573134,-1281.795652935939,104.724913916854,1787.255966798152,94.048351167597,2615.337488165964,748.506645852049,-1327.469843315040",465.599534341851,212.020508244932,43
6,1817651609,Baseline,64,1287.554469824800,1500407.104220525594,"0.000000000000,750.000000000000,231.762700000000,-606.762700000000,-606.762700000000,231.762700000000,1500.000000000000,1299.038100000000,750.000000000000,0.000000000000,-750.000000000000,-1299.038100000000,-1500.000000000000,-1299.038100000000,-750.000000000000,0.000000000000,750.000000000000,1299.038100000000,2250.000000000000,2114.308400000000,1723.600000000000,1125.000000000000,390.708400000000,-390.708400000000,-1125.000000000000,-1723.600000000000,-2114.308400000000,-2250.000000000000,-2114.308400000000,-1723.600000000000,-1125.000000000000,-390.708400000000,390.708400000000,1125.000000000000,1723.600000000000,2114.308400000000,3000.000000000000,2924.783700000000,2702.906600000000,2345.494400000000,1870.469400000000,1301.651200000000,667.562800000000,0.000000000000,-667.562800000000,-1301.651200000000,-1870.469400000000,-2345.494400000000,-2702.906600000000,-2924.783700000000,-3000.000000000000,-2924.783700000000,-2702.906600000000,-2345.494400000000,-1870.469400000000,-1301.651200000000,-667.562800000000,0.000000000000,667.562800000000,1301.651200000000,1870.469400000000,2345.494400000000,2702.906600000000,2924.783700000000","0.000000000000,0.000000000000,713.292400000000,440.838900000000,-440.838900000000,-713.292400000000,0.000000000000,750.000000000000,1299.038100000000,1500.000000000000,1299.038100000000,750.000000000000,0.000000000000,-750.000000000000,-1299.038100000000,-1500.000000000000,-1299.038100000000,-750.000000000000,0.000000000000,769.545300000000,1446.272100000000,1948.557200000000,2215.817400000000,2215.817400000000,1948.557200000000,1446.272100000000,769.545300000000,0.000000000000,-769.545300000000,-1446.272100000000,-1948.557200000000,-2215.817400000000,-2215.817400000000,-1948.557200000000,-1446.272100000000,-769.545300000000,0.000000000000,667.562800000000,1301.651200000000,1870.469400000000,2345.494400000000,2702.906600000000,2924.783700000000,3000.000000000000,2924.783700000000,2702.906600000000,2345.494400000000,1870.469400000000,1301.651200000000,667.562800000000,0.000000000000,-667.562800000000,-1301.651200000000,-1870.469400000000,-2345.494400000000,-2702.906600000000,-2924.783700000000,-3000.000000000000,-2924.783700000000,-2702.906600000000,-2345.494400000000,-1870.469400000000,-1301.651200000000,-667.562800000000",-31.234752377721,-39.043440472152,48
6,1817651609,Sequential,64,1476.499158189425,3777533.213520845398,"-2107.753970166992,-166.033706374532,-2170.066161008738,-2455.662238441312,-3258.279356755343,1715.232492223673,-2638.460673112511,4748.362599186469,-955.001847177570,-493.015116553241,1854.870052130510,-2629.277789692964,-2359.016246961763,2402.582615702797,-1192.425496832539,-441.833902562742,2072.005078175599,-1827.260137257831,-3465.358058154948,1310.525599358088,1642.995885673854,1144.039021943324,3083.483713909987,-2633.656191670683,-1622.507279316021,-647.877677060885,974.784996876226,4948.192480551399,877.889070453053,944.459586558170,2465.075273693099,147.379167230607,4075.210724628992,-4312.736952995921,3160.412276815434,4620.888924570181,355.325933904101,-1188.882785951906,-2802.352858043550,-2440.482873561692,3525.299158297701,-265.536541223763,-3021.972662541731,718.009421544916,-927.297571725053,1323.099113234199,1665.522635009850,-158.171316924669,-2353.665061786846,2460.858470790894,2685.025205327629,-175.574829453628,2864.076974871364,1992.810451839105,635.442899864762,-28.364984582960,-282.866448188766,-2859.780396344262,270.544492651355,1148.292703323719,-1956.101875289769,3265.066871696733,-4072.149356000641,-269.193507970936","342.826015658776,2947.701489241616,-1433.866355941884,-4355.424545402366,2763.529918658152,-331.074836949007,-4148.032226696465,-4.493809226525,2590.645376760352,2330.518201079771,-776.991999995569,1497.169961869776,670.828764903303,492.067605853004,-3632.382978295963,4051.151676980215,-4476.703248464510,-1141.076480488732,200.633129982999,-1659.703392910193,-2779.635595421368,-2877.595405974600,1352.149613711801,-1975.573224038109,2153.165410504532,2579.119322580916,-4553.954961841587,-661.833360346294,-926.469726462483,989.652413603248,768.248688063742,-3867.326353380635,1931.791602633391,2529.881415059501,3308.965010037221,1909.812961204483,-4366.410164663926,-3095.050950413161,1903.564696150260,-3129.063102538264,-3545.739111173511,-680.178699584296,3983.425815406940,3399.863664925697,-882.915634175428,2222.712057537135,10.574942352464,4997.497557228248,-327.758252803623,1922.889025910094,-1125.837483558589,-1342.912826579209,3935.359086357109,4585.706761562587,611.952614871554,-2657.016519749552,-3478.926751714283,-1543.911656851130,-4709.148536158462,2813.331159956469,1249.831637047422,-1986.462762296431,388.401205004214,-180.075827207170",85.476748462039,-52.471676398755,5
6,1817651609,Proposed,64,1497.422648962966,2019673.646835085237,"-2043.489522346267,-226.692975444103,-2288.878223047194,-2338.427929988211,-3223.091016420592,1698.835362151985,-2707.897861538672,4684.941795039201,-890.764943173148,-590.945142199819,1825.046475320589,-2574.783074819391,-2373.570016855479,2568.727110299117,-1171.522533972424,-468.551102830363,2082.436546800519,-1717.163624421928,-3333.963626169803,1376.099317222799,1566.606182505033,1217.323106937199,3087.951455838071,-2551.066190354157,-1632.045096972658,-580.124075412663,961.618480428576,4718.229771122773,937.497554948181,931.028610194909,2582.615452675443,241.133367374856,3958.112061335331,-4281.096013729340,3227.692956954540,4651.725981630936,266.252092076826,-1322.219578707338,-2954.496934867473,-2523.279189572792,3550.714541065476,-222.388737072249,-3073.395487980347,812.478180037920,-967.976920658528,1390.991763962285,1554.207298616811,-165.141061411669,-2376.117289815780,2305.587970195215,2737.605795957545,-165.591935256249,2860.391685229103,2063.052801473279,646.231259420185,-92.680152043962,-296.780375585857,-2799.914579168089,302.734677126184,1204.119233053456,-1950.726917981075,3356.620686377476,-3862.236243027003,-279.712126363759","384.927182866740,2922.154191619526,-1342.695345383371,-4339.923097223654,2684.489858824294,-419.516414601726,-4144.569358905610,-12.264729283485,2637.588877178395,2291.905396661587,-926.169993977110,1565.014475925141,591.334151994005,570.000632236420,-3527.631825662240,4145.137117614115,-4475.549187544565,-1178.471598232039,201.690641992860,-1691.640786587722,-2775.850390366205,-2795.574507454144,1408.137132852235,-1928.035491455776,1955.229052106136,2561.754661556144,-4562.674632696479,-759.471436815640,-864.303300990266,912.558308666882,828.029688635132,-3954.849387193737,1873.372903776075,2583.063476035916,3323.062170753326,1833.424498532652,-4401.051808859373,-3131.993033148709,1900.358307392228,-3056.661508529998,-3520.287807533098,-620.221801742592,3869.566995259851,3520.943263264370,-944.450723872764,2213.637058972579,119.281369011304,4884.488514839093,-348.890704504972,1916.634537808427,-1197.388126487575,-1519.469167431976,3853.770620968308,4554.537642651914,571.441093406018,-2733.721670680090,-3543.782731300857,-1619.727587386174,-4654.001946165020,2863.292123994024,1266.159067555760,-1849.368934981048,363.936383089965,-202.391439211135",114.404360533804,-91.744985596371,43
7,753781837,Baseline,64,1306.668824407018,3064893.877167586237,"-99.505443545765,696.367878797753,269.944985238463,-555.709591940300,-864.810260936957,489.209476150778,1236.693161718739,1598.311742023523,826.289759667919,-127.599363982100,-736.859767319385,-1055.298406462038,-1537.724188585075,-1076.652653734639,-1155.556896673904,-386.661888155274,739.124220800172,1278.172715731219,2121.125629393327,2112.428997163864,1666.710031158436,994.550337900510,466.430831467632,-473.952613523354,-1363.281009841276,-1722.775394834581,-2069.344309718066,-2731.398901048277,-2042.567555790705,-1456.180919713218,-1412.140893410916,-406.865524059343,538.367473936018,945.392990973306,1576.821531910774,1987.489534638070,3362.657368069420,2920.681723858896,2902.854345802014,2385.997339161292,1793.068499451003,1377.076623770918,544.186312079806,275.285599682312,-856.370741552324,-1298.246823124603,-2161.473327330332,-2497.702770517084,-2801.675849712587,-2772.680039529398,-3039.087557071478,-2753.438671607438,-2801.970538972618,-2626.854371603587,-1622.543485883063,-1377.332450553009,-976.466573466846,12.989272084563,661.248977087242,1081.534998167020,2368.491760965393,2802.466645941633,2502.552873345957,2750.216116370716","-22.033851760439,95.801311541702,846.118655082784,754.377739112226,-458.976384963649,-853.284281416067,229.798608059738,849.032844181226,1010.285594414699,1505.780608861025,1315.127539409890,878.989289405643,-152.989618928725,-809.057154785068,-1242.149441022392,-1341.006917233526,-1188.542664138581,-963.737071704904,360.811106658062,803.157964711018,1340.679958268238,2320.216435844723,2142.549634549939,2361.777236241594,1935.094256010956,1432.271735239024,568.298669472827,-132.742974284584,-587.494591213029,-926.740655267426,-1730.183229983009,-2275.857044135739,-2295.839470536000,-2146.462206566961,-1645.152403353459,-933.266413815056,377.316112183315,585.615128049885,1183.212160874225,2008.539076864396,2351.032214321989,2850.929151144065,2626.453699777407,2710.297042189756,2636.690990241444,2616.129029788142,2079.442042628600,2389.445723949384,1286.925179797382,528.437301283206,-164.069205474787,-733.125861994033,-1542.891034388266,-1891.226676083147,-2222.631894851536,-2935.319224598590,-2585.304500379003,-3120.453196447199,-3335.127615675544,-2830.388121497200,-2376.884852632503,-2238.513700469809,-1286.057347878248,-626.208237791376",74.637936638438,-1108.720215842512,5
7,753781837,Sequential,64,1487.611529029831,4214308.610196731053,"-1897.986322343345,3119.404815034266,194.141719624324,121.299709103895,-256.877847073109,-1001.897188904504,-3067.571354062823,356.076124338730,1600.860343713280,-4259.417370929622,-4646.248201327662,4950.047915886885,984.147337200373,-3248.592489332438,-1245.228622804595,-429.532920969477,3995.463890989566,3294.367801442891,3018.435268837308,1869.528565597318,2878.188853079711,563.988975427861,321.797601184147,-3298.568173015370,262.792033493466,-3691.090452887244,-2987.087914197958,-1426.070338261712,-1580.346822659457,-1076.894779715854,-2228.632417811445,64.604715131177,3301.774692293631,834.728381904111,1206.377807838385,1242.498846880594,-1331.771150774742,2040.182419479280,3389.060148389551,2498.006303000805,2980.003348094545,2421.083903087934,-598.510708562882,912.029400705505,-3044.013656874414,-918.392628982747,668.947776237785,-4785.556192791768,-2506.836436472464,-3930.325565308511,-1007.214669728516,-2169.023988824529,-3568.690398553344,169.093818572436,-1505.194354070400,1251.340752780213,190.928336809526,-64.372590808420,1871.632122623409,2817.474585098139,600.361014514313,-2109.185461817187,2295.873814482073,4763.632316392149","945.524355646389,-1272.596103682052,1204.922308362325,2578.672136316372,-4960.949548319098,-3269.339617716456,1607.617829246054,-2640.948922255064,1320.275912761686,2618.656842777035,-1847.262204360676,705.000447109012,-1664.977780406702,-336.190496637509,2644.004326975716,4202.567366312244,3006.038638440717,-3601.638675235677,3986.106938836319,4637.333602666044,890.505180486097,3854.730561008488,3105.542538917263,2452.494639680815,1842.279583330035,-479.665014957988,725.259405959487,-42.361402923288,-2438.838985907766,-1900.689183658036,-3429.818118699327,-1393.618643663657,-1970.697607644154,4929.830476643568,596.309443572368,-3049.627372957655,313.722899433648,-4564.828112344174,1500.787118763662,-2439.691548414234,2261.645699115940,851.188449219791,3839.921685214219,2992.774787033622,1230.146278328261,1287.855342684509,2607.751388256610,-1448.603439742001,1753.508091440837,2294.651936704856,3971.870303192159,-2917.771663193148,-2829.008289059752,-1059.237390562613,-736.460508674251,-3856.305215878658,-343.420852163421,-3621.817668388193,-744.491128851708,-4122.833148672862,-1828.404166908109,-2576.725950553318,-490.318966259863,-1519.146850776569",-15.304979993920,-52.267692742088,5
7,753781837,Proposed,64,1500.304074089303,2061671.239346707938,"4410.807081350641,644.767823224744,-160.906900373173,7.473321122944,398.862007194555,83.538675664290,2325.111432506927,-505.293090908983,785.066696641088,464.828085940469,-657.716972879809,-1864.697417483696,-412.015703162913,-773.200905470612,-986.875815449989,788.391505158122,2171.830748059338,-253.844599625426,2026.869397278203,4128.543488827730,311.104598954163,2421.507355123322,-171.556523241181,-997.370816995688,504.994403981149,-500.103101688870,-696.068713535997,-3748.068226107596,-3765.935003794169,-3432.274670736986,2251.186629584294,-263.656394819730,1255.366587227423,826.571545964626,3031.887752348662,3837.883311925265,3334.852712029649,4548.989195241742,2785.675388574473,2245.943511093919,1421.210963449548,51.537861008463,29.000189118385,42.605147292653,-1482.132364694321,4739.940045929344,2413.862315975374,-3394.026389040016,-1202.268789001864,-4448.059064996058,-3071.498135403281,-2798.455508352850,3205.045486365508,-4286.147573244021,-2412.590165408898,-1095.052141893560,-655.269398422535,670.491687430155,607.203909732429,3027.473289447098,1204.335767491784,2010.018352635770,3218.688036171703,4656.631854028253","272.869021503326,-2093.856746352968,1115.865334819634,-4999.994414944020,-1393.240663171337,-3501.741831387336,-813.468960756817,116.249794691874,1096.911771238573,2620.186997963775,2390.363422180714,19.427423993019,-4964.543387803430,-3410.584203378576,-2417.340941820005,77.639301983756,-284.829134897161,-626.103929239409,289.744254281238,-1147.428917619338,1867.869645235724,1881.228851070752,1681.732148867839,241.915214925803,2863.140665054708,-2745.700577672034,633.658153143831,2223.569029757868,2528.864020379282,-3523.407416754178,-2239.407220125405,-1878.261876518027,-4789.326638444822,-2279.230358500768,-2099.310509461073,-706.919151983242,1355.684143666837,1520.188293976818,1160.200989572824,2662.685691392272,3261.522512213652,4220.688741052923,4915.298266679490,3294.342593445471,3869.105715146462,1212.459648369587,4290.382939668725,839.600365906900,1487.080336556648,1173.941437502640,1155.530366219888,-2337.249461540804,-458.188347154071,-2280.539342616492,-3249.238231269669,-2980.950078437289,-4907.220758868943,-3640.477746963668,-4161.422275646408,-3555.538081617663,-2867.237686616663,-3173.222941591859,-1828.068325226491,-944.112525759566",450.859590224406,-374.347118619948,47
8,499085549,Baseline,64,1287.607690854407,1510232.603843975579,"0.000000000000,750.000000000000,231.762700000000,-606.762700000000,-606.762700000000,231.762700000000,1500.000000000000,1299.038100000000,750.000000000000,0.000000000000,-750.000000000000,-1299.038100000000,-1500.000000000000,-1299.038100000000,-750.000000000000,0.000000000000,750.000000000000,1299.038100000000,2250.000000000000,2114.308400000000,1723.600000000000,1125.000000000000,390.708400000000,-390.708400000000,-1125.000000000000,-1723.600000000000,-2114.308400000000,-2250.000000000000,-2114.308400000000,-1723.600000000000,-1125.000000000000,-390.708400000000,390.708400000000,1125.000000000000,1723.600000000000,2114.308400000000,3000.000000000000,2924.783700000000,2702.906600000000,2345.494400000000,1870.469400000000,1301.651200000000,667.562800000000,0.000000000000,-667.562800000000,-1301.651200000000,-1870.469400000000,-2345.494400000000,-2702.906600000000,-2924.783700000000,-3000.000000000000,-2924.783700000000,-2702.906600000000,-2345.494400000000,-1870.469400000000,-1301.651200000000,-667.562800000000,0.000000000000,667.562800000000,1301.651200000000,1870.469400000000,2345.494400000000,2702.906600000000,2924.783700000000","0.000000000000,0.000000000000,713.292400000000,440.838900000000,-440.838900000000,-713.292400000000,0.000000000000,750.000000000000,1299.038100000000,1500.000000000000,1299.038100000000,750.000000000000,0.000000000000,-750.000000000000,-1299.038100000000,-1500.000000000000,-1299.038100000000,-750.000000000000,0.000000000000,769.545300000000,1446.272100000000,1948.557200000000,2215.817400000000,2215.817400000000,1948.557200000000,1446.272100000000,769.545300000000,0.000000000000,-769.545300000000,-1446.272100000000,-1948.557200000000,-2215.817400000000,-2215.817400000000,-1948.557200000000,-1446.272100000000,-769.545300000000,0.000000000000,667.562800000000,1301.651200000000,1870.469400000000,2345.494400000000,2702.906600000000,2924.783700000000,3000.000000000000,2924.783700000000,2702.906600000000,2345.494400000000,1870.469400000000,1301.651200000000,667.562800000000,0.000000000000,-667.562800000000,-1301.651200000000,-1870.469400000000,-2345.494400000000,-2702.906600000000,-2924.783700000000,-3000.000000000000,-2924.783700000000,-2702.906600000000,-2345.494400000000,-1870.469400000000,-1301.651200000000,-667.562800000000",-31.234752377721,-39.043440472152,49
8,499085549,Sequential,64,1472.415878413501,4538142.921457384713,"1253.282313087041,-1554.830784838977,-151.629190132738,-2935.468945859953,-4985.648482646799,-122.796110642129,-4069.630776197636,4474.875938022108,1086.967857809994,471.133011046948,2741.415086574262,-1123.851413152925,955.219136170503,-1280.635814753811,1862.762856072643,2564.214334987600,-225.758103987362,1817.831616169581,-355.588206131573,1162.975559539615,1582.568544884811,1283.386895977967,-4957.153384117908,3179.765588284615,-2888.123236739834,3895.524934119800,-162.597058268165,-107.465300689270,110.163122024713,577.955404519278,-2978.326516304088,1381.323194649111,1940.729874601534,-2513.669933242549,1971.220977974797,-3607.048997056635,3025.655179167880,-477.326247787263,1867.164913576827,-1027.725438386704,2239.206325374013,1427.055691904462,592.339565566145,-31.352424246346,-2098.171589324769,-1714.111136518819,2063.127911323968,4968.534968697511,-901.124223693700,-2898.758565761992,-1323.033517795998,3634.426258013511,-1003.543327882337,-4564.068250000059,-824.311387409808,4731.942649483748,-2107.907560321072,-1665.757136868307,-1275.673043430543,-4002.179227376907,-880.368372033255,-361.203386010723,-2633.118622838540,1066.204899964984","2341.410900231483,2485.151517666565,-3280.485038461636,-3384.613058416088,-378.562025937185,-4998.491884079754,-168.778869186716,-54.776657679852,-2722.434963354368,-169.770155681787,1538.652628824367,858.036762136756,-1549.115614956858,-3773.979075832952,533.827735950177,-1020.686735592385,3774.694692513100,-959.751966654924,-2825.338788167014,-2202.600224378606,3250.192992521947,1092.100848752337,653.169446872991,3858.638464997854,1693.357478810499,-389.418692437358,2124.879490842532,-3583.412424335194,854.967510211735,495.222198844127,-828.498790129609,3648.294236765353,-2394.850572188188,-980.472034500370,1322.403935467084,-1263.106050920298,-3806.776893388599,4977.163816188225,2093.740116103753,2654.665937544787,234.720579596951,-4016.991790164278,1984.958679419612,-503.214951788919,-3712.842995375001,4697.001491554177,-1986.493970151930,-560.053805299114,-1850.425725291936,2915.702054808466,-2685.391497251447,-3432.207913867979,4118.192900177235,641.407329126710,-3520.371681059960,-134.821222858038,1424.142921099975,-2390.365207475006,1770.700167031085,-2997.092162739207,4921.884956957397,-2231.923680041209,-1371.385041488653,-3336.018994742290",176.863740976699,-122.067280133414,5
8,499085549,Proposed,64,1478.927500319665,1893752.673108965624,"606.279699124322,1094.659530008536,-33.447720370166,-909.728211303494,-607.210932963244,2.450692960268,2134.424398563790,1315.936816630893,623.525543492800,800.915318156293,1377.539199156190,-3971.800773170779,-1632.167519837113,-680.363768682776,-2718.174311322628,460.973633641963,1002.433276270282,1384.299149761011,2007.750019022866,3045.276719553119,1769.073697182029,724.206213188916,54.247765420950,-979.184192226326,-1761.253597532343,-1212.326057907458,-1775.463884899773,-2312.624150218064,-2437.091774784056,-1603.608441128598,-1156.830046682302,-135.927201295340,-467.683889046030,1071.928933053470,746.248602585744,2075.706544693079,4190.295537150541,3667.498516370374,3481.649893917961,2489.712358527731,2377.499126823202,2759.599005074906,1360.493649623624,-22.699317385440,-1117.925974135840,-1138.583804924835,-2554.370601748773,-4608.872947599409,-3348.821873844154,-3458.577680471126,-2932.918017460250,-3741.869924047202,-3834.128288180056,-2902.419849161116,-1948.041584574182,-2678.131343165201,-651.074792787185,-257.321339592404,603.649921653403,1942.124684416209,1753.804380807496,2341.750785602824,3554.931121116092,3479.830311064724","-94.856547873621,-210.490937651258,598.844377133243,885.273109817835,-553.278861109478,-1222.288247295475,441.947848055495,2911.416761915180,1266.088761896548,1683.360045008893,941.344554261674,533.636124469154,163.673295795867,-1943.462499500211,-1301.328701378613,-1231.543240511009,-1872.204460602390,-1023.558396477454,-416.279993357796,231.357771126962,1922.808614098829,3988.168371084453,2626.159201870253,1774.692683355307,3464.834163111240,1339.836281637512,-2000.996027887748,-84.540045311383,-641.158658983885,-3578.221108522972,-1476.616127694576,-2021.343378603992,-2635.472846620143,-2439.844140362154,-3387.901738701486,-1470.841539342222,-568.306824526585,326.684373484319,1862.054698770249,2172.382677906799,3567.894808638006,2766.997848521335,4223.785820697235,3836.693402317419,3183.990245790916,2793.324742441064,3036.205144604102,1695.008879527971,1651.296063931017,1963.279058995210,-546.913390287971,-719.394563584503,-3157.343617869926,-1781.285063854948,-3743.191873789701,-3813.160658177490,-3711.631032223670,-3156.839341393884,-2645.419953418297,-3145.836687046661,-2539.034895225238,-2305.765518984714,-1740.110476779489,-1256.747619119432",-51.405136997376,-102.877645059473,48
9,1490318053,Baseline,64,1287.554469824800,1500407.104220525594,"0.000000000000,750.000000000000,231.762700000000,-606.762700000000,-606.762700000000,231.762700000000,1500.000000000000,1299.038100000000,750.000000000000,0.000000000000,-750.000000000000,-1299.038100000000,-1500.000000000000,-1299.038100000000,-750.000000000000,0.000000000000,750.000000000000,1299.038100000000,2250.000000000000,2114.308400000000,1723.600000000000,1125.000000000000,390.708400000000,-390.708400000000,-1125.000000000000,-1723.600000000000,-2114.308400000000,-2250.000000000000,-2114.308400000000,-1723.600000000000,-1125.000000000000,-390.708400000000,390.708400000000,1125.000000000000,1723.600000000000,2114.308400000000,3000.000000000000,2924.783700000000,2702.906600000000,2345.494400000000,1870.469400000000,1301.651200000000,667.562800000000,0.000000000000,-667.562800000000,-1301.651200000000,-1870.469400000000,-2345.494400000000,-2702.906600000000,-2924.783700000000,-3000.000000000000,-2924.783700000000,-2702.906600000000,-2345.494400000000,-1870.469400000000,-1301.651200000000,-667.562800000000,0.000000000000,667.562800000000,1301.651200000000,1870.469400000000,2345.494400000000,2702.906600000000,2924.783700000000","0.000000000000,0.000000000000,713.292400000000,440.838900000000,-440.838900000000,-713.292400000000,0.000000000000,750.000000000000,1299.038100000000,1500.000000000000,1299.038100000000,750.000000000000,0.000000000000,-750.000000000000,-1299.038100000000,-1500.000000000000,-1299.038100000000,-750.000000000000,0.000000000000,769.545300000000,1446.272100000000,1948.557200000000,2215.817400000000,2215.817400000000,1948.557200000000,1446.272100000000,769.545300000000,0.000000000000,-769.545300000000,-1446.272100000000,-1948.557200000000,-2215.817400000000,-2215.817400000000,-1948.557200000000,-1446.272100000000,-769.545300000000,0.000000000000,667.562800000000,1301.651200000000,1870.469400000000,2345.494400000000,2702.906600000000,2924.783700000000,3000.000000000000,2924.783700000000,2702.906600000000,2345.494400000000,1870.469400000000,1301.651200000000,667.562800000000,0.000000000000,-667.562800000000,-1301.651200000000,-1870.469400000000,-2345.494400000000,-2702.906600000000,-2924.783700000000,-3000.000000000000,-2924.783700000000,-2702.906600000000,-2345.494400000000,-1870.469400000000,-1301.651200000000,-667.562800000000",-31.234752377721,-39.043440472152,48
9,1490318053,Sequential,64,1483.893467786850,4107851.789720331319,"-1413.253093532933,794.502786878842,-4889.541693888686,-516.451178555636,-3214.422851812627,-4996.004006694405,1639.967038383366,3864.953714864981,-688.155865454780,277.602366862542,-1802.621081014878,-3803.332384776506,-273.552561707280,2766.580453370431,993.829283321312,2547.305821249172,1451.988033348412,-642.090134190158,4722.107594168245,3039.404233593595,-835.657808838422,-3440.699411982459,358.299607696252,1443.047590497135,-4808.181987095345,1930.011210441370,-3058.186919495756,-216.422636325088,4900.465719433023,-1804.480311109851,-1417.897541576308,-3592.513614013938,229.716618424605,4504.218942169668,2744.756969745093,2553.404989597308,1881.951004031824,2670.388882184793,4162.926995719702,-453.561956247056,2923.746085379810,-4259.999743542689,697.186971281236,-1695.212267771673,-3732.645211067938,-3595.127982108153,25.219212504681,-2126.112447414615,-3677.788504643889,-2370.357325769418,-4298.961921441156,-3689.661784467401,-4903.730176588449,-1739.601166252943,480.978815937240,-989.873476189308,-214.183552772813,-1963.968980381281,806.386782178597,-3929.846008842008,-2198.735668429987,-1459.992453926257,-1974.366907650254,3958.319412206922","1677.923647512560,-316.212126135800,1045.170810788437,-324.951872627401,-3829.815364967974,199.859863638133,1046.033371828037,-2214.287315397569,1615.128288259673,-2491.536045123068,4351.500364991024,-3245.714523939260,3295.229752958908,-303.460590910908,-3650.962582479644,2614.608441973982,-1765.773822465912,2808.873178717894,1643.684844822325,685.455584026736,656.946721413200,2498.057640411547,-987.951392308546,-2742.419925676949,1371.636241491110,-951.941946128967,194.647392300872,1844.810828029641,992.691156735964,4060.439813602248,-1999.365788385564,-1058.805810326762,-2160.799401205083,1462.923191222902,-2952.828371373925,-4298.851353454731,2511.064459787900,-1185.805234754583,-2769.483494861115,4164.648757823830,2926.772373034570,2513.466275102015,706.436058285033,-4703.855372691259,1053.790617473864,3474.917954752739,-4999.936398727552,2802.407466334331,3184.712696018763,1853.981900952592,-1864.718527149154,331.781321886392,-976.437583881229,3206.552188133004,-705.695990880419,-551.240090111459,-3774.829139063791,-634.270672644371,-3258.423491287695,-1015.603646330796,-2398.492281770571,4465.462417191755,-1736.639990727439,-1267.507023405813",-1390.593484255285,-237.182964995031,5
9,1490318053,Proposed,64,1466.740694913573,1982339.963607494719,"2744.241272140410,-1188.267777181922,4735.607523836625,-885.401171691103,-3856.003103042886,-689.096002085909,831.341657467121,1393.140326133743,4577.955153933487,-3023.425860168059,-2100.610298092176,-3250.611420119781,-954.780084891935,-480.927397887401,-908.419461694278,-349.998464035433,-597.149564516787,3195.802825717829,1791.908407578732,3585.383657974403,-183.982644801459,-3602.392767916539,3494.825418575421,2339.780851090760,2236.891467057910,90.331459676082,357.150532237881,1397.186991817991,-3772.365664460758,-1629.678387253598,-1371.545228596445,-43.590763214755,-1891.936130046326,-1920.186923396226,2860.803792438659,4745.531777578265,2853.998508430595,648.007868492195,4978.446463335429,-2318.615016130555,2231.758838408680,3015.223846143346,-2714.364511715217,1991.390271689310,-1388.738569071558,-334.105773543836,1132.788467116549,799.681239455134,-980.520688207650,1395.375644278369,-671.096216438245,3514.787204291372,1930.233289528641,796.224777833037,-1436.194131480681,254.657966316230,-3713.062213765475,-28.970628168997,908.565399086289,-606.494291611643,3900.294875330875,-5.243489446159,-1497.127879468961,-1228.779113744620","518.453520602996,-345.808746789442,-1129.894308359711,-780.571845249341,-3154.152951578393,2794.823035359884,574.660149425394,-3396.630556866673,-338.373790325950,320.534643245333,1099.933839048431,2929.467889916402,3145.707058535731,-4086.374493244655,2464.131884180460,-1200.437526510725,-97.651195405317,3360.693276832388,3522.142498495449,-2123.814958036066,1003.425618361715,-1441.821605447769,-3575.778977185130,-940.842349998651,-1542.104674975086,-4560.550081087532,-2656.216012202955,3112.916297659069,1785.505657183105,352.037154029662,2139.467901473331,-961.173851239859,711.780195579865,-2335.158064916685,-2909.131113121325,999.425580553093,-858.208201903422,-1297.818526957166,-463.757276711595,382.982148853894,30.139889586858,570.917520100311,2228.573160511845,426.333722045575,2575.813471869761,-3099.695006613930,-4410.703600872127,3828.363730663834,3420.481935116578,564.174082817562,1582.414102503733,804.611447233902,839.128542500042,-1049.708537798832,-3635.525666274128,2418.310145677415,-1718.337924307736,4070.242696742178,2703.693739975541,2232.717621392872,1427.526173217741,-2444.242056556950,-699.167960282095,3626.469541560892",329.775564642250,114.286687688025,48
10,794351341,Baseline,64,1282.805995348026,2962524.634061721154,"-103.179729564242,906.109911845307,365.786344573281,-862.086589689618,-688.318521223169,117.595492085501,1874.506139634334,940.854166004527,703.338952299960,-30.335929090070,-334.304173225258,-1232.085229185875,-1393.239803066438,-1326.326280327837,-617.572989068260,-206.700208875850,1016.829490437770,1619.076380415227,2473.315005634269,2003.217241832855,1665.683154781963,1153.055680473841,597.301387803390,-30.279297368181,-1137.141037267975,-1604.207336538464,-2454.465071174902,-2144.505852149020,-2272.414145000248,-1203.898270661665,-1348.391889152818,-593.458745625884,571.495233118507,1039.253405120852,1789.080282719870,1895.826394450933,2810.357499570121,3060.402171876421,2919.743209739690,2417.561091807504,1819.620376464338,1455.411499745014,637.726884096743,-101.638452408537,-993.034379332885,-1256.069596606978,-2295.250939939533,-2298.219447292662,-2719.825085119545,-2918.194544512884,-3144.480224230520,-3000.675825169410,-2524.889502048330,-2352.978076634707,-1682.992975286014,-1333.072973973849,-460.408047555354,-6.363504519649,439.154106876790,1374.426690856271,1725.261178007148,2251.621124935803,2728.262295076189,2859.158998322981","-22.994328875387,76.461307128076,1092.646163190323,367.108893544710,-40.311345000852,-719.942448324909,-19.563331451482,471.118599284141,1379.565736004443,1791.925537489096,1183.558117362164,1018.409617701555,398.590892092315,-814.599753602736,-1533.177585626302,-1397.903773973445,-1486.098673042863,-1023.772012938437,-373.501751696010,551.936497715232,1220.580077214404,1728.070417061765,2052.685661101259,2289.963566927791,2016.835469683626,1353.676725419254,877.575013075055,90.260289601732,-485.284802988215,-1502.683875297603,-1948.956759266775,-1977.829066520800,-1756.233185947154,-1902.234463694515,-1349.102227539792,-380.642736028075,52.499592954159,832.997148371302,1363.785821744992,1690.136500138756,2266.836800541119,2198.707103237835,2917.170973646650,2764.230382195356,2641.202437804223,2298.884467253645,2228.237618886142,1815.342156293553,1741.953790014551,443.490910456264,-18.136664147012,-1055.812944547587,-1254.159666582755,-2018.373572773079,-2633.181708020398,-2642.498947444207,-2414.643714510466,-2983.715128729536,-2952.375414441187,-2762.807589657309,-2514.782599695664,-1899.825118221064,-1563.864805326023,-978.666486105098",-272.072182441028,-816.341564819912,5
10,794351341,Sequential,64,1476.476275683382,4227608.987824167125,"4505.293836567279,-901.268542647487,-3470.023137872105,904.248994085610,1487.855093779608,2128.984576061090,-3436.742247416278,-1985.767352017224,86.124549863534,-3543.734630299426,-2122.992122717089,-4720.451019275263,-642.059437025558,-1113.141288063042,3808.271522838679,133.093828359144,2727.478360638253,-796.147382344077,4676.217939373936,-789.168832110519,-507.640193097444,3302.085560195506,421.483411789280,-2034.202292415619,-2460.369931265071,426.300731459467,1735.280356364711,1430.462025945644,798.038894436471,1091.931396881566,-1458.039054173095,-1198.757744930903,4892.142873909575,-600.933059447648,637.156643980866,1263.876005100283,-150.120974061927,-3597.670731897077,771.432663129640,4884.871179792666,1526.670196592366,2097.542571932492,-3095.676277132030,-2914.734073565104,3558.785362184161,-270.411867981450,1449.655624706661,-4123.845246467471,1666.123127754705,3988.819073318704,-2211.575626014091,-3174.185649188746,-1927.594502742714,1974.333399601564,-4758.504914182119,248.667771982045,-587.495973502526,4380.396806286220,-1990.299364968448,2980.573441581272,1428.040338238508,-2276.900461420245,2782.340811135258,3104.328165571416","-2168.485057866179,144.065440814912,2190.502412422132,1060.908034449920,-415.124240745124,-986.071627396769,1364.839669239833,-3599.831235208299,-4528.053679887930,3234.467569137441,-506.069470214464,548.103516545002,-2042.145459613699,-683.201179279859,1452.854821801680,658.196595804228,-302.199867517430,2575.974845349078,-1301.178463957685,2935.267880376020,-1628.400785447162,-2119.349512913521,3763.005368233550,-2070.429241944369,2186.206203619219,137.014078656019,1148.843608899266,441.215984682703,-501.480943763952,-1071.710238330000,-2526.963177601422,-3258.733889750411,-1032.926958335271,798.043448993332,2268.041241229439,2701.322192297861,3247.303369070789,-813.279120569611,-4940.130731696957,1066.786556360272,1639.129867516055,467.056491310508,2474.145547810955,4062.551572644780,-2535.648019649092,-2643.789454800556,3022.345801252641,929.113638526176,-1168.417273085457,647.786065411440,642.175207128108,-1357.566969741915,916.783724611852,-3471.877693067075,-1535.132235901723,-3014.536133330413,-3896.400192223616,-2410.834672779841,59.108286670759,-3353.929434674919,-23.424509556605,-4070.579158410394,-4154.344666814633,-3919.585008701815",363.530087415152,548.549503798348,5
10,794351341,Proposed,64,1496.501748354222,1941888.314513796475,"74.694962412705,-1885.629625211369,309.958921376482,1461.804998859648,2048.649377933888,-2131.210564339467,4512.007816954199,-1445.321393074959,-1.947242714442,267.120177304246,91.304891085550,2741.142193943526,-1850.612794667131,760.700944781803,3557.844503490229,651.994733474569,-1535.484540074702,4461.608748054954,3193.847714223642,3659.574730686427,173.683359666954,3512.310657252875,199.291039429720,-1858.265639138511,464.808873204898,-525.344566814244,703.350199744732,-1231.833599281853,-1588.344841935969,-2936.949405705383,-2743.868962675038,3826.480318188650,-104.026622876567,3836.016184300252,2175.034133836139,81.029136589689,2153.636179041030,-763.096042186172,2890.895790006309,-129.840092068413,3069.378514977775,-646.385560658196,984.275856087750,-588.275505649185,118.685248387666,-1401.039354368793,-2725.459616801401,-4642.964098666638,-2269.887796252900,-2567.110618451537,-3956.621995778627,-2906.267866704047,-2716.325244548677,-2876.336210692741,-3130.415900401717,874.692325140914,-4588.976089198658,-918.869743633948,3190.518945358395,-485.403863034340,1657.724420735383,398.860903255944,903.767449657900,3008.954458056030","741.211879924580,-534.595055923709,-4287.311561899824,-685.261581794417,-2909.566632849121,1701.502614120644,-5.843176032139,2123.163841478660,298.284853104936,2532.357128868182,4232.897433680085,-692.813716292420,-4644.914669206993,2082.635868325155,-2768.057339197853,-1933.550095871350,2743.496050205029,1662.127143415061,538.245872540458,2224.380744360209,1664.282661869112,1913.913423427103,-897.890216117770,1826.006552841380,4943.472750752771,237.553778237770,-579.809386801467,1416.800737821605,-3305.544323593635,447.634691797198,-3988.513817750327,-3218.392203339253,-4943.528051012032,126.195355651459,-322.867288243006,-3853.519377334579,1295.259817424258,2956.027653476336,1506.188371787102,2421.929038052463,2354.688138941984,-72.465431972136,3660.859002275515,4262.622563198056,3422.202729492130,4029.808310143579,2024.764483976375,-1705.378585348054,902.188626296505,-389.342620403196,267.104710651016,1747.908844525068,-2363.621431571568,-1587.074849613527,-3369.264242079416,-3546.727917581902,-1313.689808261873,-2913.456079209843,-1368.315873749971,-454.963446275446,-2292.610756800824,345.983417766508,-1024.347058011195,4.122410974155",75.992707967113,41.946639175994,46
11,1376368675,Baseline,64,1314.368933016080,3191596.445783613250,"-107.055989766625,970.457172529417,39.668067337007,-412.819515327350,-721.074486667844,71.082079283794,1640.716417394529,1174.243552574265,737.777703414891,255.144168621857,-698.294745500681,-967.787303548457,-1339.417643175966,-933.787075408252,-664.212206572525,101.019553931750,1028.738103148941,1254.524812299518,2381.665423782962,2259.821595850620,1884.371936882560,1101.682383531530,638.818088557996,-911.720949151918,-1392.085961278433,-1729.806255902261,-2169.181509096433,-2096.921794316668,-2004.380226413126,-2107.997989024504,-1307.893026369572,-312.154504110114,569.595536354094,1250.329145173712,1311.452987765326,2073.464232123403,3059.384475673570,3160.080901401735,2856.215344221338,2381.179347205290,2107.632632940697,1808.558185279363,379.856575083206,-31.964822792916,-751.103894173153,-1212.244653321472,-1495.093796401913,-2875.738320067504,-2646.767386977761,-3077.335159426845,-2755.619380170723,-2828.351088163372,-2915.712520336892,-2260.785449247738,-1926.230608984654,-1103.434451709028,-625.539620089653,-63.626133340001,413.411386596880,1272.205073253282,2081.534574178041,2374.535377831141,2641.849610515429,3182.045609323013","391.528386161279,66.145857886905,687.901839570344,950.811476862393,-460.953342689850,-702.755964216837,-95.012334348449,1027.335542500761,1166.303485415615,1509.446667936284,1261.409866064896,810.601708036810,-38.651686002805,-903.458013046416,-1638.513459377107,-1530.765890511439,-1062.916042151624,-514.358901388196,413.351690146025,1178.290330926724,1566.271571205391,2142.062384104555,2191.205271957539,2311.647582214898,1586.529545453993,1420.304554335483,949.373405960229,171.515942180058,-1032.544672967905,-1512.813602282664,-2319.353966064297,-2072.377298091958,-2466.041231432184,-2011.864549736392,-1599.665027781988,-725.538687490734,-148.420368623938,253.834561777447,1618.878345360260,1712.085996770763,2439.460426206326,3053.503517309561,2928.998489675924,2808.852299680263,2891.245444286378,2603.053798328431,2173.027942753561,1773.833070051326,1632.131261921968,807.603932766733,397.652690712572,-688.172703513729,-1115.933683475981,-2057.152977672486,-2209.270713699771,-3097.449561409187,-3260.685349195755,-3123.031616419331,-2814.563869973019,-2752.919570631346,-2536.564927756327,-1604.926828583610,-1321.789801742167,-551.404913169564",-331.841524181267,572.886058250195,5
11,1376368675,Sequential,64,1496.963202105950,4756779.528949139640,"-3909.090426361564,4885.094256299967,-2867.897489380270,64.265016404711,3226.631878882124,112.947395935778,-181.013938897501,-3072.120045152393,-3839.640252722555,-994.517722238253,1837.624748444583,4741.424069261324,-2551.913701374043,521.812873281286,2986.796073371874,-2446.063280946084,-445.935545339379,-1224.980601784069,-4280.627673237099,4536.424127328758,-1385.118979563448,-721.479277913824,-3772.111619111657,249.535422362453,1574.095244995057,1732.864167325645,1856.354800183288,-1051.829378953195,1511.308068146613,-3043.076557347477,-4993.431872190120,-405.574674128162,-1296.652679456157,-2224.506149427422,2705.230683334986,628.798626473602,-1509.003702271200,2863.907117231620,-3068.682079161435,1297.825694007251,2483.495178157798,-1961.964156144526,4622.998669858887,3631.459027487972,3769.754301026656,2811.434548283779,-263.270785458282,4173.211841469030,-450.186497787431,171.720160475900,3139.697080620404,885.832519870684,157.288834285050,904.506880869779,1352.400965408861,-1420.684229757493,-645.847296481200,-129.063650380860,2964.642934570377,31.005516979385,1206.172863604852,2595.154059118463,-1947.066264255317,42.592259332087","3117.533005202730,-453.177400267590,3072.661024577931,-2065.921709371260,567.572023881427,2607.791100832232,-688.188900782643,-3944.880027094976,1371.328659786853,2208.464228789507,-2062.924510091630,-1385.669159945275,3400.617212262616,3271.447900063191,2267.427979936475,-426.180005171866,-4414.601959998083,-2372.523581033095,-1869.107951919588,-2102.583205723263,-3819.190246032831,-3361.134234937125,-3281.946668208189,4183.093422153483,-4000.622995913366,811.357047001046,-324.765622125620,809.525374360200,3304.001806598975,-8.285146511063,137.142923756940,411.584757264907,1646.704162051061,607.101691659010,-2700.466194896676,1100.460518961665,2307.598593287337,3486.564343220874,905.537434018459,-1103.302406478532,1463.777699311506,2893.346791189792,-670.224282242830,3343.907920282931,422.790738464812,-4093.154036701705,3603.121797964595,2157.452451972735,-3918.394202110822,-1340.135814565492,-204.545595414400,-56.585928805537,3544.948770141496,-3271.592153756560,-2931.140672957119,-592.623171602815,-2448.357177256717,255.283629644100,-1722.055592725203,2231.128319283398,126.110408262642,2860.059163424874,-1752.415304769794,4999.818586653419",619.690313241542,-275.821062581164,5
11,1376368675,Proposed,64,1509.435431657341,2028727.564136517001,"506.264800068714,1178.656097034866,2669.300501799190,388.825938053305,-262.527286868494,-654.316206634478,4113.292327050415,754.530907350822,-1757.828846524366,2968.288691116652,-2516.837335818374,-1976.444758221849,-2036.869959451276,-399.668607686682,4803.672144323263,-780.931523465042,-4807.933143254462,-2682.266923585951,-2926.891044876290,-1379.206616594022,1322.835663696452,3361.953175691350,-1188.545858079882,2417.229659544301,1500.053854611165,-1515.160286235183,2784.796363238487,-2056.486031378634,-3577.941098077102,3641.295812849078,2227.343549345222,3906.773492718106,-3681.990690542938,-536.300971318632,1493.116203762710,1512.688996478945,4955.292423658645,-3569.942515899893,219.131185051647,-816.850185791762,371.327237339535,539.088964474246,895.225907361891,-4756.263025831834,3298.708408227033,-2567.894390378257,-1989.990481949729,-797.568460968181,2464.108973302971,2884.141934779176,-1092.372409970057,605.635948422705,593.016775359517,472.934355584901,-750.697660069877,-182.102117478975,1734.178414157217,4689.811008480236,-1783.096716657789,-1793.129345910857,2074.181182650231,-829.071884147175,1420.909266440134,-578.835810138814","2757.042102742537,1365.695600068065,-1548.428633733274,4112.944525250943,-1089.885950187256,-2059.880426160763,495.306584132011,-659.355043838789,2836.111530412735,-319.871072547712,-4186.238193151192,-629.984609982189,-347.614719566810,4280.354440883802,1202.762214541843,-4938.638066882262,1107.622480390960,-45.100770683150,854.613783277512,2463.814472781684,-4771.209777819195,-647.561160432269,3961.191542205368,2076.771887543389,3307.766678051391,3781.440333561143,3097.042799815247,4557.506467658006,-2139.567299069374,814.145024096725,-1930.433607087438,-2034.838856363967,-1175.987854189747,1516.501025069811,-270.692490135203,1038.361381356548,270.491862020802,3419.134137322544,3424.256154837300,3727.122374583872,-1789.131946729622,-1416.466773189103,-2429.631143995430,-1072.001911998550,1205.580074247542,-1284.248465834692,9.967088424803,301.982823257460,3597.335310048291,-3964.314574701921,4879.213309329302,1701.605791519881,-3867.800403801486,2191.530605542164,-500.128819451798,-4094.228304540482,-2990.639692739599,-6.887612725152,1620.077840879848,-3705.724307919570,-4399.132323197607,-1204.908463466722,-2659.602395321313,3274.720299046790",195.666374534629,172.966826147761,44
12,854269186,Baseline,64,1287.554469824800,1500407.104220525594,"0.000000000000,750.000000000000,231.762700000000,-606.762700000000,-606.762700000000,231.762700000000,1500.000000000000,1299.038100000000,750.000000000000,0.000000000000,-750.000000000000,-1299.038100000000,-1500.000000000000,-1299.038100000000,-750.000000000000,0.000000000000,750.000000000000,1299.038100000000,2250.000000000000,2114.308400000000,1723.600000000000,1125.000000000000,390.708400000000,-390.708400000000,-1125.000000000000,-1723.600000000000,-2114.308400000000,-2250.000000000000,-2114.308400000000,-1723.600000000000,-1125.000000000000,-390.708400000000,390.708400000000,1125.000000000000,1723.600000000000,2114.308400000000,3000.000000000000,2924.783700000000,2702.906600000000,2345.494400000000,1870.469400000000,1301.651200000000,667.562800000000,0.000000000000,-667.562800000000,-1301.651200000000,-1870.469400000000,-2345.494400000000,-2702.906600000000,-2924.783700000000,-3000.000000000000,-2924.783700000000,-2702.906600000000,-2345.494400000000,-1870.469400000000,-1301.651200000000,-667.562800000000,0.000000000000,667.562800000000,1301.651200000000,1870.469400000000,2345.494400000000,2702.906600000000,2924.783700000000","0.000000000000,0.000000000000,713.292400000000,440.838900000000,-440.838900000000,-713.292400000000,0.000000000000,750.000000000000,1299.038100000000,1500.000000000000,1299.038100000000,750.000000000000,0.000000000000,-750.000000000000,-1299.038100000000,-1500.000000000000,-1299.038100000000,-750.000000000000,0.000000000000,769.545300000000,1446.272100000000,1948.557200000000,2215.817400000000,2215.817400000000,1948.557200000000,1446.272100000000,769.545300000000,0.000000000000,-769.545300000000,-1446.272100000000,-1948.557200000000,-2215.817400000000,-2215.817400000000,-1948.557200000000,-1446.272100000000,-769.545300000000,0.000000000000,667.562800000000,1301.651200000000,1870.469400000000,2345.494400000000,2702.906600000000,2924.783700000000,3000.000000000000,2924.783700000000,2702.906600000000,2345.494400000000,1870.469400000000,1301.651200000000,667.562800000000,0.000000000000,-667.562800000000,-1301.651200000000,-1870.469400000000,-2345.494400000000,-2702.906600000000,-2924.783700000000,-3000.000000000000,-2924.783700000000,-2702.906600000000,-2345.494400000000,-1870.469400000000,-1301.651200000000,-667.562800000000",-31.234752377721,-39.043440472152,48
12,854269186,Sequential,64,1474.979616669114,4999483.224718892947,"2745.526598835053,2342.388267685553,-675.045216047292,-3164.541421583224,3358.430114895598,-2750.518829995566,-4624.812834335553,262.598084766057,2117.293189773018,-1996.054911615955,-407.797356536881,-1920.983880235634,3010.468856020598,-2153.891592083813,415.356948566260,-980.604146830129,-682.244619815571,1193.204884744383,980.673803766968,1497.241962703231,3748.591387076488,972.598599494204,2897.799980680961,2082.770080176928,-4185.197642250921,-4025.466313332689,-4820.831964873299,-2572.920118877334,1489.688030368672,-543.395692819027,-2206.005085565446,1015.725156744040,-4073.596306411170,2099.922110754306,3409.765166994204,-12.662903214992,-1473.579563718587,2087.641910295436,1939.138798403912,-28.723539108593,-4877.908197011080,1086.510841802122,3702.901527625390,1580.219079013864,-1533.168488513373,174.301859101542,1055.916309696264,-2360.626474624461,3556.490895582114,-173.460156421370,-2658.548954982454,-1140.501322850027,-2296.108143192585,2431.631884164624,2842.482978132892,-2555.246938925013,-634.078230239795,236.817996475849,3884.387521380355,3401.956044109629,177.936391592983,-3666.172155738063,1632.025491189011,-1314.941045692100","3704.356048516742,201.932078825226,3568.081176562698,846.306851610015,-2807.650796455404,-2196.146959537211,1900.291095428579,-4652.262977957362,3027.977033574271,-1083.399300182069,-4403.950560742055,1104.069692043200,3908.764571646324,-2180.703813825257,-1487.479558393530,-2888.573051410480,2942.517518425610,-1028.548534742342,68.888523360964,-3722.753689073792,843.846102808484,3785.810124844404,3339.956743550463,1360.657173885392,2578.498692681687,2787.857427562327,-796.271458005967,998.975257741715,1557.478622116049,1332.023224745706,3187.836644202890,-719.772159755228,-1019.743027207600,-3673.171242862978,304.225405536412,-4986.994726009078,-820.229728639918,-2694.948055485198,4608.659319208205,4742.485898264253,234.853776587085,2962.394310005951,2270.943768649619,4698.723366322689,4759.137987685334,-224.185025571402,4658.714769005231,2557.988867888613,-3097.538233271108,3458.160825370311,-3188.328717706390,226.834599958530,-1785.771607994779,-1971.544494766146,-2169.919237206522,-2615.080035143498,-1561.691264767050,-2898.955212530343,-103.662092210317,-3461.403509862067,-2131.972946362873,-3399.879663236763,-1858.844315589857,-431.062725025040",-290.188345606500,26.962472930518,5
12,854269186,Proposed,64,1473.181993412549,2042642.163454722147,"2490.785114352610,-2057.700125476600,1053.472868447554,1243.246438287383,1943.456996306931,-1754.102902998043,-1169.038806147565,1128.373380276147,713.324257599317,3091.762479912446,1930.275343810081,-4782.911017353013,-2372.631979571021,1415.365900193098,-1428.677429954002,503.289011609766,3842.587375393402,-1890.886752493733,-2564.297521928269,-7.586999456120,599.061327465991,10.572722028670,2810.908881590346,588.554490757497,-1314.129007841201,-1940.318452848744,870.332546482145,-3177.016821433563,4165.764961818365,3421.859577168954,-786.931945282875,-882.431135178288,869.649403449493,4288.199034943701,2597.356775351580,-2202.822241629280,-2691.585531729780,1568.713367678954,-3226.218488428412,3087.902672455075,-3730.141682139485,-2573.798645528744,-1155.554553754868,-193.069245727196,-3040.088486605370,4152.231875268223,997.728914302469,1958.047150476460,1812.210281879677,990.470239719832,-2281.763903225661,1201.470460871773,3161.966814709748,-2895.787865545375,3466.673312715222,-4098.456101528291,1884.429605066341,2077.773203087878,-279.360527961398,3801.508224455641,2363.008894786880,720.475413930438,-2806.179230281544,-1563.099303564228","4141.702887296949,2466.789214737780,-2530.271920549440,1812.226875101385,202.676188223126,-274.188811316012,-1782.799437639837,-1148.642222242737,-2833.478364702192,3709.264988495926,1928.654733431847,562.636585633341,-629.327121705285,202.519575838682,-3815.561723409457,-4974.605529164384,-3010.438247695898,-3198.918714725977,-1842.736473030059,3076.570320046967,1834.716376517307,-347.944575906469,21.531390832744,-1379.293306143523,-2984.380038247448,1252.894178073491,-779.824552373200,-1948.066842613303,31.224415727077,-1247.314949184477,-2492.597865144699,-2740.264602014603,2900.814543488175,-1275.046379558086,-372.561956134543,-1641.780262008285,1830.898733297049,1174.232616548350,-3067.222067581346,1802.601772800740,1517.190488962671,2191.977355818512,-2164.195967068093,-145.649769798005,867.131233250418,1283.377948580194,-4647.082271814116,-2066.300779277711,-3988.981433269005,-459.077243436811,347.879787877722,4766.352601501286,-1036.551490943590,-815.068528440775,2328.611728512331,54.197712367082,-896.311551834975,1299.966381488821,-2345.830709464558,-126.810612835474,-1897.610866381545,-1126.568759668833,-1239.108840266537,2683.217121190686",218.065978328710,-359.071203624228,51
13,477745829,Baseline,64,1287.607690854407,1510232.603843975579,"0.000000000000,750.000000000000,231.762700000000,-606.762700000000,-606.762700000000,231.762700000000,1500.000000000000,1299.038100000000,750.000000000000,0.000000000000,-750.000000000000,-1299.038100000000,-1500.000000000000,-1299.038100000000,-750.000000000000,0.000000000000,750.000000000000,1299.038100000000,2250.000000000000,2114.308400000000,1723.600000000000,1125.000000000000,390.708400000000,-390.708400000000,-1125.000000000000,-1723.600000000000,-2114.308400000000,-2250.000000000000,-2114.308400000000,-1723.600000000000,-1125.000000000000,-390.708400000000,390.708400000000,1125.000000000000,1723.600000000000,2114.308400000000,3000.000000000000,2924.783700000000,2702.906600000000,2345.494400000000,1870.469400000000,1301.651200000000,667.562800000000,0.000000000000,-667.562800000000,-1301.651200000000,-1870.469400000000,-2345.494400000000,-2702.906600000000,-2924.783700000000,-3000.000000000000,-2924.783700000000,-2702.906600000000,-2345.494400000000,-1870.469400000000,-1301.651200000000,-667.562800000000,0.000000000000,667.562800000000,1301.651200000000,1870.469400000000,2345.494400000000,2702.906600000000,2924.783700000000","0.000000000000,0.000000000000,713.292400000000,440.838900000000,-440.838900000000,-713.292400000000,0.000000000000,750.000000000000,1299.038100000000,1500.000000000000,1299.038100000000,750.000000000000,0.000000000000,-750.000000000000,-1299.038100000000,-1500.000000000000,-1299.038100000000,-750.000000000000,0.000000000000,769.545300000000,1446.272100000000,1948.557200000000,2215.817400000000,2215.817400000000,1948.557200000000,1446.272100000000,769.545300000000,0.000000000000,-769.545300000000,-1446.272100000000,-1948.557200000000,-2215.817400000000,-2215.817400000000,-1948.557200000000,-1446.272100000000,-769.545300000000,0.000000000000,667.562800000000,1301.651200000000,1870.469400000000,2345.494400000000,2702.906600000000,2924.783700000000,3000.000000000000,2924.783700000000,2702.906600000000,2345.494400000000,1870.469400000000,1301.651200000000,667.562800000000,0.000000000000,-667.562800000000,-1301.651200000000,-1870.469400000000,-2345.494400000000,-2702.906600000000,-2924.783700000000,-3000.000000000000,-2924.783700000000,-2702.906600000000,-2345.494400000000,-1870.469400000000,-1301.651200000000,-667.562800000000",-31.234752377721,-39.043440472152,49
13,477745829,Sequential,64,1500.725091703912,3713252.171522619203,"2921.933772092641,277.121911702738,1396.122276279799,-3448.009520567915,111.643454858237,37.465564822857,-841.878414979651,1796.856810622780,3634.923255198692,2693.099631510077,-2462.028281244126,-2701.710470052104,4120.237648734643,-4811.136503889723,3232.812156480014,-885.454683126240,-525.555692214535,422.239601143129,2445.904381722572,-4215.672127469124,-3751.080522548282,402.612704685516,4593.800460488738,775.169166068757,-429.921153163524,187.484411690752,2705.250333519790,2009.401939841307,3252.246446480241,-399.353202848505,1387.165379719552,2914.922622519073,-3227.222399303286,3767.860716455836,-3469.825116127085,365.554990504931,1001.207282979445,817.041701127401,-177.347081569328,1675.784733502325,-49.859107281534,-2972.550095976191,686.927996344467,2397.767358711899,2381.256950869273,-2889.648047667247,2123.271806119445,-705.213222784458,-408.958719735008,4193.307287553930,-2071.357542588649,-3329.971739205954,-3033.276793645176,-139.561123722148,-2343.154515167366,-3018.208280015579,-1800.719600547978,3604.151236658200,1194.863384848389,-3302.484458670913,2112.628989268413,-3926.266583217557,1487.225556434671,-1437.905748575585","-4057.376372916921,-441.692063448819,-4801.129303577994,3620.943295064563,-2404.041778564480,-4999.859631174910,1082.287432654257,-97.252800228102,2437.056295093602,1904.697656273753,-3490.962909893708,1023.043725139472,2042.136612134097,1361.236768875928,-3814.305383803850,-3864.734801517933,-603.906292106379,-1305.184717240834,-1244.880697605138,1851.240475595774,715.992181523608,1612.996314354452,722.560675423776,-2815.894152681789,-2930.606515220231,-3243.616052473326,-2135.562486521776,2744.585725720750,2606.002227880858,2941.840244277070,1162.210963173205,568.121061621625,-3368.878228255674,-3286.826071058357,-413.524315658535,4777.789663337880,-1024.632813264284,859.280130725716,2609.307310102008,2463.227328648473,-31.825706273378,-2374.432376186370,2109.869570601425,-163.639953327883,-484.115567458613,-372.416584815850,3036.001101651563,-1508.024204463953,-214.880578354038,2723.265317986315,1638.482567886799,678.355629571361,494.861182313929,-2145.000058858174,-2771.070028568083,2839.088605789639,-1210.931743632045,-971.525413454779,-4282.787748600474,-1328.693185019742,-3018.093754911079,-2619.753124829690,-1842.907091286444,-2146.658780784671",118.838491765210,-687.715062360387,6
13,477745829,Proposed,64,1509.308826795086,1949135.459601630224,"4791.504349077246,-1966.632105457921,3235.907841884723,2149.152948528287,-2312.405973711312,285.133573731178,-4113.469450456472,-425.978169066674,-674.239726104283,-3871.153849030832,2379.613977774905,-786.609218234192,1497.874074251591,3784.850856503903,-382.880286977181,-4050.010368794623,3521.433998355380,1677.895648390147,1750.212754417989,-563.983336010000,-660.849352242190,-1629.140442633843,805.378333627831,2326.216717214351,-3695.373522093132,2154.880901475805,3010.506357608493,502.429016210874,-1157.039675147843,1713.018057528862,3580.063171660853,2116.186794048094,-3602.651860157654,-513.266574085023,-361.975728219449,1637.741700362206,-2279.292183792111,679.416453915897,-1317.982638638234,-2314.443362237747,-1968.600816251252,2477.500111277749,-1533.598193104008,3333.282895604419,3543.911302151267,897.444635393689,-1898.854540535298,-2501.345912624566,1214.810986667760,3477.272607124217,468.628966121903,2446.168146007271,-2388.557176587805,-1480.808660114631,1895.557018838299,1020.449382273061,-3689.499824476974,-1138.407572840656,-801.650891869072,2111.744966837355,-1553.175632434443,1764.083480609049,-1246.751358662966,4833.014359225888","859.743375807993,-10.445916843175,279.148103955801,2899.500514084083,2713.520205961623,342.469184390423,2139.592850935835,1967.605711139106,4564.661700896953,-3164.517005347541,-890.417169761882,1650.801852784421,-4770.364059239602,2338.261244041681,-1938.466422794265,66.701070087862,21.068148117950,251.150511607835,-2321.466156718760,4968.090457781846,-3151.757267799027,-2326.327060260657,3157.904857145095,-4425.914118524272,453.562079180806,-2051.470146065270,1047.209768634869,-3142.199946613704,2427.569109830776,4355.222053556736,1156.452076632797,-50.577256053731,-3145.082012719208,-2365.867731546657,-4232.115767768410,-3228.550143725751,1586.288842311911,2074.691369597985,233.379813075267,-4432.082120515552,2816.632485974421,1780.228111215838,-132.050200450033,3004.642602506276,-3277.483259017911,-2673.171584651211,2454.638721990410,-3573.323283790582,-1617.294573150068,3416.414989684812,1870.002146963368,-379.146327381998,494.036962878770,1047.571622384319,-705.695203257718,-3849.561765756033,-2676.936003841996,-637.202695910816,-1747.917861955956,3655.043414217473,-3803.652363832010,4678.462297960972,3304.082276702554,-686.304024210962",253.166530970440,-20.797014304155,43
14,211387760,Baseline,64,1316.385099593196,2843763.930802195333,"306.096252992407,694.723186116259,293.162487915695,-528.769729760237,-655.539976960509,242.987881797987,1696.463415529775,1395.672239484136,519.629073807261,297.747589845623,-514.904554667585,-1158.075534338109,-1361.827314978871,-1239.730318906004,-1062.822730433044,-52.905614914624,881.859465854173,1509.272628741391,2061.091681894575,2463.844558961197,1872.490383923966,1098.260793970988,80.924674878603,-242.296927572493,-1082.790250774684,-1780.076293773120,-2034.156167432288,-2443.219058863370,-2130.802212933902,-1832.109198269783,-1461.698023042936,-365.052163230329,302.599513872610,888.363584163566,1572.866992158127,2298.952849990990,2742.278340313143,3188.085933030723,2463.440492023692,2555.808820753807,2065.093378389963,1390.883463553041,617.881354236342,-125.205594754753,-792.464599766016,-1526.527100205219,-1845.453264068745,-2248.090333488977,-2636.495772256405,-2944.008355380507,-3243.340280406847,-2860.365023505880,-2762.851480892927,-2412.773297728074,-1653.537531318334,-1246.777025504399,-638.483678894548,35.476846983255,656.115035809350,1186.720766892473,2027.728774953525,2185.224857018924,2952.435853563850,2912.647845516315","380.635724257448,-36.964286460326,649.784990507938,682.297350205954,-706.383524340731,-548.431752363058,-33.168856979608,340.048792322810,1340.759423834125,1559.792844661082,1203.954790270263,575.244080821954,-141.305451780083,-584.100487539774,-1794.122276411837,-1446.808457085230,-968.203424183421,-549.325845981977,-147.878199175322,587.780742924480,1456.046135873012,2266.225400822939,2187.560630236373,1835.781654852364,2197.700728194248,1390.040696020373,844.311937867819,305.916711064454,-990.060229736457,-1646.973496514599,-1742.488305730752,-2240.850151663634,-2351.460072716860,-2051.874073384241,-1563.610382693992,-928.778314614258,-9.129007908884,677.241356696175,1235.728709627803,1966.100248135308,2508.006813858888,2615.913172662274,2831.021077045307,3242.937198730868,3020.358459348377,2631.836591049254,2243.341330681090,1783.323849371871,1279.754120872337,423.545211270061,150.515622735315,-499.004271980051,-1497.314608909204,-1926.568789744194,-2303.062666352706,-2438.738417689672,-2875.532203279276,-2826.783517120559,-3039.893975482191,-2799.643481829317,-2573.174972107190,-1829.158956494001,-1485.908536880124,-563.167777930973",-1083.142751302110,-372.346837623359,5
14,211387760,Sequential,64,1484.896293085455,4710707.346184861846,"2891.602339930180,-2735.766774472822,1532.234474961740,-1069.078152697434,3548.292200902124,-1183.427400819156,259.351852936094,-2526.806171762985,3154.508335677832,1744.229140988777,4066.078248853554,3776.758536288433,-289.886344540464,-1764.296587863097,-2521.418157898168,-245.211595667959,2841.789920447342,-4432.195655239835,2451.994484314530,2121.781843567380,4967.435371500215,1721.867105427235,707.677541502337,-1303.387009791189,-2132.692902615245,-679.570798572428,-4435.231772176479,1660.768007455819,370.107782360182,2254.080786579707,1421.167211079172,927.838814422491,1633.043561208678,-188.546351125365,-1467.056636125298,3345.367209625218,17.675864564165,1642.316983682354,2032.885273550860,3848.930715552110,368.092832484818,161.255463599476,2791.761505676067,-3212.793982269821,-4102.110293446301,419.084716704009,-1324.527228240546,954.876311774979,2140.309484883954,-109.734641967193,-3860.310197098479,-1835.349965878308,-24.587253318317,2835.724599187332,-2464.002023082660,-4337.074523853272,97.570988321571,4579.471273725797,-1504.797758484356,-1065.130348578379,1976.428990195195,-3413.457969179655,-2995.868119893489,-912.076102048708","-2795.404659207036,-2679.903715926800,-649.815676893123,-4884.370164455704,-849.840316888563,14.164294590145,-4663.230581087048,-2895.019933751318,-3335.923752004131,-2985.642994120503,-889.394558646175,615.691474930330,3886.240932300336,2721.206786413974,-3901.236275714231,-1854.670441284413,2385.308901777296,-1677.480434437007,1664.404044057507,-4142.559163599265,569.724345599272,-882.419159762213,-474.628941906436,682.226721846997,4182.058929757202,4953.603085606237,-1984.353761936857,2245.604900961665,736.010487846356,-1039.767443170962,-3547.987285397406,-3878.201537706253,-1258.077139084425,2896.677248723811,-4184.116422123889,3715.981462919909,1544.487193528920,-2225.002576814648,4568.082471298000,2363.954309186924,-3645.595261450504,-2046.369388098824,-392.506416172068,-887.831119845637,-451.562807187594,-4076.015197477660,-860.415043898504,474.846394919047,3437.263546181219,605.338373035741,-1912.927421723418,-3165.330325445386,4473.332466111882,-1059.481800484378,-183.922795847361,2487.927767147374,2552.488481215653,-497.216724908035,1661.976773442573,-2097.830750930932,-4592.790921293500,199.704611245191,2099.318459443407,-956.651176993844",410.846166945266,-283.603591065608,5
14,211387760,Proposed,64,1470.748096301384,1931046.240875063231,"-485.362421382944,-3355.387140247038,1791.888180073231,1906.974017744126,2352.250730180839,-4109.674306867897,3406.168340523199,-2403.715990958693,684.277879783115,2962.018859952718,-4532.525553441975,-59.056360793789,-774.133616123504,837.922311400242,-701.700318034297,-4823.639595845852,663.462974710806,-2753.664956546739,3254.679634288498,928.827289001013,68.425676131826,46.259406587824,4162.712498710290,1325.631509514781,-924.047776669452,-1958.330490658532,-299.795110523419,2845.447851483822,-610.657051816245,1125.607426436228,-937.122970605122,-1536.088597000604,1781.453901522322,-65.577086864317,-2118.842723351445,-420.282005375285,2191.535977274467,4008.270548096655,792.742528642700,2654.865480320461,2133.481323849682,2050.092247378318,2953.603792486840,-2411.856960077319,-2592.797413605281,-2462.332917702554,-2274.108612382152,4364.702115400336,3118.149109340890,559.846202472219,1665.577861583933,-4660.345036920683,-1162.061890220874,3482.670983584067,-1671.630478861739,-1840.569890723023,-1077.520731578505,3634.202071012596,777.317882088103,-1218.265914512983,-1352.644423157600,-2990.513163360528,-2396.491491883046,2192.741099693905","-3263.155173360413,-1696.094809662355,383.869274371472,3909.983389388726,1146.273344274396,770.096648372604,-2557.577749561415,-1874.820020844361,-4872.107838565717,-4028.206086247872,-2049.455454895016,87.594440039915,-3665.806945453490,1891.247457446122,-2560.786203872708,-1316.245056738318,4842.873943471436,1490.819358503780,3398.829194049851,661.632808393974,-1546.787866443487,-4941.799821301201,-1151.743085355002,-1498.264008540581,1598.861646792257,1222.129370884750,-4991.004196722965,13.745584773865,-4136.815661923226,2128.074787329417,55.338739327499,-4397.540207238655,2780.854856178678,2929.239587830269,-4470.908012981719,-32.381389146014,-549.893099114715,-1530.417598749509,1002.564307664673,-338.937909244530,-1561.513192754628,4376.802618637730,945.875819960713,-1505.072315718803,4275.207781149563,-3636.110760230582,4411.302687380374,-94.812766558664,2924.181084229110,1320.023096561120,-1072.846305786823,-1811.403913225528,-4825.638653034090,677.191243581409,3780.840115984249,-622.994946920778,706.733959861384,-3387.783304245545,2870.783920710602,-2028.986541820787,669.503936901438,1595.004039756371,632.686991046516,1587.465579682124",89.735386143385,-264.535613776924,42
15,2107640364,Baseline,64,1302.576288951397,2726207.142418729607,"-82.354663987577,742.954960420741,-30.134634090510,-590.688084254561,-652.973027392504,256.772126497940,1206.875631654759,1273.532092207777,790.869065801605,-390.830234748544,-945.673469611270,-1566.528350523555,-1327.738573144097,-1274.373367422888,-699.088829490882,-138.198253553399,781.748608575852,1101.294355741268,2253.866241445540,2009.303985401524,1543.478564539216,1295.222317110359,458.859958516042,-269.515121185585,-1084.289782893735,-1975.671395370373,-2023.995562470785,-2246.895978869612,-1912.336600907077,-1752.579723759351,-1240.968695181421,-447.457911508661,463.304499214565,809.565877478485,1763.373456778577,1689.419159216039,2943.045078970714,2699.397953294110,2615.769046809315,2810.441175296284,2038.152116603633,934.460190997861,783.140114219897,105.359965927400,-906.911777803135,-974.057115621654,-2005.834404546504,-2286.198606306463,-2541.453828838565,-3124.344169051521,-2831.129597823635,-2706.326167486425,-2408.915028490798,-2501.374032336156,-1581.071882484132,-1341.803631323735,-904.919751268143,-115.146425063836,569.971909095725,1298.337702396591,1731.004836464907,2031.323587017934,2536.358388010487,2651.512942932113","12.513527880840,-110.544194476644,752.078367520932,961.360511378266,-638.211197705498,-634.507995754903,83.588436046373,612.262017176934,1257.934706466621,1542.628767087070,1404.931981223143,803.144168776190,84.590116106819,-651.262357391956,-1376.594553193727,-1426.454408007582,-1309.290592864816,-944.888564659579,30.619046582103,545.245411952297,1318.962594941639,2007.752046526054,2064.668256672257,2568.738958680756,1715.492485490638,1406.164775337774,837.356759701302,121.315712611581,-783.090395556170,-1377.599984096839,-1978.966844195838,-2116.288896445637,-2029.894223158188,-2111.622554540914,-1531.272938339068,-590.662035877468,147.684806649837,984.812721948228,1240.323185550625,2060.248968528627,2279.199094860103,2459.000893266607,2971.557771757761,3091.877733884935,3253.597968236708,2706.114905117003,1948.856580267440,2289.610590962914,1312.046939038336,487.513339518952,340.247309189397,-810.133778631522,-1173.040188433139,-1871.329249830537,-2312.016184763997,-2622.808028058696,-2960.910387726776,-2764.457302233389,-2907.614646019399,-2717.551354770990,-2450.872308756499,-1809.634133159612,-1351.541371329085,-317.127070670973",599.397174865526,-112.611872501860,6
15,2107640364,Sequential,64,1481.349068104490,3985346.464279841632,"499.739361205856,4999.725600328102,-4995.499115642189,-729.143692860501,-1196.003888183321,32.635763787546,-2583.987245885087,869.392513295013,-634.496645567434,2273.433314759337,1616.700539388642,2258.081653742953,2799.234066797160,524.443849514356,-3077.119887543133,657.349717680415,1429.129157962564,-1775.661028193445,1705.244220176952,1157.134683957390,2109.622357573284,-2018.716316808645,386.986508712784,-3112.513081570765,2106.866899371608,395.282444692363,-1005.788163298527,2480.852652287244,612.678075444621,30.717368243946,-2160.017266161085,-3349.556706170566,2041.945268606882,-1356.372291107158,2618.193506953991,4188.694447360917,-2016.330907679998,860.975607366028,2991.753770147398,-3099.698813798700,-282.765323978154,-3292.099318249420,-2555.236243501152,-1238.623785872735,1277.926804082370,3114.135448348615,-1693.279383451570,-3330.726425584643,2045.079057265232,-1686.587700202980,1349.269276761292,3661.868270872603,-1280.225797495752,3221.444111836003,-2244.717462053508,2508.657452569813,3451.540274518147,-2290.676559405014,1291.573935434138,-242.453183697929,1317.449538876828,1028.861231916871,2260.881423856564,3611.999651697060","-1646.619151956209,-52.382453396135,212.105128693532,-4652.931534655544,-1870.002464118862,4576.583193095434,784.114610787453,2178.384072580587,2391.660611210846,-3594.556545932271,-4369.828582894705,-2092.785717061579,595.371681953836,-392.747964569899,-515.227462189810,-2675.305306068554,-986.651576925763,4.015490986503,283.543137353989,-3257.163636670517,-4533.154917761683,-788.468820734180,-4985.001649154621,506.812233066670,4059.311177626156,3087.800630347621,-4318.435975056104,4341.125443665426,-758.221703421340,1140.301643775159,-4095.489316964813,63.304125461800,143.885414878960,-3308.947175095204,2749.273003111509,-2292.086917814385,1376.585334099633,-2162.973148757128,-384.257583781516,-159.077286409028,1949.178477424146,-2607.518833968138,-4297.763108862344,1024.676947846090,757.523236663223,2336.527211120674,-264.511907390945,-2096.016078202528,-1195.076479437357,-2886.719031697195,-2905.072894963136,-28.716546906187,2867.620443449804,1587.040706637795,1551.918854135715,-1858.249994734632,3194.679150513885,799.197352704482,-587.484084965096,4941.587886201096,2916.680348761430,2818.304766423423,-2376.934644996517,2089.737253281478",467.377014740956,-554.315753873179,6
15,2107640364,Proposed,64,1462.508879863723,1803874.674663354876,"-149.715435172070,715.461998319883,-36.465469638736,-925.985546525572,-795.221320027021,158.605207206978,1874.655899535934,2096.598399205554,-341.254967644423,-538.757198489072,-3269.225447406045,-1141.058445803685,-1300.968701972826,-1403.529583950452,-958.829196478860,-247.795770138872,513.690097565179,1695.170892948018,2406.556177483566,1825.486982184941,1922.842579823663,641.403423494077,-94.294401142075,49.970593161877,-925.999674623914,-1861.964095085154,-1768.940768073168,-1614.491688428751,-2768.237713741171,-3712.044902573011,-1545.539445952549,-406.101494081191,201.491440363757,1851.756516645951,3618.474170058003,1307.508406483358,4262.867748727041,3397.639075167017,2811.545066959922,3844.671031017721,3254.210020053624,1062.899230928972,1136.426495552158,400.512612053824,-627.208363327668,-1318.547639717501,-1870.069833278500,-3119.536732859868,-2043.168365655366,-3199.647988639090,-2573.720942911802,-3415.289512533864,-3192.516133450408,-2733.804057730766,-817.706962043701,-1684.984413571263,-652.842226858480,2214.006734911378,1331.453845276731,988.620361672439,2235.278553916628,3048.237028174580,3422.447387851670,3881.097479659248","111.829617177341,-42.171155427860,886.083922428778,469.061099883999,-423.866363965596,-1100.124023980255,-977.463153539587,462.040052198193,1194.647379383108,1714.661821612585,808.407452236833,773.303177890109,59.627929137143,-831.107003208554,-1289.712666231736,-1731.592695735114,-3031.531691703558,-2041.717515926170,-2554.209688643080,577.322196776153,1630.474183955994,2193.686154832892,2090.675991223751,2542.277466232415,2001.026280699779,1554.158496374939,780.183682317720,233.536811475072,-821.461315168058,2665.990244662224,-2810.749253031282,-2882.282495381493,-1902.661750262721,-1286.389067494692,-2180.094614754225,-822.350773478710,-10.260230765173,401.752401836689,1530.283636669760,2689.125731455817,2857.503038051354,4069.309302949110,4468.266708313387,3616.314186448882,2270.079305290494,3509.531289857349,3092.158600300058,1941.114884820724,1109.429964139802,1382.022697489811,-116.205721212509,-995.685126358254,-648.078131473359,-3034.426644163283,-4447.201358937706,-3366.777763350571,-3246.053547857362,-3936.905740428239,-4075.815802286029,-2603.416045093085,-2228.699750610940,-2241.809070227166,-1365.759646642693,-494.134800412637",79.939390888700,-60.231701556710,48
16,1932282710,Baseline,64,1287.607690854407,1510232.603843975579,"0.000000000000,750.000000000000,231.762700000000,-606.762700000000,-606.762700000000,231.762700000000,1500.000000000000,1299.038100000000,750.000000000000,0.000000000000,-750.000000000000,-1299.038100000000,-1500.000000000000,-1299.038100000000,-750.000000000000,0.000000000000,750.000000000000,1299.038100000000,2250.000000000000,2114.308400000000,1723.600000000000,1125.000000000000,390.708400000000,-390.708400000000,-1125.000000000000,-1723.600000000000,-2114.308400000000,-2250.000000000000,-2114.308400000000,-1723.600000000000,-1125.000000000000,-390.708400000000,390.708400000000,1125.000000000000,1723.600000000000,2114.308400000000,3000.000000000000,2924.783700000000,2702.906600000000,2345.494400000000,1870.469400000000,1301.651200000000,667.562800000000,0.000000000000,-667.562800000000,-1301.651200000000,-1870.469400000000,-2345.494400000000,-2702.906600000000,-2924.783700000000,-3000.000000000000,-2924.783700000000,-2702.906600000000,-2345.494400000000,-1870.469400000000,-1301.651200000000,-667.562800000000,0.000000000000,667.562800000000,1301.651200000000,1870.469400000000,2345.494400000000,2702.906600000000,2924.783700000000","0.000000000000,0.000000000000,713.292400000000,440.838900000000,-440.838900000000,-713.292400000000,0.000000000000,750.000000000000,1299.038100000000,1500.000000000000,1299.038100000000,750.000000000000,0.000000000000,-750.000000000000,-1299.038100000000,-1500.000000000000,-1299.038100000000,-750.000000000000,0.000000000000,769.545300000000,1446.272100000000,1948.557200000000,2215.817400000000,2215.817400000000,1948.557200000000,1446.272100000000,769.545300000000,0.000000000000,-769.545300000000,-1446.272100000000,-1948.557200000000,-2215.817400000000,-2215.817400000000,-1948.557200000000,-1446.272100000000,-769.545300000000,0.000000000000,667.562800000000,1301.651200000000,1870.469400000000,2345.494400000000,2702.906600000000,2924.783700000000,3000.000000000000,2924.783700000000,2702.906600000000,2345.494400000000,1870.469400000000,1301.651200000000,667.562800000000,0.000000000000,-667.562800000000,-1301.651200000000,-1870.469400000000,-2345.494400000000,-2702.906600000000,-2924.783700000000,-3000.000000000000,-2924.783700000000,-2702.906600000000,-2345.494400000000,-1870.469400000000,-1301.651200000000,-667.562800000000",-31.234752377721,-39.043440472152,49
16,1932282710,Sequential,64,1475.699325586196,4600169.586971078068,"604.743886529958,-1628.830272183815,2516.210630531634,-3793.398863802729,-2777.787060165203,-50.513051664660,-2040.388933050000,-1255.793998218485,4833.552247822689,3518.240213837980,-54.028025052838,1379.860966611504,-210.311740494750,-4546.483571624195,-4899.283691767684,2944.558949656684,-1350.185719439246,-271.381790922393,-68.527193486281,-1426.633987573216,3011.705759585685,-2904.889510291056,-1671.513701078085,1854.395999442504,-202.847513862154,2784.459231255559,1004.663615903678,-2363.077866586935,3167.050371950641,-3213.605097892340,-2899.730770766843,2368.751165244590,1203.701377802793,2444.008763481836,640.134748521545,2574.846648402072,-1617.863495979198,-1422.960749105517,902.997912693400,461.629139984415,3502.583558584973,-385.298021663813,1623.691272353945,825.621304855302,2710.211133758346,-1704.209913422464,1124.267591691244,-498.166160165428,-4681.480510268040,623.010193952957,1288.321777976391,2198.023032815030,3495.915379223391,-1225.416875420978,48.959521480967,-3262.054444358590,-4968.130447964839,-139.407428410293,-3900.114195592396,-242.730369848590,-3042.389017242037,4067.786730522502,2372.382585192355,799.643380088304","-3023.952342989276,-3884.026204608890,1078.306714978735,-3257.318691823102,922.926542363048,1171.610549795652,-2666.726434402590,1500.777111400659,1279.364165344736,387.212471620349,-1575.471998836480,-1548.190103449040,-2783.204443665801,-2080.741966931821,-998.508541565475,-773.681378176180,4814.249528537373,-4087.017466592923,-2537.324979037181,-1724.643439126354,2405.513173138181,1894.031397084365,-3111.341189302496,3522.569837754221,-965.492407630140,1222.606622210993,2637.748859238435,3791.163131140409,3869.081537203281,1817.872227883080,2780.925343404903,-3008.874205758150,1821.948302816196,682.130111333930,2368.735153497811,-2737.660525946171,3467.676142540277,72.844392726880,4072.234603118275,-206.761544957820,-739.627884687098,-1224.979853216897,-105.715017272262,-4931.363854043730,3587.280540029887,825.094925194322,-1921.905139069669,-461.889798681127,402.871409571952,-1764.122005734672,-4831.172424618247,4222.689636745174,-2931.958836879633,-607.139911626108,-3697.599537590509,3789.327222877482,563.630953731860,-216.375436918589,2671.884050818753,4994.104721324250,2257.616075753105,-1157.572805457566,3398.543689890411,1252.226837027927",213.424483703175,-13.581354358986,5
16,1932282710,Proposed,64,1505.428389855731,1978696.933601168683,"791.969481582172,-856.100540424314,1406.736369967698,1682.662617965385,-617.505139317802,380.867901041397,-1061.559763840536,-2775.451858347324,-4351.879131036984,3804.957119036632,-4497.936030452097,-2620.155150754264,2680.039696339306,-1161.240252966209,-3201.601002191519,-3455.417767506385,1829.242191947578,4328.156257418462,7.920557753178,-3380.835360710566,3114.914682419064,-296.683421152459,-2653.536621069120,-1281.321904861335,-515.018200170136,2149.733241599303,3236.353321875956,-1053.071768529679,2579.746187802238,1612.443704741228,932.663613764768,-3236.098251487124,3668.470129537133,-1749.308184273209,1488.975380101671,736.382969970979,-1935.759844499537,627.622929467248,-1373.343190344147,2279.244555258557,-128.066398076803,2612.178438913030,-1287.072891366441,2967.690765381088,3187.243697196756,-3722.576525654066,2643.815940594947,-1932.925448745528,2262.180191451501,325.507950236299,4408.801832819358,648.000455407296,-512.343971154062,1431.066113110081,1032.501087108207,522.255952337370,3622.537244023861,-3342.522361170479,1370.521019254006,-2861.371637845463,737.670877602105,4114.146515872741,2679.182774219788,2291.261985728842","-4096.291488202009,528.959825624223,860.820523960155,-1618.738621483542,3214.930766246697,-2655.147167444014,-3928.208426901419,589.595825095349,998.807718028605,-3059.199183880061,-933.285078449425,-135.726841377030,508.812244194245,4729.654441914815,1475.130802165172,501.558533677149,-686.091929540697,-1749.181686504309,-2904.903491802032,3683.741611971319,364.258065398087,4569.230976210913,-2701.946409765922,3462.961893515975,-1846.386929203735,257.725872086588,-167.171754482745,122.585033905074,-859.337961740991,4645.149831042974,2660.953881674101,-1905.730679220539,-2191.960248378197,-1621.773790969338,3408.835998518151,-4451.542849341216,-4467.776545789437,3579.577049349974,4012.398168118633,-604.448346576978,-2570.268647929622,-2305.492620993582,871.289917071830,-2071.576897373278,2036.584779619505,3338.026963739104,3666.956013971775,-698.895198197564,932.464838282560,1852.172431371343,-301.198687468694,2974.931594875480,-4345.114517070022,1810.631691833526,2409.088618251235,2066.990804577528,-800.891071788574,-3039.583642438814,4119.165674564941,1714.036648896513,-2777.242332897537,937.152130093515,1245.370124307618,-2481.921290206260",317.733798951557,158.961202449017,42
17,1381614143,Baseline,64,1287.554469824800,1500407.104220525594,"0.000000000000,750.000000000000,231.762700000000,-606.762700000000,-606.762700000000,231.762700000000,1500.000000000000,1299.038100000000,750.000000000000,0.000000000000,-750.000000000000,-1299.038100000000,-1500.000000000000,-1299.038100000000,-750.000000000000,0.000000000000,750.000000000000,1299.038100000000,2250.000000000000,2114.308400000000,1723.600000000000,1125.000000000000,390.708400000000,-390.708400000000,-1125.000000000000,-1723.600000000000,-2114.308400000000,-2250.000000000000,-2114.308400000000,-1723.600000000000,-1125.000000000000,-390.708400000000,390.708400000000,1125.000000000000,1723.600000000000,2114.308400000000,3000.000000000000,2924.783700000000,2702.906600000000,2345.494400000000,1870.469400000000,1301.651200000000,667.562800000000,0.000000000000,-667.562800000000,-1301.651200000000,-1870.469400000000,-2345.494400000000,-2702.906600000000,-2924.783700000000,-3000.000000000000,-2924.783700000000,-2702.906600000000,-2345.494400000000,-1870.469400000000,-1301.651200000000,-667.562800000000,0.000000000000,667.562800000000,1301.651200000000,1870.469400000000,2345.494400000000,2702.906600000000,2924.783700000000","0.000000000000,0.000000000000,713.292400000000,440.838900000000,-440.838900000000,-713.292400000000,0.000000000000,750.000000000000,1299.038100000000,1500.000000000000,1299.038100000000,750.000000000000,0.000000000000,-750.000000000000,-1299.038100000000,-1500.000000000000,-1299.038100000000,-750.000000000000,0.000000000000,769.545300000000,1446.272100000000,1948.557200000000,2215.817400000000,2215.817400000000,1948.557200000000,1446.272100000000,769.545300000000,0.000000000000,-769.545300000000,-1446.272100000000,-1948.557200000000,-2215.817400000000,-2215.817400000000,-1948.557200000000,-1446.272100000000,-769.545300000000,0.000000000000,667.562800000000,1301.651200000000,1870.469400000000,2345.494400000000,2702.906600000000,2924.783700000000,3000.000000000000,2924.783700000000,2702.906600000000,2345.494400000000,1870.469400000000,1301.651200000000,667.562800000000,0.000000000000,-667.562800000000,-1301.651200000000,-1870.469400000000,-2345.494400000000,-2702.906600000000,-2924.783700000000,-3000.000000000000,-2924.783700000000,-2702.906600000000,-2345.494400000000,-1870.469400000000,-1301.651200000000,-667.562800000000",-31.234752377721,-39.043440472152,48
17,1381614143,Sequential,64,1485.474326343554,4501867.140186309814,"-2785.645971286208,-1787.525447321830,2127.877479234487,1051.781686682354,-630.711312953756,3778.703902826083,-4291.049020808831,-562.766838950633,-2065.979591686067,-3977.607986095908,1324.820257803403,2365.388393615530,-2735.299453257485,2181.763602385251,-3474.809060167460,706.752244338994,3164.438399295818,3849.328238427569,2227.152795370915,3872.924622348816,-2516.693918897260,1458.296258898823,-4996.899180101306,1829.588868565929,-3897.589661553810,534.034746481691,-2087.995883047141,3433.893585636245,2991.739568669752,-2534.295716957872,-1836.278469561873,572.507963286786,3048.531310075115,3156.924948201958,-1275.959679405511,-1537.476611092549,-2026.246380033083,-1880.345596126352,-1710.917921534166,4889.280566497579,-2982.271190135696,-2240.134481129845,-10.299600332784,-1409.898283206589,619.134686966241,-1506.774878690892,-3018.674109469242,3117.025144167324,1912.976466608936,973.557790969159,1515.589867197701,3626.025866646442,-365.610318490124,2876.563436499431,-1230.108882545493,-1570.994257789223,2848.125367434341,-4757.462033101681,-773.978581119066,-818.064166454663,24.193734575590,-817.734967207786,2658.043006651606,4250.645113966919","-1223.077211939634,-4244.866158768915,174.016968812978,-1422.517090160532,2801.067126073716,1768.722032862558,-1356.948015463743,3668.549569352675,4356.075362542254,-3029.626166533762,-3594.709245315176,4405.103602340011,1156.925402706121,-3080.965223892856,230.527804372449,899.298290701823,-1470.742777271564,2777.071247166213,2401.821281528460,-1043.524030919171,-3434.130336311564,1926.390448359615,-176.064147125110,1655.087431027403,107.185925390761,3084.286433106542,333.282948028175,-802.048498083986,832.509359692883,-2770.854136540244,473.008312087650,524.539075097853,-2291.189805852774,-1935.606709028250,2078.964273453611,-130.604739110328,-366.737912408037,-2262.303547583764,-1316.990684195639,-1046.391677178821,568.025683198937,3052.995434896425,-2899.930472453631,-1712.111560465017,4381.271148117367,1931.046815846984,-3346.010832067566,-152.379339550609,-3806.869128460439,-2813.422517660185,1335.487028637875,879.300202728388,646.935691861206,1264.823119751241,3267.156685670895,-2809.460646680700,-2581.403327837007,1213.171725360992,-4442.273258897203,-3722.691647155379,-3590.326111525580,-2688.076895391421,3018.645259883908,-2468.054315329793",509.087255788604,232.132597989548,6
17,1381614143,Proposed,64,1484.818428385619,1956799.014990717871,"-3124.609340987713,-3745.944847039703,2756.571034421872,325.684790990350,-2009.656379992844,-936.226790535883,-3747.160744978813,1872.342724457014,1243.679709934881,-215.492131480186,-539.965459780035,-4415.570529219770,-3125.994930627359,1939.212053364220,620.919059535841,-1111.953805763774,2488.829284586731,-91.586775447539,-1182.404859960294,874.144542478924,2516.171209964882,-3491.101564890238,424.049057605301,2208.859555259314,-1890.829225365281,-1562.804767137322,1721.680727068292,-768.338393641971,-960.224438818033,1193.956841902436,3132.017872651035,-646.899049181559,3201.856091341808,-2695.540787451420,-43.525082542729,1927.495001799161,500.226917992009,3151.737141523609,-4024.145965250506,1229.391046022155,-3065.334285336343,-1799.071145919007,-4014.550568850193,-4934.472637205355,1436.941189163320,1604.876085195963,4811.388349696772,1296.966463790058,-322.924644836474,1157.333714634395,-2769.172503917941,1160.873963107385,-3506.193959524186,-365.862576397230,3536.633001407014,1268.719727177823,1309.347476028404,4810.354374743095,2726.744032856203,-1485.146731668518,-4295.646510374982,-1360.449619752303,-4486.161249839067,3378.443959485900","3461.270881777667,3194.694289782892,-889.766788927642,1280.746305560946,320.332592492177,1522.355160560582,-3272.052368137438,2322.877147755412,-775.148441686451,887.134046540121,3605.605026171999,598.454126235700,-1534.996880765174,-3421.305951734836,-2067.441490758730,-1151.466041783590,1098.141444454613,1845.600096639529,4825.711681959661,55.979091778032,2914.190713050359,3407.593106663949,-2463.357686646053,631.031771482423,2697.714685962230,-2380.663937661504,1034.179923058744,-1055.077272402958,4558.572526529604,4839.393124471441,-3339.144350682826,-546.219324457700,-1625.946966171040,-2346.123438554496,2667.476041451262,-2321.623870303547,-3118.395432696131,-2665.254421989289,2910.650036219975,893.294474225641,1242.680630757887,900.033917333001,86.796815218957,806.833187636474,-3327.251837563257,-4000.766012634283,-1209.725679282792,-2775.989209893261,-1003.799045572728,2495.947880057332,-177.473453139447,1701.091298845220,-1093.226349512213,-2745.762492970551,-2863.865903503211,128.257290364067,-1873.491385151858,-902.196813039487,-3627.610021739482,-301.023577678606,-451.915141371676,3302.225649057260,-2151.292054144245,687.311890160104",-170.429926617631,-8.674949817207,44
18,693748771,Baseline,64,1287.554469824800,1500407.104220525594,"0.000000000000,750.000000000000,231.762700000000,-606.762700000000,-606.762700000000,231.762700000000,1500.000000000000,1299.038100000000,750.000000000000,0.000000000000,-750.000000000000,-1299.038100000000,-1500.000000000000,-1299.038100000000,-750.000000000000,0.000000000000,750.000000000000,1299.038100000000,2250.000000000000,2114.308400000000,1723.600000000000,1125.000000000000,390.708400000000,-390.708400000000,-1125.000000000000,-1723.600000000000,-2114.308400000000,-2250.000000000000,-2114.308400000000,-1723.600000000000,-1125.000000000000,-390.708400000000,390.708400000000,1125.000000000000,1723.600000000000,2114.308400000000,3000.000000000000,2924.783700000000,2702.906600000000,2345.494400000000,1870.469400000000,1301.651200000000,667.562800000000,0.000000000000,-667.562800000000,-1301.651200000000,-1870.469400000000,-2345.494400000000,-2702.906600000000,-2924.783700000000,-3000.000000000000,-2924.783700000000,-2702.906600000000,-2345.494400000000,-1870.469400000000,-1301.651200000000,-667.562800000000,0.000000000000,667.562800000000,1301.651200000000,1870.469400000000,2345.494400000000,2702.906600000000,2924.783700000000","0.000000000000,0.000000000000,713.292400000000,440.838900000000,-440.838900000000,-713.292400000000,0.000000000000,750.000000000000,1299.038100000000,1500.000000000000,1299.038100000000,750.000000000000,0.000000000000,-750.000000000000,-1299.038100000000,-1500.000000000000,-1299.038100000000,-750.000000000000,0.000000000000,769.545300000000,1446.272100000000,1948.557200000000,2215.817400000000,2215.817400000000,1948.557200000000,1446.272100000000,769.545300000000,0.000000000000,-769.545300000000,-1446.272100000000,-1948.557200000000,-2215.817400000000,-2215.817400000000,-1948.557200000000,-1446.272100000000,-769.545300000000,0.000000000000,667.562800000000,1301.651200000000,1870.469400000000,2345.494400000000,2702.906600000000,2924.783700000000,3000.000000000000,2924.783700000000,2702.906600000000,2345.494400000000,1870.469400000000,1301.651200000000,667.562800000000,0.000000000000,-667.562800000000,-1301.651200000000,-1870.469400000000,-2345.494400000000,-2702.906600000000,-2924.783700000000,-3000.000000000000,-2924.783700000000,-2702.906600000000,-2345.494400000000,-1870.469400000000,-1301.651200000000,-667.562800000000",-31.234752377721,-39.043440472152,48
18,693748771,Sequential,64,1472.940815534841,4999681.658585491590,"-546.026203618326,2598.729370269521,416.144417711066,1187.018139612139,-1743.886305631201,630.476682564628,109.596887789288,1885.293433535210,-757.885607110193,-77.359107956258,950.181877004721,-2466.035426343130,-3801.027394887215,-2018.056219933394,-1507.893482757218,3456.310511091056,-129.868483989068,608.184686498882,-1288.047512033800,3700.330782670955,2318.876037205350,2333.721562346559,1601.190272618206,-4879.301023539715,-1345.073596395910,-3656.775805972743,-510.941310591676,-3511.434840914907,-2803.350896402504,661.873066632387,-2486.099973305617,638.464895080380,525.888458014938,1400.880031391836,3666.488390911591,2967.582258224171,3547.496653724463,4409.028324792690,4370.785881799919,3117.169943197975,2667.156231363766,732.959558974476,187.875456942013,-2284.406174187832,-3735.038098969316,-2059.652788235907,-2420.021277390943,-4175.434823331992,-4017.707823584591,-4655.888034683807,-4755.419035873802,-4183.207376606972,4968.232243264559,-3187.891023414243,-1926.724171974991,-4251.659531888708,-1288.473917973498,-1734.186189580551,1413.650006520543,639.859753232419,4203.710359912557,2464.545112617608,2411.280563515315,4250.216072199442","4321.299923318630,1670.536269027115,3108.163048443086,972.843859706875,2481.082107382063,3414.392746098800,-8.860838798658,-172.133838996898,3203.873119512778,520.290381718327,4665.110440368636,620.696050640925,512.493812386431,731.792809519500,-1136.342848599198,-2785.836995776549,-1995.676793456858,-4855.815378091775,2559.597221672692,2503.161255772201,2962.629104936075,4421.961518312743,2178.502788488834,-1091.980550048529,-394.643131943870,776.470720467371,1904.224940749501,-3042.729654266737,1140.985309179011,-3634.120874313182,-784.243158287621,-2307.320472059994,-162.224376064211,-1863.952679556438,-3212.570120928277,-969.167259803948,-750.618332926872,1192.657988582282,1704.228406678120,1746.468435840149,845.389022521649,2735.820307724400,3869.047636891951,2582.585765853281,2820.200744798237,4493.017159873099,2810.579917023398,290.461101767785,24.526714881597,1822.829286710129,1544.664945303374,-1406.450224394051,-562.732953528058,-2748.221236251447,-2802.787954753140,-2313.239418625844,-4267.153068096120,-3298.379228770456,3675.604111392112,-3213.446447202886,-223.224539046898,-1650.874567274389,-2592.929425350743,-2496.482785490040",170.058840413057,460.789691066041,5
18,693748771,Proposed,64,1511.289067479181,2028566.492973953020,"-1663.649949325966,1838.689361896516,-1225.819115140449,1173.267023582378,3922.141247751658,550.816478993290,-75.956864504319,3681.905141097851,-490.215124968569,1469.013501720692,1434.245960316681,-1538.348021867020,-2578.900248742436,-1156.594959818174,-950.105329421474,-2403.818686683118,-4408.570696320270,1604.523756287910,4345.411019607629,1562.654327086397,4426.337590514120,1450.437616647681,3785.132888140728,2726.148312369089,-860.418781715710,-3040.325213694895,-4437.623404539729,221.095458202643,-2730.464950890793,-2489.803687221446,-707.332332838562,-3671.779035068560,2463.334074719495,695.886109603244,2220.260255084446,2633.947481364514,3534.492602211057,2987.600379927400,4435.793208222648,3406.816269209792,3954.031216563907,-751.181014287725,351.676126611592,1346.385333214644,-1445.699127760279,-1271.617139214663,-547.467516591394,-3579.030806435106,-2988.455647048936,-2538.915759187161,-3963.565281335476,-3174.566682765357,-430.994467297186,-2093.029692631753,1138.716720619034,-3273.905562832996,-834.760867083500,-153.587101767718,-626.246103774709,-3308.512522237869,1997.119810029688,2843.936569064487,3285.837545746635,2280.530427861926","-2802.210728922854,3568.097802273192,4117.397428249022,1099.040183932791,-8.352801331438,-721.107198727724,1254.348406014023,-1551.958040149985,715.706208546562,-56.501608699611,2271.401051030753,2171.833965298203,-2410.548742036910,-518.913217947768,-1507.243649259662,-3314.653167282553,-1803.398946896713,4565.615114457993,1284.840876812975,3735.512256091254,522.145910755334,3099.868959646852,1566.800345063449,3896.053874023762,1460.709883799409,2277.700429030156,-142.636698026036,-1279.412279746971,128.901745180771,-1408.465903453733,-1629.847397783098,-2410.759513067903,-1735.329944265070,-3854.978675944429,-3499.498263963860,-2260.395293877576,-284.286253171862,1903.374995856308,992.115682599032,1792.636725197606,2556.256166286014,1772.640672378640,4206.888909888279,1869.034174657058,2607.036557084679,2878.883800404483,3262.329339900155,1607.023277885996,618.815304132458,1252.377906868744,3011.003740410037,1744.576101390379,385.420200913111,-1784.881837735677,-1132.972097397830,-1419.602357224216,-4531.442861649158,-2290.320797190066,-3165.447680404695,-2155.839285364912,-1782.689105058453,-3106.362482355722,-2547.801886834779,1019.658067772275",130.576908113382,220.284177313445,47
19,1075831821,Baseline,64,1287.554469824800,1500407.104220525594,"0.000000000000,750.000000000000,231.762700000000,-606.762700000000,-606.762700000000,231.762700000000,1500.000000000000,1299.038100000000,750.000000000000,0.000000000000,-750.000000000000,-1299.038100000000,-1500.000000000000,-1299.038100000000,-750.000000000000,0.000000000000,750.000000000000,1299.038100000000,2250.000000000000,2114.308400000000,1723.600000000000,1125.000000000000,390.708400000000,-390.708400000000,-1125.000000000000,-1723.600000000000,-2114.308400000000,-2250.000000000000,-2114.308400000000,-1723.600000000000,-1125.000000000000,-390.708400000000,390.708400000000,1125.000000000000,1723.600000000000,2114.308400000000,3000.000000000000,2924.783700000000,2702.906600000000,2345.494400000000,1870.469400000000,1301.651200000000,667.562800000000,0.000000000000,-667.562800000000,-1301.651200000000,-1870.469400000000,-2345.494400000000,-2702.906600000000,-2924.783700000000,-3000.000000000000,-2924.783700000000,-2702.906600000000,-2345.494400000000,-1870.469400000000,-1301.651200000000,-667.562800000000,0.000000000000,667.562800000000,1301.651200000000,1870.469400000000,2345.494400000000,2702.906600000000,2924.783700000000","0.000000000000,0.000000000000,713.292400000000,440.838900000000,-440.838900000000,-713.292400000000,0.000000000000,750.000000000000,1299.038100000000,1500.000000000000,1299.038100000000,750.000000000000,0.000000000000,-750.000000000000,-1299.038100000000,-1500.000000000000,-1299.038100000000,-750.000000000000,0.000000000000,769.545300000000,1446.272100000000,1948.557200000000,2215.817400000000,2215.817400000000,1948.557200000000,1446.272100000000,769.545300000000,0.000000000000,-769.545300000000,-1446.272100000000,-1948.557200000000,-2215.817400000000,-2215.817400000000,-1948.557200000000,-1446.272100000000,-769.545300000000,0.000000000000,667.562800000000,1301.651200000000,1870.469400000000,2345.494400000000,2702.906600000000,2924.783700000000,3000.000000000000,2924.783700000000,2702.906600000000,2345.494400000000,1870.469400000000,1301.651200000000,667.562800000000,0.000000000000,-667.562800000000,-1301.651200000000,-1870.469400000000,-2345.494400000000,-2702.906600000000,-2924.783700000000,-3000.000000000000,-2924.783700000000,-2702.906600000000,-2345.494400000000,-1870.469400000000,-1301.651200000000,-667.562800000000",-31.234752377721,-39.043440472152,48
19,1075831821,Sequential,64,1468.381237189047,4157617.842401477043,"-175.652649667280,883.200333223829,4960.629329322038,-3069.578516747830,-566.842327676416,-263.650221591671,-2347.372367191219,1781.748274864214,-1459.548609271763,-951.522559877741,-4857.724381483779,-1385.883088865795,-1901.198450661581,-1448.307037924616,-3776.493894090370,1750.500305857082,4998.009924026247,2738.125478991188,2635.980956890057,2956.396508377690,1679.948340991522,4138.610496968801,1858.402586436740,-555.220972051130,-623.891610584486,-1100.350811490750,-2806.665872743939,-3450.147917166105,1034.143928060727,-2158.067132319039,4092.463962651883,3146.742702467558,777.267865277539,-707.782245515761,2432.561568132666,2529.401130389496,3436.956676908170,3835.817061303879,3391.960441653786,2815.212190788080,4363.822136088645,-294.967479782617,-2487.031491902442,907.160383193638,-417.968928775681,-1765.525802347606,-3596.895891675766,-2248.319540580731,-3818.719292731309,-1277.138984476992,-3341.458114811008,-3155.075687395989,-1099.100392019872,-3224.224742829319,-2123.294174133997,-2458.249102304597,-1.121716486138,-1428.791753722732,285.858478455475,1399.542877015366,1623.849952158501,2758.033463054659,2344.962743324050,2321.234490985312","-2735.189762928439,-386.470841130527,626.224126866719,-3946.857956592838,1885.358758499553,-1230.757531675645,-1193.888459232508,1675.472040299881,1642.814014882564,-766.515652224450,1184.277768742634,2241.497881573302,-256.936539495362,-1517.508929887408,-1554.535638897218,2290.960990965439,-141.056014884680,-2.065527872585,943.404193411567,2215.151848590551,2571.696728430968,2805.691207952088,1056.869976941267,3662.671273781620,1137.862581308701,2723.035104811101,-3164.182522631710,-192.693879712115,-1641.881192175537,-3469.688663096112,-2872.583978649823,708.429499430590,-2583.005759518416,-2435.123054955367,-4351.596872431107,453.755628683022,-3631.436189864328,1526.164433936185,245.494225458126,3864.312526153404,2440.708168663909,3198.206250032020,4337.588541838139,3823.202279473503,4117.022344280812,3692.781771195772,2874.993897039357,2906.948596359806,1534.954012642382,2958.934836715486,866.673950294628,-2115.553780065458,694.317650540803,-3272.473494910612,1275.341771406726,-3700.037412442006,-2189.812200573191,-3420.638678068230,-1934.630188702717,-4153.820467945588,-3386.794057651355,-2305.342503780911,-113.910445998459,-1841.223087420301",13.614864775140,80.412091064063,5
19,1075831821,Proposed,64,1481.182868512925,1905837.695373568917,"1202.398838148503,636.992725756628,2639.676160530202,1981.543335370518,-682.923599794304,-1338.730459029398,-2980.326932120970,3479.705230375272,801.410956147413,-3277.451359787666,525.944749837582,-4436.982452022045,-1989.943251291789,4418.131995940972,-4001.897627544610,-628.233421907164,917.436426895431,4119.017233081389,2409.151365944280,-2186.574693715921,2789.378531600990,-1762.898016831917,371.281496142723,2369.408605915159,1204.463239859109,-1056.481860948619,406.444232868730,-2200.343251870645,-824.068231486524,-632.225078827387,460.538120930512,1772.335251455075,1837.082221852550,-873.485997045534,2738.229163578781,744.170370525820,3080.680605703834,4114.442173541242,3409.270185274095,773.059851503686,2849.161635652340,-3718.799053025500,-768.158080240150,860.298368173649,-2745.583315184185,-315.437666158482,-1537.844406977460,1635.919888106353,-204.166259924835,-4981.398464442707,2180.582967843464,-589.633013085400,-1115.938893104569,-742.560301573768,-3031.059297122289,3449.931776182157,-41.362368749535,-2312.687301265296,-2876.443433984770,2110.668280797406,699.238132485336,4992.052228084708,-653.151588253198,-2266.162928762666","-1386.302129478502,3536.036964887046,-794.525360815884,97.246776530272,-3803.041634643227,-341.284934732224,32.557793822844,1009.294904335801,2615.561893089613,2873.299156148025,-1763.353911541641,-861.379557280688,-1185.937576310865,-707.078607840115,1318.460677009173,-2249.350587569428,-1115.326121378385,-1948.191751084154,-1733.008166104131,2335.331251413186,1725.195463674146,2766.779364852165,537.709001760243,1797.627150610941,4269.357006980760,693.351582618222,2325.748928317434,2668.917987707881,2008.882945568545,3111.048121432756,-2379.431909398379,552.591633148937,-570.577709817156,-187.945838060809,-2332.566336309532,-3861.504803817511,745.628317585087,2152.447447937630,510.982928308550,2208.778429128986,3708.490743251839,574.509455165106,1350.003877844990,-2163.075784125340,2262.489063391950,544.745528224603,48.726258692882,3486.763465316998,-4625.743269541184,430.893650971836,2766.513257326847,-4539.104838457961,1369.576149451474,-1583.013147430256,-3489.169773507261,-2906.153596739455,-3890.042986067096,1004.331449490276,-1007.054216737555,-3311.813708199140,1235.167019719885,-281.805876579076,2679.374161398158,-389.742662525841",175.110839687916,124.170203297223,47
20,731232644,Baseline,64,1287.554469824800,1500407.104220525594,"0.000000000000,750.000000000000,231.762700000000,-606.762700000000,-606.762700000000,231.762700000000,1500.000000000000,1299.038100000000,750.000000000000,0.000000000000,-750.000000000000,-1299.038100000000,-1500.000000000000,-1299.038100000000,-750.000000000000,0.000000000000,750.000000000000,1299.038100000000,2250.000000000000,2114.308400000000,1723.600000000000,1125.000000000000,390.708400000000,-390.708400000000,-1125.000000000000,-1723.600000000000,-2114.308400000000,-2250.000000000000,-2114.308400000000,-1723.600000000000,-1125.000000000000,-390.708400000000,390.708400000000,1125.000000000000,1723.600000000000,2114.308400000000,3000.000000000000,2924.783700000000,2702.906600000000,2345.494400000000,1870.469400000000,1301.651200000000,667.562800000000,0.000000000000,-667.562800000000,-1301.651200000000,-1870.469400000000,-2345.494400000000,-2702.906600000000,-2924.783700000000,-3000.000000000000,-2924.783700000000,-2702.906600000000,-2345.494400000000,-1870.469400000000,-1301.651200000000,-667.562800000000,0.000000000000,667.562800000000,1301.651200000000,1870.469400000000,2345.494400000000,2702.906600000000,2924.783700000000","0.000000000000,0.000000000000,713.292400000000,440.838900000000,-440.838900000000,-713.292400000000,0.000000000000,750.000000000000,1299.038100000000,1500.000000000000,1299.038100000000,750.000000000000,0.000000000000,-750.000000000000,-1299.038100000000,-1500.000000000000,-1299.038100000000,-750.000000000000,0.000000000000,769.545300000000,1446.272100000000,1948.557200000000,2215.817400000000,2215.817400000000,1948.557200000000,1446.272100000000,769.545300000000,0.000000000000,-769.545300000000,-1446.272100000000,-1948.557200000000,-2215.817400000000,-2215.817400000000,-1948.557200000000,-1446.272100000000,-769.545300000000,0.000000000000,667.562800000000,1301.651200000000,1870.469400000000,2345.494400000000,2702.906600000000,2924.783700000000,3000.000000000000,2924.783700000000,2702.906600000000,2345.494400000000,1870.469400000000,1301.651200000000,667.562800000000,0.000000000000,-667.562800000000,-1301.651200000000,-1870.469400000000,-2345.494400000000,-2702.906600000000,-2924.783700000000,-3000.000000000000,-2924.783700000000,-2702.906600000000,-2345.494400000000,-1870.469400000000,-1301.651200000000,-667.562800000000",-31.234752377721,-39.043440472152,48
20,731232644,Sequential,64,1482.586762041523,3872947.111572226044,"-1839.727004712629,-3021.794168421759,3878.217053880964,3667.049014323463,2277.487714951517,-684.354669254161,-716.063604623954,-1911.390410772706,-2303.138497087195,-2462.851712733933,-2595.542093172374,3963.885125642443,515.631277755282,2671.526055909250,2713.298026462182,504.224374020627,-3387.879193374687,-707.857670968916,-1063.266818670068,-2234.544123163033,3662.659823251077,-4592.500670653784,-3008.298535010349,-1866.492410659256,-2121.732831825102,-2978.807028210415,1502.056073756836,-2254.243207778764,-1889.106223139619,107.254041347039,1675.806637443825,-320.395464548191,2722.537995469683,4381.953976499907,3011.714367220541,-991.257838671393,4708.573345145630,550.139520631480,3471.141224533105,-3021.543493598874,1055.920245297303,463.698194932175,-4740.441705796481,1437.517462367965,573.382100518446,-4910.680782445081,-22.211632639295,-2246.001932026823,1425.557039494218,-3941.032275318891,-2072.754631975978,1461.899400953729,228.276157802268,3092.326857702784,981.651797138671,2819.230781316015,1706.466927539043,3252.065725849302,-4029.648573883739,-1970.784238309153,2298.949793393262,721.051898169214,1325.166247993018,746.802362650364","1034.230271480950,2486.263777335658,-3155.856854007618,-1711.914355396457,1978.819749920457,707.738446336154,-4693.884399857669,738.679158853447,2962.967985921845,-1890.784406642900,1370.479334387356,28.480960673640,3393.434496786259,-4226.458154601553,3784.534568542423,-2039.009257451075,3677.264550056044,2684.804359231519,910.312095068061,-3371.645775447012,-362.468612964527,-1977.103333173190,-701.792972431121,-2952.899454675929,-457.968990833996,-1680.436571735141,4342.170451215891,-3042.185500738120,-3805.671268922200,-10.179868617040,-2591.042731730657,-1424.145564153564,760.135750677637,1475.488325677952,-3991.187363464333,-2019.261866799327,-1242.858422818313,1427.528783874050,-3598.774596907511,-2514.556601790659,4887.231571715349,2339.987757690492,-1464.184378331291,1218.557097658518,2586.621787074540,-940.858253364751,999.356022136741,1735.057714358926,702.298724771062,-3077.054533948790,4550.130573469527,4781.511282167085,-3520.948757481624,-2477.929469607124,-694.858479117441,1196.310813077638,2645.276883861256,2716.423491546339,-2443.792416369555,-1779.880629861531,3359.033246265810,208.010610591392,-727.697607118884,3869.178582141646",36.502758512998,470.232253608055,5
20,731232644,Proposed,64,1496.817040896053,1995705.716896093916,"-327.394415757730,1193.601778555869,250.438661743888,-740.997380804545,-314.266393040065,454.423240454382,3213.611410984437,-185.422052507740,3679.723801348299,-1433.457934123654,-4774.076869244347,-3632.538969284356,-523.144441165941,-4392.000937159334,319.196988842347,-2083.113203992696,1352.839978143416,4780.515164915019,2388.172578320245,4912.594071183850,895.520144402078,1224.457407403477,-2755.916835169113,614.473230507139,-1767.048309133754,-2172.695565691210,-2883.205041340773,-2912.363654755725,-2390.717441524081,-2780.957562723039,-2315.028420444211,147.108987972193,1064.520097034835,2427.354327567324,1637.950619677354,2665.152501530701,3191.357583606356,3288.650682169499,2951.421880448377,2540.716331328962,1428.491304719111,3211.829368050906,352.590774720793,107.442002157690,-563.008429334706,-1775.897659187256,-970.863837924142,-3726.646320828419,-204.875575684753,-4501.592516942007,-2133.349372407103,-4362.993643016093,-3163.574538020382,-2702.201263547890,-4093.304085367794,-848.537238116546,1102.200422385700,1497.815610203946,3433.882318132923,2329.353474776472,1596.059752259066,2928.095692156426,2782.050122181812,4162.294167210594","-58.946317478064,-624.001350142225,414.842947370919,-227.878977484314,-1000.481339222576,-1156.016044569704,2657.781162233504,3216.995980195463,1585.277075665025,1914.062006903950,1485.997996817659,809.343627092358,2244.013668539243,-890.488099563976,-2620.623805362697,-1135.008601948361,-833.709042338573,38.125587968428,-60.195802964308,930.816572569097,-3627.481938048066,4298.890561971118,2143.576988837057,3488.079074357616,3254.271352094278,3493.861097400337,450.301425163079,-1745.543528761727,-785.240560604796,-3428.121306191603,-1931.712509520421,-4927.959470489322,-2270.066938876075,-2454.951308409997,-2801.509828460861,-1126.911770950868,900.712913282297,-835.376282905872,-836.600384013753,1008.368425457526,2402.512213223852,3797.666166730844,4078.150405345173,4948.376029156379,3414.166882480959,1935.439641209296,2824.953644675978,1329.147374303008,2081.671582556157,1528.990298634885,-707.113363451604,-2125.680452025991,-1852.080393813040,-4173.448917067338,-2768.524731005928,-3077.023343695011,-4008.591256551069,-3460.886110108715,-1928.982513205255,-1906.600880324915,-1418.987530680479,-3906.183242207655,83.445365092744,-694.061601491034",42.104946388376,-72.611741821999,43
